
 ╔══════════════════════════════════════╗
 ║        rustFrida v0.1.0             ║
 ║    ARM64 Dynamic Instrumentation    ║
 ╚══════════════════════════════════════╝

[*] Spawn 模式: 准备注入 com.ss.android.ugc.aweme
[*] 正在修补 SELinux 策略...
[→] 当前 SELinux domain: shell
[→] 策略大小: 999270 bytes
[→] SELinux 策略版本: 30, MLS: true
[→] 解析 5 个 commons
[→] 解析 107 个 classes
[→] 解析 2782 个 types
[→] avtab: 54217 条目, offset 0x27030
[→] avtab 范围: 0x27030..0xCCC22 (678898 bytes)
[→] 规则变更: 新增 0, 修改 0
[→] 所有规则已存在，无需修补
[→] Zymbiote socket 名称: rustfrida-zymbiote-9a816ef29030a1dd80b3684d3537c5dd
[→] 跳过 32 位进程 zygote (pid=864)
[*] 找到 1 个新 zygote 进程
[→] 正在注入 zymbiote 到 zygote64 (pid=863)...
[→] Payload 写入位置: 0x754dfee000 (backing: /system/lib64/libstagefright.so +0x1ea000)
[→] libc.so 基址: 0x7540282000, 路径: /apex/com.android.runtime/lib64/bionic/libc.so
[→] libc 函数地址已解析
[→] setArgV0 地址: 0x75410bdc00
[→] selinux_android_setcontext 地址: 0x7547aa3a40
[→] ZymbioteContext: ctx_base=0xef8, payload_len=0xfe0
[→] build_payload: prop_remap=0 (PROP_PROFILE_DIR=None)
[→] Payload 构建完成: 4064 bytes
[→] 搜索 4 个 boot heap 区域查找 setArgV0 指针
[→] setArgV0 指针位置: 0x71e950d8 (原始值 0x75410bdc00)
[→] payload 写入范围: [0x754dfee000,0x754dfeefe0) len=4064 vma=[0x754de97000,0x754dfef000) perms=r-xp page_size=0x1000
[→] Payload 写入完成
[→] setArgV0 指针已替换: 0x75410bdc00 → 0x754dfee0e8
[→] setcontext GOT 已替换: 0x75411a25f8
[✓] Zymbiote 注入成功: zygote64 (pid=863)
[→] 主进程解析: com.ss.android.ugc.aweme 使用默认包进程
[*] 正在启动应用 com.ss.android.ugc.aweme...
[→] 正在停止应用 com.ss.android.ugc.aweme...
[→] Launch activity: com.ss.android.ugc.aweme/.splash.SplashActivity
[*] 等待进程 com.ss.android.ugc.aweme 启动... (最长 20s)
[→] Zymbiote hello: pid=10716, ppid=863, package=com.ss.android.ugc.aweme
[✓] 收到 spawn hello: pid=10716, ppid=863, package=com.ss.android.ugc.aweme
[*] 正在向子进程 10716 注入 agent...
[*] 正在附加到进程 PID: 10716 (Frida-style bootstrapper)
[→] 注入线程候选: tid=10724 comm=FinalizerWatchd wchan=futex_wait_queue
[→] 选择工作线程执行注入: tid=10724
[✓] 成功附加到进程 10724，等待 SIGSTOP...
[✓] 进程已停止，可以操作寄存器
[→] stop-the-world: 已暂停 7 个其他线程
[→] code-swap 区域: 0x75647c4000 (8797 bytes)
[→] bootstrapper Phase 1: mmap 分配...
[→] bootstrapper 分配 RWX 区域: 0x756302d000 (32768 bytes)
[→] code-swap 区域已恢复
[→] bootstrapper 写入完成 (8797 bytes)
[→] 调用 bootstrapper Phase 2...
[✓] bootstrapper 完成: libc API 已解析
[→] rtld_flavor: 5
[→] platform bases: libc=0x7540282000, linker=0x756477d000
[→] ctrlfds: [82, 83]
[→] agent linker: 自解析 ELF/重定位/外部符号，不调用 dlopen/dlsym
[→] loader thread: raw clone，不调用 libc pthread
[→] pidfd_getfd: pid=10716 target_fd=82 → host_fd=9
[→] 已提取 ctrl fd: target 82 → host 9
[→] StringTable 写入: 0x75630312d0
[→] loader 写入完成 (14275 bytes)
[→] 调用 loader...
[→] 分离前寄存器: PC=0x754030795c SP=0x726b1b0e90 LR=0x72a5474224 FP(x29)=0x726b1b0ea0 x19=0x73972a60f0
[✓] 已分离目标进程
[→] Loader worker tid: 10726
[→] memfd SELinux label → u:object_r:tmpfs:s0:c23,c257,c512,c768
[→] agent SO fd 已发送 (4022584 bytes, padded 4210688)
[→] REPL socketpair fd 已发送
[→] Loader: link: start
[→] Loader: link: elf mapped
[→] Loader: link: load segments mapped
[→] Loader: link: dynamic parsed
[→] Loader: link: resolver built
[→] Loader: link: rela applied
[→] Loader: link: plt rela applied
[→] Loader: link: relro protected
[→] Loader: link: init done
[→] Loader: worker: agent linked
[→] Loader: worker: exports resolved
[→] Loader: worker: repl fd received
[✓] Loader: agent 加载成功
[*] 等待 agent 连接... (最长 10s)
[✓] Agent 已连接
[*] 子进程暂停中，准备加载脚本
[*] 加载脚本: /data/local/tmp/artmethod_maps_check.js
[*] 脚本声明 Java.setStealth(1)，预配置到 artinit/jsinit 之前
[*] 检测到 pre-resume Java 脚本，先发送到 raw clone TLS JS worker 执行
[agent] [JS] [java executor] installing Java-thread executor hooks without JNIEnv (symbol/self-parse)
[agent] [JS] [java executor] MessageQueue JNI table: nativePollOnce=0x75410a9e30, nativeWake=0x75410a9ea0
[agent] [JS] [hook_engine] hook_mmap_near_range: OK at 0x75411a9000 for target 0x75410a9e30 (range=±134217728, gap#0 step=1)
[agent] [JS] [hook_engine] wxshadow stealth patch OK: addr=0x75410a9e30 len=4
[agent] [JS] [hook_engine] [stealth_ldr_reloc] scanning page 0x75410a9000 for patch at 0x75410a9e30 len=4
[agent] [JS] [java executor] MessageQueue loop hook installed: poll=0x75410a9e30, hook=0x75410a9e30, wake=0x75410a9ea0
[agent] [JS] [java] lazy_init_reflect_cache: skip on raw clone JS thread
[agent] [JS] [dex resolver] raw clone framework dex image hit Landroid/app/Instrumentation; -> base=0x72a4007294
[agent] [JS] [dex resolver] raw clone framework class mirror scan android.app.Instrumentation: dex=0x72a4007294 class_def_idx=1364 type_idx=1342 regions=17
[agent] [JS] [dex resolver] raw clone framework class mirror scan ambiguous for android.app.Instrumentation: 2 candidates, using first 0x713683d0
[agent] [JS] [dex resolver] raw clone framework class mirror scan hit android.app.Instrumentation -> 0x713683d0
[agent] [JS] [dex resolver] DexFile+0x8 Begin=0x72a4007294
[agent] [JS] [dex resolver] DexCache+0x10 DexFile*=0x74772642d0
[agent] [JS] [dex resolver] Class+0x8 DexCache=0x7142ec18 -> DexFile image base=0x72a4007294
[agent] [JS] [dex resolver] ArtMethod size adapted: array=0x71e19d70, size=56
[agent] [JS] [art spec] self-parse cache installed: access_flags=4, data_=16, entry_point=24, size=56
[agent] [JS] [dex resolver] resolved instance android.app.Instrumentation.newApplication(Ljava/lang/ClassLoader;Ljava/lang/String;Landroid/content/Context;)Landroid/app/Application; -> ArtMethod=0x71e1a6d8
[agent] [JS] [dex resolver] methods_ candidate Class+0x28 matched android.app.Instrumentation.newApplication(Ljava/lang/ClassLoader;Ljava/lang/String;Landroid/content/Context;)Landroid/app/Application;
[agent] [JS] [java hook] Step 1 fetchArtMethod: art_method=0x71e1a6d8, flags=0x50380001, data_=0x72a427c0ac, ep=0x72b6bd10
[agent] [JS] [art bridge] 开始发现 ART 内部桥接函数...
[agent] [JS] [module] libart.so range: 0x72a524a000-0x72a5e4d000, path: Some("/apex/com.android.art/lib64/libart.so")
[agent] [JS] [art bridge] dlsym 未能获取全部地址，尝试 ClassLinker 扫描...
[agent] [JS] [art bridge] Runtime=0x742725e0d0, java_vm_ 在 Runtime+0x278
[agent] [JS] [art bridge] Android API level: 35, codename: 'REL'
[agent] [JS] [apex] API 34+ 等效检测: 未发现特征符号
[agent] [JS] [art bridge] 候选: classLinker=0x73d726c730 (Runtime+0x258), internTable=0x73b7260c10 (Runtime+0x250)
[agent] [JS] [art bridge] 找到 intern_table_ 在 ClassLinker+0x138
[agent] [JS] [art bridge] ClassLinker: jni_tramp=ClassLinker+0x168=0x72584030, interp=ClassLinker+0x170=0x72584060, resolution=ClassLinker+0x158=0x72584050, imt_conflict=ClassLinker+0x160=0x72584040
[agent] [JS] [art bridge] ClassLinker 结果: jni_tramp=0x72584030, interp_bridge=0x72584060, resolution_tramp=0x72584050, imt_conflict=0x72584040
[agent] [JS] [art bridge] Nterp 入口点不可用（Android 11 及以下）
[agent] [JS] [art bridge] nterp_entry_point=0x0
[agent] [JS] [art bridge] DoCall 实例数=0
[agent] [JS] [art bridge] gc_copying_phase=0x0
[agent] [JS] [art bridge] gc_collect_internal=0x0
[agent] [JS] [art bridge] run_flip_function=0x72a5793c58
[agent] [JS] [art bridge] get_oat_quick_method_header=0x72a56e291c
[agent] [JS] [art bridge] fixup_static_trampolines=0x72a5841e90
[agent] [JS] [art bridge] thread_current=0x0
[agent] [JS] [art bridge] pretty_method=0x72a547eb98
[agent] [JS] [art bridge] resolved entrypoints: jni=0x72584030, interp=0x72584060, resolution=0x72584050
[agent] [JS] [art bridge] ART 桥接函数发现完成
[agent] [JS] [java hook] raw clone: skip class global ref for android.app.Instrumentation
[agent] [JS] [java hook] critical-native flag ignored as ART noise: flags=0x50380001, sig=(Ljava/lang/ClassLoader;Ljava/lang/String;Landroid/content/Context;)Landroid/app/Application;
[agent] [JS] [java hook] Step 4: has_independent_code=true route_independent=true native=false shared_jni=false shared_native_art_entry=false registered_native=false (data=0x72a427c0ac, ep=0x72b6bd10)
[agent] [JS] [java hook] Step 4 replacement: addr=0x74a730cdf0, flags=0x52000101, data_=0x72a51a51b0, ep=0x72584030
[agent] [JS] [artController] 开始安装三层拦截矩阵...
[agent] [JS] [artController] raw/no-env init: skip ArtThreadSpec probe
[agent] [JS] [managed stack] API 35: top_quick_frame=0, link=8
[agent] [JS] [hook_engine] hook_mmap_near_range: OK at 0x70fbb000 for target 0x72584030 (range=±134217728, gap#0 step=1)
[agent] [JS] [fast] ART Runtime::GetCalleeSaveMethod not exported; trying dynamic callee-save anchors
[agent] [JS] [fast] ART callee-save suspend method via setCalleeSaveMethod+runtimeInitSequence: method=0x712814e0, runtime_off=0x28, set_base=0x0, init_seq=0x28
[agent] [JS] [hook_engine] [art_router] quick callee-save params: method=0x712814e0 top_quick_off=0xffffffffffffffff
[agent] [JS] [hook_engine] [art_router] quick callee-save frame disabled: method/top_quick offset unavailable
[agent] [JS] [hook_engine] [art_router] quick callee-save frame disabled: method/top_quick offset unavailable
[agent] [JS] [hook_engine] [art_router] thunk body_size=7664 body_alloc=16364 (alloc=16384, use_blr=0)
[agent] [JS] [hook_engine] wxshadow stealth patch OK: addr=0x72584030 len=4
[agent] [JS] [hook_engine] [stealth_ldr_reloc] scanning page 0x72584000 for patch at 0x72584030 len=4
[agent] [JS] [hook_engine] [art_router] installed: target=0x72584030, thunk=0x70fbb000, trampoline=0x72a51a5418
[agent] [JS] [artController] Layer 1: quick_generic_jni_trampoline hook 安装成功: 0x72584030 (hooked=0x72584030), trampoline=0x72a51a5418
[agent] [JS] [hook_engine] [dump_code] 0x72584030 (20 bytes):
[agent] [JS] [hook_engine]   +000: f941a270
[agent] [JS] [hook_engine]   +004: d61f0200
[agent] [JS] [hook_engine]   +008: ffffffff
[agent] [JS] [hook_engine]   +00c: ffffffff
[agent] [JS] [hook_engine]   +010: f9425270
[agent] [JS] [hook_engine] [art_router] quick callee-save frame disabled: method/top_quick offset unavailable
[agent] [JS] [hook_engine] [art_router] quick callee-save frame disabled: method/top_quick offset unavailable
[agent] [JS] [hook_engine] [art_router] thunk body_size=7664 body_alloc=16364 (alloc=16384, use_blr=0)
[agent] [JS] [hook_engine] wxshadow stealth patch OK: addr=0x72584060 len=4
[agent] [JS] [hook_engine] [stealth_ldr_reloc] scanning page 0x72584000 for patch at 0x72584060 len=4
[agent] [JS] [hook_engine] [art_router] installed: target=0x72584060, thunk=0x70fbf000, trampoline=0x72a51a5590
[agent] [JS] [artController] Layer 1: quick_to_interpreter_bridge hook 安装成功: 0x72584060 (hooked=0x72584060), trampoline=0x72a51a5590
[agent] [JS] [hook_engine] [dump_code] 0x72584060 (20 bytes):
[agent] [JS] [hook_engine]   +000: f9425a70
[agent] [JS] [hook_engine]   +004: d61f0200
[agent] [JS] [hook_engine]   +008: ffffffff
[agent] [JS] [hook_engine]   +00c: ffffffff
[agent] [JS] [hook_engine]   +010: f9425a70
[agent] [JS] [hook_engine] [art_router] quick callee-save frame disabled: method/top_quick offset unavailable
[agent] [JS] [hook_engine] [art_router] quick callee-save frame disabled: method/top_quick offset unavailable
[agent] [JS] [hook_engine] [art_router] thunk body_size=7664 body_alloc=16364 (alloc=16384, use_blr=0)
[agent] [JS] [hook_engine] wxshadow stealth patch OK: addr=0x72584050 len=4
[agent] [JS] [hook_engine] [stealth_ldr_reloc] scanning page 0x72584000 for patch at 0x72584050 len=4
[agent] [JS] [hook_engine] [art_router] installed: target=0x72584050, thunk=0x70fc3000, trampoline=0x72a51a5708
[agent] [JS] [artController] Layer 1: quick_resolution_trampoline hook 安装成功: 0x72584050 (hooked=0x72584050), trampoline=0x72a51a5708
[agent] [JS] [hook_engine] [dump_code] 0x72584050 (20 bytes):
[agent] [JS] [hook_engine]   +000: f9425670
[agent] [JS] [hook_engine]   +004: d61f0200
[agent] [JS] [hook_engine]   +008: ffffffff
[agent] [JS] [hook_engine]   +00c: ffffffff
[agent] [JS] [hook_engine]   +010: f9425a70
[agent] [JS] [hook_engine] wxshadow stealth patch OK: addr=0x72a5793c58 len=4
[agent] [JS] [hook_engine] [stealth_ldr_reloc] scanning page 0x72a5793000 for patch at 0x72a5793c58 len=4
[agent] [JS] [artController] GC RunFlipFunction hook 安装成功: 0x72a5793c58 (hooked=0x72a5793c58)
[agent] [JS] [hook_engine] wxshadow stealth patch OK: addr=0x72a56e291c len=4
[agent] [JS] [hook_engine] [stealth_ldr_reloc] scanning page 0x72a56e2000 for patch at 0x72a56e291c len=4
[agent] [JS] [artController] GetOatQuickMethodHeader hook 安装成功: 0x72a56e291c (hooked=0x72a56e291c), trampoline=0x72a51a5bf8
[agent] [JS] [hook_engine] wxshadow stealth patch OK: addr=0x72a5841e90 len=4
[agent] [JS] [hook_engine] [stealth_ldr_reloc] scanning page 0x72a5841000 for patch at 0x72a5841e90 len=4
[agent] [JS] [artController] FixupStaticTrampolines hook 安装成功: 0x72a5841e90 (hooked=0x72a5841e90)
[agent] [JS] [hook_engine] [oat_patch] scanning libart: exec=0x72a544a000+8114176, full=0x72a524a000+12595200
[agent] [JS] [hook_engine] [oat_patch] found 0 inlined GetOatQuickMethodHeader patterns
[agent] [JS] [artController] DecodeGcMasksOnly NULL guard 跳过: pattern not found
[agent] [JS] [artController] WalkStack SIGSEGV guard 已安装 (libsigchain)
[agent] [JS] [artController] 初始化完成: Layer1=3, Layer2=0, GC=1, OatHeader=active, Fixup=active, PrettyMethod=none, DecodeGcMasks=none, InlinePatch=0
[agent] [JS] [artController] raw clone executor MessageQueue hook ready
[agent] [JS] [hook_engine] [art_router] quick callee-save frame disabled: method/top_quick offset unavailable
[agent] [JS] [hook_engine] [art_router] quick callee-save frame disabled: method/top_quick offset unavailable
[agent] [JS] [hook_engine] [art_router] thunk body_size=7664 body_alloc=16364 (alloc=16384, use_blr=0)
[agent] [JS] [hook_engine] wxshadow stealth patch OK: addr=0x72b6bd10 len=4
[agent] [JS] [hook_engine] [stealth_ldr_reloc] scanning page 0x72b6b000 for patch at 0x72b6bd10 len=4
[agent] [JS] [hook_engine] [art_router] installed: target=0x72b6bd10, thunk=0x70fc7000, trampoline=0x72a51a62e8
[agent] [JS] [java hook] Step 9: Layer 3 installed: ep=0x72b6bd10 (hooked=0x72b6bd10), trampoline=0x72a51a62e8, current_ep=0x72b6bd10, first_bytes=f00b40d1
[agent] [JS] [hook_engine] [art_router] table_add: original=71e1a6d8, replacement=74a730cdf0
[agent] [JS] [java hook] Step 5 original flags: 0x50380001 → 0x12200001
[agent] [JS] [java hook] post-install field cache deferred for android.app.Instrumentation
[agent] [JS] [java hook] 完成: android.app.Instrumentation.newApplication(Ljava/lang/ClassLoader;Ljava/lang/String;Landroid/content/Context;)Landroid/app/Application; (ArtMethod=0x71e1a6d8, strategy=compiled+router)
[agent] [JS] [java] lazy_init_reflect_cache: skip on raw clone JS thread
[agent] [JS] [dex resolver] raw clone class mirror cache hit android.app.Instrumentation -> 0x713683d0
[agent] [JS] [dex resolver] DexFile+0x8 Begin=0x72a4007294
[agent] [JS] [dex resolver] DexCache+0x10 DexFile*=0x74772642d0
[agent] [JS] [dex resolver] Class+0x8 DexCache=0x7142ec18 -> DexFile image base=0x72a4007294
[agent] [JS] [dex resolver] methods_ first-element offset adapted: array=0x71e19d70, offset=8
[agent] [JS] [dex resolver] ArtMethod size adapted: array=0x71e19d70, size=32
[agent] [JS] [dex resolver] reject ArtMethod candidate 0x71e1a378: layout too small (candidate_size=32, spec=ArtMethodSpec { access_flags_offset: 4, data_offset: 16, entry_point_offset: 24, size: 56 })
[agent] [JS] [dex resolver] methods_ first-element offset adapted: array=0x71e19d70, offset=8
[agent] [JS] [dex resolver] ArtMethod size adapted: array=0x71e19d70, size=48
[agent] [JS] [dex resolver] reject ArtMethod candidate 0x71e1a378: layout too small (candidate_size=48, spec=ArtMethodSpec { access_flags_offset: 4, data_offset: 16, entry_point_offset: 24, size: 56 })
[agent] [JS] [dex resolver] methods_ first-element offset adapted: array=0x71e19d70, offset=8
[agent] [JS] [dex resolver] ArtMethod size adapted: array=0x71e19d70, size=24
[agent] [JS] [dex resolver] reject ArtMethod candidate 0x71e1a378: layout too small (candidate_size=24, spec=ArtMethodSpec { access_flags_offset: 4, data_offset: 16, entry_point_offset: 24, size: 56 })
[agent] [JS] [dex resolver] methods_ first-element offset adapted: array=0x71e19d70, offset=8
[agent] [JS] [dex resolver] ArtMethod size adapted: array=0x71e19d70, size=64
[agent] [JS] [dex resolver] resolved instance android.app.Instrumentation.callApplicationOnCreate(Landroid/app/Application;)V -> ArtMethod=0x71e1a378
[agent] [JS] [dex resolver] methods_ candidate Class+0x28 matched android.app.Instrumentation.callApplicationOnCreate(Landroid/app/Application;)V
[agent] [JS] [java hook] Step 1 fetchArtMethod: art_method=0x71e1a378, flags=0x50380001, data_=0x72a427d85c, ep=0x72b6b3c0
[agent] [JS] [java hook] raw clone: skip class global ref for android.app.Instrumentation
[agent] [JS] [java hook] critical-native flag ignored as ART noise: flags=0x50380001, sig=(Landroid/app/Application;)V
[agent] [JS] [java hook] Step 4: has_independent_code=true route_independent=true native=false shared_jni=false shared_native_art_entry=false registered_native=false (data=0x72a427d85c, ep=0x72b6b3c0)
[agent] [JS] [java hook] Step 4 replacement: addr=0x74a72b3b10, flags=0x52000101, data_=0x72a51a6420, ep=0x72584030
[agent] [JS] [artController] raw clone executor MessageQueue hook ready
[agent] [JS] [hook_engine] hook_mmap_near_range: OK at 0x70fab000 for target 0x72b6b3c0 (range=±134217728, gap#0 step=17)
[agent] [JS] [hook_engine] [art_router] quick callee-save frame disabled: method/top_quick offset unavailable
[agent] [JS] [hook_engine] [art_router] quick callee-save frame disabled: method/top_quick offset unavailable
[agent] [JS] [hook_engine] [art_router] thunk body_size=7664 body_alloc=16364 (alloc=16384, use_blr=0)
[agent] [JS] [hook_engine] wxshadow stealth patch OK: addr=0x72b6b3c0 len=4
[agent] [JS] [hook_engine] [stealth_ldr_reloc] scanning page 0x72b6b000 for patch at 0x72b6b3c0 len=4
[agent] [JS] [hook_engine] [art_router] installed: target=0x72b6b3c0, thunk=0x70fab000, trampoline=0x72a51a6688
[agent] [JS] [java hook] Step 9: Layer 3 installed: ep=0x72b6b3c0 (hooked=0x72b6b3c0), trampoline=0x72a51a6688, current_ep=0x72b6b3c0, first_bytes=f00b40d1
[agent] [JS] [hook_engine] [art_router] table_add: original=71e1a378, replacement=74a72b3b10
[agent] [JS] [java hook] Step 5 original flags: 0x50380001 → 0x12200001
[agent] [JS] [java hook] post-install field cache deferred for android.app.Instrumentation
[agent] [JS] [java hook] 完成: android.app.Instrumentation.callApplicationOnCreate(Landroid/app/Application;)V (ArtMethod=0x71e1a378, strategy=compiled+router)
[agent] [JS] [java executor] MessageQueue loop hook removed: 0x75410a9e30
[→] 正在恢复子进程 10716...
[→] 等待子进程 10716 关闭 socket...
[→] 等待子进程 10716 SIGSTOP...
[→] 子进程 10716 已停止
[→] 还原子进程 10716 payload at 0x754dfee000 (4064 bytes)
[→] 还原子进程 10716 setArgV0 指针 at 0x71e950d8
[→] 还原子进程 10716 setcontext GOT at 0x75411a25f8
[✓] 子进程 10716 已恢复运行
[*] spawn 已恢复，启动 Java worker 作为后续 Java 操作执行线程
[agent] [java worker] starting
[agent] [JS] [java executor] installing Java-thread executor hooks without JNIEnv (symbol/self-parse)
[agent] [JS] [java executor] MessageQueue JNI table: nativePollOnce=0x75410a9e30, nativeWake=0x75410a9ea0
[agent] [JS] [hook_engine] wxshadow stealth patch OK: addr=0x75410a9e30 len=4
[agent] [JS] [hook_engine] [stealth_ldr_reloc] scanning page 0x75410a9000 for patch at 0x75410a9e30 len=4
[agent] [JS] [java executor] MessageQueue loop hook installed: poll=0x75410a9e30, hook=0x75410a9e30, wake=0x75410a9ea0
[agent] [JS] [java executor] main epoll wake fd observed: epoll=86, eventfd=85
[agent] [JS] [java worker] generated dex class=rustfrida.JavaWorker1 size=616
[agent] [JS] [java worker] helper class loaded
[agent] [JS] [java worker] nativeLoop registered
[agent] [JS] [java worker] thread object created
[agent] [JS] [java worker] calling Thread.start
[agent] [JS] [java worker] started ART-managed worker class=rustfrida.JavaWorker1
[agent] [JS] [java executor] drained 1 raw-clone task(s)
[agent] [java worker] ready
[agent] [JS] [java executor] skip invalid MessageQueue ptr at poll: 0x74a730d2f0
[agent] [JS] [java executor] skip invalid MessageQueue ptr at poll: 0x74a730d2f0
[agent] [JS] [java executor] skip invalid MessageQueue ptr at poll: 0x74a730d2f0
[agent] [JS] [java executor] skip invalid MessageQueue ptr at poll: 0x74a730d2f0
[agent] [JS] [java.ready] ClassLoader 已更新
[agent] [JS] [artcheck] Java ready
[agent] [JS] [artcheck] stealth before=1
[agent] [JS] [stealth] Java hook 模式: wxshadow
[agent] [JS] [artcheck] stealth after=1
[agent] [JS] [artcheck][before-hook] stats={"routerHits":"0x1","routerQuickHits":"0x0","routerQuickPassHits":"0x0","routerQuickCallbackCalls":"0x0","routerQuickSkipHits":"0x0","routerQuickCalleeSaveFrames":"0x0","routerQuickCalleeSaveMethod":"0x712814e0","routerQuickTopQuickFrameOffset":"0xffffffffffffffff","routerQuickTestSuspendCalls":"0x0","routerQuickTestSuspendEntrypoint":"0x0","routerReplacementHits":"0x1","routerLastX0":"0x71e1a6d8","routerMisses":"0xc1d","routerMissLastX0":"0x5d5d87e8","doCallTotal":"0x0","doCallReplacementHits":"0x0","doCallQuickCallbackCalls":"0x0","doCallRouterTableHits":"0x0","doCallRouterLastX0":"0x0","managedBackupStubHits":"0x0","managedDirectHits":"0x0","managedReentryGuardEnabled":true,"managedReentryGuardDepth":"0x0","managedReentryGuardEnters":"0x0","managedReentryGuardBypassHits":"0x0","origBypassHits":"0x0","origBypassSetSuccesses":"0x1","origBypassSetFailures":"0x0","origBypassActive":"0x0","oatInlinePatchCount":"0x0","oatPcPoolBypassHits":"0x0","oatReplacementBypassHits":"0x0","getOatHookPoolOriginal":"0x0","getOatHookPoolReplacement":"0x0","getOatHookPoolLastMethod":"0x0","getOatHookPoolLastPc":"0x0"}
[agent] [JS] [art_router_debug] last_x0=0x5d5d87e8, miss_count=3110
[agent] [JS] [hook_engine] [art_router] table dump (addr=0x726aba4670):
[agent] [JS] [hook_engine] [art_router]   [0] original=71e1a6d8 -> replacement=74a730cdf0 mode=0
[agent] [JS] [hook_engine] [art_router]   [1] original=71e1a378 -> replacement=74a72b3b10 mode=0
[agent] [JS] [hook_engine] [art_router]   [2] <end> (total 2 entries)
[agent] [JS] [art_router_debug] ArtMethod=0x71e1a6d8: current_ep=0x72b6bd10 (original=0x72b6bd10), flags=0x12200001 (original=0x50380001)
[agent] [JS] [art_router_debug] ArtMethod=0x71e1a378: current_ep=0x72b6b3c0 (original=0x72b6b3c0), flags=0x12200001 (original=0x50380001)
[agent] [JS] [artcheck][before-hook] _artRouterDebug ok
[agent] [JS] [java] lazy_init_reflect_cache: probing JVM...
[agent] [JS] [java] lazy_init_reflect_cache: JVM found, caching...
[agent] [JS] [jniIds] SetJniIdType=0x72a57bee60
[agent] [JS] [jniIds] LDR+CMP 模式: offset=1604 (32bit LDR)
[agent] [JS] [art runtime] 交叉验证通过: 在 ClassLinker+0x138 找到 InternTable*=0x73b7260c10
[agent] [JS] [art runtime] classLinker 候选 Runtime+0x258 验证通过
[agent] [JS] [art runtime] 探测成功: heap=0x208, threadList=0x248, internTable=0x250, classLinker=0x258, jniIdManager=0x270
[agent] [JS] [art runtime] 验证: classLinker*=0x73d726c730, internTable*=0x73b7260c10, Runtime=0x742725e0d0
[agent] [JS] [jniIds] JniIdManager*=0x73a7265f90 (Runtime+0x270)
[agent] [JS] [jniIds] Frida-style 解码器就绪: DecodeMethodId=true, DecodeFieldId=true, indirection=0
[agent] [JS] [java] hidden API bypass: setHiddenApiExemptions("") OK
[agent] [JS] [java] cached artMethod field ID from java/lang/reflect/Executable
[agent] [JS] [java] lazy_init_reflect_cache: done
[agent] [JS] [runnable] 直接状态切换: Thread+0x0, kNative(92)→kRunnable(0)
[agent] [JS] [art class] DecodeJObject fallback local-ref: ref=0x7563369021, entry=0x7563369020 -> mirror::Object*=0x5ce9dc60
[agent] [JS] [dex resolver] DexFile+0x8 Begin=0x717b460d28
[agent] [JS] [dex resolver] DexCache+0x10 DexFile*=0x7477287ff0
[agent] [JS] [dex resolver] Class+0x10 DexCache=0x5c002fe8 -> DexFile image base=0x717b460d28
[agent] [JS] [dex resolver] ArtMethod size adapted: array=0x5e0a3e58, size=24
[agent] [JS] [dex resolver] reject ArtMethod candidate 0x5e0a5100: layout too small (candidate_size=24, spec=ArtMethodSpec { access_flags_offset: 4, data_offset: 16, entry_point_offset: 24, size: 56 })
[agent] [JS] [dex resolver] methods_ first-element offset adapted: array=0x5e0a3e58, offset=8
[agent] [JS] [dex resolver] ArtMethod size adapted: array=0x5e0a3e58, size=32
[agent] [JS] [dex resolver] reject ArtMethod candidate 0x5e0a5100: layout too small (candidate_size=32, spec=ArtMethodSpec { access_flags_offset: 4, data_offset: 16, entry_point_offset: 24, size: 56 })
[agent] [JS] [dex resolver] no match for J.N.MnXVOzVo(Ljava/lang/Object;JLjava/lang/String;IIZZZIZIIJ)J; candidate Class+0x30 array=0x5e0a3e58 len=200 sample=off0 sz40#0 0x5e0a3e58 [+4:0=LJ/N;.<init>()V] | off0 sz40#1 0x5e0a3e80 [+8:1=LJ/N;.M$lotPPc(I)V] | off0 sz40#2 0x5e0a3ea8 [+12:113=LJ/N;.Me3xdZoU(JLjava/lang/Object;J)V] | off0 sz40#3 0x5e0a3ed0 [+4:113=LJ/N;.Me3xdZoU(JLjava/lang/Object;J)V, +12:0=LJ/N;.<init>()V] | off0 sz40#4 0x5e0a3ef8 [+4:0=LJ/N;.<init>()V] | off0 sz40#5 0x5e0a3f20 [+8:6=LJ/N;.M221PN7l(JLjava/lang/Object;)V] | off0 sz32#0 0x5e0a3e58 [+4:0=LJ/N;.<init>()V] | off0 sz32#1 0x5e0a3e78 [+4:114=LJ/N;.Me95ZC6G_ForTesting(J)V] | off0 sz32#2 0x5e0a3e98 [+4:0=LJ/N;.<init>()V] | off0 sz32#3 0x5e0a3eb8 [+4:0=LJ/N;.<init>()V] | off0 sz32#4 0x5e0a3ed8 [+4:0=LJ/N;.<init>()V] | off0 sz32#5 0x5e0a3ef8 [+4:0=LJ/N;.<init>()V] | off0 sz48#0 0x5e0a3e58 [+4:0=LJ/N;.<init>()V] | off0 sz48#1 0x5e0a3e88 [+12:113=LJ/N;.Me3xdZoU(JLjava/lang/Object;J)V] | off0 sz48#2 0x5e0a3eb8 [+4:0=LJ/N;.<init>()V] | off0 sz48#3 0x5e0a3ee8 [+12:113=LJ/N;.Me3xdZoU(JLjava/lang/Object;J)V] | off0 sz48#4 0x5e0a3f18 [+4:0=LJ/N;.<init>()V] | off0 sz48#5 0x5e0a3f48 [+12:113=LJ/N;.Me3xdZoU(JLjava/lang/Object;J)V] | off0 sz24#0 0x5e0a3e58 [+4:0=LJ/N;.<init>()V] | off0 sz24#1 0x5e0a3e70 [+4:113=LJ/N;.Me3xdZoU(JLjava/lang/Object;J)V, +12:114=LJ/N;.Me95ZC6G_ForTesting(J)V] | off0 sz24#2 0x5e0a3e88 [+12:113=LJ/N;.Me3xdZoU(JLjava/lang/Object;J)V] | off0 sz24#3 0x5e0a3ea0 [+8:2=LJ/N;.M14GZgiH(JLjava/lang/Object;)V] | off0 sz24#4 0x5e0a3eb8 [+4:0=LJ/N;.<init>()V] | off0 sz24#5 0x5e0a3ed0 [+4:113=LJ/N;.Me3xdZoU(JLjava/lang/Object;J)V, +12:0=LJ/N;.<init>()V] | off0 sz56#0 0x5e0a3e58 [+4:0=LJ/N;.<init>()V] | off0 sz56#1 0x5e0a3e90 [+4:113=LJ/N;.Me3xdZoU(JLjava/lang/Object;J)V, +12:0=LJ/N;.<init>()V] | off0 sz56#2 0x5e0a3ec8 [+12:113=LJ/N;.Me3xdZoU(JLjava/lang/Object;J)V] | off0 sz56#3 0x5e0a3f00 [+8:5=LJ/N;.M21CWxxV(JLjava/lang/Object;Ljava/lang/Object;II)Z] | off0 sz56#4 0x5e0a3f38 [+4:0=LJ/N;.<init>()V] | off0 sz56#5 0x5e0a3f70 [+4:113=LJ/N;.Me3xdZoU(JLjava/lang/Object;J)V, +12:0=LJ/N;.<init>()V] | off0 sz64#0 0x5e0a3e58 [+4:0=LJ/N;.<init>()V] | off0 sz64#1 0x5e0a3e98 [+4:0=LJ/N;.<init>()V] | off0 sz64#2 0x5e0a3ed8 [+4:0=LJ/N;.<init>()V] | off0 sz64#3 0x5e0a3f18 [+4:0=LJ/N;.<init>()V] | off0 sz64#4 0x5e0a3f58 [+4:0=LJ/N;.<init>()V] | off0 sz64#5 0x5e0a3f98 [+4:0=LJ/N;.<init>()V] | off8 sz40#0 0x5e0a3e60 [+8:0=LJ/N;.<init>()V] | off8 sz40#1 0x5e0a3e88 [+12:113=LJ/N;.Me3xdZoU(JLjava/lang/Object;J)V] | off8 sz40#2 0x5e0a3eb0 [+4:113=LJ/N;.Me3xdZoU(JLjava/lang/Object;J)V, +12:0=LJ/N;.<init>()V] | off8 sz40#3 0x5e0a3ed8 [+4:0=LJ/N;.<init>()V] | off8 sz40#4 0x5e0a3f00 [+8:5=LJ/N;.M21CWxxV(JLjava/lang/Object;Ljava/lang/Object;II)Z] | off8 sz40#5 0x5e0a3f28 [+12:113=LJ/N;.Me3xdZoU(JLjava/lang/Object;J)V] | off8 sz32#0 0x5e0a3e60 [+8:0=LJ/N;.<init>()V] | off8 sz32#1 0x5e0a3e80 [+8:1=LJ/N;.M$lotPPc(I)V] | off8 sz32#2 0x5e0a3ea0 [+8:2=LJ/N;.M14GZgiH(JLjava/lang/Object;)V] | off8 sz32#3 0x5e0a3ec0 [+8:3=LJ/N;.M1UV95tj()J] | off8 sz32#4 0x5e0a3ee0 [+8:4=LJ/N;.M1jycjxU(Ljava/lang/String;[B)Z] | off8 sz32#5 0x5e0a3f00 [+8:5=LJ/N;.M21CWxxV(JLjava/lang/Object;Ljava/lang/Object;II)Z] | off8 sz48#0 0x5e0a3e60 [+8:0=LJ/N;.<init>()V] | off8 sz48#1 0x5e0a3e90 [+4:113=LJ/N;.Me3xdZoU(JLjava/lang/Object;J)V, +12:0=LJ/N;.<init>()V] | off8 sz48#2 0x5e0a3ec0 [+8:3=LJ/N;.M1UV95tj()J] | off8 sz48#3 0x5e0a3ef0 [+4:113=LJ/N;.Me3xdZoU(JLjava/lang/Object;J)V, +12:0=LJ/N;.<init>()V] | off8 sz48#4 0x5e0a3f20 [+8:6=LJ/N;.M221PN7l(JLjava/lang/Object;)V] | off8 sz48#5 0x5e0a3f50 [+4:113=LJ/N;.Me3xdZoU(JLjava/lang/Object;J)V, +12:0=LJ/N;.<init>()V] | off8 sz24#0 0x5e0a3e60 [+8:0=LJ/N;.<init>()V] | off8 sz24#1 0x5e0a3e78 [+4:114=LJ/N;.Me95ZC6G_ForTesting(J)V] | off8 sz24#2 0x5e0a3e90 [+4:113=LJ/N;.Me3xdZoU(JLjava/lang/Object;J)V, +12:0=LJ/N;.<init>()V] | off8 sz24#3 0x5e0a3ea8 [+12:113=LJ/N;.Me3xdZoU(JLjava/lang/Object;J)V] | off8 sz24#4 0x5e0a3ec0 [+8:3=LJ/N;.M1UV95tj()J] | off8 sz24#5 0x5e0a3ed8 [+4:0=LJ/N;.<init>()V] | off8 sz56#0 0x5e0a3e60 [+8:0=LJ/N;.<init>()V] | off8 sz56#1 0x5e0a3e98 [+4:0=LJ/N;.<init>()V] | off8 sz56#2 0x5e0a3ed0 [+4:113=LJ/N;.Me3xdZoU(JLjava/lang/Object;J)V, +12:0=LJ/N;.<init>()V] | off8 sz56#3 0x5e0a3f08 [+12:113=LJ/N;.Me3xdZoU(JLjava/lang/Object;J)V] | off8 sz56#4 0x5e0a3f40 [+8:7=LJ/N;.M2jrbUOP(JLjava/lang/Object;Ljava/lang/String;Ljava/lang/String;)V] | off8 sz56#5 0x5e0a3f78 [+4:0=LJ/N;.<init>()V] | off8 sz64#0 0x5e0a3e60 [+8:0=LJ/N;.<init>()V] | off8 sz64#1 0x5e0a3ea0 [+8:2=LJ/N;.M14GZgiH(JLjava/lang/Object;)V] | off8 sz64#2 0x5e0a3ee0 [+8:4=LJ/N;.M1jycjxU(Ljava/lang/String;[B)Z] | off8 sz64#3 0x5e0a3f20 [+8:6=LJ/N;.M221PN7l(JLjava/lang/Object;)V] | off8 sz64#4 0x5e0a3f60 [+8:8=LJ/N;.M2n_z3BB()V] | off8 sz64#5 0x5e0a3fa0 [+8:10=LJ/N;.M3RaWo13(JJ)V]
[agent] [JS] [dex resolver] DexFile+0x8 Begin=0x72a4c00528
[agent] [JS] [dex resolver] DexCache+0xd0 DexFile*=0x7477264e30
[agent] [JS] [dex resolver] Class+0x10 DexCache=0x70fcb220 -> DexFile image base=0x72a4c00528
[agent] [JS] [dex resolver] DexFile+0x8 Begin=0x717b940798
[agent] [JS] [dex resolver] DexCache+0x90 DexFile*=0x7477287b90
[agent] [JS] [dex resolver] Class+0xc DexCache=0x5c003058 -> DexFile image base=0x717b940798
[agent] [JS] [dex resolver] DexFile+0x8 Begin=0x72a4c00528
[agent] [JS] [dex resolver] DexCache+0x10 DexFile*=0x7477264e30
[agent] [JS] [dex resolver] Class+0x10 DexCache=0x70fcb2e0 -> DexFile image base=0x72a4c00528
[agent] [JS] [dex resolver] DexFile+0x8 Begin=0x72a4c00528
[agent] [JS] [dex resolver] DexCache+0x10 DexFile*=0x7477264e30
[agent] [JS] [dex resolver] Class+0x10 DexCache=0x70fcb2e0 -> DexFile image base=0x72a4c00528
[agent] [JS] [dex resolver] no match for J.N.MnXVOzVo(Ljava/lang/Object;JLjava/lang/String;IIZZZIZIIJ)J; candidate Class+0x28 array=0x7110b348 len=2 sample=off0 sz40#0 0x7110b348 [+8:130=Landroid/icu/text/DecimalFormatSymbols;.getPatternSeparator()C, +12:1591=Ljava/io/ObjectStreamClass;.newInstance(Ljava/lang/Class;J)Ljava/lang/Object;] | off0 sz40#1 0x7110b370 [+8:384=Ljava/awt/font/NumericShaper;.<init>(II)V, +4:2=Landroid/icu/text/Bidi;.<init>(Ljava/text/AttributedCharacterIterator;)V, +12:12=Landroid/icu/text/Bidi;.getRunCount()I] | off0 sz32#0 0x7110b348 [+8:130=Landroid/icu/text/DecimalFormatSymbols;.getPatternSeparator()C, +12:1591=Ljava/io/ObjectStreamClass;.newInstance(Ljava/lang/Class;J)Ljava/lang/Object;] | off0 sz32#1 0x7110b368 [+4:5=Landroid/icu/text/Bidi;.countRuns()I, +12:2=Landroid/icu/text/Bidi;.<init>(Ljava/text/AttributedCharacterIterator;)V] | off0 sz48#0 0x7110b348 [+8:130=Landroid/icu/text/DecimalFormatSymbols;.getPatternSeparator()C, +12:1591=Ljava/io/ObjectStreamClass;.newInstance(Ljava/lang/Class;J)Ljava/lang/Object;] | off0 sz48#1 0x7110b378 [+4:12=Landroid/icu/text/Bidi;.getRunCount()I, +12:2=Landroid/icu/text/Bidi;.<init>(Ljava/text/AttributedCharacterIterator;)V] | off0 sz24#0 0x7110b348 [+8:130=Landroid/icu/text/DecimalFormatSymbols;.getPatternSeparator()C, +12:1591=Ljava/io/ObjectStreamClass;.newInstance(Ljava/lang/Class;J)Ljava/lang/Object;] | off0 sz24#1 0x7110b360 [+8:4=Landroid/icu/text/Bidi;.baseIsLeftToRight()Z, +4:1592=Ljava/io/ObjectStreamClass;.packageEquals(Ljava/lang/Class;Ljava/lang/Class;)Z, +12:5=Landroid/icu/text/Bidi;.countRuns()I] | off0 sz56#0 0x7110b348 [+8:130=Landroid/icu/text/DecimalFormatSymbols;.getPatternSeparator()C, +12:1591=Ljava/io/ObjectStreamClass;.newInstance(Ljava/lang/Class;J)Ljava/lang/Object;] | off0 sz56#1 0x7110b380 [+8:385=Ljava/awt/font/NumericShaper;.<init>(Ljava/awt/font/NumericShaper$Range;Ljava/util/Set;)V, +4:2=Landroid/icu/text/Bidi;.<init>(Ljava/text/AttributedCharacterIterator;)V, +12:8=Landroid/icu/text/Bidi;.getDirection()B] | off0 sz64#0 0x7110b348 [+8:130=Landroid/icu/text/DecimalFormatSymbols;.getPatternSeparator()C, +12:1591=Ljava/io/ObjectStreamClass;.newInstance(Ljava/lang/Class;J)Ljava/lang/Object;] | off0 sz64#1 0x7110b388 [+4:8=Landroid/icu/text/Bidi;.getDirection()B, +12:2=Landroid/icu/text/Bidi;.<init>(Ljava/text/AttributedCharacterIterator;)V] | off8 sz40#0 0x7110b350 [+8:0=Landroid/compat/Compatibility;.isChangeEnabled(J)Z, +4:1591=Ljava/io/ObjectStreamClass;.newInstance(Ljava/lang/Class;J)Ljava/lang/Object;] | off8 sz40#1 0x7110b378 [+4:12=Landroid/icu/text/Bidi;.getRunCount()I, +12:2=Landroid/icu/text/Bidi;.<init>(Ljava/text/AttributedCharacterIterator;)V] | off8 sz32#0 0x7110b350 [+8:0=Landroid/compat/Compatibility;.isChangeEnabled(J)Z, +4:1591=Ljava/io/ObjectStreamClass;.newInstance(Ljava/lang/Class;J)Ljava/lang/Object;] | off8 sz32#1 0x7110b370 [+8:384=Ljava/awt/font/NumericShaper;.<init>(II)V, +4:2=Landroid/icu/text/Bidi;.<init>(Ljava/text/AttributedCharacterIterator;)V, +12:12=Landroid/icu/text/Bidi;.getRunCount()I] | off8 sz48#0 0x7110b350 [+8:0=Landroid/compat/Compatibility;.isChangeEnabled(J)Z, +4:1591=Ljava/io/ObjectStreamClass;.newInstance(Ljava/lang/Class;J)Ljava/lang/Object;] | off8 sz48#1 0x7110b380 [+8:385=Ljava/awt/font/NumericShaper;.<init>(Ljava/awt/font/NumericShaper$Range;Ljava/util/Set;)V, +4:2=Landroid/icu/text/Bidi;.<init>(Ljava/text/AttributedCharacterIterator;)V, +12:8=Landroid/icu/text/Bidi;.getDirection()B] | off8 sz24#0 0x7110b350 [+8:0=Landroid/compat/Compatibility;.isChangeEnabled(J)Z, +4:1591=Ljava/io/ObjectStreamClass;.newInstance(Ljava/lang/Class;J)Ljava/lang/Object;] | off8 sz24#1 0x7110b368 [+4:5=Landroid/icu/text/Bidi;.countRuns()I, +12:2=Landroid/icu/text/Bidi;.<init>(Ljava/text/AttributedCharacterIterator;)V] | off8 sz56#0 0x7110b350 [+8:0=Landroid/compat/Compatibility;.isChangeEnabled(J)Z, +4:1591=Ljava/io/ObjectStreamClass;.newInstance(Ljava/lang/Class;J)Ljava/lang/Object;] | off8 sz56#1 0x7110b388 [+4:8=Landroid/icu/text/Bidi;.getDirection()B, +12:2=Landroid/icu/text/Bidi;.<init>(Ljava/text/AttributedCharacterIterator;)V] | off8 sz64#0 0x7110b350 [+8:0=Landroid/compat/Compatibility;.isChangeEnabled(J)Z, +4:1591=Ljava/io/ObjectStreamClass;.newInstance(Ljava/lang/Class;J)Ljava/lang/Object;] | off8 sz64#1 0x7110b390 [+8:386=Ljava/awt/font/NumericShaper;.checkParams([CII)V, +4:2=Landroid/icu/text/Bidi;.<init>(Ljava/text/AttributedCharacterIterator;)V, +12:16=Landroid/icu/text/Bidi;.isLeftToRight()Z]
[agent] [JS] [dex resolver] no match for J.N.MnXVOzVo(Ljava/lang/Object;JLjava/lang/String;IIZZZIZIIJ)J; candidate Class+0x30 array=0x711edbd8 len=15 sample=off0 sz40#0 0x711edbd8 [+4:0=Landroid/compat/Compatibility;.isChangeEnabled(J)Z] | off0 sz40#1 0x711edc00 [+8:3191=Ljava/lang/Object;.identityHashCode(Ljava/lang/Object;)I, +12:1=Landroid/icu/math/BigDecimal;.toBigDecimal()Ljava/math/BigDecimal;] | off0 sz40#2 0x711edc28 [+4:2=Landroid/icu/text/Bidi;.<init>(Ljava/text/AttributedCharacterIterator;)V, +12:114=Landroid/icu/text/DecimalFormat;.toLocalizedPattern()Ljava/lang/String;] | off0 sz40#3 0x711edc50 [+4:114=Landroid/icu/text/DecimalFormat;.toLocalizedPattern()Ljava/lang/String;, +12:0=Landroid/compat/Compatibility;.isChangeEnabled(J)Z] | off0 sz40#4 0x711edc78 [+4:0=Landroid/compat/Compatibility;.isChangeEnabled(J)Z] | off0 sz40#5 0x711edca0 [+8:3188=Ljava/lang/Object;.finalize()V, +12:2=Landroid/icu/text/Bidi;.<init>(Ljava/text/AttributedCharacterIterator;)V] | off0 sz32#0 0x711edbd8 [+4:0=Landroid/compat/Compatibility;.isChangeEnabled(J)Z] | off0 sz32#1 0x711edbf8 [+4:0=Landroid/compat/Compatibility;.isChangeEnabled(J)Z] | off0 sz32#2 0x711edc18 [+4:0=Landroid/compat/Compatibility;.isChangeEnabled(J)Z] | off0 sz32#3 0x711edc38 [+4:0=Landroid/compat/Compatibility;.isChangeEnabled(J)Z] | off0 sz32#4 0x711edc58 [+4:0=Landroid/compat/Compatibility;.isChangeEnabled(J)Z] | off0 sz32#5 0x711edc78 [+4:0=Landroid/compat/Compatibility;.isChangeEnabled(J)Z] | off0 sz48#0 0x711edbd8 [+4:0=Landroid/compat/Compatibility;.isChangeEnabled(J)Z] | off0 sz48#1 0x711edc08 [+4:1=Landroid/icu/math/BigDecimal;.toBigDecimal()Ljava/math/BigDecimal;, +12:114=Landroid/icu/text/DecimalFormat;.toLocalizedPattern()Ljava/lang/String;] | off0 sz48#2 0x711edc38 [+4:0=Landroid/compat/Compatibility;.isChangeEnabled(J)Z] | off0 sz48#3 0x711edc68 [+4:0=Landroid/compat/Compatibility;.isChangeEnabled(J)Z, +12:114=Landroid/icu/text/DecimalFormat;.toLocalizedPattern()Ljava/lang/String;] | off0 sz48#4 0x711edc98 [+4:0=Landroid/compat/Compatibility;.isChangeEnabled(J)Z] | off0 sz48#5 0x711edcc8 [+4:3=Landroid/icu/text/Bidi;.<init>([CI[BIII)V, +12:114=Landroid/icu/text/DecimalFormat;.toLocalizedPattern()Ljava/lang/String;] | off0 sz24#0 0x711edbd8 [+4:0=Landroid/compat/Compatibility;.isChangeEnabled(J)Z] | off0 sz24#1 0x711edbf0 [+4:114=Landroid/icu/text/DecimalFormat;.toLocalizedPattern()Ljava/lang/String;, +12:0=Landroid/compat/Compatibility;.isChangeEnabled(J)Z] | off0 sz24#2 0x711edc08 [+4:1=Landroid/icu/math/BigDecimal;.toBigDecimal()Ljava/math/BigDecimal;, +12:114=Landroid/icu/text/DecimalFormat;.toLocalizedPattern()Ljava/lang/String;] | off0 sz24#3 0x711edc20 [+8:3192=Ljava/lang/Object;.identityHashCodeNative(Ljava/lang/Object;)I, +12:2=Landroid/icu/text/Bidi;.<init>(Ljava/text/AttributedCharacterIterator;)V] | off0 sz24#4 0x711edc38 [+4:0=Landroid/compat/Compatibility;.isChangeEnabled(J)Z] | off0 sz24#5 0x711edc50 [+4:114=Landroid/icu/text/DecimalFormat;.toLocalizedPattern()Ljava/lang/String;, +12:0=Landroid/compat/Compatibility;.isChangeEnabled(J)Z] | off0 sz56#0 0x711edbd8 [+4:0=Landroid/compat/Compatibility;.isChangeEnabled(J)Z] | off0 sz56#1 0x711edc10 [+4:114=Landroid/icu/text/DecimalFormat;.toLocalizedPattern()Ljava/lang/String;, +12:0=Landroid/compat/Compatibility;.isChangeEnabled(J)Z] | off0 sz56#2 0x711edc48 [+4:3=Landroid/icu/text/Bidi;.<init>([CI[BIII)V, +12:114=Landroid/icu/text/DecimalFormat;.toLocalizedPattern()Ljava/lang/String;] | off0 sz56#3 0x711edc80 [+8:3187=Ljava/lang/Object;.equals(Ljava/lang/Object;)Z, +12:1=Landroid/icu/math/BigDecimal;.toBigDecimal()Ljava/math/BigDecimal;] | off0 sz56#4 0x711edcb8 [+4:0=Landroid/compat/Compatibility;.isChangeEnabled(J)Z] | off0 sz56#5 0x711edcf0 [+4:114=Landroid/icu/text/DecimalFormat;.toLocalizedPattern()Ljava/lang/String;, +12:0=Landroid/compat/Compatibility;.isChangeEnabled(J)Z] | off0 sz64#0 0x711edbd8 [+4:0=Landroid/compat/Compatibility;.isChangeEnabled(J)Z] | off0 sz64#1 0x711edc18 [+4:0=Landroid/compat/Compatibility;.isChangeEnabled(J)Z] | off0 sz64#2 0x711edc58 [+4:0=Landroid/compat/Compatibility;.isChangeEnabled(J)Z] | off0 sz64#3 0x711edc98 [+4:0=Landroid/compat/Compatibility;.isChangeEnabled(J)Z] | off0 sz64#4 0x711edcd8 [+4:0=Landroid/compat/Compatibility;.isChangeEnabled(J)Z] | off0 sz64#5 0x711edd18 [+4:0=Landroid/compat/Compatibility;.isChangeEnabled(J)Z] | off8 sz40#0 0x711edbe0 [+8:3185=Ljava/lang/Object;.<init>()V, +12:0=Landroid/compat/Compatibility;.isChangeEnabled(J)Z] | off8 sz40#1 0x711edc08 [+4:1=Landroid/icu/math/BigDecimal;.toBigDecimal()Ljava/math/BigDecimal;, +12:114=Landroid/icu/text/DecimalFormat;.toLocalizedPattern()Ljava/lang/String;] | off8 sz40#2 0x711edc30 [+4:114=Landroid/icu/text/DecimalFormat;.toLocalizedPattern()Ljava/lang/String;, +12:0=Landroid/compat/Compatibility;.isChangeEnabled(J)Z] | off8 sz40#3 0x711edc58 [+4:0=Landroid/compat/Compatibility;.isChangeEnabled(J)Z] | off8 sz40#4 0x711edc80 [+8:3187=Ljava/lang/Object;.equals(Ljava/lang/Object;)Z, +12:1=Landroid/icu/math/BigDecimal;.toBigDecimal()Ljava/math/BigDecimal;] | off8 sz40#5 0x711edca8 [+4:2=Landroid/icu/text/Bidi;.<init>(Ljava/text/AttributedCharacterIterator;)V, +12:114=Landroid/icu/text/DecimalFormat;.toLocalizedPattern()Ljava/lang/String;] | off8 sz32#0 0x711edbe0 [+8:3185=Ljava/lang/Object;.<init>()V, +12:0=Landroid/compat/Compatibility;.isChangeEnabled(J)Z] | off8 sz32#1 0x711edc00 [+8:3191=Ljava/lang/Object;.identityHashCode(Ljava/lang/Object;)I, +12:1=Landroid/icu/math/BigDecimal;.toBigDecimal()Ljava/math/BigDecimal;] | off8 sz32#2 0x711edc20 [+8:3192=Ljava/lang/Object;.identityHashCodeNative(Ljava/lang/Object;)I, +12:2=Landroid/icu/text/Bidi;.<init>(Ljava/text/AttributedCharacterIterator;)V] | off8 sz32#3 0x711edc40 [+8:3193=Ljava/lang/Object;.internalClone()Ljava/lang/Object;, +12:3=Landroid/icu/text/Bidi;.<init>([CI[BIII)V] | off8 sz32#4 0x711edc60 [+8:3186=Ljava/lang/Object;.clone()Ljava/lang/Object;, +12:0=Landroid/compat/Compatibility;.isChangeEnabled(J)Z] | off8 sz32#5 0x711edc80 [+8:3187=Ljava/lang/Object;.equals(Ljava/lang/Object;)Z, +12:1=Landroid/icu/math/BigDecimal;.toBigDecimal()Ljava/math/BigDecimal;] | off8 sz48#0 0x711edbe0 [+8:3185=Ljava/lang/Object;.<init>()V, +12:0=Landroid/compat/Compatibility;.isChangeEnabled(J)Z] | off8 sz48#1 0x711edc10 [+4:114=Landroid/icu/text/DecimalFormat;.toLocalizedPattern()Ljava/lang/String;, +12:0=Landroid/compat/Compatibility;.isChangeEnabled(J)Z] | off8 sz48#2 0x711edc40 [+8:3193=Ljava/lang/Object;.internalClone()Ljava/lang/Object;, +12:3=Landroid/icu/text/Bidi;.<init>([CI[BIII)V] | off8 sz48#3 0x711edc70 [+4:114=Landroid/icu/text/DecimalFormat;.toLocalizedPattern()Ljava/lang/String;, +12:0=Landroid/compat/Compatibility;.isChangeEnabled(J)Z] | off8 sz48#4 0x711edca0 [+8:3188=Ljava/lang/Object;.finalize()V, +12:2=Landroid/icu/text/Bidi;.<init>(Ljava/text/AttributedCharacterIterator;)V] | off8 sz48#5 0x711edcd0 [+4:114=Landroid/icu/text/DecimalFormat;.toLocalizedPattern()Ljava/lang/String;, +12:0=Landroid/compat/Compatibility;.isChangeEnabled(J)Z] | off8 sz24#0 0x711edbe0 [+8:3185=Ljava/lang/Object;.<init>()V, +12:0=Landroid/compat/Compatibility;.isChangeEnabled(J)Z] | off8 sz24#1 0x711edbf8 [+4:0=Landroid/compat/Compatibility;.isChangeEnabled(J)Z] | off8 sz24#2 0x711edc10 [+4:114=Landroid/icu/text/DecimalFormat;.toLocalizedPattern()Ljava/lang/String;, +12:0=Landroid/compat/Compatibility;.isChangeEnabled(J)Z] | off8 sz24#3 0x711edc28 [+4:2=Landroid/icu/text/Bidi;.<init>(Ljava/text/AttributedCharacterIterator;)V, +12:114=Landroid/icu/text/DecimalFormat;.toLocalizedPattern()Ljava/lang/String;] | off8 sz24#4 0x711edc40 [+8:3193=Ljava/lang/Object;.internalClone()Ljava/lang/Object;, +12:3=Landroid/icu/text/Bidi;.<init>([CI[BIII)V] | off8 sz24#5 0x711edc58 [+4:0=Landroid/compat/Compatibility;.isChangeEnabled(J)Z] | off8 sz56#0 0x711edbe0 [+8:3185=Ljava/lang/Object;.<init>()V, +12:0=Landroid/compat/Compatibility;.isChangeEnabled(J)Z] | off8 sz56#1 0x711edc18 [+4:0=Landroid/compat/Compatibility;.isChangeEnabled(J)Z] | off8 sz56#2 0x711edc50 [+4:114=Landroid/icu/text/DecimalFormat;.toLocalizedPattern()Ljava/lang/String;, +12:0=Landroid/compat/Compatibility;.isChangeEnabled(J)Z] | off8 sz56#3 0x711edc88 [+4:1=Landroid/icu/math/BigDecimal;.toBigDecimal()Ljava/math/BigDecimal;, +12:114=Landroid/icu/text/DecimalFormat;.toLocalizedPattern()Ljava/lang/String;] | off8 sz56#4 0x711edcc0 [+8:3189=Ljava/lang/Object;.getClass()Ljava/lang/Class;, +12:3=Landroid/icu/text/Bidi;.<init>([CI[BIII)V] | off8 sz56#5 0x711edcf8 [+4:0=Landroid/compat/Compatibility;.isChangeEnabled(J)Z] | off8 sz64#0 0x711edbe0 [+8:3185=Ljava/lang/Object;.<init>()V, +12:0=Landroid/compat/Compatibility;.isChangeEnabled(J)Z] | off8 sz64#1 0x711edc20 [+8:3192=Ljava/lang/Object;.identityHashCodeNative(Ljava/lang/Object;)I, +12:2=Landroid/icu/text/Bidi;.<init>(Ljava/text/AttributedCharacterIterator;)V] | off8 sz64#2 0x711edc60 [+8:3186=Ljava/lang/Object;.clone()Ljava/lang/Object;, +12:0=Landroid/compat/Compatibility;.isChangeEnabled(J)Z] | off8 sz64#3 0x711edca0 [+8:3188=Ljava/lang/Object;.finalize()V, +12:2=Landroid/icu/text/Bidi;.<init>(Ljava/text/AttributedCharacterIterator;)V] | off8 sz64#4 0x711edce0 [+8:3190=Ljava/lang/Object;.hashCode()I, +12:4=Landroid/icu/text/Bidi;.baseIsLeftToRight()Z] | off8 sz64#5 0x711edd20 [+8:3195=Ljava/lang/Object;.notifyAll()V, +12:6=Landroid/icu/text/Bidi;.createLineBidi(II)Landroid/icu/text/Bidi;]
[agent] [JS] [dex resolver] fallback to JNI GetMethodID for J.N.MnXVOzVo(Ljava/lang/Object;JLjava/lang/String;IIZZZIZIIJ)J
[agent] [JS] [resolve_art_method] cls=0x7563369021, GetMethodID(J.N.MnXVOzVo(Ljava/lang/Object;JLjava/lang/String;IIZZZIZIIJ)J)=0x0
[agent] [JS] [java hook] Step 1 fetchArtMethod: art_method=0x5e0a5100, flags=0x10000109, data_=0x710c0002cc, ep=0x72584030
[agent] [JS] [java hook] Step 4: has_independent_code=false route_independent=false native=true shared_jni=true shared_native_art_entry=false registered_native=true (data=0x710c0002cc, ep=0x72584030)
[agent] [JS] [hook_engine] hook_mmap_near_range: OK at 0x710c3ef000 for target 0x710c0002cc (range=±134217728, gap#0 step=1)
[agent] [JS] [hook_engine] wxshadow stealth patch OK: addr=0x710c0002cc len=4
[agent] [JS] [hook_engine] [stealth_ldr_reloc] scanning page 0x710c000000 for patch at 0x710c0002cc len=4
[agent] [JS] [java hook] registered native entry hooked without original ArtMethod mutation: target=0x710c0002cc, hook=0x710c0002cc, trampoline=0x72a51a6800, clone=0x74a72b6cc0, critical=false
[agent] [JS] [java hook] 完成: J.N.MnXVOzVo(Ljava/lang/Object;JLjava/lang/String;IIZZZIZIIJ)J (ArtMethod=0x5e0a5100, strategy=native-entry-only)
[agent] [JS] [artcheck] hook installed: J.N.MnXVOzVo
[agent] [JS] [artcheck][after-hook] stats={"routerHits":"0x0","routerQuickHits":"0x0","routerQuickPassHits":"0x0","routerQuickCallbackCalls":"0x0","routerQuickSkipHits":"0x0","routerQuickCalleeSaveFrames":"0x0","routerQuickCalleeSaveMethod":"0x712814e0","routerQuickTopQuickFrameOffset":"0xffffffffffffffff","routerQuickTestSuspendCalls":"0x0","routerQuickTestSuspendEntrypoint":"0x0","routerReplacementHits":"0x0","routerLastX0":"0x0","routerMisses":"0xf01","routerMissLastX0":"0x5d5f2fd0","doCallTotal":"0x0","doCallReplacementHits":"0x0","doCallQuickCallbackCalls":"0x0","doCallRouterTableHits":"0x0","doCallRouterLastX0":"0x0","managedBackupStubHits":"0x0","managedDirectHits":"0x0","managedReentryGuardEnabled":true,"managedReentryGuardDepth":"0x0","managedReentryGuardEnters":"0x0","managedReentryGuardBypassHits":"0x0","origBypassHits":"0x0","origBypassSetSuccesses":"0x0","origBypassSetFailures":"0x0","origBypassActive":"0x0","oatInlinePatchCount":"0x0","oatPcPoolBypassHits":"0x0","oatReplacementBypassHits":"0x0","getOatHookPoolOriginal":"0x0","getOatHookPoolReplacement":"0x0","getOatHookPoolLastMethod":"0x0","getOatHookPoolLastPc":"0x0"}
[agent] [JS] [art_router_debug] last_x0=0x5d5f2fd0, miss_count=3841
[agent] [JS] [hook_engine] [art_router] table dump (addr=0x726aba4670):
[agent] [JS] [hook_engine] [art_router]   [0] original=71e1a6d8 -> replacement=74a730cdf0 mode=0
[agent] [JS] [hook_engine] [art_router]   [1] original=71e1a378 -> replacement=74a72b3b10 mode=0
[agent] [JS] [hook_engine] [art_router]   [2] <end> (total 2 entries)
[agent] [JS] [art_router_debug] ArtMethod=0x5e0a5100: current_ep=0x72584030 (original=0x72584030), flags=0x10000109 (original=0x10000109)
[agent] [JS] [art_router_debug] ArtMethod=0x71e1a6d8: current_ep=0x72b6bd10 (original=0x72b6bd10), flags=0x12200001 (original=0x50380001)
[agent] [JS] [art_router_debug] ArtMethod=0x71e1a378: current_ep=0x72b6b3c0 (original=0x72b6b3c0), flags=0x12200001 (original=0x50380001)
[agent] [JS] [artcheck][after-hook] _artRouterDebug ok
[agent] [JS] [java.ready] ClassLoader 已更新
[agent] [JS] [artcheck][hit] url=https://vcs.zijieapi.com/vc/setting?app_name=aweme&version_name=35.4.0&app_version=35.4.0&channel=oppo_1128_64&sdk_version=4.0.1.cn&version_code=350401&device_platform=android&lang=zh&aid=1128
[agent] [JS] [artcheck][hit] url=https://aweme.snssdk.com/aweme/v1/im/conversation/floating_bar/configs?iid=4087336283158679&device_id=4087336283154583&ac=wifi&channel=oppo_1128_64&aid=1128&app_name=aweme&version_code=350400&version_name=35.4.0&device_platform=android&os=android&ssmix=a&device_type=Pixel+6&device_brand=google&language=zh&os_api=35&os_version=15&manifest_version_code=350401&resolution=1080*2209&dpi=420&update_version_code=35409900&_rticket=1787969311710&package=com.ss.android.ugc.aweme&mcc_mnc=46000&first_launch_timestamp=1787966255&last_deeplink_update_version_code=0&cpu_support64=true&host_abi=arm64-v8a&is_guest_mode=0&app_type=normal&minor_status=0&appTheme=light&is_preinstall=0&need_personal_recommend=1&is_android_pad=0&is_android_fold=0&ts=1787969311&cdid=c47a5b59-94cd-4209-ad91-f7ed414b62ef
[agent] [JS] [artcheck][hit] url=https://aweme.snssdk.com/aweme/v1/im/platform/config/global/?with_message_type_setting_config=true&with_group_setting_config=true&iid=4087336283158679&device_id=4087336283154583&ac=wifi&channel=oppo_1128_64&aid=1128&app_name=aweme&version_code=350400&version_name=35.4.0&device_platform=android&os=android&ssmix=a&device_type=Pixel+6&device_brand=google&language=zh&os_api=35&os_version=15&manifest_version_code=350401&resolution=1080*2209&dpi=420&update_version_code=35409900&_rticket=1787969311711&package=com.ss.android.ugc.aweme&mcc_mnc=46000&first_launch_timestamp=1787966255&last_deeplink_update_version_code=0&cpu_support64=true&host_abi=arm64-v8a&is_guest_mode=0&app_type=normal&minor_status=0&appTheme=light&is_preinstall=0&need_personal_recommend=1&is_android_pad=0&is_android_fold=0&ts=1787969311&cdid=c47a5b59-94cd-4209-ad91-f7ed414b62ef
[agent] [JS] [artcheck][hit] url=https://security.snssdk.com/api/plugin/config/v3/?hotfix_abi=2&sdk_version=0.0.4-rc.50&hotfix_type=reparo&channel=oppo_1128_64&iid=4087336283158679&device_id=4087336283154583&ac=wifi&aid=1128&app_name=aweme&version_code=350400&version_name=35.4.0&device_platform=android&os=android&ssmix=a&device_type=Pixel+6&device_brand=google&language=zh&os_api=35&os_version=15&manifest_version_code=350401&resolution=1080*2209&dpi=420&update_version_code=35409900&_rticket=1787969311711&package=com.ss.android.ugc.aweme&mcc_mnc=46000&first_launch_timestamp=1787966255&last_deeplink_update_version_code=0&is_guest_mode=0&app_type=normal&minor_status=0&appTheme=light&is_preinstall=0&need_personal_recommend=1&is_android_pad=0&cpu_support64=true&host_abi=arm64-v8a&is_android_fold=0&ts=1787969311&cdid=c47a5b59-94cd-4209-ad91-f7ed414b62ef
[agent] [JS] [artcheck][hit] url=https://aweme.snssdk.com/aweme/growth/get_customs_certs/?cur_hook_version=1&cur_cert_version=1787911791&scene=cold_start&iid=4087336283158679&device_id=4087336283154583&ac=wifi&channel=oppo_1128_64&aid=1128&app_name=aweme&version_code=350400&version_name=35.4.0&device_platform=android&os=android&ssmix=a&device_type=Pixel+6&device_brand=google&language=zh&os_api=35&os_version=15&manifest_version_code=350401&resolution=1080*2209&dpi=420&update_version_code=35409900&_rticket=1787969311787&package=com.ss.android.ugc.aweme&mcc_mnc=46000&first_launch_timestamp=1787966255&last_deeplink_update_version_code=0&cpu_support64=true&host_abi=arm64-v8a&is_guest_mode=0&app_type=normal&minor_status=0&appTheme=light&is_preinstall=0&need_personal_recommend=1&is_android_pad=0&is_android_fold=0&ts=1787969311&cdid=c47a5b59-94cd-4209-ad91-f7ed414b62ef
[agent] [JS] [artcheck][hit] url=https://aweme.snssdk.com/hwm/v1/wm_img?iid=4087336283158679&device_id=4087336283154583&ac=wifi&channel=oppo_1128_64&aid=1128&app_name=aweme&version_code=350400&version_name=35.4.0&device_platform=android&os=android&ssmix=a&device_type=Pixel+6&device_brand=google&language=zh&os_api=35&os_version=15&manifest_version_code=350401&resolution=1080*2209&dpi=420&update_version_code=35409900&_rticket=1787969311792&package=com.ss.android.ugc.aweme&mcc_mnc=46000&first_launch_timestamp=1787966255&last_deeplink_update_version_code=0&cpu_support64=true&host_abi=arm64-v8a&is_guest_mode=0&app_type=normal&minor_status=0&appTheme=light&is_preinstall=0&need_personal_recommend=1&is_android_pad=0&is_android_fold=0&ts=1787969311&cdid=c47a5b59-94cd-4209-ad91-f7ed414b62ef
[agent] [JS] [artcheck][hit] url=https://aweme.snssdk.com/aweme/v1/addiction/info/?scene_type=cold_boot&elder_mode=0&iid=4087336283158679&device_id=4087336283154583&ac=wifi&channel=oppo_1128_64&aid=1128&app_name=aweme&version_code=350400&version_name=35.4.0&device_platform=android&os=android&ssmix=a&device_type=Pixel+6&device_brand=google&language=zh&os_api=35&os_version=15&manifest_version_code=350401&resolution=1080*2209&dpi=420&update_version_code=35409900&_rticket=1787969311798&package=com.ss.android.ugc.aweme&mcc_mnc=46000&first_launch_timestamp=1787966255&last_deeplink_update_version_code=0&cpu_support64=true&host_abi=arm64-v8a&is_guest_mode=0&app_type=normal&minor_status=0&appTheme=light&is_preinstall=0&need_personal_recommend=1&is_android_pad=0&is_android_fold=0&ts=1787969311&cdid=c47a5b59-94cd-4209-ad91-f7ed414b62ef
[agent] [JS] [artcheck][hit] url=https://aweme.snssdk.com/aweme/v2/feed/?type=0&max_cursor=0&min_cursor=0&count=6&volume=0.36&pull_type=0&need_relieve_aweme=0&filter_warn=0&req_from=enter_auto&is_cold_start=1&address_book_access=2&gps_access=2&cached_item_num=0&last_ad_show_interval=-1&preload_aweme_ids&action_mask=-1&action_mask_detail=%7B%7D&action_mask_info=%7B%7D&ad_extra&teen_protector_vote_aweme_count=0&last_teen_protector_vote_aweme_interval=0&sp=-1&is_order_flow=0&user_avatar_shrink=96_96&screen_type=1&pitaya_type=0&location_permission=false&font_category=2&feed_recommend_req_index=1&audio_value=36&launch_times=9&recent_gids_first_time=null&recent_gids&recent_items&play_style=0&filter_live_cell=false&addiction_info&client_extra&from_push=0&show_unread_entrance=0&show_jump_tab_list&danmaku_switch_status=0&elder_mode=0&need_hotlist_card=false&mock_info&life_card_accept=0&life_card_unexposed_cards&nearby_extra_data=%7B%22nearby_tab_name%22%3A%22%E5%90%8C%E5%9F%8E%22%2C%22groupon_tab_name%22%3A%22%E5%9B%A2%E8%B4%AD%22%2C%22has_groupon_tab%22%3Atrue%2C%22groupon_tab_index%22%3A5%7D&tab_guide&iid=4087336283158679&device_id=4087336283154583&ac=wifi&channel=oppo_1128_64&aid=1128&app_name=aweme&version_code=350400&version_name=35.4.0&device_platform=android&os=android&ssmix=a&device_type=Pixel+6&device_brand=google&language=zh&os_api=35&os_version=15&manifest_version_code=350401&resolution=1080*2209&dpi=420&update_version_code=35409900&_rticket=1787969311773&package=com.ss.android.ugc.aweme&mcc_mnc=46000&first_launch_timestamp=1787966255&last_deeplink_update_version_code=0&cpu_support64=true&host_abi=arm64-v8a&is_guest_mode=0&app_type=normal&minor_status=0&appTheme=light&is_preinstall=0&need_personal_recommend=1&is_android_pad=0&is_android_fold=0&ts=1787969311&cdid=c47a5b59-94cd-4209-ad91-f7ed414b62ef&error_monitor_info=%5B%5D&splash_cid=-3&splash_type=-1&local_cache=7672990334968437753&download_sdk_info=%7B%7D&ug_ab_params=%7B%7D&ug_custom_key=%7B%22widget_install_status%22%3A%220%22%7D
[agent] [JS] [artcheck][hit] url=https://aweme.snssdk.com/service/2/app_log/?version_code=350400&device_platform=android&device_id=4087336283154583&aid=1128&iid=4087336283158679&tt_data=a
[agent] [JS] [java.ready] ClassLoader 已更新
[agent] [JS] [artcheck][hit] url=https://lf26-font-sign.bytehwm.com/eesecsvc/v5p/1.2/1/ab34fef4da9d414c85da2e5aeafeb8c8.png?algorithm=v5p&app_id=333&tenant_id&version=1.2&x-expires=1788571152&x-signature=KzDXL%2BvAgcB%2FhcR6%2FGgbfecmWOc%3D
[agent] [JS] [artcheck][hit] url=https://lf3-font-sign.bytehwm.com/eesecsvc/cf7568d105994bb2a38616971518ed23_333.png?algorithm=v4u&app_id=333&tenant_id&version=1.0&x-expires=1788571152&x-signature=XT3vlKDHbQp%2BfszETEq659uizy0%3D
[agent] [JS] [artcheck][hit] url=https://aweme.snssdk.com/aweme/homepage/render/?is_click_agree_privacy=false&client_ability=1&client_mode=0&reason=cold_launch&req_interval=0&sec_uid&iid=4087336283158679&device_id=4087336283154583&ac=wifi&channel=oppo_1128_64&aid=1128&app_name=aweme&version_code=350400&version_name=35.4.0&device_platform=android&os=android&ssmix=a&device_type=Pixel+6&device_brand=google&language=zh&os_api=35&os_version=15&manifest_version_code=350401&resolution=1080*2209&dpi=420&update_version_code=35409900&_rticket=1787969311948&package=com.ss.android.ugc.aweme&mcc_mnc=46000&first_launch_timestamp=1787966255&last_deeplink_update_version_code=0&cpu_support64=true&host_abi=arm64-v8a&is_guest_mode=0&app_type=normal&minor_status=0&appTheme=light&is_preinstall=0&need_personal_recommend=1&is_android_pad=0&is_android_fold=0&ts=1787969311&cdid=c47a5b59-94cd-4209-ad91-f7ed414b62ef
[agent] [JS] [artcheck][hit] url=https://aweme.snssdk.com/aweme/homepage/combine/?scene=cold_launch&iid=4087336283158679&device_id=4087336283154583&ac=wifi&channel=oppo_1128_64&aid=1128&app_name=aweme&version_code=350400&version_name=35.4.0&device_platform=android&os=android&ssmix=a&device_type=Pixel+6&device_brand=google&language=zh&os_api=35&os_version=15&manifest_version_code=350401&resolution=1080*2209&dpi=420&update_version_code=35409900&_rticket=1787969311972&package=com.ss.android.ugc.aweme&mcc_mnc=46000&first_launch_timestamp=1787966255&last_deeplink_update_version_code=0&cpu_support64=true&host_abi=arm64-v8a&is_guest_mode=0&app_type=normal&minor_status=0&appTheme=light&is_preinstall=0&need_personal_recommend=1&is_android_pad=0&is_android_fold=0&ts=1787969311&cdid=c47a5b59-94cd-4209-ad91-f7ed414b62ef
[agent] [JS] [artcheck][hit] url=https://aweme.snssdk.com/service/2/app_log/?version_code=350400&device_platform=android&device_id=4087336283154583&aid=1128&iid=4087336283158679&tt_data=a
[agent] [JS] [artcheck][hit] url=https://mon.snssdk.com/monitor/collect/batch/?sdk_version=1&is_guest_mode=0&manifest_version_code=350401&_rticket=1787969311939&app_type=normal&device_model=Pixel+6&is_preinstall=0&iid=4087336283158679&channel=oppo_1128_64&is_android_pad=0&device_type=Pixel+6&language=zh&cpu_support64=true&host_abi=arm64-v8a&resolution=1080*2209&update_version_code=35409900&cdid=c47a5b59-94cd-4209-ad91-f7ed414b62ef&minor_status=0&appTheme=light&os_api=35&is_android_fold=0&dpi=420&app_id=1128&ac=wifi&package=com.ss.android.ugc.aweme&os=Android&device_id=4087336283154583&mcc_mnc=46000&os_version=15&tt_data=a&version_code=350400&last_deeplink_update_version_code=0&slardar-zstd-version=app.1128.Android.monitor.1722928576&overall_score=8.4364&app_name=aweme&version_name=35.4.0&device_brand=google&need_personal_recommend=1&ssmix=a&device_platform=android&first_launch_timestamp=1787966255&aid=1128&ts=1787969311
[agent] [JS] [artcheck][hit] url=https://webcast.amemv.com/webcast/distribution/check_user_live_status/?iid=4087336283158679&device_id=4087336283154583&ac=wifi&channel=oppo_1128_64&aid=1128&app_name=aweme&version_code=350400&version_name=35.4.0&device_platform=android&os=android&device_type=Pixel+6&device_brand=google&language=zh&os_version=15&manifest_version_code=350401&resolution=1080*2209&dpi=420&update_version_code=35409900&package=com.ss.android.ugc.aweme&mcc_mnc=46000&is_guest_mode=0&app_type=normal&minor_status=0&appTheme=light&is_preinstall=0&need_personal_recommend=1&is_android_pad=0&is_android_fold=0&ts=1787969311&cdid=c47a5b59-94cd-4209-ad91-f7ed414b62ef
[agent] [JS] [artcheck][hit] url=https://aweme.snssdk.com/aweme/v2/video/safety/check/?iid=4087336283158679&device_id=4087336283154583&ac=wifi&channel=oppo_1128_64&aid=1128&app_name=aweme&version_code=350400&version_name=35.4.0&device_platform=android&os=android&ssmix=a&device_type=Pixel+6&device_brand=google&language=zh&os_api=35&os_version=15&manifest_version_code=350401&resolution=1080*2209&dpi=420&update_version_code=35409900&_rticket=1787969312244&package=com.ss.android.ugc.aweme&mcc_mnc=46000&first_launch_timestamp=1787966255&last_deeplink_update_version_code=0&cpu_support64=true&host_abi=arm64-v8a&is_guest_mode=0&app_type=normal&minor_status=0&appTheme=light&is_preinstall=0&need_personal_recommend=1&is_android_pad=0&is_android_fold=0&ts=1787969311&cdid=c47a5b59-94cd-4209-ad91-f7ed414b62ef
[agent] [JS] [artcheck][hit] url=https://dig.bdurl.net/q?host=v5-se-bd-daily-cold.douyinvod.com&source=vod&aid=1128
[agent] [JS] [artcheck][hit] url=https://aweme.snssdk.com/%2Faweme%2Fv2%2Fmaterial%2Fcontinue%2F?iid=4087336283158679&device_id=4087336283154583&ac=wifi&channel=oppo_1128_64&aid=1128&app_name=aweme&version_code=350400&version_name=35.4.0&device_platform=android&os=android&ssmix=a&device_type=Pixel+6&device_brand=google&language=zh&os_api=35&os_version=15&manifest_version_code=350401&resolution=1080*2209&dpi=420&update_version_code=35409900&_rticket=1787969312317&package=com.ss.android.ugc.aweme&mcc_mnc=46000&first_launch_timestamp=1787966255&last_deeplink_update_version_code=0&cpu_support64=true&host_abi=arm64-v8a&is_guest_mode=0&app_type=normal&minor_status=0&appTheme=light&is_preinstall=0&need_personal_recommend=1&is_android_pad=0&is_android_fold=0&ts=1787969311&cdid=c47a5b59-94cd-4209-ad91-f7ed414b62ef
[agent] [JS] [artcheck][hit] url=https://aweme.snssdk.com/aweme/v1/multicast/query/?iid=4087336283158679&device_id=4087336283154583&ac=wifi&channel=oppo_1128_64&aid=1128&app_name=aweme&version_code=350400&version_name=35.4.0&device_platform=android&os=android&ssmix=a&device_type=Pixel+6&device_brand=google&language=zh&os_api=35&os_version=15&manifest_version_code=350401&resolution=1080*2209&dpi=420&update_version_code=35409900&_rticket=1787969312350&package=com.ss.android.ugc.aweme&mcc_mnc=46000&first_launch_timestamp=1787966255&last_deeplink_update_version_code=0&cpu_support64=true&host_abi=arm64-v8a&is_guest_mode=0&app_type=normal&minor_status=0&appTheme=light&is_preinstall=0&need_personal_recommend=1&is_android_pad=0&is_android_fold=0&ts=1787969311&cdid=c47a5b59-94cd-4209-ad91-f7ed414b62ef
[agent] [JS] [artcheck][hit] url=https://aweme.snssdk.com/service/settings/v3/?iid=4087336283158679&device_id=4087336283154583&ac=wifi&channel=oppo_1128_64&aid=1128&app_name=aweme&version_code=350400&version_name=35.4.0&device_platform=android&os=android&ssmix=a&device_type=Pixel+6&device_brand=google&language=zh&os_api=35&os_version=15&manifest_version_code=350401&resolution=1080*2209&dpi=420&update_version_code=35409900&_rticket=1787969312395&package=com.ss.android.ugc.aweme&mcc_mnc=46000&first_launch_timestamp=1787966255&last_deeplink_update_version_code=0&cpu_support64=true&host_abi=arm64-v8a&is_guest_mode=0&app_type=normal&minor_status=0&appTheme=light&is_preinstall=0&need_personal_recommend=1&is_android_pad=0&is_android_fold=0&ts=1787969311&cdid=c47a5b59-94cd-4209-ad91-f7ed414b62ef&caller_name=bytedance_ad_sdk&settings_time=1787969293
[agent] [JS] [artcheck][hit] url=https://aweme.snssdk.com/aweme/homepage/report/?iid=4087336283158679&device_id=4087336283154583&ac=wifi&channel=oppo_1128_64&aid=1128&app_name=aweme&version_code=350400&version_name=35.4.0&device_platform=android&os=android&ssmix=a&device_type=Pixel+6&device_brand=google&language=zh&os_api=35&os_version=15&manifest_version_code=350401&resolution=1080*2209&dpi=420&update_version_code=35409900&_rticket=1787969312765&package=com.ss.android.ugc.aweme&mcc_mnc=46000&first_launch_timestamp=1787966255&last_deeplink_update_version_code=0&cpu_support64=true&host_abi=arm64-v8a&is_guest_mode=0&app_type=normal&minor_status=0&appTheme=light&is_preinstall=0&need_personal_recommend=1&is_android_pad=0&is_android_fold=0&ts=1787969311&cdid=c47a5b59-94cd-4209-ad91-f7ed414b62ef
[agent] [JS] [artcheck][hit] url=https://aweme.snssdk.com/aweme/v2/startup/popups/?diversion_channel&diversion_user_type&luckydog_cross_token&luckydog_task_type&gd_label&diversion_channel_type&iid=4087336283158679&device_id=4087336283154583&ac=wifi&channel=oppo_1128_64&aid=1128&app_name=aweme&version_code=350400&version_name=35.4.0&device_platform=android&os=android&ssmix=a&device_type=Pixel+6&device_brand=google&language=zh&os_api=35&os_version=15&manifest_version_code=350401&resolution=1080*2209&dpi=420&update_version_code=35409900&_rticket=1787969312807&package=com.ss.android.ugc.aweme&mcc_mnc=46000&first_launch_timestamp=1787966255&last_deeplink_update_version_code=0&cpu_support64=true&host_abi=arm64-v8a&is_guest_mode=0&app_type=normal&minor_status=0&appTheme=light&is_preinstall=0&need_personal_recommend=1&is_android_pad=0&is_android_fold=0&ts=1787969311&cdid=c47a5b59-94cd-4209-ad91-f7ed414b62ef
[agent] [JS] [artcheck][hit] url=https://webcast.amemv.com/webcast/distribution/check_user_live_status/?iid=4087336283158679&device_id=4087336283154583&ac=wifi&channel=oppo_1128_64&aid=1128&app_name=aweme&version_code=350400&version_name=35.4.0&device_platform=android&os=android&device_type=Pixel+6&device_brand=google&language=zh&os_version=15&manifest_version_code=350401&resolution=1080*2209&dpi=420&update_version_code=35409900&package=com.ss.android.ugc.aweme&mcc_mnc=46000&is_guest_mode=0&app_type=normal&minor_status=0&appTheme=light&is_preinstall=0&need_personal_recommend=1&is_android_pad=0&is_android_fold=0&ts=1787969312&cdid=c47a5b59-94cd-4209-ad91-f7ed414b62ef
[agent] [JS] [artcheck][hit] url=https://p11.douyinpic.com/tos-cn-v-2774c002/ogiJMAW00BPPAakAi8xICsBAhmhfEPWAWzqQEB~tplv-dy-resize-walign-adapt-aq:100:q75.heic?biz_tag=aweme_music&s=PackSourceEnum_FEED&sc=cover
[agent] [JS] [artcheck][hit] url=https://p26.douyinpic.com/aweme-avatar/tos-cn-i-0813_oAVvMkSAIoPAQBgMDAyH6Ii6gZik6kvAEMpAv~tplv-dy-shrink-adapter:96:96.heic?from=327834062&s=PackSourceEnum_FEED&se=true&sh=96_96&sc=avatar&biz_tag=aweme_avatar&l=2026082910081235635663CB18BB4EE70F
[agent] [JS] [java.ready] ClassLoader 已更新
[agent] [JS] [artcheck][hit] url=https://p11-sign.douyinpic.com/tos-cn-p-0015/oUtcQIUYPGA8IJQTXkLeC2pCTDxAoErfQNe6fI~noop.jpeg?lk3s=138a59ce&x-expires=1789178400&x-signature=COKtB%2Ff8mhowau6b7B%2F8gr8Bcac%3D&from=327834062
[agent] [JS] [artcheck][hit] url=https://dig.bdurl.net/q?host=v96-wha.douyinvod.com&source=vod&aid=1128
[agent] [JS] [artcheck][hit] url=https://dig.bdurl.net/q?host=v5-se-qn-daily-cm-wha.douyinvod.com&source=vod&aid=1128
[agent] [JS] [artcheck][hit] url=https://dig.bdurl.net/q?host=v5-bd-daily-music.douyinstatic.com&source=vod&aid=1128
[agent] [JS] [artcheck][hit] url=https://webcast.amemv.com/webcast/strategy/setting/?strategy_hash=10926783815095867677&gamecp_sdk_version=3950&webcast_sdk_version=3950&webcast_language=zh&webcast_locale=zh_CN_%23Hans&webcast_gps_access=2&current_network_quality_info=%7B%22http_rtt%22%3A18%2C%22tcp_rtt%22%3A17%2C%22quic_rtt%22%3A17%2C%22downstream_throughput_kbps%22%3A1600%2C%22net_effective_connection_type%22%3A7%2C%22video_download_speed%22%3A228%2C%22quic_receive_loss_rate%22%3A-1%2C%22quic_send_loss_rate%22%3A-1%7D&device_score=8.4364&address_book_access=2&user_id=0&is_pad=false&is_android_pad=0&is_landscape=false&carrier_region=CN&iid=4087336283158679&device_id=4087336283154583&ac=wifi&channel=oppo_1128_64&aid=1128&app_name=aweme&version_code=350400&version_name=35.4.0&device_platform=android&os=android&ssmix=a&device_type=Pixel+6&device_brand=google&language=zh&os_api=35&os_version=15&manifest_version_code=350401&resolution=1080*2209&dpi=420&update_version_code=35409900&_rticket=1787969314153&package=com.ss.android.ugc.aweme&mcc_mnc=46000&first_launch_timestamp=1787966255&last_deeplink_update_version_code=0&cpu_support64=true&host_abi=arm64-v8a&is_guest_mode=0&app_type=normal&minor_status=0&appTheme=light&is_preinstall=0&need_personal_recommend=1&is_android_fold=0&ts=1787969313&cdid=c47a5b59-94cd-4209-ad91-f7ed414b62ef
[agent] [JS] [artcheck][hit] url=https://p3.douyinpic.com/aweme-avatar/tos-cn-i-0813_ocEnAbT0fLGAuBzAQQIG2FesgAfEAYdSBEmv37~tplv-dy-shrink-adapter:96:96.heic?from=327834062&s=PackSourceEnum_FEED&se=true&sh=96_96&sc=avatar&biz_tag=aweme_avatar&l=20260829100831420E788BC36F3D67EE40
[agent] [JS] [artcheck][hit] url=https://p3.douyinpic.com/aweme-avatar/douyin-user-image-file_32477d83f51eff6fc93ba1c43f920d28~tplv-dy-shrink-adapter:96:96.heic?from=327834062&s=PackSourceEnum_FEED&se=true&sh=96_96&sc=avatar&biz_tag=aweme_avatar&l=20260829100831420E788BC36F3D67EE40
[agent] [JS] [java.ready] ClassLoader 已更新
[agent] [JS] [java.ready] ClassLoader 已更新
[agent] [JS] [java.ready] ClassLoader 已更新
[agent] [JS] [artcheck][hit] url=https://ma.zijieapi.com/api/apps/xconfig_meta?tma_version_code=16000101&tma_xconfig_version=12462&mg_list&mp_list&iid=4087336283158679&device_id=4087336283154583&ac=wifi&channel=oppo_1128_64&aid=1128&app_name=aweme&version_code=350400&version_name=35.4.0&device_platform=android&os=android&ssmix=a&device_type=Pixel+6&device_brand=google&language=zh&os_api=35&os_version=15&manifest_version_code=350401&resolution=1080*2209&dpi=420&update_version_code=35409900&_rticket=1787969314400&package=com.ss.android.ugc.aweme&mcc_mnc=46000&first_launch_timestamp=1787966255&last_deeplink_update_version_code=0&cpu_support64=true&host_abi=arm64-v8a&is_guest_mode=0&app_type=normal&minor_status=0&appTheme=light&is_preinstall=0&need_personal_recommend=1&is_android_pad=0&is_android_fold=0&ts=1787969313&cdid=c47a5b59-94cd-4209-ad91-f7ed414b62ef
[agent] [JS] [artcheck][hit] url=https://aweme.snssdk.com/service/settings/v3/?plugin_version=35409003&device_id=4087336283154583&tma_full_version=16.0.1.1&os_version=15&version_code=350400&channel=oppo_1128_64&device_type=Pixel+6&call_name=iron_man&ctx_infos=eyJlIjoiNEdndWJWUmUzWkFjRSthNWRJWlIyZz09IiwidiI6OTA2MDA3NH0%3D&update_version_code=35409900&app_name=aweme&caller_name=iron_man&version_name=35.4.0&os_api=35&settings_time=1787969295&device_brand=google&bdp_version_code=16000101&tma_version=16.0.1&device_platform=android&app_id=1128&iid=4087336283158679&ac=wifi&aid=1128&os=android&ssmix=a&language=zh&manifest_version_code=350401&resolution=1080*2209&dpi=420&_rticket=1787969314399&package=com.ss.android.ugc.aweme&mcc_mnc=46000&first_launch_timestamp=1787966255&last_deeplink_update_version_code=0&cpu_support64=true&host_abi=arm64-v8a&is_guest_mode=0&app_type=normal&minor_status=0&appTheme=light&is_preinstall=0&need_personal_recommend=1&is_android_pad=0&is_android_fold=0&ts=1787969313&cdid=c47a5b59-94cd-4209-ad91-f7ed414b62ef
[agent] [JS] [artcheck][hit] url=https://abtest-ch.snssdk.com/common?ecomterm_sdk_version=39500&iid=4087336283158679&device_id=4087336283154583&ac=wifi&channel=oppo_1128_64&aid=1128&app_name=aweme&version_code=350400&version_name=35.4.0&device_platform=android&os=android&ssmix=a&device_type=Pixel+6&device_brand=google&language=zh&os_api=35&os_version=15&manifest_version_code=350401&resolution=1080*2209&dpi=420&update_version_code=35409900&_rticket=1787969314596&package=com.ss.android.ugc.aweme&mcc_mnc=46000&first_launch_timestamp=1787966255&last_deeplink_update_version_code=0&cpu_support64=true&host_abi=arm64-v8a&is_guest_mode=0&app_type=normal&minor_status=0&appTheme=light&is_preinstall=0&need_personal_recommend=1&is_android_pad=0&is_android_fold=0&ts=1787969314&cdid=c47a5b59-94cd-4209-ad91-f7ed414b62ef
[agent] [JS] [artcheck][hit] url=https://aweme.snssdk.com/tfe/api/request_combine/v1/?iid=4087336283158679&device_id=4087336283154583&ac=wifi&channel=oppo_1128_64&aid=1128&app_name=aweme&version_code=350400&version_name=35.4.0&device_platform=android&os=android&ssmix=a&device_type=Pixel+6&device_brand=google&language=zh&os_api=35&os_version=15&manifest_version_code=350401&resolution=1080*2209&dpi=420&update_version_code=35409900&_rticket=1787969314819&package=com.ss.android.ugc.aweme&mcc_mnc=46000&first_launch_timestamp=1787966255&last_deeplink_update_version_code=0&cpu_support64=true&host_abi=arm64-v8a&is_guest_mode=0&app_type=normal&minor_status=0&appTheme=light&is_preinstall=0&need_personal_recommend=1&is_android_pad=0&is_android_fold=0&ts=1787969314&cdid=c47a5b59-94cd-4209-ad91-f7ed414b62ef&ug_ab_params=%7B%7D&ug_custom_key=%7B%22widget_install_status%22%3A%220%22%7D
[agent] [JS] [artcheck][hit] url=https://security.snssdk.com/api/plugin/config/v2/?soc_platform=oriole&iid=4087336283158679&device_id=4087336283154583&ac=wifi&channel=oppo_1128_64&aid=1128&app_name=aweme&version_code=350400&version_name=35.4.0&device_platform=android&os=android&ssmix=a&device_type=Pixel+6&device_brand=google&language=zh&os_api=35&os_version=15&manifest_version_code=350401&resolution=1080*2209&dpi=420&update_version_code=35409900&_rticket=1787969314911&package=com.ss.android.ugc.aweme&mcc_mnc=46000&first_launch_timestamp=1787966255&last_deeplink_update_version_code=0&cpu_support64=true&host_abi=arm64-v8a&is_guest_mode=0&app_type=normal&minor_status=0&appTheme=light&is_preinstall=0&need_personal_recommend=1&is_android_pad=0&is_android_fold=0&ts=1787969314&cdid=c47a5b59-94cd-4209-ad91-f7ed414b62ef
[agent] [JS] [artcheck][hit] url=https://dig.bdurl.net/q?host=v5-gz-a.douyinvod.com&source=vod&aid=1128
[agent] [JS] [artcheck][hit] url=https://aweme.snssdk.com/location/info/?sdk_version=2.17.6-rc.45&iid=4087336283158679&device_id=4087336283154583&ac=wifi&channel=oppo_1128_64&aid=1128&app_name=aweme&version_code=350400&version_name=35.4.0&device_platform=android&os=android&ssmix=a&device_type=Pixel+6&device_brand=google&language=zh&os_api=35&os_version=15&manifest_version_code=350401&resolution=1080*2209&dpi=420&update_version_code=35409900&_rticket=1787969315114&package=com.ss.android.ugc.aweme&mcc_mnc=46000&first_launch_timestamp=1787966255&last_deeplink_update_version_code=0&cpu_support64=true&host_abi=arm64-v8a&is_guest_mode=0&app_type=normal&minor_status=0&appTheme=light&is_preinstall=0&need_personal_recommend=1&is_android_pad=0&is_android_fold=0&ts=1787969314&cdid=c47a5b59-94cd-4209-ad91-f7ed414b62ef
[agent] [JS] [java.ready] ClassLoader 已更新
[agent] [JS] [artcheck][hit] url=https://dig.bdurl.net/q?host=v11-cold1.douyinvod.com&source=vod&aid=1128
[agent] [JS] [artcheck][hit] url=https://lf-webcast-gr-sourcecdn.bytegecko.com/obj/byte-gurd-source-gr/webcast/cdn/api/scheme_config/api.roma.config.json?sdkVersion=1&iid=4087336283158679&device_id=4087336283154583&ac=wifi&channel=oppo_1128_64&aid=1128&app_name=aweme&version_code=350400&version_name=35.4.0&device_platform=android&os=android&ssmix=a&device_type=Pixel+6&device_brand=google&language=zh&os_api=35&os_version=15&manifest_version_code=350401&resolution=1080*2209&dpi=420&update_version_code=35409900&_rticket=1787969315401&package=com.ss.android.ugc.aweme&mcc_mnc=46000&first_launch_timestamp=1787966255&last_deeplink_update_version_code=0&cpu_support64=true&host_abi=arm64-v8a&is_guest_mode=0&app_type=normal&minor_status=0&appTheme=light&is_preinstall=0&need_personal_recommend=1&is_android_pad=0&is_android_fold=0&ts=1787969314&cdid=c47a5b59-94cd-4209-ad91-f7ed414b62ef
[agent] [JS] [artcheck][hit] url=https://i.snssdk.com/api/neptune/v3/sdk/PackLiveSDK?gamecp_sdk_version=3950&webcast_sdk_version=3950&webcast_language=zh&webcast_locale=zh_CN_%23Hans&webcast_gps_access=2&current_network_quality_info=%7B%22http_rtt%22%3A19%2C%22tcp_rtt%22%3A19%2C%22quic_rtt%22%3A19%2C%22downstream_throughput_kbps%22%3A1600%2C%22net_effective_connection_type%22%3A7%2C%22video_download_speed%22%3A8681%2C%22quic_receive_loss_rate%22%3A-1%2C%22quic_send_loss_rate%22%3A-1%7D&device_score=8.4364&address_book_access=2&user_id=0&is_pad=false&is_android_pad=0&is_landscape=false&carrier_region=CN&iid=4087336283158679&device_id=4087336283154583&ac=wifi&channel=oppo_1128_64&aid=1128&app_name=aweme&version_code=350400&version_name=35.4.0&device_platform=android&os=android&ssmix=a&device_type=Pixel+6&device_brand=google&language=zh&os_api=35&os_version=15&manifest_version_code=350401&resolution=1080*2209&dpi=420&update_version_code=35409900&_rticket=1787969315406&package=com.ss.android.ugc.aweme&mcc_mnc=46000&first_launch_timestamp=1787966255&last_deeplink_update_version_code=0&cpu_support64=true&host_abi=arm64-v8a&is_guest_mode=0&app_type=normal&minor_status=0&appTheme=light&is_preinstall=0&need_personal_recommend=1&is_android_fold=0&ts=1787969314&cdid=c47a5b59-94cd-4209-ad91-f7ed414b62ef
[agent] [JS] [artcheck][hit] url=https://aweme.snssdk.com/service/settings/v3/?aid=1128&app_version=35.4.0&iid=4087336283158679&device_id=4087336283154583&channel=oppo_1128_64&device_platform=android&version_code=350400&caller_name=Bullet&ctx_infos&resolution=1080*2209&os_version=15&device_type=Pixel+6&settings_time=1787969296&ac=wifi&app_name=aweme&version_name=35.4.0&os=android&ssmix=a&device_brand=google&language=zh&os_api=35&manifest_version_code=350401&dpi=420&update_version_code=35409900&_rticket=1787969315434&package=com.ss.android.ugc.aweme&mcc_mnc=46000&first_launch_timestamp=1787966255&last_deeplink_update_version_code=0&cpu_support64=true&host_abi=arm64-v8a&is_guest_mode=0&app_type=normal&minor_status=0&appTheme=light&is_preinstall=0&need_personal_recommend=1&is_android_pad=0&is_android_fold=0&ts=1787969314&cdid=c47a5b59-94cd-4209-ad91-f7ed414b62ef
[agent] [JS] [artcheck][hit] url=https://api.amemv.com/service/settings/v2/?app=1&caller_name=tt_webview&sdk_version_code=0621140021&sdk_upto_so_versioncode=0620010001&sdk_load_so_versioncode=0620010001&os_type=android&os_api=35&target_api=34&host_abi=64&settings_time=1787969297&device_platform=Pixel+6&device_manufacturer=Google&os_version=15&package_name=com.ss.android.ugc.aweme&deviceid=4087336283154583&device_id=4087336283154583&channel=oppo_1128_64&aid=1128&app_version_code=35409900&update_version_code=35409900&sdk_scc_version=24&kernel_scc_version=-2&request_time=1787969316486
[agent] [JS] [artcheck][hit] url=https://aweme.snssdk.com/aweme/v1/aweme/stats/?iid=4087336283158679&device_id=4087336283154583&ac=wifi&channel=oppo_1128_64&aid=1128&app_name=aweme&version_code=350400&version_name=35.4.0&device_platform=android&os=android&ssmix=a&device_type=Pixel+6&device_brand=google&language=zh&os_api=35&os_version=15&manifest_version_code=350401&resolution=1080*2209&dpi=420&update_version_code=35409900&_rticket=1787969317343&package=com.ss.android.ugc.aweme&mcc_mnc=46000&first_launch_timestamp=1787966255&last_deeplink_update_version_code=0&cpu_support64=true&host_abi=arm64-v8a&is_guest_mode=0&app_type=normal&minor_status=0&appTheme=light&is_preinstall=0&need_personal_recommend=1&is_android_pad=0&is_android_fold=0&ts=1787969316&cdid=c47a5b59-94cd-4209-ad91-f7ed414b62ef
[agent] [JS] [artcheck][hit] url=https://aweme.snssdk.com/passport/login/panel_theme/?iid=4087336283158679&device_id=4087336283154583&ac=wifi&channel=oppo_1128_64&aid=1128&app_name=aweme&version_code=350400&version_name=35.4.0&device_platform=android&os=android&ssmix=a&device_type=Pixel+6&device_brand=google&language=zh&os_api=35&os_version=15&manifest_version_code=350401&resolution=1080*2209&dpi=420&update_version_code=35409900&_rticket=1787969317412&package=com.ss.android.ugc.aweme&mcc_mnc=46000&first_launch_timestamp=1787966255&last_deeplink_update_version_code=0&cpu_support64=true&host_abi=arm64-v8a&is_guest_mode=0&app_type=normal&minor_status=0&appTheme=light&is_preinstall=0&need_personal_recommend=1&is_android_pad=0&is_android_fold=0&ts=1787969316&cdid=c47a5b59-94cd-4209-ad91-f7ed414b62ef
[agent] [JS] [artcheck][hit] url=https://is.snssdk.com/service/settings/v3/?aid=1128&iid=4087336283158679&device_id=4087336283154583&device_brand=google&device_type=Pixel+6&channel=oppo_1128_64&device_platform=android&version_code=35.4.0&update_version_code=35409900&caller_name=hybrid_monitor&ctx_infos&os_api=35&os_version=15&settings_time=1787969298
[agent] [JS] [artcheck][hit] url=https://aweme.snssdk.com/aweme/inner_reach/data?iid=4087336283158679&device_id=4087336283154583&ac=wifi&channel=oppo_1128_64&aid=1128&app_name=aweme&version_code=350400&version_name=35.4.0&device_platform=android&os=android&ssmix=a&device_type=Pixel+6&device_brand=google&language=zh&os_api=35&os_version=15&manifest_version_code=350401&resolution=1080*2209&dpi=420&update_version_code=35409900&_rticket=1787969317422&package=com.ss.android.ugc.aweme&mcc_mnc=46000&first_launch_timestamp=1787966255&last_deeplink_update_version_code=0&cpu_support64=true&host_abi=arm64-v8a&is_guest_mode=0&app_type=normal&minor_status=0&appTheme=light&is_preinstall=0&need_personal_recommend=1&is_android_pad=0&is_android_fold=0&ts=1787969316&cdid=c47a5b59-94cd-4209-ad91-f7ed414b62ef
[agent] [JS] [java.ready] ClassLoader 已更新
[agent] [JS] [artcheck][hit] url=https://abtest-ch.snssdk.com/common?aid=1128&device_id=4087336283154583&iid=4087336283158679&ac=wifi&channel=oppo_1128_64&app_name=aweme&version_code=350400&version_name=35.4.0&device_platform=android&os=android&ssmix=a&device_type=Pixel+6&device_brand=google&language=zh&os_api=35&os_version=15&manifest_version_code=350401&resolution=1080*2209&dpi=420&update_version_code=35409900&_rticket=1787969318705&package=com.ss.android.ugc.aweme&mcc_mnc=46000&first_launch_timestamp=1787966255&last_deeplink_update_version_code=0&cpu_support64=true&host_abi=arm64-v8a&is_guest_mode=0&app_type=normal&minor_status=0&appTheme=light&is_preinstall=0&need_personal_recommend=1&is_android_pad=0&is_android_fold=0&ts=1787969318&cdid=c47a5b59-94cd-4209-ad91-f7ed414b62ef
[agent] [JS] [java.ready] ClassLoader 已更新
[agent] [JS] [java.ready] ClassLoader 已更新
[agent] [JS] [artcheck][hit] url=https://jsb.snssdk.com/src/server/v2/package
[agent] [JS] [java.ready] ClassLoader 已更新
[agent] [JS] [artcheck][hit] url=https://gecko.zijieapi.com/gkx/api/settings/v3?iid=4087336283158679&device_id=4087336283154583&ac=wifi&channel=oppo_1128_64&aid=1128&app_name=aweme&version_code=350400&version_name=35.4.0&device_platform=android&os=android&ssmix=a&device_type=Pixel+6&device_brand=google&language=zh&os_api=35&os_version=15&manifest_version_code=350401&resolution=1080*2209&dpi=420&update_version_code=35409900&_rticket=1787969320104&package=com.ss.android.ugc.aweme&mcc_mnc=46000&first_launch_timestamp=1787966255&last_deeplink_update_version_code=0&cpu_support64=true&host_abi=arm64-v8a&is_guest_mode=0&app_type=normal&minor_status=0&appTheme=light&is_preinstall=0&need_personal_recommend=1&is_android_pad=0&is_android_fold=0&ts=1787969319&cdid=c47a5b59-94cd-4209-ad91-f7ed414b62ef
[agent] [JS] [artcheck][hit] url=https://gecko.zijieapi.com/gkx/api/resource/v7/coldstart?iid=4087336283158679&device_id=4087336283154583&ac=wifi&channel=oppo_1128_64&aid=1128&app_name=aweme&version_code=350400&version_name=35.4.0&device_platform=android&os=android&ssmix=a&device_type=Pixel+6&device_brand=google&language=zh&os_api=35&os_version=15&manifest_version_code=350401&resolution=1080*2209&dpi=420&update_version_code=35409900&_rticket=1787969320259&package=com.ss.android.ugc.aweme&mcc_mnc=46000&first_launch_timestamp=1787966255&last_deeplink_update_version_code=0&cpu_support64=true&host_abi=arm64-v8a&is_guest_mode=0&app_type=normal&minor_status=0&appTheme=light&is_preinstall=0&need_personal_recommend=1&is_android_pad=0&is_android_fold=0&ts=1787969319&cdid=c47a5b59-94cd-4209-ad91-f7ed414b62ef
[agent] [JS] [artcheck][hit] url=https://webcast.amemv.com/webcast/strategy/feature/?request_scene=1&verification_key=1787969301&feature_keys&raw_data=false&gamecp_sdk_version=3950&webcast_sdk_version=3950&webcast_language=zh&webcast_locale=zh_CN_%23Hans&webcast_gps_access=2&current_network_quality_info=%7B%22http_rtt%22%3A19%2C%22tcp_rtt%22%3A19%2C%22quic_rtt%22%3A19%2C%22downstream_throughput_kbps%22%3A1600%2C%22net_effective_connection_type%22%3A7%2C%22video_download_speed%22%3A7820%2C%22quic_receive_loss_rate%22%3A-1%2C%22quic_send_loss_rate%22%3A-1%7D&device_score=8.4364&address_book_access=2&user_id=0&is_pad=false&is_android_pad=0&is_landscape=false&carrier_region=CN&iid=4087336283158679&device_id=4087336283154583&ac=wifi&channel=oppo_1128_64&aid=1128&app_name=aweme&version_code=350400&version_name=35.4.0&device_platform=android&os=android&ssmix=a&device_type=Pixel+6&device_brand=google&language=zh&os_api=35&os_version=15&manifest_version_code=350401&resolution=1080*2209&dpi=420&update_version_code=35409900&_rticket=1787969320457&package=com.ss.android.ugc.aweme&mcc_mnc=46000&first_launch_timestamp=1787966255&last_deeplink_update_version_code=0&cpu_support64=true&host_abi=arm64-v8a&is_guest_mode=0&app_type=normal&minor_status=0&appTheme=light&is_preinstall=0&need_personal_recommend=1&is_android_fold=0&ts=1787969319&cdid=c47a5b59-94cd-4209-ad91-f7ed414b62ef
[agent] [JS] [artcheck][hit] url=https://webcast.amemv.com/webcast/strategy/rule/?request_scene=1&verification_key=%7B%22strategy_version%22%3A1786332280%2C%22public_params_encoded%22%3A%22%7B%5C%22app_id%5C%22%3A1128%2C%5C%22build_number%5C%22%3A%5C%22%5C%22%2C%5C%22channel%5C%22%3A%5C%22oppo_1128_64%5C%22%2C%5C%22city%5C%22%3A%5C%22%E5%B9%BF%E5%B7%9E%5C%22%2C%5C%22client_version_full%5C%22%3A350400%2C%5C%22device_brand%5C%22%3A%5C%22google%5C%22%2C%5C%22device_id%5C%22%3A4087336283154583%2C%5C%22device_platform%5C%22%3A%5C%22android%5C%22%2C%5C%22device_type%5C%22%3A%5C%22Pixel+6%5C%22%2C%5C%22is_oversea%5C%22%3Afalse%2C%5C%22os_version%5C%22%3A%5C%2215%5C%22%2C%5C%22region%5C%22%3A%5C%22CN%5C%22%2C%5C%22update_version_code%5C%22%3A35409900%2C%5C%22user_id%5C%22%3A0%2C%5C%22version_code%5C%22%3A350400%2C%5C%22webcast_sdk_version%5C%22%3A3950%2C%5C%22webcast_version_code%5C%22%3A350400%7D%22%7D&gamecp_sdk_version=3950&webcast_sdk_version=3950&webcast_language=zh&webcast_locale=zh_CN_%23Hans&webcast_gps_access=2&current_network_quality_info=%7B%22http_rtt%22%3A19%2C%22tcp_rtt%22%3A19%2C%22quic_rtt%22%3A19%2C%22downstream_throughput_kbps%22%3A1600%2C%22net_effective_connection_type%22%3A7%2C%22video_download_speed%22%3A7820%2C%22quic_receive_loss_rate%22%3A-1%2C%22quic_send_loss_rate%22%3A-1%7D&device_score=8.4364&address_book_access=2&user_id=0&is_pad=false&is_android_pad=0&is_landscape=false&carrier_region=CN&iid=4087336283158679&device_id=4087336283154583&ac=wifi&channel=oppo_1128_64&aid=1128&app_name=aweme&version_code=350400&version_name=35.4.0&device_platform=android&os=android&ssmix=a&device_type=Pixel+6&device_brand=google&language=zh&os_api=35&os_version=15&manifest_version_code=350401&resolution=1080*2209&dpi=420&update_version_code=35409900&_rticket=1787969320457&package=com.ss.android.ugc.aweme&mcc_mnc=46000&first_launch_timestamp=1787966255&last_deeplink_update_version_code=0&cpu_support64=true&host_abi=arm64-v8a&is_guest_mode=0&app_type=normal&minor_status=0&appTheme=light&is_preinstall=0&need_personal_recommend=1&is_android_fold=0&ts=1787969319&cdid=c47a5b59-94cd-4209-ad91-f7ed414b62ef
[agent] [JS] [artcheck][hit] url=https://abtest-ch.snssdk.com/common?ecomterm_sdk_version=39500&iid=4087336283158679&device_id=4087336283154583&ac=wifi&channel=oppo_1128_64&aid=1128&app_name=aweme&version_code=350400&version_name=35.4.0&device_platform=android&os=android&ssmix=a&device_type=Pixel+6&device_brand=google&language=zh&os_api=35&os_version=15&manifest_version_code=350401&resolution=1080*2209&dpi=420&update_version_code=35409900&_rticket=1787969321810&package=com.ss.android.ugc.aweme&mcc_mnc=46000&first_launch_timestamp=1787966255&last_deeplink_update_version_code=0&cpu_support64=true&host_abi=arm64-v8a&is_guest_mode=0&app_type=normal&minor_status=0&appTheme=light&is_preinstall=0&need_personal_recommend=1&is_android_pad=0&is_android_fold=0&ts=1787969321&cdid=c47a5b59-94cd-4209-ad91-f7ed414b62ef
[agent] [JS] [artcheck][hit] url=https://mssdk.bytedance.com/pilvinen/v1/sseelfk/haku?lc_id=1588093228&aid=1128&app_id=1128&sdk_id&sub_aid&sdk_version=v04.09.05-ml-android&sdk_ver_code=67699968&app_version=35.4.0&os_platform=android&cpu_width=64&iid=4087336283158679&did=4087336283154583&bd_did&secdid&log_id=37521&version=1&sdk_type=2&client_type=inhouse&region_type=ml&mode=2&deploy_ids&pid=10716&full_update_version_code=35409900
[agent] [JS] [artcheck][hit] url=https://mon.zijieapi.com/monitor/collect/c/cloudcontrol/get?sdk_version=400&is_guest_mode=0&manifest_version_code=350401&_rticket=1787969311939&app_type=normal&is_preinstall=0&iid=4087336283158679&channel=oppo_1128_64&is_android_pad=0&device_type=Pixel+6&language=zh&cpu_support64=true&host_abi=arm64-v8a&resolution=1080*2209&update_version_code=35409900&cdid=c47a5b59-94cd-4209-ad91-f7ed414b62ef&minor_status=0&appTheme=light&os_api=35&is_android_fold=0&dpi=420&app_id=1128&ac=wifi&package=com.ss.android.ugc.aweme&device_id=4087336283154583&os=Android&mcc_mnc=46000&os_version=15&version_code=350400&last_deeplink_update_version_code=0&overall_score=8.4364&app_name=aweme&version_name=35.4.0&device_brand=google&need_personal_recommend=1&ssmix=a&device_platform=android&first_launch_timestamp=1787966255&aid=1128&ts=1787969311
[agent] [JS] [artcheck][hit] url=https://aweme.snssdk.com/service/2/app_log/?version_code=350400&device_platform=android&device_id=4087336283154583&aid=1128&iid=4087336283158679&tt_data=a
[agent] [JS] [artcheck][hit] url=https://ib.snssdk.com/cloudpush/pull/psort/v2/?country=CN&push_sdk_version=30916&iid=4087336283158679&channel=oppo_1128_64&device_type=Pixel+6&language=zh&os_detail_type=android&device_manufacturer=Google&platform=phone&update_version_code=35409900&rom=13003188&os_api=35&tz_name=Asia%2FShanghai&push_sdk_version_name=3.9.16-rc.2&tz_offset=28800&dpi=420&push_device_id=36474b1e93702fcdd6963a8de70bb92608983feb6cda6d8ac9851472ed252aae&ac=wifi&package=com.ss.android.ugc.aweme&device_id=4087336283154583&os=android&os_version=15&version_code=350400&app_name=aweme&version_name=35.4.0&device_brand=google&device_platform=android&region=cn&aid=1128&rom_version=35&ssmix=a&manifest_version_code=350401&resolution=1080*2209&_rticket=1787969323868&mcc_mnc=46000&first_launch_timestamp=1787966255&last_deeplink_update_version_code=0&cpu_support64=true&host_abi=arm64-v8a&is_guest_mode=0&app_type=normal&minor_status=0&appTheme=light&is_preinstall=0&need_personal_recommend=1&is_android_pad=0&is_android_fold=0&ts=1787969323&cdid=c47a5b59-94cd-4209-ad91-f7ed414b62ef
[agent] [JS] [artcheck][hit] url=https://aweme.snssdk.com/service/settings/v3/?aid=1128&iid=4087336283158679&device_id=4087336283154583&channel=oppo_1128_64&device_platform=android&version_code=350400&caller_name=interaction_sdk&ctx_infos&os_version=15&device_type=Pixel+6&ac=wifi&app_name=aweme&version_name=35.4.0&os=android&ssmix=a&device_brand=google&language=zh&os_api=35&manifest_version_code=350401&resolution=1080*2209&dpi=420&update_version_code=35409900&_rticket=1787969324750&package=com.ss.android.ugc.aweme&mcc_mnc=46000&first_launch_timestamp=1787966255&last_deeplink_update_version_code=0&cpu_support64=true&host_abi=arm64-v8a&is_guest_mode=0&app_type=normal&minor_status=0&appTheme=light&is_preinstall=0&need_personal_recommend=1&is_android_pad=0&is_android_fold=0&ts=1787969324&cdid=c47a5b59-94cd-4209-ad91-f7ed414b62ef
[agent] [JS] [artcheck][hit] url=https://ecom.snssdk.com/aweme/v2/commerce/bff/cold_start?fe_version=20042&iid=4087336283158679&device_id=4087336283154583&ac=wifi&channel=oppo_1128_64&aid=1128&app_name=aweme&version_code=350400&version_name=35.4.0&device_platform=android&os=android&ssmix=a&device_type=Pixel+6&device_brand=google&language=zh&os_api=35&os_version=15&manifest_version_code=350401&resolution=1080*2209&dpi=420&update_version_code=35409900&_rticket=1787969324983&package=com.ss.android.ugc.aweme&mcc_mnc=46000&first_launch_timestamp=1787966255&last_deeplink_update_version_code=0&cpu_support64=true&host_abi=arm64-v8a&is_guest_mode=0&app_type=normal&minor_status=0&appTheme=light&is_preinstall=0&need_personal_recommend=1&is_android_pad=0&is_android_fold=0&ts=1787969324&cdid=c47a5b59-94cd-4209-ad91-f7ed414b62ef
[agent] [JS] [artcheck][hit] url=https://polaris.zijieapi.com/luckycat/activity/refresh_act_id/?need_token_params=1&iid=4087336283158679&device_id=4087336283154583&ac=wifi&channel=oppo_1128_64&aid=1128&app_name=aweme&version_code=350400&version_name=35.4.0&device_platform=android&os=android&ssmix=a&device_type=Pixel+6&device_brand=google&language=zh&os_api=35&os_version=15&manifest_version_code=350401&resolution=1080*2209&dpi=420&update_version_code=35409900&_rticket=1787969326146&package=com.ss.android.ugc.aweme&mcc_mnc=46000&first_launch_timestamp=1787966255&last_deeplink_update_version_code=0&cpu_support64=true&host_abi=arm64-v8a&is_guest_mode=0&app_type=normal&minor_status=0&appTheme=light&is_preinstall=0&need_personal_recommend=1&is_android_pad=0&is_android_fold=0&ts=1787969325&cdid=c47a5b59-94cd-4209-ad91-f7ed414b62ef&rom=GOOGLE&has_alipay=0&p_switch=1&rom_version=unknown&luckydog_api_verison=8.87.0-rc.4&luckydog_sdk_verison&luckydog_sdk_verison&is_teen_mode=0&status_bar_height=48&lucky_is_32=0&lucky_device_score=8.4364&lucky_device_type=Pixel+6&luckydog_base=BCQUqm16XE_9LSYfuepsGlYq0FWTb5qyQrf-bjoy_PbnDH3E1-DAOhkrriJxcY_2WX2mjXZ5Ok14ruWaa8OljRy1_Jtf_faWIgH4PZ-ENXjU9H27cd_FJ28yht9AORNoL8Dy6odjMBiBKawNjq_A_j4JXOoLRK56UFJJEQymmNM&luckydog_token=wXnov5t9s9cQ0rPwC9vlX1fC8noemPhjug21LcHCB9_Rp1n5ZVN1FhQwoc1xkfRx&luckydog_data=LlS-Yudqkwvg613CIkYFUg
[agent] [JS] [artcheck][hit] url=https://polaris.zijieapi.com/luckycat/activity/settings/get_dynamic_settings/?luckydog_base=BCQUqm16XE_9LSYfuepsGlYq0FWTb5qyQrf-bjoy_PbnDH3E1-DAOhkrriJxcY_2WX2mjXZ5Ok14ruWaa8OljRy1_Jtf_faWIgH4PZ-ENXjU9H27cd_FJ28yht9AORNoL8Dy6odjMBiBKawNjq_A_j4JXOoLRK56UFJJEQymmNM&luckydog_token=wXnov5t9s9cQ0rPwC9vlX1fC8noemPhjug21LcHCB9_Rp1n5ZVN1FhQwoc1xkfRx&luckydog_data=LlS-Yudqkwvg613CIkYFUg&device_platform=android&iid=4087336283158679&device_id=4087336283154583&ac=wifi&channel=oppo_1128_64&aid=1128&app_name=aweme&version_code=350400&version_name=35.4.0&os=android&ssmix=a&device_type=Pixel+6&device_brand=google&language=zh&os_api=35&os_version=15&manifest_version_code=350401&resolution=1080*2209&dpi=420&update_version_code=35409900&_rticket=1787969326349&package=com.ss.android.ugc.aweme&mcc_mnc=46000&first_launch_timestamp=1787966255&last_deeplink_update_version_code=0&cpu_support64=true&host_abi=arm64-v8a&is_guest_mode=0&app_type=normal&minor_status=0&appTheme=light&is_preinstall=0&need_personal_recommend=1&is_android_pad=0&is_android_fold=0&ts=1787969325&cdid=c47a5b59-94cd-4209-ad91-f7ed414b62ef&rom=GOOGLE&has_alipay=0&p_switch=1&rom_version=unknown&luckydog_api_verison=8.87.0-rc.4&luckydog_sdk_verison=8.87.0-rc.4&is_teen_mode=0&status_bar_height=48&lucky_is_32=0&lucky_device_score=8.4364&lucky_device_type=Pixel+6
[agent] [JS] [artcheck][hit] url=https://gecko.zijieapi.com/gkx/api/resource/v7/coldstart?iid=4087336283158679&device_id=4087336283154583&ac=wifi&channel=oppo_1128_64&aid=1128&app_name=aweme&version_code=350400&version_name=35.4.0&device_platform=android&os=android&ssmix=a&device_type=Pixel+6&device_brand=google&language=zh&os_api=35&os_version=15&manifest_version_code=350401&resolution=1080*2209&dpi=420&update_version_code=35409900&_rticket=1787969326573&package=com.ss.android.ugc.aweme&mcc_mnc=46000&first_launch_timestamp=1787966255&last_deeplink_update_version_code=0&cpu_support64=true&host_abi=arm64-v8a&is_guest_mode=0&app_type=normal&minor_status=0&appTheme=light&is_preinstall=0&need_personal_recommend=1&is_android_pad=0&is_android_fold=0&ts=1787969326&cdid=c47a5b59-94cd-4209-ad91-f7ed414b62ef
[agent] [JS] [artcheck][hit] url=https://gecko.zijieapi.com/gkx/api/settings/v3?iid=4087336283158679&device_id=4087336283154583&ac=wifi&channel=oppo_1128_64&aid=1128&app_name=aweme&version_code=350400&version_name=35.4.0&device_platform=android&os=android&ssmix=a&device_type=Pixel+6&device_brand=google&language=zh&os_api=35&os_version=15&manifest_version_code=350401&resolution=1080*2209&dpi=420&update_version_code=35409900&_rticket=1787969326719&package=com.ss.android.ugc.aweme&mcc_mnc=46000&first_launch_timestamp=1787966255&last_deeplink_update_version_code=0&cpu_support64=true&host_abi=arm64-v8a&is_guest_mode=0&app_type=normal&minor_status=0&appTheme=light&is_preinstall=0&need_personal_recommend=1&is_android_pad=0&is_android_fold=0&ts=1787969326&cdid=c47a5b59-94cd-4209-ad91-f7ed414b62ef
[agent] [JS] [artcheck][hit] url=https://polaris.zijieapi.com/luckycat/activity/settings/get_static_settings/?luckydog_base=BCQUqm16XE_9LSYfuepsGlYq0FWTb5qyQrf-bjoy_PbnDH3E1-DAOhkrriJxcY_2WX2mjXZ5Ok14ruWaa8OljRy1_Jtf_faWIgH4PZ-ENXjU9H27cd_FJ28yht9AORNoL8Dy6odjMBiBKawNjq_A_j4JXOoLRK56UFJJEQymmNM&luckydog_token=wXnov5t9s9cQ0rPwC9vlX1fC8noemPhjug21LcHCB9_Rp1n5ZVN1FhQwoc1xkfRx&luckydog_data=LlS-Yudqkwvg613CIkYFUg&device_platform=android&iid=4087336283158679&device_id=4087336283154583&ac=wifi&channel=oppo_1128_64&aid=1128&app_name=aweme&version_code=350400&version_name=35.4.0&os=android&ssmix=a&device_type=Pixel+6&device_brand=google&language=zh&os_api=35&os_version=15&manifest_version_code=350401&resolution=1080*2209&dpi=420&update_version_code=35409900&_rticket=1787969327005&package=com.ss.android.ugc.aweme&mcc_mnc=46000&first_launch_timestamp=1787966255&last_deeplink_update_version_code=0&cpu_support64=true&host_abi=arm64-v8a&is_guest_mode=0&app_type=normal&minor_status=0&appTheme=light&is_preinstall=0&need_personal_recommend=1&is_android_pad=0&is_android_fold=0&ts=1787969326&cdid=c47a5b59-94cd-4209-ad91-f7ed414b62ef&rom=GOOGLE&has_alipay=0&p_switch=1&rom_version=unknown&luckydog_api_verison=8.87.0-rc.4&luckydog_sdk_verison=8.87.0-rc.4&is_teen_mode=0&status_bar_height=48&lucky_is_32=0&lucky_device_score=8.4364&lucky_device_type=Pixel+6
[agent] [JS] [artcheck][hit] url=https://polaris.zijieapi.com/luckycat/crossover/v:version/ack_install/?iid=4087336283158679&device_id=4087336283154583&ac=wifi&channel=oppo_1128_64&aid=1128&app_name=aweme&version_code=350400&version_name=35.4.0&device_platform=android&os=android&ssmix=a&device_type=Pixel+6&device_brand=google&language=zh&os_api=35&os_version=15&manifest_version_code=350401&resolution=1080*2209&dpi=420&update_version_code=35409900&_rticket=1787969327198&package=com.ss.android.ugc.aweme&mcc_mnc=46000&first_launch_timestamp=1787966255&last_deeplink_update_version_code=0&cpu_support64=true&host_abi=arm64-v8a&is_guest_mode=0&app_type=normal&minor_status=0&appTheme=light&is_preinstall=0&need_personal_recommend=1&is_android_pad=0&is_android_fold=0&ts=1787969326&cdid=c47a5b59-94cd-4209-ad91-f7ed414b62ef&rom=GOOGLE&has_alipay=0&p_switch=1&rom_version=unknown&luckydog_api_verison=8.87.0-rc.4&luckydog_sdk_verison=8.87.0-rc.4&is_teen_mode=0&status_bar_height=48&lucky_is_32=0&lucky_device_score=8.4364&lucky_device_type=Pixel+6&luckydog_base=BCQUqm16XE_9LSYfuepsGlYq0FWTb5qyQrf-bjoy_PbnDH3E1-DAOhkrriJxcY_2WX2mjXZ5Ok14ruWaa8OljRy1_Jtf_faWIgH4PZ-ENXjU9H27cd_FJ28yht9AORNoL8Dy6odjMBiBKawNjq_A_j4JXOoLRK56UFJJEQymmNM&luckydog_token=wXnov5t9s9cQ0rPwC9vlX1fC8noemPhjug21LcHCB9_Rp1n5ZVN1FhQwoc1xkfRx&luckydog_data=LlS-Yudqkwvg613CIkYFUg
[agent] [JS] [artcheck][hit] url=https://polaris.zijieapi.com/luckycat/crossover/v:version/general_get_time_token/?iid=4087336283158679&device_id=4087336283154583&ac=wifi&channel=oppo_1128_64&aid=1128&app_name=aweme&version_code=350400&version_name=35.4.0&device_platform=android&os=android&ssmix=a&device_type=Pixel+6&device_brand=google&language=zh&os_api=35&os_version=15&manifest_version_code=350401&resolution=1080*2209&dpi=420&update_version_code=35409900&_rticket=1787969327375&package=com.ss.android.ugc.aweme&mcc_mnc=46000&first_launch_timestamp=1787966255&last_deeplink_update_version_code=0&cpu_support64=true&host_abi=arm64-v8a&is_guest_mode=0&app_type=normal&minor_status=0&appTheme=light&is_preinstall=0&need_personal_recommend=1&is_android_pad=0&is_android_fold=0&ts=1787969326&cdid=c47a5b59-94cd-4209-ad91-f7ed414b62ef&rom=GOOGLE&has_alipay=0&p_switch=1&rom_version=unknown&luckydog_api_verison=8.87.0-rc.4&luckydog_sdk_verison=8.87.0-rc.4&is_teen_mode=0&status_bar_height=48&lucky_is_32=0&lucky_device_score=8.4364&lucky_device_type=Pixel+6&luckydog_base=BCQUqm16XE_9LSYfuepsGlYq0FWTb5qyQrf-bjoy_PbnDH3E1-DAOhkrriJxcY_2WX2mjXZ5Ok14ruWaa8OljRy1_Jtf_faWIgH4PZ-ENXjU9H27cd_FJ28yht9AORNoL8Dy6odjMBiBKawNjq_A_j4JXOoLRK56UFJJEQymmNM&luckydog_token=wXnov5t9s9cQ0rPwC9vlX1fC8noemPhjug21LcHCB9_Rp1n5ZVN1FhQwoc1xkfRx&luckydog_data=LlS-Yudqkwvg613CIkYFUg
[agent] [JS] [artcheck][hit] url=https://aweme.snssdk.com/service/settings/v2/?has_local_cache=true&app=1&default=1&settings_time=1787969308&iid=4087336283158679&device_id=4087336283154583&ac=wifi&channel=oppo_1128_64&aid=1128&app_name=aweme&version_code=350400&version_name=35.4.0&device_platform=android&os=android&ssmix=a&device_type=Pixel+6&device_brand=google&language=zh&os_api=35&os_version=15&manifest_version_code=350401&resolution=1080*2209&dpi=420&update_version_code=35409900&_rticket=1787969327422&package=com.ss.android.ugc.aweme&mcc_mnc=46000&first_launch_timestamp=1787966255&last_deeplink_update_version_code=0&cpu_support64=true&host_abi=arm64-v8a&is_guest_mode=0&app_type=normal&minor_status=0&appTheme=light&is_preinstall=0&need_personal_recommend=1&is_android_pad=0&is_android_fold=0&ts=1787969326&cdid=c47a5b59-94cd-4209-ad91-f7ed414b62ef
[agent] [JS] [artcheck][hit] url=https://polaris.zijieapi.com/luckycat/crossover/v:version/ack_install/?iid=4087336283158679&device_id=4087336283154583&ac=wifi&channel=oppo_1128_64&aid=1128&app_name=aweme&version_code=350400&version_name=35.4.0&device_platform=android&os=android&ssmix=a&device_type=Pixel+6&device_brand=google&language=zh&os_api=35&os_version=15&manifest_version_code=350401&resolution=1080*2209&dpi=420&update_version_code=35409900&_rticket=1787969328326&package=com.ss.android.ugc.aweme&mcc_mnc=46000&first_launch_timestamp=1787966255&last_deeplink_update_version_code=0&cpu_support64=true&host_abi=arm64-v8a&is_guest_mode=0&app_type=normal&minor_status=0&appTheme=light&is_preinstall=0&need_personal_recommend=1&is_android_pad=0&is_android_fold=0&ts=1787969327&cdid=c47a5b59-94cd-4209-ad91-f7ed414b62ef&rom=GOOGLE&has_alipay=0&p_switch=1&rom_version=unknown&luckydog_api_verison=8.87.0-rc.4&luckydog_sdk_verison=8.87.0-rc.4&is_teen_mode=0&status_bar_height=48&lucky_is_32=0&lucky_device_score=8.4364&lucky_device_type=Pixel+6&luckydog_base=BCQUqm16XE_9LSYfuepsGlYq0FWTb5qyQrf-bjoy_PbnDH3E1-DAOhkrriJxcY_2WX2mjXZ5Ok14ruWaa8OljRy1_Jtf_faWIgH4PZ-ENXjU9H27cd_FJ28yht9AORNoL8Dy6odjMBiBKawNjq_A_j4JXOoLRK56UFJJEQymmNM&luckydog_token=wXnov5t9s9cQ0rPwC9vlX1fC8noemPhjug21LcHCB9_Rp1n5ZVN1FhQwoc1xkfRx&luckydog_data=LlS-Yudqkwvg613CIkYFUg
[→] Zymbiote hello: pid=11304, ppid=863, package=com.ss.android.ugc.aweme:smp
[→] 未找到 com.ss.android.ugc.aweme:smp 的 spawn 请求，放行 pid=11304
[→] 还原子进程 11304 payload at 0x754dfee000 (4064 bytes)
[→] 还原子进程 11304 setArgV0 指针 at 0x71e950d8
[→] 还原子进程 11304 setcontext GOT at 0x75411a25f8
[agent] [JS] [artcheck][hit] url=https://aweme.snssdk.com/aweme/ug/general/cold_start?iid=4087336283158679&device_id=4087336283154583&ac=wifi&channel=oppo_1128_64&aid=1128&app_name=aweme&version_code=350400&version_name=35.4.0&device_platform=android&os=android&ssmix=a&device_type=Pixel+6&device_brand=google&language=zh&os_api=35&os_version=15&manifest_version_code=350401&resolution=1080*2209&dpi=420&update_version_code=35409900&_rticket=1787969328965&package=com.ss.android.ugc.aweme&mcc_mnc=46000&first_launch_timestamp=1787966255&last_deeplink_update_version_code=0&cpu_support64=true&host_abi=arm64-v8a&is_guest_mode=0&app_type=normal&minor_status=0&appTheme=light&is_preinstall=0&need_personal_recommend=1&is_android_pad=0&is_android_fold=0&ts=1787969328&cdid=c47a5b59-94cd-4209-ad91-f7ed414b62ef&luckydog_base=BCQUqm16XE_9LSYfuepsGlYq0FWTb5qyQrf-bjoy_PbnDH3E1-DAOhkrriJxcY_2WX2mjXZ5Ok14ruWaa8OljRy1_Jtf_faWIgH4PZ-ENXjU9H27cd_FJ28yht9AORNoL8Dy6odjMBiBKawNjq_A_j4JXOoLRK56UFJJEQymmNM&luckydog_token=wXnov5t9s9cQ0rPwC9vlX1fC8noemPhjug21LcHCB9_Rp1n5ZVN1FhQwoc1xkfRx&luckydog_data=LlS-Yudqkwvg613CIkYFUg
[agent] [JS] [artcheck][hit] url=https://aweme.snssdk.com/api/v2/resource/asset-sdk
[→] Zymbiote hello: pid=11427, ppid=863, package=com.google.android.apps.docs
[→] 未找到 com.google.android.apps.docs 的 spawn 请求，放行 pid=11427
[→] 还原子进程 11427 payload at 0x754dfee000 (4064 bytes)
[→] 还原子进程 11427 setArgV0 指针 at 0x71e950d8
[→] 还原子进程 11427 setcontext GOT at 0x75411a25f8
[agent] [JS] [artcheck][hit] url=https://aweme.snssdk.com/aweme/v2/undertaking/settings/?brand_sys_version=0&total_not_incentive_share=0&widget_info=%7B%22follow_small_widget%22%3Afalse%2C%22message_small_widget%22%3Afalse%2C%22friend_message_widget%22%3Afalse%2C%22mall_guide_widget%22%3Afalse%7D&iid=4087336283158679&device_id=4087336283154583&ac=wifi&channel=oppo_1128_64&aid=1128&app_name=aweme&version_code=350400&version_name=35.4.0&device_platform=android&os=android&ssmix=a&device_type=Pixel+6&device_brand=google&language=zh&os_api=35&os_version=15&manifest_version_code=350401&resolution=1080*2209&dpi=420&update_version_code=35409900&_rticket=1787969329188&package=com.ss.android.ugc.aweme&mcc_mnc=46000&first_launch_timestamp=1787966255&last_deeplink_update_version_code=0&cpu_support64=true&host_abi=arm64-v8a&is_guest_mode=0&app_type=normal&minor_status=0&appTheme=light&is_preinstall=0&need_personal_recommend=1&is_android_pad=0&is_android_fold=0&ts=1787969328&cdid=c47a5b59-94cd-4209-ad91-f7ed414b62ef
[agent] [JS] [artcheck][hit] url=https://aweme.snssdk.com/aweme/homepage/component/?interface_version=v2&domain_data_hash=%7B%22homepage%22%3A%22cc74d1c69c48b4eafdb0e632a8322864%22%2C%22feed%22%3A%22dd80676eddbc9994a78cbdd96eacf786%22%2C%22pop_view%22%3A%229631dcbbd6404968da6fd89bd2faed56%22%7D&optimize_link_enable=1&iid=4087336283158679&device_id=4087336283154583&ac=wifi&channel=oppo_1128_64&aid=1128&app_name=aweme&version_code=350400&version_name=35.4.0&device_platform=android&os=android&ssmix=a&device_type=Pixel+6&device_brand=google&language=zh&os_api=35&os_version=15&manifest_version_code=350401&resolution=1080*2209&dpi=420&update_version_code=35409900&_rticket=1787969329356&package=com.ss.android.ugc.aweme&mcc_mnc=46000&first_launch_timestamp=1787966255&last_deeplink_update_version_code=0&cpu_support64=true&host_abi=arm64-v8a&is_guest_mode=0&app_type=normal&minor_status=0&appTheme=light&is_preinstall=0&need_personal_recommend=1&is_android_pad=0&is_android_fold=0&ts=1787969328&cdid=c47a5b59-94cd-4209-ad91-f7ed414b62ef
[→] Zymbiote hello: pid=11484, ppid=863, package=com.google.android.apps.maps
[→] 未找到 com.google.android.apps.maps 的 spawn 请求，放行 pid=11484
[→] 还原子进程 11484 payload at 0x754dfee000 (4064 bytes)
[→] 还原子进程 11484 setArgV0 指针 at 0x71e950d8
[→] 还原子进程 11484 setcontext GOT at 0x75411a25f8
[→] Zymbiote hello: pid=11560, ppid=863, package=com.google.android.calendar
[→] 未找到 com.google.android.calendar 的 spawn 请求，放行 pid=11560
[→] 还原子进程 11560 payload at 0x754dfee000 (4064 bytes)
[→] 还原子进程 11560 setArgV0 指针 at 0x71e950d8
[→] 还原子进程 11560 setcontext GOT at 0x75411a25f8
[→] Zymbiote hello: pid=11589, ppid=863, package=com.google.android.gm
[→] 未找到 com.google.android.gm 的 spawn 请求，放行 pid=11589
[→] 还原子进程 11589 payload at 0x754dfee000 (4064 bytes)
[→] 还原子进程 11589 setArgV0 指针 at 0x71e950d8
[→] 还原子进程 11589 setcontext GOT at 0x75411a25f8
[agent] [JS] [artcheck][hit] url=https://aweme.snssdk.com/service/settings/v3/?iid=4087336283158679&device_id=4087336283154583&ac=wifi&channel=oppo_1128_64&aid=4263&app_name=aweme&version_code=350400&version_name=35.4.0&device_platform=android&os=android&ssmix=a&device_type=Pixel+6&device_brand=google&language=zh&os_api=35&os_version=15&manifest_version_code=350401&resolution=1080*2209&dpi=420&update_version_code=35409900&_rticket=1787969330375&package=com.ss.android.ugc.aweme&mcc_mnc=46000&first_launch_timestamp=1787966255&last_deeplink_update_version_code=0&cpu_support64=true&host_abi=arm64-v8a&is_guest_mode=0&app_type=normal&minor_status=0&appTheme=light&is_preinstall=0&need_personal_recommend=1&is_android_pad=0&is_android_fold=0&ts=1787969328&cdid=c47a5b59-94cd-4209-ad91-f7ed414b62ef&luckydog_base=BCQUqm16XE_9LSYfuepsGlYq0FWTb5qyQrf-bjoy_PbnDH3E1-DAOhkrriJxcY_2WX2mjXZ5Ok14ruWaa8OljRy1_Jtf_faWIgH4PZ-ENXjU9H27cd_FJ28yht9AORNoL8Dy6odjMBiBKawNjq_A_j4JXOoLRK56UFJJEQymmNM&luckydog_token=wXnov5t9s9cQ0rPwC9vlX1fC8noemPhjug21LcHCB9_Rp1n5ZVN1FhQwoc1xkfRx&luckydog_data=LlS-Yudqkwvg613CIkYFUg
[agent] [JS] [artcheck][hit] url=https://mssdk.bytedance.com/sdi/get_token?lc_id=1588093228&platform=android&device_platform=android&sdk_ver=v04.09.05-ml-android&sdk_ver_code=67699968&app_ver=35.4.0&version_code=350401&aid=1128&sdkid&subaid&iid=4087336283158679&did=4087336283154583&bd_did&client_type=inhouse&region_type=ml&mode=2&full_update_version_code=35409900
[agent] [JS] [java.ready] ClassLoader 已更新
[agent] [JS] [artcheck][hit] url=https://mssdk.bytedance.com/ri/report?lc_id=1588093228&platform=android&device_platform=android&sdk_ver=v04.09.05-ml-android&sdk_ver_code=67699968&app_ver=35.4.0&version_code=350401&aid=1128&sdkid&subaid&iid=4087336283158679&did=4087336283154583&bd_did&client_type=inhouse&region_type=ml&mode=3&full_update_version_code=35409900
[agent] [JS] [artcheck][hit] url=https://aweme.snssdk.com/service/2/app_log/?version_code=350400&device_platform=android&device_id=4087336283154583&aid=1128&iid=4087336283158679&tt_data=a
[agent] [JS] [artcheck][hit] url=https://aweme.snssdk.com/service/2/app_log/?version_code=350400&device_platform=android&device_id=4087336283154583&aid=1128&iid=4087336283158679&tt_data=a
[agent] [JS] [artcheck][hit] url=https://aweme.snssdk.com/check_version/v7/?cpu_abi=arm64-v8a%2C+armeabi-v7a%2C+armeabi&md5=c8b8a0fe4cec2e74c6e61e67ce6a423b&diff_sdk_version=1&call_type=1&iid=4087336283158679&device_id=4087336283154583&ac=wifi&channel=oppo_1128_64&aid=1128&app_name=aweme&version_code=350400&version_name=35.4.0&device_platform=android&os=android&ssmix=a&device_type=Pixel+6&device_brand=google&language=zh&os_api=35&os_version=15&manifest_version_code=350401&resolution=1080*2209&dpi=420&update_version_code=35409900&_rticket=1787969332384&package=com.ss.android.ugc.aweme&mcc_mnc=46000&first_launch_timestamp=1787966255&last_deeplink_update_version_code=0&cpu_support64=true&host_abi=arm64-v8a&is_guest_mode=0&app_type=normal&minor_status=0&appTheme=light&is_preinstall=0&need_personal_recommend=1&is_android_pad=0&is_android_fold=0&ts=1787969330&cdid=c47a5b59-94cd-4209-ad91-f7ed414b62ef
[agent] [JS] [artcheck][hit] url=https://aweme.snssdk.com/service/2/app_log/?version_code=350400&device_platform=android&device_id=4087336283154583&aid=1128&iid=4087336283158679&tt_data=a
[agent] [JS] [java.ready] ClassLoader 已更新
[agent] [JS] [artcheck][hit] url=https://ecom.snssdk.com/aweme/v2/commerce/bubble/trigger?iid=4087336283158679&device_id=4087336283154583&ac=wifi&channel=oppo_1128_64&aid=1128&app_name=aweme&version_code=350400&version_name=35.4.0&device_platform=android&os=android&ssmix=a&device_type=Pixel+6&device_brand=google&language=zh&os_api=35&os_version=15&manifest_version_code=350401&resolution=1080*2209&dpi=420&update_version_code=35409900&_rticket=1787969332982&package=com.ss.android.ugc.aweme&mcc_mnc=46000&first_launch_timestamp=1787966255&last_deeplink_update_version_code=0&cpu_support64=true&host_abi=arm64-v8a&is_guest_mode=0&app_type=normal&minor_status=0&appTheme=light&is_preinstall=0&need_personal_recommend=1&is_android_pad=0&is_android_fold=0&ts=1787969331&cdid=c47a5b59-94cd-4209-ad91-f7ed414b62ef
[agent] [JS] [artcheck][hit] url=https://aweme.snssdk.com/service/settings/v3/?caller_name=kite_device_android&device_id=4087336283154583&iid=4087336283158679&channel=oppo_1128_64&version_code=350400&device_platform=android&device_type=Pixel+6&aid=1128&ac=wifi&app_name=aweme&version_name=35.4.0&os=android&ssmix=a&device_brand=google&language=zh&os_api=35&os_version=15&manifest_version_code=350401&resolution=1080*2209&dpi=420&update_version_code=35409900&_rticket=1787969334151&package=com.ss.android.ugc.aweme&mcc_mnc=46000&first_launch_timestamp=1787966255&last_deeplink_update_version_code=0&cpu_support64=true&host_abi=arm64-v8a&is_guest_mode=0&app_type=normal&minor_status=0&appTheme=light&is_preinstall=0&need_personal_recommend=1&is_android_pad=0&is_android_fold=0&ts=1787969332&cdid=c47a5b59-94cd-4209-ad91-f7ed414b62ef&luckydog_base=BCQUqm16XE_9LSYfuepsGlYq0FWTb5qyQrf-bjoy_PbnDH3E1-DAOhkrriJxcY_2WX2mjXZ5Ok14ruWaa8OljRy1_Jtf_faWIgH4PZ-ENXjU9H27cd_FJ28yht9AORNoL8Dy6odjMBiBKawNjq_A_j4JXOoLRK56UFJJEQymmNM&luckydog_token=wXnov5t9s9cQ0rPwC9vlX1fC8noemPhjug21LcHCB9_Rp1n5ZVN1FhQwoc1xkfRx&luckydog_data=LlS-Yudqkwvg613CIkYFUg
[agent] [JS] [artcheck][hit] url=https://aweme.snssdk.com/privacy/setting/change?iid=4087336283158679&device_id=4087336283154583&ac=wifi&channel=oppo_1128_64&aid=1128&app_name=aweme&version_code=350400&version_name=35.4.0&device_platform=android&os=android&ssmix=a&device_type=Pixel+6&device_brand=google&language=zh&os_api=35&os_version=15&manifest_version_code=350401&resolution=1080*2209&dpi=420&update_version_code=35409900&_rticket=1787969336087&package=com.ss.android.ugc.aweme&mcc_mnc=46000&first_launch_timestamp=1787966255&last_deeplink_update_version_code=0&cpu_support64=true&host_abi=arm64-v8a&is_guest_mode=0&app_type=normal&minor_status=0&appTheme=light&is_preinstall=0&need_personal_recommend=1&is_android_pad=0&is_android_fold=0&ts=1787969334&cdid=c47a5b59-94cd-4209-ad91-f7ed414b62ef
[agent] [JS] [artcheck][hit] url=https://ib.snssdk.com/cloudpush/promotion/keep_alive/?alliance_sdk_version_code=30916&country=CN&push_sdk_version=30916&iid=4087336283158679&channel=oppo_1128_64&is_foreground=1&device_type=Pixel+6&language=zh&os_detail_type=android&device_manufacturer=Google&platform=phone&update_version_code=35409900&rom=13003188&os_api=35&tz_name=Asia%2FShanghai&push_sdk_version_name=3.9.16-rc.2&tz_offset=28800&alliance_sdk_version_name=3.9.16-rc.2&dpi=420&push_device_id=36474b1e93702fcdd6963a8de70bb92608983feb6cda6d8ac9851472ed252aae&ac=wifi&package=com.ss.android.ugc.aweme&device_id=4087336283154583&os=android&os_version=15&version_code=350400&proxy_support_type=3&app_name=aweme&version_name=35.4.0&device_brand=google&region=cn&aid=1128&rom_version=35&device_platform=android&ssmix=a&manifest_version_code=350401&resolution=1080*2209&_rticket=1787969338870&mcc_mnc=46000&first_launch_timestamp=1787966255&last_deeplink_update_version_code=0&cpu_support64=true&host_abi=arm64-v8a&is_guest_mode=0&app_type=normal&minor_status=0&appTheme=light&is_preinstall=0&need_personal_recommend=1&is_android_pad=0&is_android_fold=0&ts=1787969337&cdid=c47a5b59-94cd-4209-ad91-f7ed414b62ef
[agent] [JS] [artcheck][hit] url=https://mssdk.bytedance.com/ri/report?lc_id=1588093228&platform=android&device_platform=android&sdk_ver=v04.09.05-ml-android&sdk_ver_code=67699968&app_ver=35.4.0&version_code=350401&aid=1128&sdkid&subaid&iid=4087336283158679&did=4087336283154583&bd_did&client_type=inhouse&region_type=ml&mode=3&full_update_version_code=35409900
[agent] [JS] [artcheck][hit] url=https://abtest-ch.snssdk.com/common?cj_pay_sdk_version=7.7.2&ecomterm_sdk_version=39500&iid=4087336283158679&device_id=4087336283154583&ac=wifi&channel=oppo_1128_64&aid=1128&app_name=aweme&version_code=350400&version_name=35.4.0&device_platform=android&os=android&ssmix=a&device_type=Pixel+6&device_brand=google&language=zh&os_api=35&os_version=15&manifest_version_code=350401&resolution=1080*2209&dpi=420&update_version_code=35409900&_rticket=1787969339387&package=com.ss.android.ugc.aweme&mcc_mnc=46000&first_launch_timestamp=1787966255&last_deeplink_update_version_code=0&cpu_support64=true&host_abi=arm64-v8a&is_guest_mode=0&app_type=normal&minor_status=0&appTheme=light&is_preinstall=0&need_personal_recommend=1&is_android_pad=0&is_android_fold=0&ts=1787969337&cdid=c47a5b59-94cd-4209-ad91-f7ed414b62ef
[agent] [JS] [artcheck][hit] url=https://mssdk.bytedance.com/ri/report?lc_id=1588093228&platform=android&device_platform=android&sdk_ver=v04.09.05-ml-android&sdk_ver_code=67699968&app_ver=35.4.0&version_code=350401&aid=1128&sdkid&subaid&iid=4087336283158679&did=4087336283154583&bd_did&client_type=inhouse&region_type=ml&mode=3&full_update_version_code=35409900
[agent] [JS] [artcheck][hit] url=https://abtest-ch.snssdk.com/common?host_app_name=aweme&device_id=4087336283154583&user_id&os_version=15&channel=oppo_1128_64&host_version=35.4.0&sdk_version=2.0.0&device_platform=Android&device_type=oriole&host_app_id=1128&app_id=349653
[agent] [JS] [artcheck][hit] url=https://aweme.snssdk.com/service/2/app_log/?version_code=350400&device_platform=android&device_id=4087336283154583&aid=1128&iid=4087336283158679&tt_data=a
[agent] [JS] [artcheck][hit] url=https://lf-webcast-gr-sourcecdn.bytegecko.com/obj/byte-gurd-source-gr/webcast/cdn/api/scheme_config/api.roma.config.json?sdkVersion=1&iid=4087336283158679&device_id=4087336283154583&ac=wifi&channel=oppo_1128_64&aid=1128&app_name=aweme&version_code=350400&version_name=35.4.0&device_platform=android&os=android&ssmix=a&device_type=Pixel+6&device_brand=google&language=zh&os_api=35&os_version=15&manifest_version_code=350401&resolution=1080*2209&dpi=420&update_version_code=35409900&_rticket=1787969342472&package=com.ss.android.ugc.aweme&mcc_mnc=46000&first_launch_timestamp=1787966255&last_deeplink_update_version_code=0&cpu_support64=true&host_abi=arm64-v8a&is_guest_mode=0&app_type=normal&minor_status=0&appTheme=light&is_preinstall=0&need_personal_recommend=1&is_android_pad=0&is_android_fold=0&ts=1787969340&cdid=c47a5b59-94cd-4209-ad91-f7ed414b62ef
[agent] [JS] [artcheck][hit] url=https://aweme.snssdk.com/aweme/v2/video/safety/check/?iid=4087336283158679&device_id=4087336283154583&ac=wifi&channel=oppo_1128_64&aid=1128&app_name=aweme&version_code=350400&version_name=35.4.0&device_platform=android&os=android&ssmix=a&device_type=Pixel+6&device_brand=google&language=zh&os_api=35&os_version=15&manifest_version_code=350401&resolution=1080*2209&dpi=420&update_version_code=35409900&_rticket=1787969342810&package=com.ss.android.ugc.aweme&mcc_mnc=46000&first_launch_timestamp=1787966255&last_deeplink_update_version_code=0&cpu_support64=true&host_abi=arm64-v8a&is_guest_mode=0&app_type=normal&minor_status=0&appTheme=light&is_preinstall=0&need_personal_recommend=1&is_android_pad=0&is_android_fold=0&ts=1787969341&cdid=c47a5b59-94cd-4209-ad91-f7ed414b62ef
[agent] [JS] [artcheck][hit] url=https://aweme.snssdk.com/aweme/v1/danmaku/activity/get/?iid=4087336283158679&device_id=4087336283154583&ac=wifi&channel=oppo_1128_64&aid=1128&app_name=aweme&version_code=350400&version_name=35.4.0&device_platform=android&os=android&ssmix=a&device_type=Pixel+6&device_brand=google&language=zh&os_api=35&os_version=15&manifest_version_code=350401&resolution=1080*2209&dpi=420&update_version_code=35409900&_rticket=1787969347438&package=com.ss.android.ugc.aweme&mcc_mnc=46000&first_launch_timestamp=1787966255&last_deeplink_update_version_code=0&cpu_support64=true&host_abi=arm64-v8a&is_guest_mode=0&app_type=normal&minor_status=0&appTheme=light&is_preinstall=0&need_personal_recommend=1&is_android_pad=0&is_android_fold=0&ts=1787969346&cdid=c47a5b59-94cd-4209-ad91-f7ed414b62ef
[agent] [JS] [artcheck][hit] url=https://api.amemv.com/bytebench/api/task/group?update_version_code=35409900&net_status=wifi&app_name=aweme&app_version=35.4.0&device_id=4087336283154583&user_id=0&sdk_version=2.0.10-1&device_platform=android&device_type=Pixel+6&aid=1128&status=0
[agent] [JS] [artcheck][hit] url=https://api.amemv.com/bytebench/api/sdk/device/strategy/meta?access_key=253cbc0v52933bd400qzbwg0irxc025e2fb&aid=1128&app_name=aweme&app_version=35.4.0&device_id=4087336283154583&device_platform=android&device_type=Pixel+6&net_status=unknown&sdk_version=2.0.10-1&status=0&update_version_code=35409900&user_id=0
[agent] [JS] [artcheck][hit] url=https://lf6-effectcdn-tos.byteeffecttos.com/obj/ies.fe.effect/73a925431aac3cf511e0fb73158c9be8.mp4
[agent] [JS] [artcheck][hit] url=https://api.amemv.com/bytebench/api/sdk/device/strategy/batch/v2?access_key=253cbc0v52933bd400qzbwg0irxc025e2fb&aid=1128&app_name=aweme&app_version=35.4.0&device_id=4087336283154583&device_platform=android&device_type=Pixel+6&net_status=unknown&offset=0&sdk_version=2.0.10-1&status=0&update_version_code=35409900&user_id=0
[agent] [JS] [java.ready] ClassLoader 已更新
[agent] [JS] [java.ready] ClassLoader 已更新
[agent] [JS] [java.ready] ClassLoader 已更新
[agent] [JS] [java.ready] ClassLoader 已更新
[agent] [JS] [artcheck][hit] url=https://lf6-effectcdn-tos.byteeffecttos.com/obj/ies.fe.effect/691a8b4301c04ed231ec1c39a522f76c.png
[agent] [JS] [artcheck][hit] url=https://aweme.snssdk.com/aweme/inner_reach/data?iid=4087336283158679&device_id=4087336283154583&ac=wifi&channel=oppo_1128_64&aid=1128&app_name=aweme&version_code=350400&version_name=35.4.0&device_platform=android&os=android&ssmix=a&device_type=Pixel+6&device_brand=google&language=zh&os_api=35&os_version=15&manifest_version_code=350401&resolution=1080*2209&dpi=420&update_version_code=35409900&_rticket=1787969349714&package=com.ss.android.ugc.aweme&mcc_mnc=46000&first_launch_timestamp=1787966255&last_deeplink_update_version_code=0&cpu_support64=true&host_abi=arm64-v8a&is_guest_mode=0&app_type=normal&minor_status=0&appTheme=light&is_preinstall=0&need_personal_recommend=1&is_android_pad=0&is_android_fold=0&ts=1787969349&cdid=c47a5b59-94cd-4209-ad91-f7ed414b62ef
[→] Zymbiote hello: pid=12033, ppid=863, package=com.google.android.apps.docs
[→] 未找到 com.google.android.apps.docs 的 spawn 请求，放行 pid=12033
[→] 还原子进程 12033 payload at 0x754dfee000 (4064 bytes)
[→] 还原子进程 12033 setArgV0 指针 at 0x71e950d8
[→] 还原子进程 12033 setcontext GOT at 0x75411a25f8
[→] Zymbiote hello: pid=12099, ppid=863, package=com.google.android.apps.maps
[→] 未找到 com.google.android.apps.maps 的 spawn 请求，放行 pid=12099
[→] 还原子进程 12099 payload at 0x754dfee000 (4064 bytes)
[→] 还原子进程 12099 setArgV0 指针 at 0x71e950d8
[→] 还原子进程 12099 setcontext GOT at 0x75411a25f8
[→] Zymbiote hello: pid=12145, ppid=863, package=com.google.android.apps.restore
[→] 未找到 com.google.android.apps.restore 的 spawn 请求，放行 pid=12145
[→] 还原子进程 12145 payload at 0x754dfee000 (4064 bytes)
[→] 还原子进程 12145 setArgV0 指针 at 0x71e950d8
[→] 还原子进程 12145 setcontext GOT at 0x75411a25f8
[→] Zymbiote hello: pid=12196, ppid=863, package=com.google.android.apps.safetyhub
[→] 未找到 com.google.android.apps.safetyhub 的 spawn 请求，放行 pid=12196
[→] 还原子进程 12196 payload at 0x754dfee000 (4064 bytes)
[→] 还原子进程 12196 setArgV0 指针 at 0x71e950d8
[→] 还原子进程 12196 setcontext GOT at 0x75411a25f8
[→] Zymbiote hello: pid=12259, ppid=863, package=com.google.android.apps.weather
[→] 未找到 com.google.android.apps.weather 的 spawn 请求，放行 pid=12259
[→] 还原子进程 12259 payload at 0x754dfee000 (4064 bytes)
[→] 还原子进程 12259 setArgV0 指针 at 0x71e950d8
[→] 还原子进程 12259 setcontext GOT at 0x75411a25f8
[agent] [JS] [artcheck][hit] url=https://aweme.snssdk.com/aweme/v1/past_memory/entrance/?iid=4087336283158679&device_id=4087336283154583&ac=wifi&channel=oppo_1128_64&aid=1128&app_name=aweme&version_code=350400&version_name=35.4.0&device_platform=android&os=android&ssmix=a&device_type=Pixel+6&device_brand=google&language=zh&os_api=35&os_version=15&manifest_version_code=350401&resolution=1080*2209&dpi=420&update_version_code=35409900&_rticket=1787969351106&package=com.ss.android.ugc.aweme&mcc_mnc=46000&first_launch_timestamp=1787966255&last_deeplink_update_version_code=0&cpu_support64=true&host_abi=arm64-v8a&is_guest_mode=0&app_type=normal&minor_status=0&appTheme=light&is_preinstall=0&need_personal_recommend=1&is_android_pad=0&is_android_fold=0&ts=1787969350&cdid=c47a5b59-94cd-4209-ad91-f7ed414b62ef
[agent] [JS] [artcheck][hit] url=https://effect.snssdk.com/effect/api/panel/check?app_language=zh-Hans&ac=wifi&device_id=4087336283154583&app_version=35.4.0&cy_code_last=440100&os_version=15&channel=oppo_1128_64&device_type=Pixel+6&platform_ab_params=2&version=1724917102437%2C0%2C3540%2C0&platform_sdk_version=0.0.10.11&access_key=142710f02c3a11e8b42429f14557854a&sdk_version=19.5.1&device_platform=android&cy_code=440100&region=CN&panel=share-to-story-panel&aid=1128&game_version=1.0&iid=4087336283158679&app_name=aweme&version_code=350400&version_name=35.4.0&os=android&ssmix=a&device_brand=google&language=zh&os_api=35&manifest_version_code=350401&resolution=1080*2209&dpi=420&update_version_code=35409900&_rticket=1787969351763&package=com.ss.android.ugc.aweme&mcc_mnc=46000&first_launch_timestamp=1787966255&last_deeplink_update_version_code=0&cpu_support64=true&host_abi=arm64-v8a&is_guest_mode=0&app_type=normal&minor_status=0&appTheme=light&is_preinstall=0&need_personal_recommend=1&is_android_pad=0&is_android_fold=0&ts=1787969351&cdid=c47a5b59-94cd-4209-ad91-f7ed414b62ef
[agent] [JS] [artcheck][hit] url=https://aweme.snssdk.com/service/2/app_log/?version_code=350400&device_platform=android&device_id=4087336283154583&aid=1128&iid=4087336283158679&tt_data=a
[agent] [JS] [artcheck][hit] url=https://lf-normal-gr-sourcecdn.bytegecko.com/obj/byte-gurd-source-gr/argus/security/policy/container_config/gecko.config.json?version_name=35.4.0&device_platform=android&os=android&aid=1128&gecko_bkt=8
[agent] [JS] [artcheck][hit] url=https://lf-normal-gr-sourcecdn.bytegecko.com/obj/byte-gurd-source-gr/argus/security/policy/global_config/gecko.config.json?version_name=35.4.0&device_platform=android&os=android&aid=1128&gecko_bkt=8
[agent] [JS] [artcheck][hit] url=https://gecko.zijieapi.com/gkx/api/settings/v3?iid=4087336283158679&device_id=4087336283154583&ac=wifi&channel=oppo_1128_64&aid=1128&app_name=aweme&version_code=350400&version_name=35.4.0&device_platform=android&os=android&ssmix=a&device_type=Pixel+6&device_brand=google&language=zh&os_api=35&os_version=15&manifest_version_code=350401&resolution=1080*2209&dpi=420&update_version_code=35409900&_rticket=1787969354565&package=com.ss.android.ugc.aweme&mcc_mnc=46000&first_launch_timestamp=1787966255&last_deeplink_update_version_code=0&cpu_support64=true&host_abi=arm64-v8a&is_guest_mode=0&app_type=normal&minor_status=0&appTheme=light&is_preinstall=0&need_personal_recommend=1&is_android_pad=0&is_android_fold=0&ts=1787969353&cdid=c47a5b59-94cd-4209-ad91-f7ed414b62ef
[agent] [JS] [artcheck][hit] url=https://gecko.zijieapi.com/gkx/api/resource/v7/coldstart?iid=4087336283158679&device_id=4087336283154583&ac=wifi&channel=oppo_1128_64&aid=1128&app_name=aweme&version_code=350400&version_name=35.4.0&device_platform=android&os=android&ssmix=a&device_type=Pixel+6&device_brand=google&language=zh&os_api=35&os_version=15&manifest_version_code=350401&resolution=1080*2209&dpi=420&update_version_code=35409900&_rticket=1787969354591&package=com.ss.android.ugc.aweme&mcc_mnc=46000&first_launch_timestamp=1787966255&last_deeplink_update_version_code=0&cpu_support64=true&host_abi=arm64-v8a&is_guest_mode=0&app_type=normal&minor_status=0&appTheme=light&is_preinstall=0&need_personal_recommend=1&is_android_pad=0&is_android_fold=0&ts=1787969354&cdid=c47a5b59-94cd-4209-ad91-f7ed414b62ef
[agent] [JS] [artcheck][hit] url=https://i.snssdk.com/activity/carrier_flow/query_flow/?telecom_openid_data&carrier=46002&ac=wifi&user_pseudo_code=0C432CB9A4CAF9B971FE2396BC28421A&last_popup_time=-1&device_id=4087336283154583&last_toast_time=-1&unicom_pip=192.168.31.240&aid=1128&channelid=C10000001072&iid=4087336283158679&channel=oppo_1128_64&app_name=aweme&version_code=350400&version_name=35.4.0&device_platform=android&os=android&ssmix=a&device_type=Pixel+6&device_brand=google&language=zh&os_api=35&os_version=15&manifest_version_code=350401&resolution=1080*2209&dpi=420&update_version_code=35409900&_rticket=1787969356620&package=com.ss.android.ugc.aweme&mcc_mnc=46000&first_launch_timestamp=1787966255&last_deeplink_update_version_code=0&cpu_support64=true&host_abi=arm64-v8a&is_guest_mode=0&app_type=normal&minor_status=0&appTheme=light&is_preinstall=0&need_personal_recommend=1&is_android_pad=0&is_android_fold=0&ts=1787969356&cdid=c47a5b59-94cd-4209-ad91-f7ed414b62ef
[agent] [JS] [artcheck][hit] url=https://pitaya.bytedance.com/api/v4/pitaya/distribute?aid=1128&device_id=4087336283154583
[agent] [JS] [artcheck][hit] url=https://aweme.snssdk.com/service/2/app_log/?version_code=350400&device_platform=android&device_id=4087336283154583&aid=1128&iid=4087336283158679&tt_data=a
[agent] [JS] [artcheck][hit] url=https://mon.snssdk.com/monitor/collect/batch/?sdk_version=1&sdk_version=2.13.62.i18ntob-kt2&is_guest_mode=0&country=CN&app_type=normal&mp_id&app_version&channel&is_android_pad=0&device_type=Pixel+6&language=zh&cpu_support64=true&resolution=1080*2209&minor_version=1&oversea=0&update_version_code=35409900&cdid=c47a5b59-94cd-4209-ad91-f7ed414b62ef&minor_status=0&tz_offset=28800&ac=wifi&package=com.ss.android.ugc.aweme&device_id=4087336283154583&mcc_mnc=46000&tt_data=a&version_code=350400&last_deeplink_update_version_code=0&slardar-zstd-version=app.1128.Android.monitor.1722928576&proxy_support_type=2&device_platform=android&region=cn&rom_version=35&host_aid=1128&manifest_version_code=350401&_rticket=1787969337946&tma_version_code=16000101&push_sdk_version=30916&device_model=google+Pixel+6&is_preinstall=0&iid=4087336283158679&host_abi=arm64-v8a&os_detail_type=android&device_manufacturer=Google&platform=phone&rom=13003188&appTheme=light&os_api=35&tz_name=Asia%2FShanghai&push_sdk_version_name=3.9.16-rc.2&is_android_fold=0&dpi=420&push_device_id=36474b1e93702fcdd6963a8de70bb92608983feb6cda6d8ac9851472ed252aae&os=Android&os_version=15&sdkmonitor_version=2.0.47-rc.1-douyin&bytesync_sdk_version=-1&app_name=aweme&version_name=35.4.0&device_brand=google&need_personal_recommend=1&ssmix=a&package_name=com.ss.android.ugc.aweme&first_launch_timestamp=1787966255&ts=1787969336
[agent] [JS] [artcheck][hit] url=https://ib.snssdk.com/promotion/app/lt/v3/?alliance_sdk_version_code=30916&country=CN&push_sdk_version=30916&body_version=v1&support_widget_flipper_depths=false&usb_charging=0&iid=4087336283158679&channel=oppo_1128_64&is_foreground=1&has_sim_card=1&device_type=Pixel+6&language=zh&os_detail_type=android&device_manufacturer=Google&platform=phone&update_version_code=35409900&rom=13003188&alliance_sdk_update_version_code=391300000&proxy_network=0&os_api=35&tz_name=Asia%2FShanghai&push_sdk_version_name=3.9.16-rc.2&tz_offset=28800&alliance_sdk_version_name=3.9.16-rc.2&dpi=420&push_device_id=36474b1e93702fcdd6963a8de70bb92608983feb6cda6d8ac9851472ed252aae&ac=wifi&package=com.ss.android.ugc.aweme&device_id=4087336283154583&os=android&client_time=1787969369854&os_version=15&version_code=350400&scene_id=1&first_install_timestamp=1787965663571&session_id=uuid%3A22ffc989-9c6f-489a-aa54-9cff7fdc54b2%2Caid%3A1128%2Cdevice_id%3A4087336283154583%2Ctimestamp%3A1787969369856&debuggable_os=0&proxy_support_type=3&app_name=aweme&version_name=35.4.0&device_brand=google&self_partner_name=aweme&adb_connected=1&region=cn&aid=1128&rom_version=35&device_platform=android&ssmix=a&manifest_version_code=350401&resolution=1080*2209&_rticket=1787969369888&mcc_mnc=46000&first_launch_timestamp=1787966255&last_deeplink_update_version_code=0&cpu_support64=true&host_abi=arm64-v8a&is_guest_mode=0&app_type=normal&minor_status=0&appTheme=light&is_preinstall=0&need_personal_recommend=1&is_android_pad=0&is_android_fold=0&ts=1787969369&cdid=c47a5b59-94cd-4209-ad91-f7ed414b62ef
[→] Zymbiote hello: pid=12403, ppid=863, package=com.google.assistant.hubui:search
[→] 未找到 com.google.assistant.hubui:search 的 spawn 请求，放行 pid=12403
[→] 还原子进程 12403 payload at 0x754dfee000 (4064 bytes)
[→] 还原子进程 12403 setArgV0 指针 at 0x71e950d8
[→] 还原子进程 12403 setcontext GOT at 0x75411a25f8
[agent] [JS] [artcheck][hit] url=https://mssdk.bytedance.com/ri/report?lc_id=1588093228&platform=android&device_platform=android&sdk_ver=v04.09.05-ml-android&sdk_ver_code=67699968&app_ver=35.4.0&version_code=350401&aid=1128&sdkid&subaid&iid=4087336283158679&did=4087336283154583&bd_did&client_type=inhouse&region_type=ml&mode=3&full_update_version_code=35409900
[agent] [JS] [artcheck][hit] url=https://aweme.snssdk.com/service/2/app_log/?version_code=350400&device_platform=android&device_id=4087336283154583&aid=1128&iid=4087336283158679&tt_data=a
[agent] [JS] [artcheck][hit] url=https://aweme.snssdk.com/service/2/app_log/?version_code=350400&device_platform=android&device_id=4087336283154583&aid=1128&iid=4087336283158679&tt_data=a
[agent] [JS] [artcheck][hit] url=https://webcast.amemv.com/webcast/v2/tab/?gamecp_sdk_version=3950&webcast_sdk_version=3950&webcast_language=zh&webcast_locale=zh_CN_%23Hans&webcast_gps_access=2&device_score=8.4364&address_book_access=2&is_pad=false&is_android_pad=0&is_landscape=false&carrier_region=CN&iid=4087336283158679&device_id=4087336283154583&ac=wifi&channel=oppo_1128_64&aid=1128&app_name=aweme&version_code=350400&version_name=35.4.0&device_platform=android&os=android&device_type=Pixel+6&device_brand=google&language=zh&os_version=15&manifest_version_code=350401&resolution=1080*2209&dpi=420&update_version_code=35409900&package=com.ss.android.ugc.aweme&mcc_mnc=46000&is_guest_mode=0&app_type=normal&minor_status=0&appTheme=light&is_preinstall=0&need_personal_recommend=1&is_android_fold=0&ts=1787969377&cdid=c47a5b59-94cd-4209-ad91-f7ed414b62ef
[agent] [JS] [artcheck][hit] url=https://aweme.snssdk.com/service/2/app_log/?version_code=350400&device_platform=android&device_id=4087336283154583&aid=1128&iid=4087336283158679&tt_data=a
[agent] [JS] [artcheck][hit] url=https://ichannel.snssdk.com/service/2/app_alert_check/?device_id=4087336283154583&aid=1128&tt_info=dGMFEAAAj3Vxo_xYblKeKrJgYzp6Z6Ap6UIP8Lhup3W742YecvYL7-_XOdvP_je7IubFPWYg0wEV%0AWKzhMHBcLDYpFY-Y7akANF3Aad6irkuvCHJJsbHdnvyb7eBmasJmB3hAL8_oHNbh4mKPWmumQ5LH%0A5dqUns87M2vDKeC_f5rM4xParTxo2dHPV0B_XwAvyZuGQ680yzXUhMrztDNMR2mYCEK0teEIO_eY%0A7Z1AokixjosM1p94wbd_s17yr0E-rE9ApD_SB7oC2c6-AIoDpabewQanVRqdhja3N06BDducg23c%0A3w9A4-pY7-pSVc7Nx9QOfpw7j1bRrlXzRm_N_FPIJh34aet8yRKV81_pQxZcu3Q_bc9vyEODL6hX%0AcMG9o-wul16oH068ykP3XGGGC_RbfEBGo52AQr-nLYH3YHldcvmsO11MSMkuj9HaPWdAuprjvrTj%0A1u9m6sehJ-PoN6qBxQAJP_jB2s4bN0P30_-ZEFrhA_er84yb0raXWPr9SpTHSthSMkU-Tc1gCLSJ%0Aj9XyzG8MqAAbok43FVWj54Qy458kpJbg15cxpw6l_3AaSML-sHrvbrhfxysr9cXcJHfkefnkue4h%0AedsujAqaU4AVLYST1mCGcaRKHr0SHmaGjhcN8ebILH0TCD84E8i3XQaIW4oFZ12VmKnoRCt4n3hA%0ALSPWX2fpMle_ZbgUc6s8qg27_unYEv2fn_kMJBmbBMcMlLdFB0gu2TPvCE9XVMoE_Ppo4F1R05uY%0A5ZZAC8mMKlNb_jmoKBf_LYMcE7neN9XcVaPwb-Wn5-okr3zoQ_lf61zgBdNRlBod8KLelg9Lv5b0%0ArJKP%0A&iid=4087336283158679&ac=wifi&channel=oppo_1128_64&app_name=aweme&version_code=350400&version_name=35.4.0&device_platform=android&os=android&ssmix=a&device_type=Pixel+6&device_brand=google&language=zh&os_api=35&os_version=15&manifest_version_code=350401&resolution=1080*2209&dpi=420&update_version_code=35409900&_rticket=1787969384341&package=com.ss.android.ugc.aweme&mcc_mnc=46000&first_launch_timestamp=1787966255&last_deeplink_update_version_code=0&cpu_support64=true&host_abi=arm64-v8a&is_guest_mode=0&app_type=normal&minor_status=0&appTheme=light&is_preinstall=0&need_personal_recommend=1&is_android_pad=0&is_android_fold=0&ts=1787969383&cdid=c47a5b59-94cd-4209-ad91-f7ed414b62ef
[→] Zymbiote hello: pid=12494, ppid=863, package=com.google.android.calendar
[→] 未找到 com.google.android.calendar 的 spawn 请求，放行 pid=12494
[→] 还原子进程 12494 payload at 0x754dfee000 (4064 bytes)
[→] 还原子进程 12494 setArgV0 指针 at 0x71e950d8
[→] 还原子进程 12494 setcontext GOT at 0x75411a25f8
[agent] [JS] [artcheck][hit] url=https://aweme.snssdk.com/service/2/app_log/?version_code=350400&device_platform=android&device_id=4087336283154583&aid=1128&iid=4087336283158679&tt_data=a
[*] 退出交互模式
[*] 已发送 shutdown，等待 agent 主动断开连接...
[agent] [agent] 收到 shutdown，开始退出清理
[agent] [JS] [java executor] MessageQueue loop hook removed: 0x75410a9e30
[agent] [agent] [quickjs] cleanup start (managed-safe unload) (+0ms, total 0ms)
[agent] [agent] [quickjs] phase0 stop_java_worker (+5ms, total 5ms)
[agent] [agent] [quickjs] phase1 cut_java_hooks (+4ms, total 9ms)
[agent] [agent] [quickjs] phase1 cut_native_hooks (+2ms, total 11ms)
[agent] [JS] [artController] cut routing: 5 个 hook_remove (Layer1/2/GC/Fixup)
[agent] [agent] [quickjs] phase1 cut_art_controller_routing (+5ms, total 17ms)
[agent] [JS] [drain] start, callback_in_flight=0, exec_in_flight=0
[agent] [JS] [drain] done, callback_in_flight=0, exec_in_flight=0 after 0ms (1 rounds)
[agent] [agent] [quickjs] phase2 drain_thunk_in_flight (+3ms, total 20ms)
[agent] [JS] [artController] cut walkstack guards: 1 个 hook_remove
[agent] [JS] [hook_engine] [oat_patch] restored 0 patches
[agent] [JS] [artController] WalkStack SIGSEGV guard 已卸载 (libsigchain)
[agent] [agent] [quickjs] phase3 cut_art_controller_walkstack_guards (+7ms, total 27ms)
[agent] [agent] [recompiler] release_all: snapshot 0 recomp range(s) for caller-side munmap (release_ok=0 fail=0)
[agent] [agent] [quickjs] phase3 release_all_recomp (+0ms, total 28ms)
[agent] [JS] [artController] 全局 ART hook 状态已释放
[agent] [agent] [quickjs] phase3 free_art_controller_state (+0ms, total 29ms)
[agent] [agent] [quickjs] phase3 free_java_hooks (+1ms, total 30ms)
[agent] [agent] [quickjs] phase3 free_native_hooks (+0ms, total 30ms)
[agent] [agent] [quickjs] phase3 shutdown_qbdi_helper (+0ms, total 30ms)
[agent] [agent] [quickjs] phase3 detach_jni_thread (+0ms, total 31ms)
[agent] [agent] [quickjs] phase3 cleanup_engine (+7ms, total 38ms)
[agent] [agent] [quickjs] cleanup done (managed-safe unload, executable pools retained, walkstack guards removed, total 39ms)
[agent] [agent] 退出清理完成，准备关闭 socket
[→] 注入线程候选: tid=10724 comm=FinalizerWatchd wchan=futex_wait_queue
[✓] 成功附加到进程 10724，等待 SIGSTOP...
[✓] 进程已停止，可以操作寄存器
[→] 已清理 loader stack: 0x726afac000+0x100000
[→] 已清理 loader mapping: 0x756302d000+0x8000
[*] 正在还原 zygote 863 的 patch...
[✓] Zygote 863 patch 已还原
