[libmetasec_ml.so] 0x70fbd635cc!0x1165cc stp x20, x19, [sp, #0x60]; x20=0x72a7410d48 x19=0x70d87c3248 sp=0x70d87c2dd0 mem_w=0x70d87c2e30 
[libmetasec_ml.so] 0x70fbd635d0!0x1165d0 stp x29, x30, [sp, #0x70]; fp=0x70d87c3000 lr=0x70fbf160f0 sp=0x70d87c2dd0 mem_w=0x70d87c2e40 
[libmetasec_ml.so] 0x70fbd635d4!0x1165d4 add x29, sp, #0x70; fp=0x70d87c3000 sp=0x70d87c2dd0 -> fp=0x70d87c2e40 
[libmetasec_ml.so] 0x70fbd635d8!0x1165d8 mov x27, x1; x27=0x29d x1=0x7367411410 -> x27=0x7367411410 
[libmetasec_ml.so] 0x70fbd635dc!0x1165dc mov x20, x0; x20=0x72a7410d48 x0=0x72a7410d48 -> x20=0x72a7410d48 
[libmetasec_ml.so] 0x70fbd635e0!0x1165e0 mov x28, xzr; x28=0x1 -> x28=0x0 
[libmetasec_ml.so] 0x70fbd635e4!0x1165e4 mov x21, xzr; x21=0x26fe -> x21=0x0 
[libmetasec_ml.so] 0x70fbd635e8!0x1165e8 mov w19, #0x48; w19=0xd87c3248 -> w19=0x48 
[libmetasec_ml.so] 0x70fbd635ec!0x1165ec str x1, [sp, #0x18]; x1=0x7367411410 sp=0x70d87c2dd0 mem_w=0x70d87c2de8 
[libmetasec_ml.so] 0x70fbd635f0!0x1165f0 ldr x8, [x20]; x8=0x72a74091d8 x20=0x72a7410d48 mem_r=0x72a7410d48 -> x8=0x70fbebf080 
[libmetasec_ml.so] 0x70fbd635f4!0x1165f4 ldr w9, [x8, #0x30]; w9=0x8100 x8=0x70fbebf080 mem_r=0x70fbebf0b0 -> w9=0x18 
[libmetasec_ml.so] 0x70fbd635f8!0x1165f8 cmp x28, x9; x28=0x0 x9=0x18 -> x28=0x0 
[libmetasec_ml.so] 0x70fbd635fc!0x1165fc b.hs #0x70fbd6397c; 
[libmetasec_ml.so] 0x70fbd63600!0x116600 ldr x8, [x8, #0x38]; x8=0x70fbebf080 x8=0x70fbebf080 mem_r=0x70fbebf0b8 -> x8=0x70fbec1178 
[libmetasec_ml.so] 0x70fbd63604!0x116604 nop ; 
[libmetasec_ml.so] 0x70fbd63608!0x116608 madd x24, x28, x19, x8; x24=0x10 x28=0x0 x19=0x48 x8=0x70fbec1178 -> x24=0x70fbec1178 
[libmetasec_ml.so] 0x70fbd6360c!0x11660c ldr w9, [x24, #0x18]; w9=0x18 x24=0x70fbec1178 mem_r=0x70fbec1190 -> w9=0x18 
[libmetasec_ml.so] 0x70fbd63610!0x116610 ldr w11, [x24, #0xc]; w11=0x1d x24=0x70fbec1178 mem_r=0x70fbec1184 -> w11=0x3 
[libmetasec_ml.so] 0x70fbd63614!0x116614 add x22, x20, x9; x22=0xaaaaaaaaaaaaaaab x20=0x72a7410d48 x9=0x18 -> x22=0x72a7410d60 
[libmetasec_ml.so] 0x70fbd63618!0x116618 cbz w11, #0x70fbd63744; w11=0x3 
[libmetasec_ml.so] 0x70fbd6361c!0x11661c ldr w9, [x24, #0x14]; w9=0x18 x24=0x70fbec1178 mem_r=0x70fbec118c -> w9=0x0 
[libmetasec_ml.so] 0x70fbd63620!0x116620 cmp w11, #1; w11=0x3 -> w11=0x3 
[libmetasec_ml.so] 0x70fbd63624!0x116624 madd x10, x28, x19, x8; x10=0x70fbda14ec x28=0x0 x19=0x48 x8=0x70fbec1178 -> x10=0x70fbec1178 
[libmetasec_ml.so] 0x70fbd63628!0x116628 ccmp w11, #3, #4, ne; w11=0x3 
[libmetasec_ml.so] 0x70fbd6362c!0x11662c b.ne #0x70fbd63668; 
[libmetasec_ml.so] 0x70fbd63630!0x116630 ldr w10, [x10, #0x30]; w10=0xfbec1178 x10=0x70fbec1178 mem_r=0x70fbec11a8 -> w10=0x0 
[libmetasec_ml.so] 0x70fbd63634!0x116634 tbnz w10, #2, #0x70fbd636a0; w10=0x0 
[libmetasec_ml.so] 0x70fbd63638!0x116638 cmp w11, #3; w11=0x3 -> w11=0x3 
[libmetasec_ml.so] 0x70fbd6363c!0x11663c b.eq #0x70fbd6372c; 
[libmetasec_ml.so] 0x70fbd6372c!0x11672c mov x0, x24; x0=0x72a7410d48 x24=0x70fbec1178 -> x0=0x70fbec1178 
[libmetasec_ml.so] 0x70fbd63730!0x116730 mov x1, x22; x1=0x7367411410 x22=0x72a7410d60 -> x1=0x72a7410d60 
[libmetasec_ml.so] 0x70fbd63734!0x116734 bl #0x70fbd64dc8; 
[libmetasec_ml.so] 0x70fbd64dc8!0x117dc8 ldr w8, [x0, #0x10]; w8=0xfbec1178 x0=0x70fbec1178 mem_r=0x70fbec1188 -> w8=0xf 
[libmetasec_ml.so] 0x70fbd64dcc!0x117dcc cmp w8, #0x10; w8=0xf -> w8=0xf 
[libmetasec_ml.so] 0x70fbd64dd0!0x117dd0 b.hi #0x70fbd64e30; 
[libmetasec_ml.so] 0x70fbd64dd4!0x117dd4 adrp x9, #0x70fbe42000; x9=0x0 -> x9=0x70fbe42000 
[libmetasec_ml.so] 0x70fbd64dd8!0x117dd8 add x9, x9, #0x623; x9=0x70fbe42000 x9=0x70fbe42000 -> x9=0x70fbe42623 
[libmetasec_ml.so] 0x70fbd64ddc!0x117ddc adr x10, #0x70fbd64dec; x10=0x0 -> x10=0x70fbd64dec 
[libmetasec_ml.so] 0x70fbd64de0!0x117de0 ldrb w11, [x9, x8]; w11=0x3 x9=0x70fbe42623 x8=0xf mem_r=0x70fbe42632 -> w11=0x3 
[libmetasec_ml.so] 0x70fbd64de4!0x117de4 add x10, x10, x11, lsl #2; x10=0x70fbd64dec x10=0x70fbd64dec x11=0x3 -> x10=0x70fbd64df8 
[libmetasec_ml.so] 0x70fbd64de8!0x117de8 br x10; x10=0x70fbd64df8 
[libmetasec_ml.so] 0x70fbd64df8!0x117df8 ldr x8, [x1]; x8=0xf x1=0x72a7410d60 mem_r=0x72a7410d60 -> x8=0x10 
[libmetasec_ml.so] 0x70fbd64dfc!0x117dfc cmp x8, #0; x8=0x10 -> x8=0x10 
[libmetasec_ml.so] 0x70fbd64e00!0x117e00 cset w0, eq; w0=0xfbec1178 -> w0=0x0 
[libmetasec_ml.so] 0x70fbd64e04!0x117e04 ret ; 
[libmetasec_ml.so] 0x70fbd63738!0x116738 cbz w0, #0x70fbd63744; w0=0x0 
[libmetasec_ml.so] 0x70fbd63744!0x116744 add x2, x27, x21; x2=0x5a x27=0x7367411410 x21=0x0 -> x2=0x7367411410 
[libmetasec_ml.so] 0x70fbd63748!0x116748 mov x0, x24; x0=0x0 x24=0x70fbec1178 -> x0=0x70fbec1178 
[libmetasec_ml.so] 0x70fbd6374c!0x11674c mov x1, x22; x1=0x72a7410d60 x22=0x72a7410d60 -> x1=0x72a7410d60 
[libmetasec_ml.so] 0x70fbd63750!0x116750 bl #0x70fbd63a04; 
[libmetasec_ml.so] 0x70fbd63a04!0x116a04 str x23, [sp, #-0x40]!; x23=0x2a45 sp=0x70d87c2dd0 mem_w=0x70d87c2d90 -> sp=0x70d87c2d90 
[libmetasec_ml.so] 0x70fbd63a08!0x116a08 stp x22, x21, [sp, #0x10]; x22=0x72a7410d60 x21=0x0 sp=0x70d87c2d90 mem_w=0x70d87c2da0 
[libmetasec_ml.so] 0x70fbd63a0c!0x116a0c stp x20, x19, [sp, #0x20]; x20=0x72a7410d48 x19=0x48 sp=0x70d87c2d90 mem_w=0x70d87c2db0 
[libmetasec_ml.so] 0x70fbd63a10!0x116a10 stp x29, x30, [sp, #0x30]; fp=0x70d87c2e40 lr=0x70fbd63754 sp=0x70d87c2d90 mem_w=0x70d87c2dc0 
[libmetasec_ml.so] 0x70fbd63a14!0x116a14 add x29, sp, #0x30; fp=0x70d87c2e40 sp=0x70d87c2d90 -> fp=0x70d87c2dc0 
[libmetasec_ml.so] 0x70fbd63a18!0x116a18 mov x19, x0; x19=0x48 x0=0x70fbec1178 -> x19=0x70fbec1178 
[libmetasec_ml.so] 0x70fbd63a1c!0x116a1c ldr w0, [x0, #8]; w0=0xfbec1178 x0=0x70fbec1178 mem_r=0x70fbec1180 -> w0=0x1 
[libmetasec_ml.so] 0x70fbd63a20!0x116a20 mov x21, x1; x21=0x0 x1=0x72a7410d60 -> x21=0x72a7410d60 
[libmetasec_ml.so] 0x70fbd63a24!0x116a24 mov x1, x2; x1=0x72a7410d60 x2=0x7367411410 -> x1=0x7367411410 
[libmetasec_ml.so] 0x70fbd63a28!0x116a28 mov x20, x2; x20=0x72a7410d48 x2=0x7367411410 -> x20=0x7367411410 
[libmetasec_ml.so] 0x70fbd63a2c!0x116a2c bl #0x70fbd64e38; 
[libmetasec_ml.so] 0x70fbd64e38!0x117e38 lsr w8, w0, #0x1d; w8=0x10 w0=0x1 -> w8=0x0 
[libmetasec_ml.so] 0x70fbd64e3c!0x117e3c cbnz w8, #0x70fbd64e48; w8=0x0 
[libmetasec_ml.so] 0x70fbd64e40!0x117e40 lsl w0, w0, #3; w0=0x1 w0=0x1 -> w0=0x8 
[libmetasec_ml.so] 0x70fbd64e44!0x117e44 b #0x70fbd64eb8; 
[libmetasec_ml.so] 0x70fbd64eb8!0x117eb8 cmp w0, #0x80; w0=0x8 -> w0=0x8 
[libmetasec_ml.so] 0x70fbd64ebc!0x117ebc b.lo #0x70fbd64f0c; 
[libmetasec_ml.so] 0x70fbd64f0c!0x117f0c mov w9, wzr; w9=0xfbe42623 -> w9=0x0 
[libmetasec_ml.so] 0x70fbd64f10!0x117f10 b #0x70fbd64f2c; 
[libmetasec_ml.so] 0x70fbd64f2c!0x117f2c add w8, w9, #1; w8=0x0 w9=0x0 -> w8=0x1 
[libmetasec_ml.so] 0x70fbd64f30!0x117f30 strb w0, [x1, w9, uxtw]; w0=0x8 x1=0x7367411410 w9=0x0 mem_w=0x7367411410 
[libmetasec_ml.so] 0x70fbd64f34!0x117f34 mov x0, x8; x0=0x8 x8=0x1 -> x0=0x1 
[libmetasec_ml.so] 0x70fbd64f38!0x117f38 ret ; 
[libmetasec_ml.so] 0x70fbd63a30!0x116a30 ldr w8, [x19, #0x10]; w8=0x1 x19=0x70fbec1178 mem_r=0x70fbec1188 -> w8=0xf 
[libmetasec_ml.so] 0x70fbd63a34!0x116a34 cmp w8, #0x10; w8=0xf -> w8=0xf 
[libmetasec_ml.so] 0x70fbd63a38!0x116a38 b.hi #0x70fbd63abc; 
[libmetasec_ml.so] 0x70fbd63a3c!0x116a3c adrp x9, #0x70fbe42000; x9=0x0 -> x9=0x70fbe42000 
[libmetasec_ml.so] 0x70fbd63a40!0x116a40 add x9, x9, #0x5d4; x9=0x70fbe42000 x9=0x70fbe42000 -> x9=0x70fbe425d4 
[libmetasec_ml.so] 0x70fbd63a44!0x116a44 adr x10, #0x70fbd63a58; x10=0x70fbd64df8 -> x10=0x70fbd63a58 
[libmetasec_ml.so] 0x70fbd63a48!0x116a48 ldrb w11, [x9, x8]; w11=0x3 x9=0x70fbe425d4 x8=0xf mem_r=0x70fbe425e3 -> w11=0x40 
[libmetasec_ml.so] 0x70fbd63a4c!0x116a4c add x10, x10, x11, lsl #2; x10=0x70fbd63a58 x10=0x70fbd63a58 x11=0x40 -> x10=0x70fbd63b58 
[libmetasec_ml.so] 0x70fbd63a50!0x116a50 mov x19, x0; x19=0x70fbec1178 x0=0x1 -> x19=0x1 
[libmetasec_ml.so] 0x70fbd63a54!0x116a54 br x10; x10=0x70fbd63b58 
[libmetasec_ml.so] 0x70fbd63b58!0x116b58 ldrb w8, [x20]; w8=0xf x20=0x7367411410 mem_r=0x7367411410 -> w8=0x8 
[libmetasec_ml.so] 0x70fbd63b5c!0x116b5c orr w8, w8, #2; w8=0x8 w8=0x8 -> w8=0xa 
[libmetasec_ml.so] 0x70fbd63b60!0x116b60 strb w8, [x20]; w8=0xa x20=0x7367411410 mem_w=0x7367411410 
[libmetasec_ml.so] 0x70fbd63b64!0x116b64 ldr x22, [x21]; x22=0x72a7410d60 x21=0x72a7410d60 mem_r=0x72a7410d60 -> x22=0x10 
[libmetasec_ml.so] 0x70fbd63b68!0x116b68 add x20, x20, x19; x20=0x7367411410 x20=0x7367411410 x19=0x1 -> x20=0x7367411411 
[libmetasec_ml.so] 0x70fbd63b6c!0x116b6c mov x1, x20; x1=0x7367411410 x20=0x7367411411 -> x1=0x7367411411 
[libmetasec_ml.so] 0x70fbd63b70!0x116b70 mov w0, w22; w0=0x1 w22=0x10 -> w0=0x10 
[libmetasec_ml.so] 0x70fbd63b74!0x116b74 bl #0x70fbd64eb8; 
[libmetasec_ml.so] 0x70fbd64eb8!0x117eb8 cmp w0, #0x80; w0=0x10 -> w0=0x10 
[libmetasec_ml.so] 0x70fbd64ebc!0x117ebc b.lo #0x70fbd64f0c; 
[libmetasec_ml.so] 0x70fbd64f0c!0x117f0c mov w9, wzr; w9=0xfbe425d4 -> w9=0x0 
[libmetasec_ml.so] 0x70fbd64f10!0x117f10 b #0x70fbd64f2c; 
[libmetasec_ml.so] 0x70fbd64f2c!0x117f2c add w8, w9, #1; w8=0xa w9=0x0 -> w8=0x1 
[libmetasec_ml.so] 0x70fbd64f30!0x117f30 strb w0, [x1, w9, uxtw]; w0=0x10 x1=0x7367411411 w9=0x0 mem_w=0x7367411411 
[libmetasec_ml.so] 0x70fbd64f34!0x117f34 mov x0, x8; x0=0x10 x8=0x1 -> x0=0x1 
[libmetasec_ml.so] 0x70fbd64f38!0x117f38 ret ; 
[libmetasec_ml.so] 0x70fbd63b78!0x116b78 ldr x1, [x21, #8]; x1=0x7367411411 x21=0x72a7410d60 mem_r=0x72a7410d68 -> x1=0x72a74110e8 
[libmetasec_ml.so] 0x70fbd63b7c!0x116b7c mov x21, x0; x21=0x72a7410d60 x0=0x1 -> x21=0x1 
[libmetasec_ml.so] 0x70fbd63b80!0x116b80 add x0, x20, x0; x0=0x1 x20=0x7367411411 x0=0x1 -> x0=0x7367411412 
[libmetasec_ml.so] 0x70fbd63b84!0x116b84 mov x2, x22; x2=0x7367411410 x22=0x10 -> x2=0x10 
[libmetasec_ml.so] 0x70fbd63b88!0x116b88 bl #0x70fbc80a20; 
[libmetasec_ml.so] 0x70fbc80a20!0x33a20 adrp x16, #0x70fbec9000; x16=0x72a51a5368 -> x16=0x70fbec9000 
[libmetasec_ml.so] 0x70fbc80a24!0x33a24 ldr x17, [x16, #0x998]; x17=0x70fbd635cc x16=0x70fbec9000 mem_r=0x70fbec9998 -> x17=0x75402d9c80 
[libmetasec_ml.so] 0x70fbc80a28!0x33a28 add x16, x16, #0x998; x16=0x70fbec9000 x16=0x70fbec9000 -> x16=0x70fbec9998 
[libmetasec_ml.so] 0x70fbc80a2c!0x33a2c br x17; x17=0x75402d9c80 
call func: __memcpy_aarch64_simd(0x7367411412, 0x72a74110e8, 0x10)
hexdump at address 0x72a74110e8 with length 0x10:
72a74110e8: 2d 4b 4f ca 49 75 0d 43 3f b5 ae 2c 22 6d cc 56 |-KO.Iu.C?..,"m.V|
ret: 0x7367411412
[libmetasec_ml.so] 0x70fbd63b8c!0x116b8c add x8, x22, x19; x8=0x1 x22=0x10 x19=0x1 -> x8=0x11 
[libmetasec_ml.so] 0x70fbd63b90!0x116b90 add x0, x8, x21; x0=0x7367411412 x8=0x11 x21=0x1 -> x0=0x12 
[libmetasec_ml.so] 0x70fbd63b94!0x116b94 b #0x70fbd63bfc; 
[libmetasec_ml.so] 0x70fbd63bfc!0x116bfc ldp x29, x30, [sp, #0x30]; fp=0x70d87c2dc0 lr=0x70fbd63b8c sp=0x70d87c2d90 mem_r=0x70d87c2dc0 -> fp=0x70d87c2e40 lr=0x70fbd63754 
[libmetasec_ml.so] 0x70fbd63c00!0x116c00 ldp x20, x19, [sp, #0x20]; x20=0x7367411411 x19=0x1 sp=0x70d87c2d90 mem_r=0x70d87c2db0 -> x20=0x72a7410d48 x19=0x48 
[libmetasec_ml.so] 0x70fbd63c04!0x116c04 ldp x22, x21, [sp, #0x10]; x22=0x10 x21=0x1 sp=0x70d87c2d90 mem_r=0x70d87c2da0 -> x22=0x72a7410d60 x21=0x0 
[libmetasec_ml.so] 0x70fbd63c08!0x116c08 ldr x23, [sp], #0x40; x23=0x2a45 sp=0x70d87c2d90 mem_r=0x70d87c2d90 -> x23=0x2a45 
[libmetasec_ml.so] 0x70fbd63c0c!0x116c0c ret ; 
[libmetasec_ml.so] 0x70fbd63754!0x116754 mov x25, x0; x25=0x70fbda26fc x0=0x12 -> x25=0x12 
[libmetasec_ml.so] 0x70fbd63758!0x116758 b #0x70fbd63940; 
[libmetasec_ml.so] 0x70fbd63940!0x116940 add x21, x25, x21; x21=0x0 x25=0x12 x21=0x0 -> x21=0x12 
[libmetasec_ml.so] 0x70fbd63944!0x116944 add x28, x28, #1; x28=0x0 x28=0x0 -> x28=0x1 
[libmetasec_ml.so] 0x70fbd63948!0x116948 b #0x70fbd635f0; 
[libmetasec_ml.so] 0x70fbd635f0!0x1165f0 ldr x8, [x20]; x8=0x11 x20=0x72a7410d48 mem_r=0x72a7410d48 -> x8=0x70fbebf080 
[libmetasec_ml.so] 0x70fbd635f4!0x1165f4 ldr w9, [x8, #0x30]; w9=0x0 x8=0x70fbebf080 mem_r=0x70fbebf0b0 -> w9=0x18 
[libmetasec_ml.so] 0x70fbd635f8!0x1165f8 cmp x28, x9; x28=0x1 x9=0x18 -> x28=0x1 
[libmetasec_ml.so] 0x70fbd635fc!0x1165fc b.hs #0x70fbd6397c; 
[libmetasec_ml.so] 0x70fbd63600!0x116600 ldr x8, [x8, #0x38]; x8=0x70fbebf080 x8=0x70fbebf080 mem_r=0x70fbebf0b8 -> x8=0x70fbec1178 
[libmetasec_ml.so] 0x70fbd63604!0x116604 nop ; 
[libmetasec_ml.so] 0x70fbd63608!0x116608 madd x24, x28, x19, x8; x24=0x70fbec1178 x28=0x1 x19=0x48 x8=0x70fbec1178 -> x24=0x70fbec11c0 
[libmetasec_ml.so] 0x70fbd6360c!0x11660c ldr w9, [x24, #0x18]; w9=0x18 x24=0x70fbec11c0 mem_r=0x70fbec11d8 -> w9=0x28 
[libmetasec_ml.so] 0x70fbd63610!0x116610 ldr w11, [x24, #0xc]; w11=0x40 x24=0x70fbec11c0 mem_r=0x70fbec11cc -> w11=0x3 
[libmetasec_ml.so] 0x70fbd63614!0x116614 add x22, x20, x9; x22=0x72a7410d60 x20=0x72a7410d48 x9=0x28 -> x22=0x72a7410d70 
[libmetasec_ml.so] 0x70fbd63618!0x116618 cbz w11, #0x70fbd63744; w11=0x3 
[libmetasec_ml.so] 0x70fbd6361c!0x11661c ldr w9, [x24, #0x14]; w9=0x28 x24=0x70fbec11c0 mem_r=0x70fbec11d4 -> w9=0x0 
[libmetasec_ml.so] 0x70fbd63620!0x116620 cmp w11, #1; w11=0x3 -> w11=0x3 
[libmetasec_ml.so] 0x70fbd63624!0x116624 madd x10, x28, x19, x8; x10=0x70fbd63b58 x28=0x1 x19=0x48 x8=0x70fbec1178 -> x10=0x70fbec11c0 
[libmetasec_ml.so] 0x70fbd63628!0x116628 ccmp w11, #3, #4, ne; w11=0x3 
[libmetasec_ml.so] 0x70fbd6362c!0x11662c b.ne #0x70fbd63668; 
[libmetasec_ml.so] 0x70fbd63630!0x116630 ldr w10, [x10, #0x30]; w10=0xfbec11c0 x10=0x70fbec11c0 mem_r=0x70fbec11f0 -> w10=0x0 
[libmetasec_ml.so] 0x70fbd63634!0x116634 tbnz w10, #2, #0x70fbd636a0; w10=0x0 
[libmetasec_ml.so] 0x70fbd63638!0x116638 cmp w11, #3; w11=0x3 -> w11=0x3 
[libmetasec_ml.so] 0x70fbd6363c!0x11663c b.eq #0x70fbd6372c; 
[libmetasec_ml.so] 0x70fbd6372c!0x11672c mov x0, x24; x0=0x12 x24=0x70fbec11c0 -> x0=0x70fbec11c0 
[libmetasec_ml.so] 0x70fbd63730!0x116730 mov x1, x22; x1=0x72a74110e8 x22=0x72a7410d70 -> x1=0x72a7410d70 
[libmetasec_ml.so] 0x70fbd63734!0x116734 bl #0x70fbd64dc8; 
[libmetasec_ml.so] 0x70fbd64dc8!0x117dc8 ldr w8, [x0, #0x10]; w8=0xfbec1178 x0=0x70fbec11c0 mem_r=0x70fbec11d0 -> w8=0x1 
[libmetasec_ml.so] 0x70fbd64dcc!0x117dcc cmp w8, #0x10; w8=0x1 -> w8=0x1 
[libmetasec_ml.so] 0x70fbd64dd0!0x117dd0 b.hi #0x70fbd64e30; 
[libmetasec_ml.so] 0x70fbd64dd4!0x117dd4 adrp x9, #0x70fbe42000; x9=0x0 -> x9=0x70fbe42000 
[libmetasec_ml.so] 0x70fbd64dd8!0x117dd8 add x9, x9, #0x623; x9=0x70fbe42000 x9=0x70fbe42000 -> x9=0x70fbe42623 
[libmetasec_ml.so] 0x70fbd64ddc!0x117ddc adr x10, #0x70fbd64dec; x10=0x0 -> x10=0x70fbd64dec 
[libmetasec_ml.so] 0x70fbd64de0!0x117de0 ldrb w11, [x9, x8]; w11=0x3 x9=0x70fbe42623 x8=0x1 mem_r=0x70fbe42624 -> w11=0x0 
[libmetasec_ml.so] 0x70fbd64de4!0x117de4 add x10, x10, x11, lsl #2; x10=0x70fbd64dec x10=0x70fbd64dec x11=0x0 -> x10=0x70fbd64dec 
[libmetasec_ml.so] 0x70fbd64de8!0x117de8 br x10; x10=0x70fbd64dec 
[libmetasec_ml.so] 0x70fbd64dec!0x117dec ldr w8, [x1]; w8=0x1 x1=0x72a7410d70 mem_r=0x72a7410d70 -> w8=0x5 
[libmetasec_ml.so] 0x70fbd64df0!0x117df0 cmp w8, #0; w8=0x5 -> w8=0x5 
[libmetasec_ml.so] 0x70fbd64df4!0x117df4 b #0x70fbd64e00; 
[libmetasec_ml.so] 0x70fbd64e00!0x117e00 cset w0, eq; w0=0xfbec11c0 -> w0=0x0 
[libmetasec_ml.so] 0x70fbd64e04!0x117e04 ret ; 
[libmetasec_ml.so] 0x70fbd63738!0x116738 cbz w0, #0x70fbd63744; w0=0x0 
[libmetasec_ml.so] 0x70fbd63744!0x116744 add x2, x27, x21; x2=0x10 x27=0x7367411410 x21=0x12 -> x2=0x7367411422 
[libmetasec_ml.so] 0x70fbd63748!0x116748 mov x0, x24; x0=0x0 x24=0x70fbec11c0 -> x0=0x70fbec11c0 
[libmetasec_ml.so] 0x70fbd6374c!0x11674c mov x1, x22; x1=0x72a7410d70 x22=0x72a7410d70 -> x1=0x72a7410d70 
[libmetasec_ml.so] 0x70fbd63750!0x116750 bl #0x70fbd63a04; 
[libmetasec_ml.so] 0x70fbd63a04!0x116a04 str x23, [sp, #-0x40]!; x23=0x2a45 sp=0x70d87c2dd0 mem_w=0x70d87c2d90 -> sp=0x70d87c2d90 
[libmetasec_ml.so] 0x70fbd63a08!0x116a08 stp x22, x21, [sp, #0x10]; x22=0x72a7410d70 x21=0x12 sp=0x70d87c2d90 mem_w=0x70d87c2da0 
[libmetasec_ml.so] 0x70fbd63a0c!0x116a0c stp x20, x19, [sp, #0x20]; x20=0x72a7410d48 x19=0x48 sp=0x70d87c2d90 mem_w=0x70d87c2db0 
[libmetasec_ml.so] 0x70fbd63a10!0x116a10 stp x29, x30, [sp, #0x30]; fp=0x70d87c2e40 lr=0x70fbd63754 sp=0x70d87c2d90 mem_w=0x70d87c2dc0 
[libmetasec_ml.so] 0x70fbd63a14!0x116a14 add x29, sp, #0x30; fp=0x70d87c2e40 sp=0x70d87c2d90 -> fp=0x70d87c2dc0 
[libmetasec_ml.so] 0x70fbd63a18!0x116a18 mov x19, x0; x19=0x48 x0=0x70fbec11c0 -> x19=0x70fbec11c0 
[libmetasec_ml.so] 0x70fbd63a1c!0x116a1c ldr w0, [x0, #8]; w0=0xfbec11c0 x0=0x70fbec11c0 mem_r=0x70fbec11c8 -> w0=0x2 
[libmetasec_ml.so] 0x70fbd63a20!0x116a20 mov x21, x1; x21=0x12 x1=0x72a7410d70 -> x21=0x72a7410d70 
[libmetasec_ml.so] 0x70fbd63a24!0x116a24 mov x1, x2; x1=0x72a7410d70 x2=0x7367411422 -> x1=0x7367411422 
[libmetasec_ml.so] 0x70fbd63a28!0x116a28 mov x20, x2; x20=0x72a7410d48 x2=0x7367411422 -> x20=0x7367411422 
[libmetasec_ml.so] 0x70fbd63a2c!0x116a2c bl #0x70fbd64e38; 
[libmetasec_ml.so] 0x70fbd64e38!0x117e38 lsr w8, w0, #0x1d; w8=0x5 w0=0x2 -> w8=0x0 
[libmetasec_ml.so] 0x70fbd64e3c!0x117e3c cbnz w8, #0x70fbd64e48; w8=0x0 
[libmetasec_ml.so] 0x70fbd64e40!0x117e40 lsl w0, w0, #3; w0=0x2 w0=0x2 -> w0=0x10 
[libmetasec_ml.so] 0x70fbd64e44!0x117e44 b #0x70fbd64eb8; 
[libmetasec_ml.so] 0x70fbd64eb8!0x117eb8 cmp w0, #0x80; w0=0x10 -> w0=0x10 
[libmetasec_ml.so] 0x70fbd64ebc!0x117ebc b.lo #0x70fbd64f0c; 
[libmetasec_ml.so] 0x70fbd64f0c!0x117f0c mov w9, wzr; w9=0xfbe42623 -> w9=0x0 
[libmetasec_ml.so] 0x70fbd64f10!0x117f10 b #0x70fbd64f2c; 
[libmetasec_ml.so] 0x70fbd64f2c!0x117f2c add w8, w9, #1; w8=0x0 w9=0x0 -> w8=0x1 
[libmetasec_ml.so] 0x70fbd64f30!0x117f30 strb w0, [x1, w9, uxtw]; w0=0x10 x1=0x7367411422 w9=0x0 mem_w=0x7367411422 
[libmetasec_ml.so] 0x70fbd64f34!0x117f34 mov x0, x8; x0=0x10 x8=0x1 -> x0=0x1 
[libmetasec_ml.so] 0x70fbd64f38!0x117f38 ret ; 
[libmetasec_ml.so] 0x70fbd63a30!0x116a30 ldr w8, [x19, #0x10]; w8=0x1 x19=0x70fbec11c0 mem_r=0x70fbec11d0 -> w8=0x1 
[libmetasec_ml.so] 0x70fbd63a34!0x116a34 cmp w8, #0x10; w8=0x1 -> w8=0x1 
[libmetasec_ml.so] 0x70fbd63a38!0x116a38 b.hi #0x70fbd63abc; 
[libmetasec_ml.so] 0x70fbd63a3c!0x116a3c adrp x9, #0x70fbe42000; x9=0x0 -> x9=0x70fbe42000 
[libmetasec_ml.so] 0x70fbd63a40!0x116a40 add x9, x9, #0x5d4; x9=0x70fbe42000 x9=0x70fbe42000 -> x9=0x70fbe425d4 
[libmetasec_ml.so] 0x70fbd63a44!0x116a44 adr x10, #0x70fbd63a58; x10=0x70fbd64dec -> x10=0x70fbd63a58 
[libmetasec_ml.so] 0x70fbd63a48!0x116a48 ldrb w11, [x9, x8]; w11=0x0 x9=0x70fbe425d4 x8=0x1 mem_r=0x70fbe425d5 -> w11=0x1b 
[libmetasec_ml.so] 0x70fbd63a4c!0x116a4c add x10, x10, x11, lsl #2; x10=0x70fbd63a58 x10=0x70fbd63a58 x11=0x1b -> x10=0x70fbd63ac4 
[libmetasec_ml.so] 0x70fbd63a50!0x116a50 mov x19, x0; x19=0x70fbec11c0 x0=0x1 -> x19=0x1 
[libmetasec_ml.so] 0x70fbd63a54!0x116a54 br x10; x10=0x70fbd63ac4 
[libmetasec_ml.so] 0x70fbd63ac4!0x116ac4 ldr w0, [x21]; w0=0x1 x21=0x72a7410d70 mem_r=0x72a7410d70 -> w0=0x5 
[libmetasec_ml.so] 0x70fbd63ac8!0x116ac8 add x1, x20, x19; x1=0x7367411422 x20=0x7367411422 x19=0x1 -> x1=0x7367411423 
[libmetasec_ml.so] 0x70fbd63acc!0x116acc bl #0x70fbd64e54; 
[libmetasec_ml.so] 0x70fbd64e54!0x117e54 lsl w8, w0, #1; w8=0x1 w0=0x5 -> w8=0xa 
[libmetasec_ml.so] 0x70fbd64e58!0x117e58 eor w0, w8, w0, asr #31; w0=0x5 w8=0xa w0=0x5 -> w0=0xa 
[libmetasec_ml.so] 0x70fbd64e5c!0x117e5c b #0x70fbd64eb8; 
[libmetasec_ml.so] 0x70fbd64eb8!0x117eb8 cmp w0, #0x80; w0=0xa -> w0=0xa 
[libmetasec_ml.so] 0x70fbd64ebc!0x117ebc b.lo #0x70fbd64f0c; 
[libmetasec_ml.so] 0x70fbd64f0c!0x117f0c mov w9, wzr; w9=0xfbe425d4 -> w9=0x0 
[libmetasec_ml.so] 0x70fbd64f10!0x117f10 b #0x70fbd64f2c; 
[libmetasec_ml.so] 0x70fbd64f2c!0x117f2c add w8, w9, #1; w8=0xa w9=0x0 -> w8=0x1 
[libmetasec_ml.so] 0x70fbd64f30!0x117f30 strb w0, [x1, w9, uxtw]; w0=0xa x1=0x7367411423 w9=0x0 mem_w=0x7367411423 
[libmetasec_ml.so] 0x70fbd64f34!0x117f34 mov x0, x8; x0=0xa x8=0x1 -> x0=0x1 
[libmetasec_ml.so] 0x70fbd64f38!0x117f38 ret ; 
[libmetasec_ml.so] 0x70fbd63ad0!0x116ad0 b #0x70fbd63af0; 
[libmetasec_ml.so] 0x70fbd63af0!0x116af0 add x0, x0, x19; x0=0x1 x0=0x1 x19=0x1 -> x0=0x2 
[libmetasec_ml.so] 0x70fbd63af4!0x116af4 b #0x70fbd63bfc; 
[libmetasec_ml.so] 0x70fbd63bfc!0x116bfc ldp x29, x30, [sp, #0x30]; fp=0x70d87c2dc0 lr=0x70fbd63ad0 sp=0x70d87c2d90 mem_r=0x70d87c2dc0 -> fp=0x70d87c2e40 lr=0x70fbd63754 
[libmetasec_ml.so] 0x70fbd63c00!0x116c00 ldp x20, x19, [sp, #0x20]; x20=0x7367411422 x19=0x1 sp=0x70d87c2d90 mem_r=0x70d87c2db0 -> x20=0x72a7410d48 x19=0x48 
[libmetasec_ml.so] 0x70fbd63c04!0x116c04 ldp x22, x21, [sp, #0x10]; x22=0x72a7410d70 x21=0x72a7410d70 sp=0x70d87c2d90 mem_r=0x70d87c2da0 -> x22=0x72a7410d70 x21=0x12 
[libmetasec_ml.so] 0x70fbd63c08!0x116c08 ldr x23, [sp], #0x40; x23=0x2a45 sp=0x70d87c2d90 mem_r=0x70d87c2d90 -> x23=0x2a45 
[libmetasec_ml.so] 0x70fbd63c0c!0x116c0c ret ; 
[libmetasec_ml.so] 0x70fbd63754!0x116754 mov x25, x0; x25=0x12 x0=0x2 -> x25=0x2 
[libmetasec_ml.so] 0x70fbd63758!0x116758 b #0x70fbd63940; 
[libmetasec_ml.so] 0x70fbd63940!0x116940 add x21, x25, x21; x21=0x12 x25=0x2 x21=0x12 -> x21=0x14 
[libmetasec_ml.so] 0x70fbd63944!0x116944 add x28, x28, #1; x28=0x1 x28=0x1 -> x28=0x2 
[libmetasec_ml.so] 0x70fbd63948!0x116948 b #0x70fbd635f0; 
[libmetasec_ml.so] 0x70fbd635f0!0x1165f0 ldr x8, [x20]; x8=0x1 x20=0x72a7410d48 mem_r=0x72a7410d48 -> x8=0x70fbebf080 
[libmetasec_ml.so] 0x70fbd635f4!0x1165f4 ldr w9, [x8, #0x30]; w9=0x0 x8=0x70fbebf080 mem_r=0x70fbebf0b0 -> w9=0x18 
[libmetasec_ml.so] 0x70fbd635f8!0x1165f8 cmp x28, x9; x28=0x2 x9=0x18 -> x28=0x2 
[libmetasec_ml.so] 0x70fbd635fc!0x1165fc b.hs #0x70fbd6397c; 
[libmetasec_ml.so] 0x70fbd63600!0x116600 ldr x8, [x8, #0x38]; x8=0x70fbebf080 x8=0x70fbebf080 mem_r=0x70fbebf0b8 -> x8=0x70fbec1178 
[libmetasec_ml.so] 0x70fbd63604!0x116604 nop ; 
[libmetasec_ml.so] 0x70fbd63608!0x116608 madd x24, x28, x19, x8; x24=0x70fbec11c0 x28=0x2 x19=0x48 x8=0x70fbec1178 -> x24=0x70fbec1208 
[libmetasec_ml.so] 0x70fbd6360c!0x11660c ldr w9, [x24, #0x18]; w9=0x18 x24=0x70fbec1208 mem_r=0x70fbec1220 -> w9=0x2c 
[libmetasec_ml.so] 0x70fbd63610!0x116610 ldr w11, [x24, #0xc]; w11=0x1b x24=0x70fbec1208 mem_r=0x70fbec1214 -> w11=0x3 
[libmetasec_ml.so] 0x70fbd63614!0x116614 add x22, x20, x9; x22=0x72a7410d70 x20=0x72a7410d48 x9=0x2c -> x22=0x72a7410d74 
[libmetasec_ml.so] 0x70fbd63618!0x116618 cbz w11, #0x70fbd63744; w11=0x3 
[libmetasec_ml.so] 0x70fbd6361c!0x11661c ldr w9, [x24, #0x14]; w9=0x2c x24=0x70fbec1208 mem_r=0x70fbec121c -> w9=0x0 
[libmetasec_ml.so] 0x70fbd63620!0x116620 cmp w11, #1; w11=0x3 -> w11=0x3 
[libmetasec_ml.so] 0x70fbd63624!0x116624 madd x10, x28, x19, x8; x10=0x70fbd63ac4 x28=0x2 x19=0x48 x8=0x70fbec1178 -> x10=0x70fbec1208 
[libmetasec_ml.so] 0x70fbd63628!0x116628 ccmp w11, #3, #4, ne; w11=0x3 
[libmetasec_ml.so] 0x70fbd6362c!0x11662c b.ne #0x70fbd63668; 
[libmetasec_ml.so] 0x70fbd63630!0x116630 ldr w10, [x10, #0x30]; w10=0xfbec1208 x10=0x70fbec1208 mem_r=0x70fbec1238 -> w10=0x0 
[libmetasec_ml.so] 0x70fbd63634!0x116634 tbnz w10, #2, #0x70fbd636a0; w10=0x0 
[libmetasec_ml.so] 0x70fbd63638!0x116638 cmp w11, #3; w11=0x3 -> w11=0x3 
[libmetasec_ml.so] 0x70fbd6363c!0x11663c b.eq #0x70fbd6372c; 
[libmetasec_ml.so] 0x70fbd6372c!0x11672c mov x0, x24; x0=0x2 x24=0x70fbec1208 -> x0=0x70fbec1208 
[libmetasec_ml.so] 0x70fbd63730!0x116730 mov x1, x22; x1=0x7367411423 x22=0x72a7410d74 -> x1=0x72a7410d74 
[libmetasec_ml.so] 0x70fbd63734!0x116734 bl #0x70fbd64dc8; 
[libmetasec_ml.so] 0x70fbd64dc8!0x117dc8 ldr w8, [x0, #0x10]; w8=0xfbec1178 x0=0x70fbec1208 mem_r=0x70fbec1218 -> w8=0x1 
[libmetasec_ml.so] 0x70fbd64dcc!0x117dcc cmp w8, #0x10; w8=0x1 -> w8=0x1 
[libmetasec_ml.so] 0x70fbd64dd0!0x117dd0 b.hi #0x70fbd64e30; 
[libmetasec_ml.so] 0x70fbd64dd4!0x117dd4 adrp x9, #0x70fbe42000; x9=0x0 -> x9=0x70fbe42000 
[libmetasec_ml.so] 0x70fbd64dd8!0x117dd8 add x9, x9, #0x623; x9=0x70fbe42000 x9=0x70fbe42000 -> x9=0x70fbe42623 
[libmetasec_ml.so] 0x70fbd64ddc!0x117ddc adr x10, #0x70fbd64dec; x10=0x0 -> x10=0x70fbd64dec 
[libmetasec_ml.so] 0x70fbd64de0!0x117de0 ldrb w11, [x9, x8]; w11=0x3 x9=0x70fbe42623 x8=0x1 mem_r=0x70fbe42624 -> w11=0x0 
[libmetasec_ml.so] 0x70fbd64de4!0x117de4 add x10, x10, x11, lsl #2; x10=0x70fbd64dec x10=0x70fbd64dec x11=0x0 -> x10=0x70fbd64dec 
[libmetasec_ml.so] 0x70fbd64de8!0x117de8 br x10; x10=0x70fbd64dec 
[libmetasec_ml.so] 0x70fbd64dec!0x117dec ldr w8, [x1]; w8=0x1 x1=0x72a7410d74 mem_r=0x72a7410d74 -> w8=0x53286018 
[libmetasec_ml.so] 0x70fbd64df0!0x117df0 cmp w8, #0; w8=0x53286018 -> w8=0x53286018 
[libmetasec_ml.so] 0x70fbd64df4!0x117df4 b #0x70fbd64e00; 
[libmetasec_ml.so] 0x70fbd64e00!0x117e00 cset w0, eq; w0=0xfbec1208 -> w0=0x0 
[libmetasec_ml.so] 0x70fbd64e04!0x117e04 ret ; 
[libmetasec_ml.so] 0x70fbd63738!0x116738 cbz w0, #0x70fbd63744; w0=0x0 
[libmetasec_ml.so] 0x70fbd63744!0x116744 add x2, x27, x21; x2=0x7367411422 x27=0x7367411410 x21=0x14 -> x2=0x7367411424 
[libmetasec_ml.so] 0x70fbd63748!0x116748 mov x0, x24; x0=0x0 x24=0x70fbec1208 -> x0=0x70fbec1208 
[libmetasec_ml.so] 0x70fbd6374c!0x11674c mov x1, x22; x1=0x72a7410d74 x22=0x72a7410d74 -> x1=0x72a7410d74 
[libmetasec_ml.so] 0x70fbd63750!0x116750 bl #0x70fbd63a04; 
[libmetasec_ml.so] 0x70fbd63a04!0x116a04 str x23, [sp, #-0x40]!; x23=0x2a45 sp=0x70d87c2dd0 mem_w=0x70d87c2d90 -> sp=0x70d87c2d90 
[libmetasec_ml.so] 0x70fbd63a08!0x116a08 stp x22, x21, [sp, #0x10]; x22=0x72a7410d74 x21=0x14 sp=0x70d87c2d90 mem_w=0x70d87c2da0 
[libmetasec_ml.so] 0x70fbd63a0c!0x116a0c stp x20, x19, [sp, #0x20]; x20=0x72a7410d48 x19=0x48 sp=0x70d87c2d90 mem_w=0x70d87c2db0 
[libmetasec_ml.so] 0x70fbd63a10!0x116a10 stp x29, x30, [sp, #0x30]; fp=0x70d87c2e40 lr=0x70fbd63754 sp=0x70d87c2d90 mem_w=0x70d87c2dc0 
[libmetasec_ml.so] 0x70fbd63a14!0x116a14 add x29, sp, #0x30; fp=0x70d87c2e40 sp=0x70d87c2d90 -> fp=0x70d87c2dc0 
[libmetasec_ml.so] 0x70fbd63a18!0x116a18 mov x19, x0; x19=0x48 x0=0x70fbec1208 -> x19=0x70fbec1208 
[libmetasec_ml.so] 0x70fbd63a1c!0x116a1c ldr w0, [x0, #8]; w0=0xfbec1208 x0=0x70fbec1208 mem_r=0x70fbec1210 -> w0=0x3 
[libmetasec_ml.so] 0x70fbd63a20!0x116a20 mov x21, x1; x21=0x14 x1=0x72a7410d74 -> x21=0x72a7410d74 
[libmetasec_ml.so] 0x70fbd63a24!0x116a24 mov x1, x2; x1=0x72a7410d74 x2=0x7367411424 -> x1=0x7367411424 
[libmetasec_ml.so] 0x70fbd63a28!0x116a28 mov x20, x2; x20=0x72a7410d48 x2=0x7367411424 -> x20=0x7367411424 
[libmetasec_ml.so] 0x70fbd63a2c!0x116a2c bl #0x70fbd64e38; 
[libmetasec_ml.so] 0x70fbd64e38!0x117e38 lsr w8, w0, #0x1d; w8=0x53286018 w0=0x3 -> w8=0x0 
[libmetasec_ml.so] 0x70fbd64e3c!0x117e3c cbnz w8, #0x70fbd64e48; w8=0x0 
[libmetasec_ml.so] 0x70fbd64e40!0x117e40 lsl w0, w0, #3; w0=0x3 w0=0x3 -> w0=0x18 
[libmetasec_ml.so] 0x70fbd64e44!0x117e44 b #0x70fbd64eb8; 
[libmetasec_ml.so] 0x70fbd64eb8!0x117eb8 cmp w0, #0x80; w0=0x18 -> w0=0x18 
[libmetasec_ml.so] 0x70fbd64ebc!0x117ebc b.lo #0x70fbd64f0c; 
[libmetasec_ml.so] 0x70fbd64f0c!0x117f0c mov w9, wzr; w9=0xfbe42623 -> w9=0x0 
[libmetasec_ml.so] 0x70fbd64f10!0x117f10 b #0x70fbd64f2c; 
[libmetasec_ml.so] 0x70fbd64f2c!0x117f2c add w8, w9, #1; w8=0x0 w9=0x0 -> w8=0x1 
[libmetasec_ml.so] 0x70fbd64f30!0x117f30 strb w0, [x1, w9, uxtw]; w0=0x18 x1=0x7367411424 w9=0x0 mem_w=0x7367411424 
[libmetasec_ml.so] 0x70fbd64f34!0x117f34 mov x0, x8; x0=0x18 x8=0x1 -> x0=0x1 
[libmetasec_ml.so] 0x70fbd64f38!0x117f38 ret ; 
[libmetasec_ml.so] 0x70fbd63a30!0x116a30 ldr w8, [x19, #0x10]; w8=0x1 x19=0x70fbec1208 mem_r=0x70fbec1218 -> w8=0x1 
[libmetasec_ml.so] 0x70fbd63a34!0x116a34 cmp w8, #0x10; w8=0x1 -> w8=0x1 
[libmetasec_ml.so] 0x70fbd63a38!0x116a38 b.hi #0x70fbd63abc; 
[libmetasec_ml.so] 0x70fbd63a3c!0x116a3c adrp x9, #0x70fbe42000; x9=0x0 -> x9=0x70fbe42000 
[libmetasec_ml.so] 0x70fbd63a40!0x116a40 add x9, x9, #0x5d4; x9=0x70fbe42000 x9=0x70fbe42000 -> x9=0x70fbe425d4 
[libmetasec_ml.so] 0x70fbd63a44!0x116a44 adr x10, #0x70fbd63a58; x10=0x70fbd64dec -> x10=0x70fbd63a58 
[libmetasec_ml.so] 0x70fbd63a48!0x116a48 ldrb w11, [x9, x8]; w11=0x0 x9=0x70fbe425d4 x8=0x1 mem_r=0x70fbe425d5 -> w11=0x1b 
[libmetasec_ml.so] 0x70fbd63a4c!0x116a4c add x10, x10, x11, lsl #2; x10=0x70fbd63a58 x10=0x70fbd63a58 x11=0x1b -> x10=0x70fbd63ac4 
[libmetasec_ml.so] 0x70fbd63a50!0x116a50 mov x19, x0; x19=0x70fbec1208 x0=0x1 -> x19=0x1 
[libmetasec_ml.so] 0x70fbd63a54!0x116a54 br x10; x10=0x70fbd63ac4 
[libmetasec_ml.so] 0x70fbd63ac4!0x116ac4 ldr w0, [x21]; w0=0x1 x21=0x72a7410d74 mem_r=0x72a7410d74 -> w0=0x53286018 
[libmetasec_ml.so] 0x70fbd63ac8!0x116ac8 add x1, x20, x19; x1=0x7367411424 x20=0x7367411424 x19=0x1 -> x1=0x7367411425 
[libmetasec_ml.so] 0x70fbd63acc!0x116acc bl #0x70fbd64e54; 
[libmetasec_ml.so] 0x70fbd64e54!0x117e54 lsl w8, w0, #1; w8=0x1 w0=0x53286018 -> w8=0xa650c030 
[libmetasec_ml.so] 0x70fbd64e58!0x117e58 eor w0, w8, w0, asr #31; w0=0x53286018 w8=0xa650c030 w0=0x53286018 -> w0=0xa650c030 
[libmetasec_ml.so] 0x70fbd64e5c!0x117e5c b #0x70fbd64eb8; 
[libmetasec_ml.so] 0x70fbd64eb8!0x117eb8 cmp w0, #0x80; w0=0xa650c030 -> w0=0xa650c030 
[libmetasec_ml.so] 0x70fbd64ebc!0x117ebc b.lo #0x70fbd64f0c; 
[libmetasec_ml.so] 0x70fbd64ec0!0x117ec0 orr w8, w0, #0x80; w8=0xa650c030 w0=0xa650c030 -> w8=0xa650c0b0 
[libmetasec_ml.so] 0x70fbd64ec4!0x117ec4 cmp w0, #4, lsl #12; w0=0xa650c030 -> w0=0xa650c030 
[libmetasec_ml.so] 0x70fbd64ec8!0x117ec8 strb w8, [x1]; w8=0xa650c0b0 x1=0x7367411425 mem_w=0x7367411425 
[libmetasec_ml.so] 0x70fbd64ecc!0x117ecc lsr w8, w0, #7; w8=0xa650c0b0 w0=0xa650c030 -> w8=0x14ca180 
[libmetasec_ml.so] 0x70fbd64ed0!0x117ed0 b.lo #0x70fbd64f14; 
[libmetasec_ml.so] 0x70fbd64ed4!0x117ed4 orr w8, w8, #0x80; w8=0x14ca180 w8=0x14ca180 -> w8=0x14ca180 
[libmetasec_ml.so] 0x70fbd64ed8!0x117ed8 cmp w0, #0x200, lsl #12; w0=0xa650c030 -> w0=0xa650c030 
[libmetasec_ml.so] 0x70fbd64edc!0x117edc strb w8, [x1, #1]; w8=0x14ca180 x1=0x7367411425 mem_w=0x7367411426 
[libmetasec_ml.so] 0x70fbd64ee0!0x117ee0 lsr w8, w0, #0xe; w8=0x14ca180 w0=0xa650c030 -> w8=0x29943 
[libmetasec_ml.so] 0x70fbd64ee4!0x117ee4 b.lo #0x70fbd64f1c; 
[libmetasec_ml.so] 0x70fbd64ee8!0x117ee8 orr w9, w8, #0x80; w9=0xfbe425d4 w8=0x29943 -> w9=0x299c3 
[libmetasec_ml.so] 0x70fbd64eec!0x117eec lsr w8, w0, #0x15; w8=0x29943 w0=0xa650c030 -> w8=0x532 
[libmetasec_ml.so] 0x70fbd64ef0!0x117ef0 lsr w0, w0, #0x1c; w0=0xa650c030 w0=0xa650c030 -> w0=0xa 
[libmetasec_ml.so] 0x70fbd64ef4!0x117ef4 strb w9, [x1, #2]; w9=0x299c3 x1=0x7367411425 mem_w=0x7367411427 
[libmetasec_ml.so] 0x70fbd64ef8!0x117ef8 cbz w0, #0x70fbd64f24; w0=0xa 
[libmetasec_ml.so] 0x70fbd64efc!0x117efc orr w8, w8, #0x80; w8=0x532 w8=0x532 -> w8=0x5b2 
[libmetasec_ml.so] 0x70fbd64f00!0x117f00 mov w9, #4; w9=0x299c3 -> w9=0x4 
[libmetasec_ml.so] 0x70fbd64f04!0x117f04 strb w8, [x1, #3]; w8=0x5b2 x1=0x7367411425 mem_w=0x7367411428 
[libmetasec_ml.so] 0x70fbd64f08!0x117f08 b #0x70fbd64f2c; 
[libmetasec_ml.so] 0x70fbd64f2c!0x117f2c add w8, w9, #1; w8=0x5b2 w9=0x4 -> w8=0x5 
[libmetasec_ml.so] 0x70fbd64f30!0x117f30 strb w0, [x1, w9, uxtw]; w0=0xa x1=0x7367411425 w9=0x4 mem_w=0x7367411429 
[libmetasec_ml.so] 0x70fbd64f34!0x117f34 mov x0, x8; x0=0xa x8=0x5 -> x0=0x5 
[libmetasec_ml.so] 0x70fbd64f38!0x117f38 ret ; 
[libmetasec_ml.so] 0x70fbd63ad0!0x116ad0 b #0x70fbd63af0; 
[libmetasec_ml.so] 0x70fbd63af0!0x116af0 add x0, x0, x19; x0=0x5 x0=0x5 x19=0x1 -> x0=0x6 
[libmetasec_ml.so] 0x70fbd63af4!0x116af4 b #0x70fbd63bfc; 
[libmetasec_ml.so] 0x70fbd63bfc!0x116bfc ldp x29, x30, [sp, #0x30]; fp=0x70d87c2dc0 lr=0x70fbd63ad0 sp=0x70d87c2d90 mem_r=0x70d87c2dc0 -> fp=0x70d87c2e40 lr=0x70fbd63754 
[libmetasec_ml.so] 0x70fbd63c00!0x116c00 ldp x20, x19, [sp, #0x20]; x20=0x7367411424 x19=0x1 sp=0x70d87c2d90 mem_r=0x70d87c2db0 -> x20=0x72a7410d48 x19=0x48 
[libmetasec_ml.so] 0x70fbd63c04!0x116c04 ldp x22, x21, [sp, #0x10]; x22=0x72a7410d74 x21=0x72a7410d74 sp=0x70d87c2d90 mem_r=0x70d87c2da0 -> x22=0x72a7410d74 x21=0x14 
[libmetasec_ml.so] 0x70fbd63c08!0x116c08 ldr x23, [sp], #0x40; x23=0x2a45 sp=0x70d87c2d90 mem_r=0x70d87c2d90 -> x23=0x2a45 
[libmetasec_ml.so] 0x70fbd63c0c!0x116c0c ret ; 
[libmetasec_ml.so] 0x70fbd63754!0x116754 mov x25, x0; x25=0x2 x0=0x6 -> x25=0x6 
[libmetasec_ml.so] 0x70fbd63758!0x116758 b #0x70fbd63940; 
[libmetasec_ml.so] 0x70fbd63940!0x116940 add x21, x25, x21; x21=0x14 x25=0x6 x21=0x14 -> x21=0x1a 
[libmetasec_ml.so] 0x70fbd63944!0x116944 add x28, x28, #1; x28=0x2 x28=0x2 -> x28=0x3 
[libmetasec_ml.so] 0x70fbd63948!0x116948 b #0x70fbd635f0; 
[libmetasec_ml.so] 0x70fbd635f0!0x1165f0 ldr x8, [x20]; x8=0x5 x20=0x72a7410d48 mem_r=0x72a7410d48 -> x8=0x70fbebf080 
[libmetasec_ml.so] 0x70fbd635f4!0x1165f4 ldr w9, [x8, #0x30]; w9=0x4 x8=0x70fbebf080 mem_r=0x70fbebf0b0 -> w9=0x18 
[libmetasec_ml.so] 0x70fbd635f8!0x1165f8 cmp x28, x9; x28=0x3 x9=0x18 -> x28=0x3 
[libmetasec_ml.so] 0x70fbd635fc!0x1165fc b.hs #0x70fbd6397c; 
[libmetasec_ml.so] 0x70fbd63600!0x116600 ldr x8, [x8, #0x38]; x8=0x70fbebf080 x8=0x70fbebf080 mem_r=0x70fbebf0b8 -> x8=0x70fbec1178 
[libmetasec_ml.so] 0x70fbd63604!0x116604 nop ; 
[libmetasec_ml.so] 0x70fbd63608!0x116608 madd x24, x28, x19, x8; x24=0x70fbec1208 x28=0x3 x19=0x48 x8=0x70fbec1178 -> x24=0x70fbec1250 
[libmetasec_ml.so] 0x70fbd6360c!0x11660c ldr w9, [x24, #0x18]; w9=0x18 x24=0x70fbec1250 mem_r=0x70fbec1268 -> w9=0x30 
[libmetasec_ml.so] 0x70fbd63610!0x116610 ldr w11, [x24, #0xc]; w11=0x1b x24=0x70fbec1250 mem_r=0x70fbec125c -> w11=0x3 
[libmetasec_ml.so] 0x70fbd63614!0x116614 add x22, x20, x9; x22=0x72a7410d74 x20=0x72a7410d48 x9=0x30 -> x22=0x72a7410d78 
[libmetasec_ml.so] 0x70fbd63618!0x116618 cbz w11, #0x70fbd63744; w11=0x3 
[libmetasec_ml.so] 0x70fbd6361c!0x11661c ldr w9, [x24, #0x14]; w9=0x30 x24=0x70fbec1250 mem_r=0x70fbec1264 -> w9=0x0 
[libmetasec_ml.so] 0x70fbd63620!0x116620 cmp w11, #1; w11=0x3 -> w11=0x3 
[libmetasec_ml.so] 0x70fbd63624!0x116624 madd x10, x28, x19, x8; x10=0x70fbd63ac4 x28=0x3 x19=0x48 x8=0x70fbec1178 -> x10=0x70fbec1250 
[libmetasec_ml.so] 0x70fbd63628!0x116628 ccmp w11, #3, #4, ne; w11=0x3 
[libmetasec_ml.so] 0x70fbd6362c!0x11662c b.ne #0x70fbd63668; 
[libmetasec_ml.so] 0x70fbd63630!0x116630 ldr w10, [x10, #0x30]; w10=0xfbec1250 x10=0x70fbec1250 mem_r=0x70fbec1280 -> w10=0x0 
[libmetasec_ml.so] 0x70fbd63634!0x116634 tbnz w10, #2, #0x70fbd636a0; w10=0x0 
[libmetasec_ml.so] 0x70fbd63638!0x116638 cmp w11, #3; w11=0x3 -> w11=0x3 
[libmetasec_ml.so] 0x70fbd6363c!0x11663c b.eq #0x70fbd6372c; 
[libmetasec_ml.so] 0x70fbd6372c!0x11672c mov x0, x24; x0=0x6 x24=0x70fbec1250 -> x0=0x70fbec1250 
[libmetasec_ml.so] 0x70fbd63730!0x116730 mov x1, x22; x1=0x7367411425 x22=0x72a7410d78 -> x1=0x72a7410d78 
[libmetasec_ml.so] 0x70fbd63734!0x116734 bl #0x70fbd64dc8; 
[libmetasec_ml.so] 0x70fbd64dc8!0x117dc8 ldr w8, [x0, #0x10]; w8=0xfbec1178 x0=0x70fbec1250 mem_r=0x70fbec1260 -> w8=0xe 
[libmetasec_ml.so] 0x70fbd64dcc!0x117dcc cmp w8, #0x10; w8=0xe -> w8=0xe 
[libmetasec_ml.so] 0x70fbd64dd0!0x117dd0 b.hi #0x70fbd64e30; 
[libmetasec_ml.so] 0x70fbd64dd4!0x117dd4 adrp x9, #0x70fbe42000; x9=0x0 -> x9=0x70fbe42000 
[libmetasec_ml.so] 0x70fbd64dd8!0x117dd8 add x9, x9, #0x623; x9=0x70fbe42000 x9=0x70fbe42000 -> x9=0x70fbe42623 
[libmetasec_ml.so] 0x70fbd64ddc!0x117ddc adr x10, #0x70fbd64dec; x10=0x0 -> x10=0x70fbd64dec 
[libmetasec_ml.so] 0x70fbd64de0!0x117de0 ldrb w11, [x9, x8]; w11=0x3 x9=0x70fbe42623 x8=0xe mem_r=0x70fbe42631 -> w11=0xd 
[libmetasec_ml.so] 0x70fbd64de4!0x117de4 add x10, x10, x11, lsl #2; x10=0x70fbd64dec x10=0x70fbd64dec x11=0xd -> x10=0x70fbd64e20 
[libmetasec_ml.so] 0x70fbd64de8!0x117de8 br x10; x10=0x70fbd64e20 
[libmetasec_ml.so] 0x70fbd64e20!0x117e20 ldr x8, [x1]; x8=0xe x1=0x72a7410d78 mem_r=0x72a7410d78 -> x8=0x74472c4070 
[libmetasec_ml.so] 0x70fbd64e24!0x117e24 cbz x8, #0x70fbd64e30; x8=0x74472c4070 
[libmetasec_ml.so] 0x70fbd64e28!0x117e28 ldrb w8, [x8]; w8=0x472c4070 x8=0x74472c4070 mem_r=0x74472c4070 -> w8=0x31 
[libmetasec_ml.so] 0x70fbd64e2c!0x117e2c b #0x70fbd64df0; 
[libmetasec_ml.so] 0x70fbd64df0!0x117df0 cmp w8, #0; w8=0x31 -> w8=0x31 
[libmetasec_ml.so] 0x70fbd64df4!0x117df4 b #0x70fbd64e00; 
[libmetasec_ml.so] 0x70fbd64e00!0x117e00 cset w0, eq; w0=0xfbec1250 -> w0=0x0 
[libmetasec_ml.so] 0x70fbd64e04!0x117e04 ret ; 
[libmetasec_ml.so] 0x70fbd63738!0x116738 cbz w0, #0x70fbd63744; w0=0x0 
[libmetasec_ml.so] 0x70fbd63744!0x116744 add x2, x27, x21; x2=0x7367411424 x27=0x7367411410 x21=0x1a -> x2=0x736741142a 
[libmetasec_ml.so] 0x70fbd63748!0x116748 mov x0, x24; x0=0x0 x24=0x70fbec1250 -> x0=0x70fbec1250 
[libmetasec_ml.so] 0x70fbd6374c!0x11674c mov x1, x22; x1=0x72a7410d78 x22=0x72a7410d78 -> x1=0x72a7410d78 
[libmetasec_ml.so] 0x70fbd63750!0x116750 bl #0x70fbd63a04; 
[libmetasec_ml.so] 0x70fbd63a04!0x116a04 str x23, [sp, #-0x40]!; x23=0x2a45 sp=0x70d87c2dd0 mem_w=0x70d87c2d90 -> sp=0x70d87c2d90 
[libmetasec_ml.so] 0x70fbd63a08!0x116a08 stp x22, x21, [sp, #0x10]; x22=0x72a7410d78 x21=0x1a sp=0x70d87c2d90 mem_w=0x70d87c2da0 
[libmetasec_ml.so] 0x70fbd63a0c!0x116a0c stp x20, x19, [sp, #0x20]; x20=0x72a7410d48 x19=0x48 sp=0x70d87c2d90 mem_w=0x70d87c2db0 
[libmetasec_ml.so] 0x70fbd63a10!0x116a10 stp x29, x30, [sp, #0x30]; fp=0x70d87c2e40 lr=0x70fbd63754 sp=0x70d87c2d90 mem_w=0x70d87c2dc0 
[libmetasec_ml.so] 0x70fbd63a14!0x116a14 add x29, sp, #0x30; fp=0x70d87c2e40 sp=0x70d87c2d90 -> fp=0x70d87c2dc0 
[libmetasec_ml.so] 0x70fbd63a18!0x116a18 mov x19, x0; x19=0x48 x0=0x70fbec1250 -> x19=0x70fbec1250 
[libmetasec_ml.so] 0x70fbd63a1c!0x116a1c ldr w0, [x0, #8]; w0=0xfbec1250 x0=0x70fbec1250 mem_r=0x70fbec1258 -> w0=0x4 
[libmetasec_ml.so] 0x70fbd63a20!0x116a20 mov x21, x1; x21=0x1a x1=0x72a7410d78 -> x21=0x72a7410d78 
[libmetasec_ml.so] 0x70fbd63a24!0x116a24 mov x1, x2; x1=0x72a7410d78 x2=0x736741142a -> x1=0x736741142a 
[libmetasec_ml.so] 0x70fbd63a28!0x116a28 mov x20, x2; x20=0x72a7410d48 x2=0x736741142a -> x20=0x736741142a 
[libmetasec_ml.so] 0x70fbd63a2c!0x116a2c bl #0x70fbd64e38; 
[libmetasec_ml.so] 0x70fbd64e38!0x117e38 lsr w8, w0, #0x1d; w8=0x31 w0=0x4 -> w8=0x0 
[libmetasec_ml.so] 0x70fbd64e3c!0x117e3c cbnz w8, #0x70fbd64e48; w8=0x0 
[libmetasec_ml.so] 0x70fbd64e40!0x117e40 lsl w0, w0, #3; w0=0x4 w0=0x4 -> w0=0x20 
[libmetasec_ml.so] 0x70fbd64e44!0x117e44 b #0x70fbd64eb8; 
[libmetasec_ml.so] 0x70fbd64eb8!0x117eb8 cmp w0, #0x80; w0=0x20 -> w0=0x20 
[libmetasec_ml.so] 0x70fbd64ebc!0x117ebc b.lo #0x70fbd64f0c; 
[libmetasec_ml.so] 0x70fbd64f0c!0x117f0c mov w9, wzr; w9=0xfbe42623 -> w9=0x0 
[libmetasec_ml.so] 0x70fbd64f10!0x117f10 b #0x70fbd64f2c; 
[libmetasec_ml.so] 0x70fbd64f2c!0x117f2c add w8, w9, #1; w8=0x0 w9=0x0 -> w8=0x1 
[libmetasec_ml.so] 0x70fbd64f30!0x117f30 strb w0, [x1, w9, uxtw]; w0=0x20 x1=0x736741142a w9=0x0 mem_w=0x736741142a 
[libmetasec_ml.so] 0x70fbd64f34!0x117f34 mov x0, x8; x0=0x20 x8=0x1 -> x0=0x1 
[libmetasec_ml.so] 0x70fbd64f38!0x117f38 ret ; 
[libmetasec_ml.so] 0x70fbd63a30!0x116a30 ldr w8, [x19, #0x10]; w8=0x1 x19=0x70fbec1250 mem_r=0x70fbec1260 -> w8=0xe 
[libmetasec_ml.so] 0x70fbd63a34!0x116a34 cmp w8, #0x10; w8=0xe -> w8=0xe 
[libmetasec_ml.so] 0x70fbd63a38!0x116a38 b.hi #0x70fbd63abc; 
[libmetasec_ml.so] 0x70fbd63a3c!0x116a3c adrp x9, #0x70fbe42000; x9=0x0 -> x9=0x70fbe42000 
[libmetasec_ml.so] 0x70fbd63a40!0x116a40 add x9, x9, #0x5d4; x9=0x70fbe42000 x9=0x70fbe42000 -> x9=0x70fbe425d4 
[libmetasec_ml.so] 0x70fbd63a44!0x116a44 adr x10, #0x70fbd63a58; x10=0x70fbd64e20 -> x10=0x70fbd63a58 
[libmetasec_ml.so] 0x70fbd63a48!0x116a48 ldrb w11, [x9, x8]; w11=0xd x9=0x70fbe425d4 x8=0xe mem_r=0x70fbe425e2 -> w11=0x2e 
[libmetasec_ml.so] 0x70fbd63a4c!0x116a4c add x10, x10, x11, lsl #2; x10=0x70fbd63a58 x10=0x70fbd63a58 x11=0x2e -> x10=0x70fbd63b10 
[libmetasec_ml.so] 0x70fbd63a50!0x116a50 mov x19, x0; x19=0x70fbec1250 x0=0x1 -> x19=0x1 
[libmetasec_ml.so] 0x70fbd63a54!0x116a54 br x10; x10=0x70fbd63b10 
[libmetasec_ml.so] 0x70fbd63b10!0x116b10 ldrb w8, [x20]; w8=0xe x20=0x736741142a mem_r=0x736741142a -> w8=0x20 
[libmetasec_ml.so] 0x70fbd63b14!0x116b14 orr w8, w8, #2; w8=0x20 w8=0x20 -> w8=0x22 
[libmetasec_ml.so] 0x70fbd63b18!0x116b18 strb w8, [x20]; w8=0x22 x20=0x736741142a mem_w=0x736741142a 
[libmetasec_ml.so] 0x70fbd63b1c!0x116b1c ldr x21, [x21]; x21=0x72a7410d78 x21=0x72a7410d78 mem_r=0x72a7410d78 -> x21=0x74472c4070 
[libmetasec_ml.so] 0x70fbd63b20!0x116b20 add x20, x20, x19; x20=0x736741142a x20=0x736741142a x19=0x1 -> x20=0x736741142b 
[libmetasec_ml.so] 0x70fbd63b24!0x116b24 cbz x21, #0x70fbd63bf0; x21=0x74472c4070 
[libmetasec_ml.so] 0x70fbd63b28!0x116b28 mov x0, x21; x0=0x1 x21=0x74472c4070 -> x0=0x74472c4070 
[libmetasec_ml.so] 0x70fbd63b2c!0x116b2c bl #0x70fbc80b40; 
[libmetasec_ml.so] 0x70fbc80b40!0x33b40 adrp x16, #0x70fbec9000; x16=0x70fbec9998 -> x16=0x70fbec9000 
[libmetasec_ml.so] 0x70fbc80b44!0x33b44 ldr x17, [x16, #0xa28]; x17=0x75402d9c80 x16=0x70fbec9000 mem_r=0x70fbec9a28 -> x17=0x75402dab00 
[libmetasec_ml.so] 0x70fbc80b48!0x33b48 add x16, x16, #0xa28; x16=0x70fbec9000 x16=0x70fbec9000 -> x16=0x70fbec9a28 
[libmetasec_ml.so] 0x70fbc80b4c!0x33b4c br x17; x17=0x75402dab00 
call func: __strlen_aarch64(0x74472c4070)
args0: 1128
ret: 0x4
[libmetasec_ml.so] 0x70fbd63b30!0x116b30 mov x1, x20; x1=0x736741142a x20=0x736741142b -> x1=0x736741142b 
[libmetasec_ml.so] 0x70fbd63b34!0x116b34 mov x22, x0; x22=0x72a7410d78 x0=0x4 -> x22=0x4 
[libmetasec_ml.so] 0x70fbd63b38!0x116b38 bl #0x70fbd64eb8; 
[libmetasec_ml.so] 0x70fbd64eb8!0x117eb8 cmp w0, #0x80; w0=0x4 -> w0=0x4 
[libmetasec_ml.so] 0x70fbd64ebc!0x117ebc b.lo #0x70fbd64f0c; 
[libmetasec_ml.so] 0x70fbd64f0c!0x117f0c mov w9, wzr; w9=0xfbe425d4 -> w9=0x0 
[libmetasec_ml.so] 0x70fbd64f10!0x117f10 b #0x70fbd64f2c; 
[libmetasec_ml.so] 0x70fbd64f2c!0x117f2c add w8, w9, #1; w8=0x1010101 w9=0x0 -> w8=0x1 
[libmetasec_ml.so] 0x70fbd64f30!0x117f30 strb w0, [x1, w9, uxtw]; w0=0x4 x1=0x736741142b w9=0x0 mem_w=0x736741142b 
[libmetasec_ml.so] 0x70fbd64f34!0x117f34 mov x0, x8; x0=0x4 x8=0x1 -> x0=0x1 
[libmetasec_ml.so] 0x70fbd64f38!0x117f38 ret ; 
[libmetasec_ml.so] 0x70fbd63b3c!0x116b3c mov x23, x0; x23=0x2a45 x0=0x1 -> x23=0x1 
[libmetasec_ml.so] 0x70fbd63b40!0x116b40 add x0, x20, x0; x0=0x1 x20=0x736741142b x0=0x1 -> x0=0x736741142c 
[libmetasec_ml.so] 0x70fbd63b44!0x116b44 mov x1, x21; x1=0x736741142b x21=0x74472c4070 -> x1=0x74472c4070 
[libmetasec_ml.so] 0x70fbd63b48!0x116b48 mov x2, x22; x2=0x38323131 x22=0x4 -> x2=0x4 
[libmetasec_ml.so] 0x70fbd63b4c!0x116b4c bl #0x70fbc80a20; 
[libmetasec_ml.so] 0x70fbc80a20!0x33a20 adrp x16, #0x70fbec9000; x16=0x70fbec9a28 -> x16=0x70fbec9000 
[libmetasec_ml.so] 0x70fbc80a24!0x33a24 ldr x17, [x16, #0x998]; x17=0x75402dab00 x16=0x70fbec9000 mem_r=0x70fbec9998 -> x17=0x75402d9c80 
[libmetasec_ml.so] 0x70fbc80a28!0x33a28 add x16, x16, #0x998; x16=0x70fbec9000 x16=0x70fbec9000 -> x16=0x70fbec9998 
[libmetasec_ml.so] 0x70fbc80a2c!0x33a2c br x17; x17=0x75402d9c80 
call func: __memcpy_aarch64_simd(0x736741142c, 0x74472c4070, 0x4)
hexdump at address 0x74472c4070 with length 0x4:
74472c4070: 31 31 32 38                                     |1128            |
ret: 0x736741142c
[libmetasec_ml.so] 0x70fbd63b50!0x116b50 add x8, x23, x22; x8=0x38323131 x23=0x1 x22=0x4 -> x8=0x5 
[libmetasec_ml.so] 0x70fbd63b54!0x116b54 b #0x70fbd63bf8; 
[libmetasec_ml.so] 0x70fbd63bf8!0x116bf8 add x0, x8, x19; x0=0x736741142c x8=0x5 x19=0x1 -> x0=0x6 
[libmetasec_ml.so] 0x70fbd63bfc!0x116bfc ldp x29, x30, [sp, #0x30]; fp=0x70d87c2dc0 lr=0x70fbd63b50 sp=0x70d87c2d90 mem_r=0x70d87c2dc0 -> fp=0x70d87c2e40 lr=0x70fbd63754 
[libmetasec_ml.so] 0x70fbd63c00!0x116c00 ldp x20, x19, [sp, #0x20]; x20=0x736741142b x19=0x1 sp=0x70d87c2d90 mem_r=0x70d87c2db0 -> x20=0x72a7410d48 x19=0x48 
[libmetasec_ml.so] 0x70fbd63c04!0x116c04 ldp x22, x21, [sp, #0x10]; x22=0x4 x21=0x74472c4070 sp=0x70d87c2d90 mem_r=0x70d87c2da0 -> x22=0x72a7410d78 x21=0x1a 
[libmetasec_ml.so] 0x70fbd63c08!0x116c08 ldr x23, [sp], #0x40; x23=0x1 sp=0x70d87c2d90 mem_r=0x70d87c2d90 -> x23=0x2a45 
[libmetasec_ml.so] 0x70fbd63c0c!0x116c0c ret ; 
[libmetasec_ml.so] 0x70fbd63754!0x116754 mov x25, x0; x25=0x6 x0=0x6 -> x25=0x6 
[libmetasec_ml.so] 0x70fbd63758!0x116758 b #0x70fbd63940; 
[libmetasec_ml.so] 0x70fbd63940!0x116940 add x21, x25, x21; x21=0x1a x25=0x6 x21=0x1a -> x21=0x20 
[libmetasec_ml.so] 0x70fbd63944!0x116944 add x28, x28, #1; x28=0x3 x28=0x3 -> x28=0x4 
[libmetasec_ml.so] 0x70fbd63948!0x116948 b #0x70fbd635f0; 
[libmetasec_ml.so] 0x70fbd635f0!0x1165f0 ldr x8, [x20]; x8=0x5 x20=0x72a7410d48 mem_r=0x72a7410d48 -> x8=0x70fbebf080 
[libmetasec_ml.so] 0x70fbd635f4!0x1165f4 ldr w9, [x8, #0x30]; w9=0x0 x8=0x70fbebf080 mem_r=0x70fbebf0b0 -> w9=0x18 
[libmetasec_ml.so] 0x70fbd635f8!0x1165f8 cmp x28, x9; x28=0x4 x9=0x18 -> x28=0x4 
[libmetasec_ml.so] 0x70fbd635fc!0x1165fc b.hs #0x70fbd6397c; 
[libmetasec_ml.so] 0x70fbd63600!0x116600 ldr x8, [x8, #0x38]; x8=0x70fbebf080 x8=0x70fbebf080 mem_r=0x70fbebf0b8 -> x8=0x70fbec1178 
[libmetasec_ml.so] 0x70fbd63604!0x116604 nop ; 
[libmetasec_ml.so] 0x70fbd63608!0x116608 madd x24, x28, x19, x8; x24=0x70fbec1250 x28=0x4 x19=0x48 x8=0x70fbec1178 -> x24=0x70fbec1298 
[libmetasec_ml.so] 0x70fbd6360c!0x11660c ldr w9, [x24, #0x18]; w9=0x18 x24=0x70fbec1298 mem_r=0x70fbec12b0 -> w9=0x38 
[libmetasec_ml.so] 0x70fbd63610!0x116610 ldr w11, [x24, #0xc]; w11=0x2e x24=0x70fbec1298 mem_r=0x70fbec12a4 -> w11=0x3 
[libmetasec_ml.so] 0x70fbd63614!0x116614 add x22, x20, x9; x22=0x72a7410d78 x20=0x72a7410d48 x9=0x38 -> x22=0x72a7410d80 
[libmetasec_ml.so] 0x70fbd63618!0x116618 cbz w11, #0x70fbd63744; w11=0x3 
[libmetasec_ml.so] 0x70fbd6361c!0x11661c ldr w9, [x24, #0x14]; w9=0x38 x24=0x70fbec1298 mem_r=0x70fbec12ac -> w9=0x0 
[libmetasec_ml.so] 0x70fbd63620!0x116620 cmp w11, #1; w11=0x3 -> w11=0x3 
[libmetasec_ml.so] 0x70fbd63624!0x116624 madd x10, x28, x19, x8; x10=0x70fbd63b10 x28=0x4 x19=0x48 x8=0x70fbec1178 -> x10=0x70fbec1298 
[libmetasec_ml.so] 0x70fbd63628!0x116628 ccmp w11, #3, #4, ne; w11=0x3 
[libmetasec_ml.so] 0x70fbd6362c!0x11662c b.ne #0x70fbd63668; 
[libmetasec_ml.so] 0x70fbd63630!0x116630 ldr w10, [x10, #0x30]; w10=0xfbec1298 x10=0x70fbec1298 mem_r=0x70fbec12c8 -> w10=0x0 
[libmetasec_ml.so] 0x70fbd63634!0x116634 tbnz w10, #2, #0x70fbd636a0; w10=0x0 
[libmetasec_ml.so] 0x70fbd63638!0x116638 cmp w11, #3; w11=0x3 -> w11=0x3 
[libmetasec_ml.so] 0x70fbd6363c!0x11663c b.eq #0x70fbd6372c; 
[libmetasec_ml.so] 0x70fbd6372c!0x11672c mov x0, x24; x0=0x6 x24=0x70fbec1298 -> x0=0x70fbec1298 
[libmetasec_ml.so] 0x70fbd63730!0x116730 mov x1, x22; x1=0x74472c4070 x22=0x72a7410d80 -> x1=0x72a7410d80 
[libmetasec_ml.so] 0x70fbd63734!0x116734 bl #0x70fbd64dc8; 
[libmetasec_ml.so] 0x70fbd64dc8!0x117dc8 ldr w8, [x0, #0x10]; w8=0xfbec1178 x0=0x70fbec1298 mem_r=0x70fbec12a8 -> w8=0xe 
[libmetasec_ml.so] 0x70fbd64dcc!0x117dcc cmp w8, #0x10; w8=0xe -> w8=0xe 
[libmetasec_ml.so] 0x70fbd64dd0!0x117dd0 b.hi #0x70fbd64e30; 
[libmetasec_ml.so] 0x70fbd64dd4!0x117dd4 adrp x9, #0x70fbe42000; x9=0x0 -> x9=0x70fbe42000 
[libmetasec_ml.so] 0x70fbd64dd8!0x117dd8 add x9, x9, #0x623; x9=0x70fbe42000 x9=0x70fbe42000 -> x9=0x70fbe42623 
[libmetasec_ml.so] 0x70fbd64ddc!0x117ddc adr x10, #0x70fbd64dec; x10=0x0 -> x10=0x70fbd64dec 
[libmetasec_ml.so] 0x70fbd64de0!0x117de0 ldrb w11, [x9, x8]; w11=0x3 x9=0x70fbe42623 x8=0xe mem_r=0x70fbe42631 -> w11=0xd 
[libmetasec_ml.so] 0x70fbd64de4!0x117de4 add x10, x10, x11, lsl #2; x10=0x70fbd64dec x10=0x70fbd64dec x11=0xd -> x10=0x70fbd64e20 
[libmetasec_ml.so] 0x70fbd64de8!0x117de8 br x10; x10=0x70fbd64e20 
[libmetasec_ml.so] 0x70fbd64e20!0x117e20 ldr x8, [x1]; x8=0xe x1=0x72a7410d80 mem_r=0x72a7410d80 -> x8=0x7397489990 
[libmetasec_ml.so] 0x70fbd64e24!0x117e24 cbz x8, #0x70fbd64e30; x8=0x7397489990 
[libmetasec_ml.so] 0x70fbd64e28!0x117e28 ldrb w8, [x8]; w8=0x97489990 x8=0x7397489990 mem_r=0x7397489990 -> w8=0x34 
[libmetasec_ml.so] 0x70fbd64e2c!0x117e2c b #0x70fbd64df0; 
[libmetasec_ml.so] 0x70fbd64df0!0x117df0 cmp w8, #0; w8=0x34 -> w8=0x34 
[libmetasec_ml.so] 0x70fbd64df4!0x117df4 b #0x70fbd64e00; 
[libmetasec_ml.so] 0x70fbd64e00!0x117e00 cset w0, eq; w0=0xfbec1298 -> w0=0x0 
[libmetasec_ml.so] 0x70fbd64e04!0x117e04 ret ; 
[libmetasec_ml.so] 0x70fbd63738!0x116738 cbz w0, #0x70fbd63744; w0=0x0 
[libmetasec_ml.so] 0x70fbd63744!0x116744 add x2, x27, x21; x2=0x4 x27=0x7367411410 x21=0x20 -> x2=0x7367411430 
[libmetasec_ml.so] 0x70fbd63748!0x116748 mov x0, x24; x0=0x0 x24=0x70fbec1298 -> x0=0x70fbec1298 
[libmetasec_ml.so] 0x70fbd6374c!0x11674c mov x1, x22; x1=0x72a7410d80 x22=0x72a7410d80 -> x1=0x72a7410d80 
[libmetasec_ml.so] 0x70fbd63750!0x116750 bl #0x70fbd63a04; 
[libmetasec_ml.so] 0x70fbd63a04!0x116a04 str x23, [sp, #-0x40]!; x23=0x2a45 sp=0x70d87c2dd0 mem_w=0x70d87c2d90 -> sp=0x70d87c2d90 
[libmetasec_ml.so] 0x70fbd63a08!0x116a08 stp x22, x21, [sp, #0x10]; x22=0x72a7410d80 x21=0x20 sp=0x70d87c2d90 mem_w=0x70d87c2da0 
[libmetasec_ml.so] 0x70fbd63a0c!0x116a0c stp x20, x19, [sp, #0x20]; x20=0x72a7410d48 x19=0x48 sp=0x70d87c2d90 mem_w=0x70d87c2db0 
[libmetasec_ml.so] 0x70fbd63a10!0x116a10 stp x29, x30, [sp, #0x30]; fp=0x70d87c2e40 lr=0x70fbd63754 sp=0x70d87c2d90 mem_w=0x70d87c2dc0 
[libmetasec_ml.so] 0x70fbd63a14!0x116a14 add x29, sp, #0x30; fp=0x70d87c2e40 sp=0x70d87c2d90 -> fp=0x70d87c2dc0 
[libmetasec_ml.so] 0x70fbd63a18!0x116a18 mov x19, x0; x19=0x48 x0=0x70fbec1298 -> x19=0x70fbec1298 
[libmetasec_ml.so] 0x70fbd63a1c!0x116a1c ldr w0, [x0, #8]; w0=0xfbec1298 x0=0x70fbec1298 mem_r=0x70fbec12a0 -> w0=0x5 
[libmetasec_ml.so] 0x70fbd63a20!0x116a20 mov x21, x1; x21=0x20 x1=0x72a7410d80 -> x21=0x72a7410d80 
[libmetasec_ml.so] 0x70fbd63a24!0x116a24 mov x1, x2; x1=0x72a7410d80 x2=0x7367411430 -> x1=0x7367411430 
[libmetasec_ml.so] 0x70fbd63a28!0x116a28 mov x20, x2; x20=0x72a7410d48 x2=0x7367411430 -> x20=0x7367411430 
[libmetasec_ml.so] 0x70fbd63a2c!0x116a2c bl #0x70fbd64e38; 
[libmetasec_ml.so] 0x70fbd64e38!0x117e38 lsr w8, w0, #0x1d; w8=0x34 w0=0x5 -> w8=0x0 
[libmetasec_ml.so] 0x70fbd64e3c!0x117e3c cbnz w8, #0x70fbd64e48; w8=0x0 
[libmetasec_ml.so] 0x70fbd64e40!0x117e40 lsl w0, w0, #3; w0=0x5 w0=0x5 -> w0=0x28 
[libmetasec_ml.so] 0x70fbd64e44!0x117e44 b #0x70fbd64eb8; 
[libmetasec_ml.so] 0x70fbd64eb8!0x117eb8 cmp w0, #0x80; w0=0x28 -> w0=0x28 
[libmetasec_ml.so] 0x70fbd64ebc!0x117ebc b.lo #0x70fbd64f0c; 
[libmetasec_ml.so] 0x70fbd64f0c!0x117f0c mov w9, wzr; w9=0xfbe42623 -> w9=0x0 
[libmetasec_ml.so] 0x70fbd64f10!0x117f10 b #0x70fbd64f2c; 
[libmetasec_ml.so] 0x70fbd64f2c!0x117f2c add w8, w9, #1; w8=0x0 w9=0x0 -> w8=0x1 
[libmetasec_ml.so] 0x70fbd64f30!0x117f30 strb w0, [x1, w9, uxtw]; w0=0x28 x1=0x7367411430 w9=0x0 mem_w=0x7367411430 
[libmetasec_ml.so] 0x70fbd64f34!0x117f34 mov x0, x8; x0=0x28 x8=0x1 -> x0=0x1 
[libmetasec_ml.so] 0x70fbd64f38!0x117f38 ret ; 
[libmetasec_ml.so] 0x70fbd63a30!0x116a30 ldr w8, [x19, #0x10]; w8=0x1 x19=0x70fbec1298 mem_r=0x70fbec12a8 -> w8=0xe 
[libmetasec_ml.so] 0x70fbd63a34!0x116a34 cmp w8, #0x10; w8=0xe -> w8=0xe 
[libmetasec_ml.so] 0x70fbd63a38!0x116a38 b.hi #0x70fbd63abc; 
[libmetasec_ml.so] 0x70fbd63a3c!0x116a3c adrp x9, #0x70fbe42000; x9=0x0 -> x9=0x70fbe42000 
[libmetasec_ml.so] 0x70fbd63a40!0x116a40 add x9, x9, #0x5d4; x9=0x70fbe42000 x9=0x70fbe42000 -> x9=0x70fbe425d4 
[libmetasec_ml.so] 0x70fbd63a44!0x116a44 adr x10, #0x70fbd63a58; x10=0x70fbd64e20 -> x10=0x70fbd63a58 
[libmetasec_ml.so] 0x70fbd63a48!0x116a48 ldrb w11, [x9, x8]; w11=0xd x9=0x70fbe425d4 x8=0xe mem_r=0x70fbe425e2 -> w11=0x2e 
[libmetasec_ml.so] 0x70fbd63a4c!0x116a4c add x10, x10, x11, lsl #2; x10=0x70fbd63a58 x10=0x70fbd63a58 x11=0x2e -> x10=0x70fbd63b10 
[libmetasec_ml.so] 0x70fbd63a50!0x116a50 mov x19, x0; x19=0x70fbec1298 x0=0x1 -> x19=0x1 
[libmetasec_ml.so] 0x70fbd63a54!0x116a54 br x10; x10=0x70fbd63b10 
[libmetasec_ml.so] 0x70fbd63b10!0x116b10 ldrb w8, [x20]; w8=0xe x20=0x7367411430 mem_r=0x7367411430 -> w8=0x28 
[libmetasec_ml.so] 0x70fbd63b14!0x116b14 orr w8, w8, #2; w8=0x28 w8=0x28 -> w8=0x2a 
[libmetasec_ml.so] 0x70fbd63b18!0x116b18 strb w8, [x20]; w8=0x2a x20=0x7367411430 mem_w=0x7367411430 
[libmetasec_ml.so] 0x70fbd63b1c!0x116b1c ldr x21, [x21]; x21=0x72a7410d80 x21=0x72a7410d80 mem_r=0x72a7410d80 -> x21=0x7397489990 
[libmetasec_ml.so] 0x70fbd63b20!0x116b20 add x20, x20, x19; x20=0x7367411430 x20=0x7367411430 x19=0x1 -> x20=0x7367411431 
[libmetasec_ml.so] 0x70fbd63b24!0x116b24 cbz x21, #0x70fbd63bf0; x21=0x7397489990 
[libmetasec_ml.so] 0x70fbd63b28!0x116b28 mov x0, x21; x0=0x1 x21=0x7397489990 -> x0=0x7397489990 
[libmetasec_ml.so] 0x70fbd63b2c!0x116b2c bl #0x70fbc80b40; 
[libmetasec_ml.so] 0x70fbc80b40!0x33b40 adrp x16, #0x70fbec9000; x16=0x70fbec9998 -> x16=0x70fbec9000 
[libmetasec_ml.so] 0x70fbc80b44!0x33b44 ldr x17, [x16, #0xa28]; x17=0x75402d9c80 x16=0x70fbec9000 mem_r=0x70fbec9a28 -> x17=0x75402dab00 
[libmetasec_ml.so] 0x70fbc80b48!0x33b48 add x16, x16, #0xa28; x16=0x70fbec9000 x16=0x70fbec9000 -> x16=0x70fbec9a28 
[libmetasec_ml.so] 0x70fbc80b4c!0x33b4c br x17; x17=0x75402dab00 
call func: __strlen_aarch64(0x7397489990)
args0: 4087336283154583
ret: 0x10
[libmetasec_ml.so] 0x70fbd63b30!0x116b30 mov x1, x20; x1=0x7367411430 x20=0x7367411431 -> x1=0x7367411431 
[libmetasec_ml.so] 0x70fbd63b34!0x116b34 mov x22, x0; x22=0x72a7410d80 x0=0x10 -> x22=0x10 
[libmetasec_ml.so] 0x70fbd63b38!0x116b38 bl #0x70fbd64eb8; 
[libmetasec_ml.so] 0x70fbd64eb8!0x117eb8 cmp w0, #0x80; w0=0x10 -> w0=0x10 
[libmetasec_ml.so] 0x70fbd64ebc!0x117ebc b.lo #0x70fbd64f0c; 
[libmetasec_ml.so] 0x70fbd64f0c!0x117f0c mov w9, wzr; w9=0xfbe425d4 -> w9=0x0 
[libmetasec_ml.so] 0x70fbd64f10!0x117f10 b #0x70fbd64f2c; 
[libmetasec_ml.so] 0x70fbd64f2c!0x117f2c add w8, w9, #1; w8=0x1010101 w9=0x0 -> w8=0x1 
[libmetasec_ml.so] 0x70fbd64f30!0x117f30 strb w0, [x1, w9, uxtw]; w0=0x10 x1=0x7367411431 w9=0x0 mem_w=0x7367411431 
[libmetasec_ml.so] 0x70fbd64f34!0x117f34 mov x0, x8; x0=0x10 x8=0x1 -> x0=0x1 
[libmetasec_ml.so] 0x70fbd64f38!0x117f38 ret ; 
[libmetasec_ml.so] 0x70fbd63b3c!0x116b3c mov x23, x0; x23=0x2a45 x0=0x1 -> x23=0x1 
[libmetasec_ml.so] 0x70fbd63b40!0x116b40 add x0, x20, x0; x0=0x1 x20=0x7367411431 x0=0x1 -> x0=0x7367411432 
[libmetasec_ml.so] 0x70fbd63b44!0x116b44 mov x1, x21; x1=0x7367411431 x21=0x7397489990 -> x1=0x7397489990 
[libmetasec_ml.so] 0x70fbd63b48!0x116b48 mov x2, x22; x2=0x65737200006e9300 x22=0x10 -> x2=0x10 
[libmetasec_ml.so] 0x70fbd63b4c!0x116b4c bl #0x70fbc80a20; 
[libmetasec_ml.so] 0x70fbc80a20!0x33a20 adrp x16, #0x70fbec9000; x16=0x70fbec9a28 -> x16=0x70fbec9000 
[libmetasec_ml.so] 0x70fbc80a24!0x33a24 ldr x17, [x16, #0x998]; x17=0x75402dab00 x16=0x70fbec9000 mem_r=0x70fbec9998 -> x17=0x75402d9c80 
[libmetasec_ml.so] 0x70fbc80a28!0x33a28 add x16, x16, #0x998; x16=0x70fbec9000 x16=0x70fbec9000 -> x16=0x70fbec9998 
[libmetasec_ml.so] 0x70fbc80a2c!0x33a2c br x17; x17=0x75402d9c80 
call func: __memcpy_aarch64_simd(0x7367411432, 0x7397489990, 0x10)
hexdump at address 0x7397489990 with length 0x10:
7397489990: 34 30 38 37 33 33 36 32 38 33 31 35 34 35 38 33 |4087336283154583|
ret: 0x7367411432
[libmetasec_ml.so] 0x70fbd63b50!0x116b50 add x8, x23, x22; x8=0x1 x23=0x1 x22=0x10 -> x8=0x11 
[libmetasec_ml.so] 0x70fbd63b54!0x116b54 b #0x70fbd63bf8; 
[libmetasec_ml.so] 0x70fbd63bf8!0x116bf8 add x0, x8, x19; x0=0x7367411432 x8=0x11 x19=0x1 -> x0=0x12 
[libmetasec_ml.so] 0x70fbd63bfc!0x116bfc ldp x29, x30, [sp, #0x30]; fp=0x70d87c2dc0 lr=0x70fbd63b50 sp=0x70d87c2d90 mem_r=0x70d87c2dc0 -> fp=0x70d87c2e40 lr=0x70fbd63754 
[libmetasec_ml.so] 0x70fbd63c00!0x116c00 ldp x20, x19, [sp, #0x20]; x20=0x7367411431 x19=0x1 sp=0x70d87c2d90 mem_r=0x70d87c2db0 -> x20=0x72a7410d48 x19=0x48 
[libmetasec_ml.so] 0x70fbd63c04!0x116c04 ldp x22, x21, [sp, #0x10]; x22=0x10 x21=0x7397489990 sp=0x70d87c2d90 mem_r=0x70d87c2da0 -> x22=0x72a7410d80 x21=0x20 
[libmetasec_ml.so] 0x70fbd63c08!0x116c08 ldr x23, [sp], #0x40; x23=0x1 sp=0x70d87c2d90 mem_r=0x70d87c2d90 -> x23=0x2a45 
[libmetasec_ml.so] 0x70fbd63c0c!0x116c0c ret ; 
[libmetasec_ml.so] 0x70fbd63754!0x116754 mov x25, x0; x25=0x6 x0=0x12 -> x25=0x12 
[libmetasec_ml.so] 0x70fbd63758!0x116758 b #0x70fbd63940; 
[libmetasec_ml.so] 0x70fbd63940!0x116940 add x21, x25, x21; x21=0x20 x25=0x12 x21=0x20 -> x21=0x32 
[libmetasec_ml.so] 0x70fbd63944!0x116944 add x28, x28, #1; x28=0x4 x28=0x4 -> x28=0x5 
[libmetasec_ml.so] 0x70fbd63948!0x116948 b #0x70fbd635f0; 
[libmetasec_ml.so] 0x70fbd635f0!0x1165f0 ldr x8, [x20]; x8=0x11 x20=0x72a7410d48 mem_r=0x72a7410d48 -> x8=0x70fbebf080 
[libmetasec_ml.so] 0x70fbd635f4!0x1165f4 ldr w9, [x8, #0x30]; w9=0x0 x8=0x70fbebf080 mem_r=0x70fbebf0b0 -> w9=0x18 
[libmetasec_ml.so] 0x70fbd635f8!0x1165f8 cmp x28, x9; x28=0x5 x9=0x18 -> x28=0x5 
[libmetasec_ml.so] 0x70fbd635fc!0x1165fc b.hs #0x70fbd6397c; 
[libmetasec_ml.so] 0x70fbd63600!0x116600 ldr x8, [x8, #0x38]; x8=0x70fbebf080 x8=0x70fbebf080 mem_r=0x70fbebf0b8 -> x8=0x70fbec1178 
[libmetasec_ml.so] 0x70fbd63604!0x116604 nop ; 
[libmetasec_ml.so] 0x70fbd63608!0x116608 madd x24, x28, x19, x8; x24=0x70fbec1298 x28=0x5 x19=0x48 x8=0x70fbec1178 -> x24=0x70fbec12e0 
[libmetasec_ml.so] 0x70fbd6360c!0x11660c ldr w9, [x24, #0x18]; w9=0x18 x24=0x70fbec12e0 mem_r=0x70fbec12f8 -> w9=0x40 
[libmetasec_ml.so] 0x70fbd63610!0x116610 ldr w11, [x24, #0xc]; w11=0x2e x24=0x70fbec12e0 mem_r=0x70fbec12ec -> w11=0x3 
[libmetasec_ml.so] 0x70fbd63614!0x116614 add x22, x20, x9; x22=0x72a7410d80 x20=0x72a7410d48 x9=0x40 -> x22=0x72a7410d88 
[libmetasec_ml.so] 0x70fbd63618!0x116618 cbz w11, #0x70fbd63744; w11=0x3 
[libmetasec_ml.so] 0x70fbd6361c!0x11661c ldr w9, [x24, #0x14]; w9=0x40 x24=0x70fbec12e0 mem_r=0x70fbec12f4 -> w9=0x0 
[libmetasec_ml.so] 0x70fbd63620!0x116620 cmp w11, #1; w11=0x3 -> w11=0x3 
[libmetasec_ml.so] 0x70fbd63624!0x116624 madd x10, x28, x19, x8; x10=0x70fbd63b10 x28=0x5 x19=0x48 x8=0x70fbec1178 -> x10=0x70fbec12e0 
[libmetasec_ml.so] 0x70fbd63628!0x116628 ccmp w11, #3, #4, ne; w11=0x3 
[libmetasec_ml.so] 0x70fbd6362c!0x11662c b.ne #0x70fbd63668; 
[libmetasec_ml.so] 0x70fbd63630!0x116630 ldr w10, [x10, #0x30]; w10=0xfbec12e0 x10=0x70fbec12e0 mem_r=0x70fbec1310 -> w10=0x0 
[libmetasec_ml.so] 0x70fbd63634!0x116634 tbnz w10, #2, #0x70fbd636a0; w10=0x0 
[libmetasec_ml.so] 0x70fbd63638!0x116638 cmp w11, #3; w11=0x3 -> w11=0x3 
[libmetasec_ml.so] 0x70fbd6363c!0x11663c b.eq #0x70fbd6372c; 
[libmetasec_ml.so] 0x70fbd6372c!0x11672c mov x0, x24; x0=0x12 x24=0x70fbec12e0 -> x0=0x70fbec12e0 
[libmetasec_ml.so] 0x70fbd63730!0x116730 mov x1, x22; x1=0x7397489990 x22=0x72a7410d88 -> x1=0x72a7410d88 
[libmetasec_ml.so] 0x70fbd63734!0x116734 bl #0x70fbd64dc8; 
[libmetasec_ml.so] 0x70fbd64dc8!0x117dc8 ldr w8, [x0, #0x10]; w8=0xfbec1178 x0=0x70fbec12e0 mem_r=0x70fbec12f0 -> w8=0xe 
[libmetasec_ml.so] 0x70fbd64dcc!0x117dcc cmp w8, #0x10; w8=0xe -> w8=0xe 
[libmetasec_ml.so] 0x70fbd64dd0!0x117dd0 b.hi #0x70fbd64e30; 
[libmetasec_ml.so] 0x70fbd64dd4!0x117dd4 adrp x9, #0x70fbe42000; x9=0x0 -> x9=0x70fbe42000 
[libmetasec_ml.so] 0x70fbd64dd8!0x117dd8 add x9, x9, #0x623; x9=0x70fbe42000 x9=0x70fbe42000 -> x9=0x70fbe42623 
[libmetasec_ml.so] 0x70fbd64ddc!0x117ddc adr x10, #0x70fbd64dec; x10=0x0 -> x10=0x70fbd64dec 
[libmetasec_ml.so] 0x70fbd64de0!0x117de0 ldrb w11, [x9, x8]; w11=0x3 x9=0x70fbe42623 x8=0xe mem_r=0x70fbe42631 -> w11=0xd 
[libmetasec_ml.so] 0x70fbd64de4!0x117de4 add x10, x10, x11, lsl #2; x10=0x70fbd64dec x10=0x70fbd64dec x11=0xd -> x10=0x70fbd64e20 
[libmetasec_ml.so] 0x70fbd64de8!0x117de8 br x10; x10=0x70fbd64e20 
[libmetasec_ml.so] 0x70fbd64e20!0x117e20 ldr x8, [x1]; x8=0xe x1=0x72a7410d88 mem_r=0x72a7410d88 -> x8=0x74472b2a70 
[libmetasec_ml.so] 0x70fbd64e24!0x117e24 cbz x8, #0x70fbd64e30; x8=0x74472b2a70 
[libmetasec_ml.so] 0x70fbd64e28!0x117e28 ldrb w8, [x8]; w8=0x472b2a70 x8=0x74472b2a70 mem_r=0x74472b2a70 -> w8=0x31 
[libmetasec_ml.so] 0x70fbd64e2c!0x117e2c b #0x70fbd64df0; 
[libmetasec_ml.so] 0x70fbd64df0!0x117df0 cmp w8, #0; w8=0x31 -> w8=0x31 
[libmetasec_ml.so] 0x70fbd64df4!0x117df4 b #0x70fbd64e00; 
[libmetasec_ml.so] 0x70fbd64e00!0x117e00 cset w0, eq; w0=0xfbec12e0 -> w0=0x0 
[libmetasec_ml.so] 0x70fbd64e04!0x117e04 ret ; 
[libmetasec_ml.so] 0x70fbd63738!0x116738 cbz w0, #0x70fbd63744; w0=0x0 
[libmetasec_ml.so] 0x70fbd63744!0x116744 add x2, x27, x21; x2=0x10 x27=0x7367411410 x21=0x32 -> x2=0x7367411442 
[libmetasec_ml.so] 0x70fbd63748!0x116748 mov x0, x24; x0=0x0 x24=0x70fbec12e0 -> x0=0x70fbec12e0 
[libmetasec_ml.so] 0x70fbd6374c!0x11674c mov x1, x22; x1=0x72a7410d88 x22=0x72a7410d88 -> x1=0x72a7410d88 
[libmetasec_ml.so] 0x70fbd63750!0x116750 bl #0x70fbd63a04; 
[libmetasec_ml.so] 0x70fbd63a04!0x116a04 str x23, [sp, #-0x40]!; x23=0x2a45 sp=0x70d87c2dd0 mem_w=0x70d87c2d90 -> sp=0x70d87c2d90 
[libmetasec_ml.so] 0x70fbd63a08!0x116a08 stp x22, x21, [sp, #0x10]; x22=0x72a7410d88 x21=0x32 sp=0x70d87c2d90 mem_w=0x70d87c2da0 
[libmetasec_ml.so] 0x70fbd63a0c!0x116a0c stp x20, x19, [sp, #0x20]; x20=0x72a7410d48 x19=0x48 sp=0x70d87c2d90 mem_w=0x70d87c2db0 
[libmetasec_ml.so] 0x70fbd63a10!0x116a10 stp x29, x30, [sp, #0x30]; fp=0x70d87c2e40 lr=0x70fbd63754 sp=0x70d87c2d90 mem_w=0x70d87c2dc0 
[libmetasec_ml.so] 0x70fbd63a14!0x116a14 add x29, sp, #0x30; fp=0x70d87c2e40 sp=0x70d87c2d90 -> fp=0x70d87c2dc0 
[libmetasec_ml.so] 0x70fbd63a18!0x116a18 mov x19, x0; x19=0x48 x0=0x70fbec12e0 -> x19=0x70fbec12e0 
[libmetasec_ml.so] 0x70fbd63a1c!0x116a1c ldr w0, [x0, #8]; w0=0xfbec12e0 x0=0x70fbec12e0 mem_r=0x70fbec12e8 -> w0=0x6 
[libmetasec_ml.so] 0x70fbd63a20!0x116a20 mov x21, x1; x21=0x32 x1=0x72a7410d88 -> x21=0x72a7410d88 
[libmetasec_ml.so] 0x70fbd63a24!0x116a24 mov x1, x2; x1=0x72a7410d88 x2=0x7367411442 -> x1=0x7367411442 
[libmetasec_ml.so] 0x70fbd63a28!0x116a28 mov x20, x2; x20=0x72a7410d48 x2=0x7367411442 -> x20=0x7367411442 
[libmetasec_ml.so] 0x70fbd63a2c!0x116a2c bl #0x70fbd64e38; 
[libmetasec_ml.so] 0x70fbd64e38!0x117e38 lsr w8, w0, #0x1d; w8=0x31 w0=0x6 -> w8=0x0 
[libmetasec_ml.so] 0x70fbd64e3c!0x117e3c cbnz w8, #0x70fbd64e48; w8=0x0 
[libmetasec_ml.so] 0x70fbd64e40!0x117e40 lsl w0, w0, #3; w0=0x6 w0=0x6 -> w0=0x30 
[libmetasec_ml.so] 0x70fbd64e44!0x117e44 b #0x70fbd64eb8; 
[libmetasec_ml.so] 0x70fbd64eb8!0x117eb8 cmp w0, #0x80; w0=0x30 -> w0=0x30 
[libmetasec_ml.so] 0x70fbd64ebc!0x117ebc b.lo #0x70fbd64f0c; 
[libmetasec_ml.so] 0x70fbd64f0c!0x117f0c mov w9, wzr; w9=0xfbe42623 -> w9=0x0 
[libmetasec_ml.so] 0x70fbd64f10!0x117f10 b #0x70fbd64f2c; 
[libmetasec_ml.so] 0x70fbd64f2c!0x117f2c add w8, w9, #1; w8=0x0 w9=0x0 -> w8=0x1 
[libmetasec_ml.so] 0x70fbd64f30!0x117f30 strb w0, [x1, w9, uxtw]; w0=0x30 x1=0x7367411442 w9=0x0 mem_w=0x7367411442 
[libmetasec_ml.so] 0x70fbd64f34!0x117f34 mov x0, x8; x0=0x30 x8=0x1 -> x0=0x1 
[libmetasec_ml.so] 0x70fbd64f38!0x117f38 ret ; 
[libmetasec_ml.so] 0x70fbd63a30!0x116a30 ldr w8, [x19, #0x10]; w8=0x1 x19=0x70fbec12e0 mem_r=0x70fbec12f0 -> w8=0xe 
[libmetasec_ml.so] 0x70fbd63a34!0x116a34 cmp w8, #0x10; w8=0xe -> w8=0xe 
[libmetasec_ml.so] 0x70fbd63a38!0x116a38 b.hi #0x70fbd63abc; 
[libmetasec_ml.so] 0x70fbd63a3c!0x116a3c adrp x9, #0x70fbe42000; x9=0x0 -> x9=0x70fbe42000 
[libmetasec_ml.so] 0x70fbd63a40!0x116a40 add x9, x9, #0x5d4; x9=0x70fbe42000 x9=0x70fbe42000 -> x9=0x70fbe425d4 
[libmetasec_ml.so] 0x70fbd63a44!0x116a44 adr x10, #0x70fbd63a58; x10=0x70fbd64e20 -> x10=0x70fbd63a58 
[libmetasec_ml.so] 0x70fbd63a48!0x116a48 ldrb w11, [x9, x8]; w11=0xd x9=0x70fbe425d4 x8=0xe mem_r=0x70fbe425e2 -> w11=0x2e 
[libmetasec_ml.so] 0x70fbd63a4c!0x116a4c add x10, x10, x11, lsl #2; x10=0x70fbd63a58 x10=0x70fbd63a58 x11=0x2e -> x10=0x70fbd63b10 
[libmetasec_ml.so] 0x70fbd63a50!0x116a50 mov x19, x0; x19=0x70fbec12e0 x0=0x1 -> x19=0x1 
[libmetasec_ml.so] 0x70fbd63a54!0x116a54 br x10; x10=0x70fbd63b10 
[libmetasec_ml.so] 0x70fbd63b10!0x116b10 ldrb w8, [x20]; w8=0xe x20=0x7367411442 mem_r=0x7367411442 -> w8=0x30 
[libmetasec_ml.so] 0x70fbd63b14!0x116b14 orr w8, w8, #2; w8=0x30 w8=0x30 -> w8=0x32 
[libmetasec_ml.so] 0x70fbd63b18!0x116b18 strb w8, [x20]; w8=0x32 x20=0x7367411442 mem_w=0x7367411442 
[libmetasec_ml.so] 0x70fbd63b1c!0x116b1c ldr x21, [x21]; x21=0x72a7410d88 x21=0x72a7410d88 mem_r=0x72a7410d88 -> x21=0x74472b2a70 
[libmetasec_ml.so] 0x70fbd63b20!0x116b20 add x20, x20, x19; x20=0x7367411442 x20=0x7367411442 x19=0x1 -> x20=0x7367411443 
[libmetasec_ml.so] 0x70fbd63b24!0x116b24 cbz x21, #0x70fbd63bf0; x21=0x74472b2a70 
[libmetasec_ml.so] 0x70fbd63b28!0x116b28 mov x0, x21; x0=0x1 x21=0x74472b2a70 -> x0=0x74472b2a70 
[libmetasec_ml.so] 0x70fbd63b2c!0x116b2c bl #0x70fbc80b40; 
[libmetasec_ml.so] 0x70fbc80b40!0x33b40 adrp x16, #0x70fbec9000; x16=0x70fbec9998 -> x16=0x70fbec9000 
[libmetasec_ml.so] 0x70fbc80b44!0x33b44 ldr x17, [x16, #0xa28]; x17=0x75402d9c80 x16=0x70fbec9000 mem_r=0x70fbec9a28 -> x17=0x75402dab00 
[libmetasec_ml.so] 0x70fbc80b48!0x33b48 add x16, x16, #0xa28; x16=0x70fbec9000 x16=0x70fbec9000 -> x16=0x70fbec9a28 
[libmetasec_ml.so] 0x70fbc80b4c!0x33b4c br x17; x17=0x75402dab00 
call func: __strlen_aarch64(0x74472b2a70)
args0: 1588093228
ret: 0xa
[libmetasec_ml.so] 0x70fbd63b30!0x116b30 mov x1, x20; x1=0x7367411442 x20=0x7367411443 -> x1=0x7367411443 
[libmetasec_ml.so] 0x70fbd63b34!0x116b34 mov x22, x0; x22=0x72a7410d88 x0=0xa -> x22=0xa 
[libmetasec_ml.so] 0x70fbd63b38!0x116b38 bl #0x70fbd64eb8; 
[libmetasec_ml.so] 0x70fbd64eb8!0x117eb8 cmp w0, #0x80; w0=0xa -> w0=0xa 
[libmetasec_ml.so] 0x70fbd64ebc!0x117ebc b.lo #0x70fbd64f0c; 
[libmetasec_ml.so] 0x70fbd64f0c!0x117f0c mov w9, wzr; w9=0xfbe425d4 -> w9=0x0 
[libmetasec_ml.so] 0x70fbd64f10!0x117f10 b #0x70fbd64f2c; 
[libmetasec_ml.so] 0x70fbd64f2c!0x117f2c add w8, w9, #1; w8=0x1010101 w9=0x0 -> w8=0x1 
[libmetasec_ml.so] 0x70fbd64f30!0x117f30 strb w0, [x1, w9, uxtw]; w0=0xa x1=0x7367411443 w9=0x0 mem_w=0x7367411443 
[libmetasec_ml.so] 0x70fbd64f34!0x117f34 mov x0, x8; x0=0xa x8=0x1 -> x0=0x1 
[libmetasec_ml.so] 0x70fbd64f38!0x117f38 ret ; 
[libmetasec_ml.so] 0x70fbd63b3c!0x116b3c mov x23, x0; x23=0x2a45 x0=0x1 -> x23=0x1 
[libmetasec_ml.so] 0x70fbd63b40!0x116b40 add x0, x20, x0; x0=0x1 x20=0x7367411443 x0=0x1 -> x0=0x7367411444 
[libmetasec_ml.so] 0x70fbd63b44!0x116b44 mov x1, x21; x1=0x7367411443 x21=0x74472b2a70 -> x1=0x74472b2a70 
[libmetasec_ml.so] 0x70fbd63b48!0x116b48 mov x2, x22; x2=0x3233393038383531 x22=0xa -> x2=0xa 
[libmetasec_ml.so] 0x70fbd63b4c!0x116b4c bl #0x70fbc80a20; 
[libmetasec_ml.so] 0x70fbc80a20!0x33a20 adrp x16, #0x70fbec9000; x16=0x70fbec9a28 -> x16=0x70fbec9000 
[libmetasec_ml.so] 0x70fbc80a24!0x33a24 ldr x17, [x16, #0x998]; x17=0x75402dab00 x16=0x70fbec9000 mem_r=0x70fbec9998 -> x17=0x75402d9c80 
[libmetasec_ml.so] 0x70fbc80a28!0x33a28 add x16, x16, #0x998; x16=0x70fbec9000 x16=0x70fbec9000 -> x16=0x70fbec9998 
[libmetasec_ml.so] 0x70fbc80a2c!0x33a2c br x17; x17=0x75402d9c80 
call func: __memcpy_aarch64_simd(0x7367411444, 0x74472b2a70, 0xa)
hexdump at address 0x74472b2a70 with length 0xa:
74472b2a70: 31 35 38 38 30 39 33 32 32 38                   |1588093228      |
ret: 0x7367411444
[libmetasec_ml.so] 0x70fbd63b50!0x116b50 add x8, x23, x22; x8=0x1 x23=0x1 x22=0xa -> x8=0xb 
[libmetasec_ml.so] 0x70fbd63b54!0x116b54 b #0x70fbd63bf8; 
[libmetasec_ml.so] 0x70fbd63bf8!0x116bf8 add x0, x8, x19; x0=0x7367411444 x8=0xb x19=0x1 -> x0=0xc 
[libmetasec_ml.so] 0x70fbd63bfc!0x116bfc ldp x29, x30, [sp, #0x30]; fp=0x70d87c2dc0 lr=0x70fbd63b50 sp=0x70d87c2d90 mem_r=0x70d87c2dc0 -> fp=0x70d87c2e40 lr=0x70fbd63754 
[libmetasec_ml.so] 0x70fbd63c00!0x116c00 ldp x20, x19, [sp, #0x20]; x20=0x7367411443 x19=0x1 sp=0x70d87c2d90 mem_r=0x70d87c2db0 -> x20=0x72a7410d48 x19=0x48 
[libmetasec_ml.so] 0x70fbd63c04!0x116c04 ldp x22, x21, [sp, #0x10]; x22=0xa x21=0x74472b2a70 sp=0x70d87c2d90 mem_r=0x70d87c2da0 -> x22=0x72a7410d88 x21=0x32 
[libmetasec_ml.so] 0x70fbd63c08!0x116c08 ldr x23, [sp], #0x40; x23=0x1 sp=0x70d87c2d90 mem_r=0x70d87c2d90 -> x23=0x2a45 
[libmetasec_ml.so] 0x70fbd63c0c!0x116c0c ret ; 
[libmetasec_ml.so] 0x70fbd63754!0x116754 mov x25, x0; x25=0x12 x0=0xc -> x25=0xc 
[libmetasec_ml.so] 0x70fbd63758!0x116758 b #0x70fbd63940; 
[libmetasec_ml.so] 0x70fbd63940!0x116940 add x21, x25, x21; x21=0x32 x25=0xc x21=0x32 -> x21=0x3e 
[libmetasec_ml.so] 0x70fbd63944!0x116944 add x28, x28, #1; x28=0x5 x28=0x5 -> x28=0x6 
[libmetasec_ml.so] 0x70fbd63948!0x116948 b #0x70fbd635f0; 
[libmetasec_ml.so] 0x70fbd635f0!0x1165f0 ldr x8, [x20]; x8=0xb x20=0x72a7410d48 mem_r=0x72a7410d48 -> x8=0x70fbebf080 
[libmetasec_ml.so] 0x70fbd635f4!0x1165f4 ldr w9, [x8, #0x30]; w9=0x0 x8=0x70fbebf080 mem_r=0x70fbebf0b0 -> w9=0x18 
[libmetasec_ml.so] 0x70fbd635f8!0x1165f8 cmp x28, x9; x28=0x6 x9=0x18 -> x28=0x6 
[libmetasec_ml.so] 0x70fbd635fc!0x1165fc b.hs #0x70fbd6397c; 
[libmetasec_ml.so] 0x70fbd63600!0x116600 ldr x8, [x8, #0x38]; x8=0x70fbebf080 x8=0x70fbebf080 mem_r=0x70fbebf0b8 -> x8=0x70fbec1178 
[libmetasec_ml.so] 0x70fbd63604!0x116604 nop ; 
[libmetasec_ml.so] 0x70fbd63608!0x116608 madd x24, x28, x19, x8; x24=0x70fbec12e0 x28=0x6 x19=0x48 x8=0x70fbec1178 -> x24=0x70fbec1328 
[libmetasec_ml.so] 0x70fbd6360c!0x11660c ldr w9, [x24, #0x18]; w9=0x18 x24=0x70fbec1328 mem_r=0x70fbec1340 -> w9=0x48 
[libmetasec_ml.so] 0x70fbd63610!0x116610 ldr w11, [x24, #0xc]; w11=0x2e x24=0x70fbec1328 mem_r=0x70fbec1334 -> w11=0x3 
[libmetasec_ml.so] 0x70fbd63614!0x116614 add x22, x20, x9; x22=0x72a7410d88 x20=0x72a7410d48 x9=0x48 -> x22=0x72a7410d90 
[libmetasec_ml.so] 0x70fbd63618!0x116618 cbz w11, #0x70fbd63744; w11=0x3 
[libmetasec_ml.so] 0x70fbd6361c!0x11661c ldr w9, [x24, #0x14]; w9=0x48 x24=0x70fbec1328 mem_r=0x70fbec133c -> w9=0x0 
[libmetasec_ml.so] 0x70fbd63620!0x116620 cmp w11, #1; w11=0x3 -> w11=0x3 
[libmetasec_ml.so] 0x70fbd63624!0x116624 madd x10, x28, x19, x8; x10=0x70fbd63b10 x28=0x6 x19=0x48 x8=0x70fbec1178 -> x10=0x70fbec1328 
[libmetasec_ml.so] 0x70fbd63628!0x116628 ccmp w11, #3, #4, ne; w11=0x3 
[libmetasec_ml.so] 0x70fbd6362c!0x11662c b.ne #0x70fbd63668; 
[libmetasec_ml.so] 0x70fbd63630!0x116630 ldr w10, [x10, #0x30]; w10=0xfbec1328 x10=0x70fbec1328 mem_r=0x70fbec1358 -> w10=0x0 
[libmetasec_ml.so] 0x70fbd63634!0x116634 tbnz w10, #2, #0x70fbd636a0; w10=0x0 
[libmetasec_ml.so] 0x70fbd63638!0x116638 cmp w11, #3; w11=0x3 -> w11=0x3 
[libmetasec_ml.so] 0x70fbd6363c!0x11663c b.eq #0x70fbd6372c; 
[libmetasec_ml.so] 0x70fbd6372c!0x11672c mov x0, x24; x0=0xc x24=0x70fbec1328 -> x0=0x70fbec1328 
[libmetasec_ml.so] 0x70fbd63730!0x116730 mov x1, x22; x1=0x74472b2a70 x22=0x72a7410d90 -> x1=0x72a7410d90 
[libmetasec_ml.so] 0x70fbd63734!0x116734 bl #0x70fbd64dc8; 
[libmetasec_ml.so] 0x70fbd64dc8!0x117dc8 ldr w8, [x0, #0x10]; w8=0xfbec1178 x0=0x70fbec1328 mem_r=0x70fbec1338 -> w8=0xe 
[libmetasec_ml.so] 0x70fbd64dcc!0x117dcc cmp w8, #0x10; w8=0xe -> w8=0xe 
[libmetasec_ml.so] 0x70fbd64dd0!0x117dd0 b.hi #0x70fbd64e30; 
[libmetasec_ml.so] 0x70fbd64dd4!0x117dd4 adrp x9, #0x70fbe42000; x9=0x0 -> x9=0x70fbe42000 
[libmetasec_ml.so] 0x70fbd64dd8!0x117dd8 add x9, x9, #0x623; x9=0x70fbe42000 x9=0x70fbe42000 -> x9=0x70fbe42623 
[libmetasec_ml.so] 0x70fbd64ddc!0x117ddc adr x10, #0x70fbd64dec; x10=0x0 -> x10=0x70fbd64dec 
[libmetasec_ml.so] 0x70fbd64de0!0x117de0 ldrb w11, [x9, x8]; w11=0x3 x9=0x70fbe42623 x8=0xe mem_r=0x70fbe42631 -> w11=0xd 
[libmetasec_ml.so] 0x70fbd64de4!0x117de4 add x10, x10, x11, lsl #2; x10=0x70fbd64dec x10=0x70fbd64dec x11=0xd -> x10=0x70fbd64e20 
[libmetasec_ml.so] 0x70fbd64de8!0x117de8 br x10; x10=0x70fbd64e20 
[libmetasec_ml.so] 0x70fbd64e20!0x117e20 ldr x8, [x1]; x8=0xe x1=0x72a7410d90 mem_r=0x72a7410d90 -> x8=0x74472c44f0 
[libmetasec_ml.so] 0x70fbd64e24!0x117e24 cbz x8, #0x70fbd64e30; x8=0x74472c44f0 
[libmetasec_ml.so] 0x70fbd64e28!0x117e28 ldrb w8, [x8]; w8=0x472c44f0 x8=0x74472c44f0 mem_r=0x74472c44f0 -> w8=0x33 
[libmetasec_ml.so] 0x70fbd64e2c!0x117e2c b #0x70fbd64df0; 
[libmetasec_ml.so] 0x70fbd64df0!0x117df0 cmp w8, #0; w8=0x33 -> w8=0x33 
[libmetasec_ml.so] 0x70fbd64df4!0x117df4 b #0x70fbd64e00; 
[libmetasec_ml.so] 0x70fbd64e00!0x117e00 cset w0, eq; w0=0xfbec1328 -> w0=0x0 
[libmetasec_ml.so] 0x70fbd64e04!0x117e04 ret ; 
[libmetasec_ml.so] 0x70fbd63738!0x116738 cbz w0, #0x70fbd63744; w0=0x0 
[libmetasec_ml.so] 0x70fbd63744!0x116744 add x2, x27, x21; x2=0xa x27=0x7367411410 x21=0x3e -> x2=0x736741144e 
[libmetasec_ml.so] 0x70fbd63748!0x116748 mov x0, x24; x0=0x0 x24=0x70fbec1328 -> x0=0x70fbec1328 
[libmetasec_ml.so] 0x70fbd6374c!0x11674c mov x1, x22; x1=0x72a7410d90 x22=0x72a7410d90 -> x1=0x72a7410d90 
[libmetasec_ml.so] 0x70fbd63750!0x116750 bl #0x70fbd63a04; 
[libmetasec_ml.so] 0x70fbd63a04!0x116a04 str x23, [sp, #-0x40]!; x23=0x2a45 sp=0x70d87c2dd0 mem_w=0x70d87c2d90 -> sp=0x70d87c2d90 
[libmetasec_ml.so] 0x70fbd63a08!0x116a08 stp x22, x21, [sp, #0x10]; x22=0x72a7410d90 x21=0x3e sp=0x70d87c2d90 mem_w=0x70d87c2da0 
[libmetasec_ml.so] 0x70fbd63a0c!0x116a0c stp x20, x19, [sp, #0x20]; x20=0x72a7410d48 x19=0x48 sp=0x70d87c2d90 mem_w=0x70d87c2db0 
[libmetasec_ml.so] 0x70fbd63a10!0x116a10 stp x29, x30, [sp, #0x30]; fp=0x70d87c2e40 lr=0x70fbd63754 sp=0x70d87c2d90 mem_w=0x70d87c2dc0 
[libmetasec_ml.so] 0x70fbd63a14!0x116a14 add x29, sp, #0x30; fp=0x70d87c2e40 sp=0x70d87c2d90 -> fp=0x70d87c2dc0 
[libmetasec_ml.so] 0x70fbd63a18!0x116a18 mov x19, x0; x19=0x48 x0=0x70fbec1328 -> x19=0x70fbec1328 
[libmetasec_ml.so] 0x70fbd63a1c!0x116a1c ldr w0, [x0, #8]; w0=0xfbec1328 x0=0x70fbec1328 mem_r=0x70fbec1330 -> w0=0x7 
[libmetasec_ml.so] 0x70fbd63a20!0x116a20 mov x21, x1; x21=0x3e x1=0x72a7410d90 -> x21=0x72a7410d90 
[libmetasec_ml.so] 0x70fbd63a24!0x116a24 mov x1, x2; x1=0x72a7410d90 x2=0x736741144e -> x1=0x736741144e 
[libmetasec_ml.so] 0x70fbd63a28!0x116a28 mov x20, x2; x20=0x72a7410d48 x2=0x736741144e -> x20=0x736741144e 
[libmetasec_ml.so] 0x70fbd63a2c!0x116a2c bl #0x70fbd64e38; 
[libmetasec_ml.so] 0x70fbd64e38!0x117e38 lsr w8, w0, #0x1d; w8=0x33 w0=0x7 -> w8=0x0 
[libmetasec_ml.so] 0x70fbd64e3c!0x117e3c cbnz w8, #0x70fbd64e48; w8=0x0 
[libmetasec_ml.so] 0x70fbd64e40!0x117e40 lsl w0, w0, #3; w0=0x7 w0=0x7 -> w0=0x38 
[libmetasec_ml.so] 0x70fbd64e44!0x117e44 b #0x70fbd64eb8; 
[libmetasec_ml.so] 0x70fbd64eb8!0x117eb8 cmp w0, #0x80; w0=0x38 -> w0=0x38 
[libmetasec_ml.so] 0x70fbd64ebc!0x117ebc b.lo #0x70fbd64f0c; 
[libmetasec_ml.so] 0x70fbd64f0c!0x117f0c mov w9, wzr; w9=0xfbe42623 -> w9=0x0 
[libmetasec_ml.so] 0x70fbd64f10!0x117f10 b #0x70fbd64f2c; 
[libmetasec_ml.so] 0x70fbd64f2c!0x117f2c add w8, w9, #1; w8=0x0 w9=0x0 -> w8=0x1 
[libmetasec_ml.so] 0x70fbd64f30!0x117f30 strb w0, [x1, w9, uxtw]; w0=0x38 x1=0x736741144e w9=0x0 mem_w=0x736741144e 
[libmetasec_ml.so] 0x70fbd64f34!0x117f34 mov x0, x8; x0=0x38 x8=0x1 -> x0=0x1 
[libmetasec_ml.so] 0x70fbd64f38!0x117f38 ret ; 
[libmetasec_ml.so] 0x70fbd63a30!0x116a30 ldr w8, [x19, #0x10]; w8=0x1 x19=0x70fbec1328 mem_r=0x70fbec1338 -> w8=0xe 
[libmetasec_ml.so] 0x70fbd63a34!0x116a34 cmp w8, #0x10; w8=0xe -> w8=0xe 
[libmetasec_ml.so] 0x70fbd63a38!0x116a38 b.hi #0x70fbd63abc; 
[libmetasec_ml.so] 0x70fbd63a3c!0x116a3c adrp x9, #0x70fbe42000; x9=0x0 -> x9=0x70fbe42000 
[libmetasec_ml.so] 0x70fbd63a40!0x116a40 add x9, x9, #0x5d4; x9=0x70fbe42000 x9=0x70fbe42000 -> x9=0x70fbe425d4 
[libmetasec_ml.so] 0x70fbd63a44!0x116a44 adr x10, #0x70fbd63a58; x10=0x70fbd64e20 -> x10=0x70fbd63a58 
[libmetasec_ml.so] 0x70fbd63a48!0x116a48 ldrb w11, [x9, x8]; w11=0xd x9=0x70fbe425d4 x8=0xe mem_r=0x70fbe425e2 -> w11=0x2e 
[libmetasec_ml.so] 0x70fbd63a4c!0x116a4c add x10, x10, x11, lsl #2; x10=0x70fbd63a58 x10=0x70fbd63a58 x11=0x2e -> x10=0x70fbd63b10 
[libmetasec_ml.so] 0x70fbd63a50!0x116a50 mov x19, x0; x19=0x70fbec1328 x0=0x1 -> x19=0x1 
[libmetasec_ml.so] 0x70fbd63a54!0x116a54 br x10; x10=0x70fbd63b10 
[libmetasec_ml.so] 0x70fbd63b10!0x116b10 ldrb w8, [x20]; w8=0xe x20=0x736741144e mem_r=0x736741144e -> w8=0x38 
[libmetasec_ml.so] 0x70fbd63b14!0x116b14 orr w8, w8, #2; w8=0x38 w8=0x38 -> w8=0x3a 
[libmetasec_ml.so] 0x70fbd63b18!0x116b18 strb w8, [x20]; w8=0x3a x20=0x736741144e mem_w=0x736741144e 
[libmetasec_ml.so] 0x70fbd63b1c!0x116b1c ldr x21, [x21]; x21=0x72a7410d90 x21=0x72a7410d90 mem_r=0x72a7410d90 -> x21=0x74472c44f0 
[libmetasec_ml.so] 0x70fbd63b20!0x116b20 add x20, x20, x19; x20=0x736741144e x20=0x736741144e x19=0x1 -> x20=0x736741144f 
[libmetasec_ml.so] 0x70fbd63b24!0x116b24 cbz x21, #0x70fbd63bf0; x21=0x74472c44f0 
[libmetasec_ml.so] 0x70fbd63b28!0x116b28 mov x0, x21; x0=0x1 x21=0x74472c44f0 -> x0=0x74472c44f0 
[libmetasec_ml.so] 0x70fbd63b2c!0x116b2c bl #0x70fbc80b40; 
[libmetasec_ml.so] 0x70fbc80b40!0x33b40 adrp x16, #0x70fbec9000; x16=0x70fbec9998 -> x16=0x70fbec9000 
[libmetasec_ml.so] 0x70fbc80b44!0x33b44 ldr x17, [x16, #0xa28]; x17=0x75402d9c80 x16=0x70fbec9000 mem_r=0x70fbec9a28 -> x17=0x75402dab00 
[libmetasec_ml.so] 0x70fbc80b48!0x33b48 add x16, x16, #0xa28; x16=0x70fbec9000 x16=0x70fbec9000 -> x16=0x70fbec9a28 
[libmetasec_ml.so] 0x70fbc80b4c!0x33b4c br x17; x17=0x75402dab00 
call func: __strlen_aarch64(0x74472c44f0)
args0: 35.4.0
ret: 0x6
[libmetasec_ml.so] 0x70fbd63b30!0x116b30 mov x1, x20; x1=0x736741144e x20=0x736741144f -> x1=0x736741144f 
[libmetasec_ml.so] 0x70fbd63b34!0x116b34 mov x22, x0; x22=0x72a7410d90 x0=0x6 -> x22=0x6 
[libmetasec_ml.so] 0x70fbd63b38!0x116b38 bl #0x70fbd64eb8; 
[libmetasec_ml.so] 0x70fbd64eb8!0x117eb8 cmp w0, #0x80; w0=0x6 -> w0=0x6 
[libmetasec_ml.so] 0x70fbd64ebc!0x117ebc b.lo #0x70fbd64f0c; 
[libmetasec_ml.so] 0x70fbd64f0c!0x117f0c mov w9, wzr; w9=0xfbe425d4 -> w9=0x0 
[libmetasec_ml.so] 0x70fbd64f10!0x117f10 b #0x70fbd64f2c; 
[libmetasec_ml.so] 0x70fbd64f2c!0x117f2c add w8, w9, #1; w8=0x1010101 w9=0x0 -> w8=0x1 
[libmetasec_ml.so] 0x70fbd64f30!0x117f30 strb w0, [x1, w9, uxtw]; w0=0x6 x1=0x736741144f w9=0x0 mem_w=0x736741144f 
[libmetasec_ml.so] 0x70fbd64f34!0x117f34 mov x0, x8; x0=0x6 x8=0x1 -> x0=0x1 
[libmetasec_ml.so] 0x70fbd64f38!0x117f38 ret ; 
[libmetasec_ml.so] 0x70fbd63b3c!0x116b3c mov x23, x0; x23=0x2a45 x0=0x1 -> x23=0x1 
[libmetasec_ml.so] 0x70fbd63b40!0x116b40 add x0, x20, x0; x0=0x1 x20=0x736741144f x0=0x1 -> x0=0x7367411450 
[libmetasec_ml.so] 0x70fbd63b44!0x116b44 mov x1, x21; x1=0x736741144f x21=0x74472c44f0 -> x1=0x74472c44f0 
[libmetasec_ml.so] 0x70fbd63b48!0x116b48 mov x2, x22; x2=0x302e342e3533 x22=0x6 -> x2=0x6 
[libmetasec_ml.so] 0x70fbd63b4c!0x116b4c bl #0x70fbc80a20; 
[libmetasec_ml.so] 0x70fbc80a20!0x33a20 adrp x16, #0x70fbec9000; x16=0x70fbec9a28 -> x16=0x70fbec9000 
[libmetasec_ml.so] 0x70fbc80a24!0x33a24 ldr x17, [x16, #0x998]; x17=0x75402dab00 x16=0x70fbec9000 mem_r=0x70fbec9998 -> x17=0x75402d9c80 
[libmetasec_ml.so] 0x70fbc80a28!0x33a28 add x16, x16, #0x998; x16=0x70fbec9000 x16=0x70fbec9000 -> x16=0x70fbec9998 
[libmetasec_ml.so] 0x70fbc80a2c!0x33a2c br x17; x17=0x75402d9c80 
call func: __memcpy_aarch64_simd(0x7367411450, 0x74472c44f0, 0x6)
hexdump at address 0x74472c44f0 with length 0x6:
74472c44f0: 33 35 2e 34 2e 30                               |35.4.0          |
ret: 0x7367411450
[libmetasec_ml.so] 0x70fbd63b50!0x116b50 add x8, x23, x22; x8=0x302e342e x23=0x1 x22=0x6 -> x8=0x7 
[libmetasec_ml.so] 0x70fbd63b54!0x116b54 b #0x70fbd63bf8; 
[libmetasec_ml.so] 0x70fbd63bf8!0x116bf8 add x0, x8, x19; x0=0x7367411450 x8=0x7 x19=0x1 -> x0=0x8 
[libmetasec_ml.so] 0x70fbd63bfc!0x116bfc ldp x29, x30, [sp, #0x30]; fp=0x70d87c2dc0 lr=0x70fbd63b50 sp=0x70d87c2d90 mem_r=0x70d87c2dc0 -> fp=0x70d87c2e40 lr=0x70fbd63754 
[libmetasec_ml.so] 0x70fbd63c00!0x116c00 ldp x20, x19, [sp, #0x20]; x20=0x736741144f x19=0x1 sp=0x70d87c2d90 mem_r=0x70d87c2db0 -> x20=0x72a7410d48 x19=0x48 
[libmetasec_ml.so] 0x70fbd63c04!0x116c04 ldp x22, x21, [sp, #0x10]; x22=0x6 x21=0x74472c44f0 sp=0x70d87c2d90 mem_r=0x70d87c2da0 -> x22=0x72a7410d90 x21=0x3e 
[libmetasec_ml.so] 0x70fbd63c08!0x116c08 ldr x23, [sp], #0x40; x23=0x1 sp=0x70d87c2d90 mem_r=0x70d87c2d90 -> x23=0x2a45 
[libmetasec_ml.so] 0x70fbd63c0c!0x116c0c ret ; 
[libmetasec_ml.so] 0x70fbd63754!0x116754 mov x25, x0; x25=0xc x0=0x8 -> x25=0x8 
[libmetasec_ml.so] 0x70fbd63758!0x116758 b #0x70fbd63940; 
[libmetasec_ml.so] 0x70fbd63940!0x116940 add x21, x25, x21; x21=0x3e x25=0x8 x21=0x3e -> x21=0x46 
[libmetasec_ml.so] 0x70fbd63944!0x116944 add x28, x28, #1; x28=0x6 x28=0x6 -> x28=0x7 
[libmetasec_ml.so] 0x70fbd63948!0x116948 b #0x70fbd635f0; 
[libmetasec_ml.so] 0x70fbd635f0!0x1165f0 ldr x8, [x20]; x8=0x7 x20=0x72a7410d48 mem_r=0x72a7410d48 -> x8=0x70fbebf080 
[libmetasec_ml.so] 0x70fbd635f4!0x1165f4 ldr w9, [x8, #0x30]; w9=0x0 x8=0x70fbebf080 mem_r=0x70fbebf0b0 -> w9=0x18 
[libmetasec_ml.so] 0x70fbd635f8!0x1165f8 cmp x28, x9; x28=0x7 x9=0x18 -> x28=0x7 
[libmetasec_ml.so] 0x70fbd635fc!0x1165fc b.hs #0x70fbd6397c; 
[libmetasec_ml.so] 0x70fbd63600!0x116600 ldr x8, [x8, #0x38]; x8=0x70fbebf080 x8=0x70fbebf080 mem_r=0x70fbebf0b8 -> x8=0x70fbec1178 
[libmetasec_ml.so] 0x70fbd63604!0x116604 nop ; 
[libmetasec_ml.so] 0x70fbd63608!0x116608 madd x24, x28, x19, x8; x24=0x70fbec1328 x28=0x7 x19=0x48 x8=0x70fbec1178 -> x24=0x70fbec1370 
[libmetasec_ml.so] 0x70fbd6360c!0x11660c ldr w9, [x24, #0x18]; w9=0x18 x24=0x70fbec1370 mem_r=0x70fbec1388 -> w9=0x50 
[libmetasec_ml.so] 0x70fbd63610!0x116610 ldr w11, [x24, #0xc]; w11=0x2e x24=0x70fbec1370 mem_r=0x70fbec137c -> w11=0x3 
[libmetasec_ml.so] 0x70fbd63614!0x116614 add x22, x20, x9; x22=0x72a7410d90 x20=0x72a7410d48 x9=0x50 -> x22=0x72a7410d98 
[libmetasec_ml.so] 0x70fbd63618!0x116618 cbz w11, #0x70fbd63744; w11=0x3 
[libmetasec_ml.so] 0x70fbd6361c!0x11661c ldr w9, [x24, #0x14]; w9=0x50 x24=0x70fbec1370 mem_r=0x70fbec1384 -> w9=0x0 
[libmetasec_ml.so] 0x70fbd63620!0x116620 cmp w11, #1; w11=0x3 -> w11=0x3 
[libmetasec_ml.so] 0x70fbd63624!0x116624 madd x10, x28, x19, x8; x10=0x70fbd63b10 x28=0x7 x19=0x48 x8=0x70fbec1178 -> x10=0x70fbec1370 
[libmetasec_ml.so] 0x70fbd63628!0x116628 ccmp w11, #3, #4, ne; w11=0x3 
[libmetasec_ml.so] 0x70fbd6362c!0x11662c b.ne #0x70fbd63668; 
[libmetasec_ml.so] 0x70fbd63630!0x116630 ldr w10, [x10, #0x30]; w10=0xfbec1370 x10=0x70fbec1370 mem_r=0x70fbec13a0 -> w10=0x0 
[libmetasec_ml.so] 0x70fbd63634!0x116634 tbnz w10, #2, #0x70fbd636a0; w10=0x0 
[libmetasec_ml.so] 0x70fbd63638!0x116638 cmp w11, #3; w11=0x3 -> w11=0x3 
[libmetasec_ml.so] 0x70fbd6363c!0x11663c b.eq #0x70fbd6372c; 
[libmetasec_ml.so] 0x70fbd6372c!0x11672c mov x0, x24; x0=0x8 x24=0x70fbec1370 -> x0=0x70fbec1370 
[libmetasec_ml.so] 0x70fbd63730!0x116730 mov x1, x22; x1=0x74472c44f0 x22=0x72a7410d98 -> x1=0x72a7410d98 
[libmetasec_ml.so] 0x70fbd63734!0x116734 bl #0x70fbd64dc8; 
[libmetasec_ml.so] 0x70fbd64dc8!0x117dc8 ldr w8, [x0, #0x10]; w8=0xfbec1178 x0=0x70fbec1370 mem_r=0x70fbec1380 -> w8=0xe 
[libmetasec_ml.so] 0x70fbd64dcc!0x117dcc cmp w8, #0x10; w8=0xe -> w8=0xe 
[libmetasec_ml.so] 0x70fbd64dd0!0x117dd0 b.hi #0x70fbd64e30; 
[libmetasec_ml.so] 0x70fbd64dd4!0x117dd4 adrp x9, #0x70fbe42000; x9=0x0 -> x9=0x70fbe42000 
[libmetasec_ml.so] 0x70fbd64dd8!0x117dd8 add x9, x9, #0x623; x9=0x70fbe42000 x9=0x70fbe42000 -> x9=0x70fbe42623 
[libmetasec_ml.so] 0x70fbd64ddc!0x117ddc adr x10, #0x70fbd64dec; x10=0x0 -> x10=0x70fbd64dec 
[libmetasec_ml.so] 0x70fbd64de0!0x117de0 ldrb w11, [x9, x8]; w11=0x3 x9=0x70fbe42623 x8=0xe mem_r=0x70fbe42631 -> w11=0xd 
[libmetasec_ml.so] 0x70fbd64de4!0x117de4 add x10, x10, x11, lsl #2; x10=0x70fbd64dec x10=0x70fbd64dec x11=0xd -> x10=0x70fbd64e20 
[libmetasec_ml.so] 0x70fbd64de8!0x117de8 br x10; x10=0x70fbd64e20 
[libmetasec_ml.so] 0x70fbd64e20!0x117e20 ldr x8, [x1]; x8=0xe x1=0x72a7410d98 mem_r=0x72a7410d98 -> x8=0x70fbf09080 
[libmetasec_ml.so] 0x70fbd64e24!0x117e24 cbz x8, #0x70fbd64e30; x8=0x70fbf09080 
[libmetasec_ml.so] 0x70fbd64e28!0x117e28 ldrb w8, [x8]; w8=0xfbf09080 x8=0x70fbf09080 mem_r=0x70fbf09080 -> w8=0x76 
[libmetasec_ml.so] 0x70fbd64e2c!0x117e2c b #0x70fbd64df0; 
[libmetasec_ml.so] 0x70fbd64df0!0x117df0 cmp w8, #0; w8=0x76 -> w8=0x76 
[libmetasec_ml.so] 0x70fbd64df4!0x117df4 b #0x70fbd64e00; 
[libmetasec_ml.so] 0x70fbd64e00!0x117e00 cset w0, eq; w0=0xfbec1370 -> w0=0x0 
[libmetasec_ml.so] 0x70fbd64e04!0x117e04 ret ; 
[libmetasec_ml.so] 0x70fbd63738!0x116738 cbz w0, #0x70fbd63744; w0=0x0 
[libmetasec_ml.so] 0x70fbd63744!0x116744 add x2, x27, x21; x2=0x6 x27=0x7367411410 x21=0x46 -> x2=0x7367411456 
[libmetasec_ml.so] 0x70fbd63748!0x116748 mov x0, x24; x0=0x0 x24=0x70fbec1370 -> x0=0x70fbec1370 
[libmetasec_ml.so] 0x70fbd6374c!0x11674c mov x1, x22; x1=0x72a7410d98 x22=0x72a7410d98 -> x1=0x72a7410d98 
[libmetasec_ml.so] 0x70fbd63750!0x116750 bl #0x70fbd63a04; 
[libmetasec_ml.so] 0x70fbd63a04!0x116a04 str x23, [sp, #-0x40]!; x23=0x2a45 sp=0x70d87c2dd0 mem_w=0x70d87c2d90 -> sp=0x70d87c2d90 
[libmetasec_ml.so] 0x70fbd63a08!0x116a08 stp x22, x21, [sp, #0x10]; x22=0x72a7410d98 x21=0x46 sp=0x70d87c2d90 mem_w=0x70d87c2da0 
[libmetasec_ml.so] 0x70fbd63a0c!0x116a0c stp x20, x19, [sp, #0x20]; x20=0x72a7410d48 x19=0x48 sp=0x70d87c2d90 mem_w=0x70d87c2db0 
[libmetasec_ml.so] 0x70fbd63a10!0x116a10 stp x29, x30, [sp, #0x30]; fp=0x70d87c2e40 lr=0x70fbd63754 sp=0x70d87c2d90 mem_w=0x70d87c2dc0 
[libmetasec_ml.so] 0x70fbd63a14!0x116a14 add x29, sp, #0x30; fp=0x70d87c2e40 sp=0x70d87c2d90 -> fp=0x70d87c2dc0 
[libmetasec_ml.so] 0x70fbd63a18!0x116a18 mov x19, x0; x19=0x48 x0=0x70fbec1370 -> x19=0x70fbec1370 
[libmetasec_ml.so] 0x70fbd63a1c!0x116a1c ldr w0, [x0, #8]; w0=0xfbec1370 x0=0x70fbec1370 mem_r=0x70fbec1378 -> w0=0x8 
[libmetasec_ml.so] 0x70fbd63a20!0x116a20 mov x21, x1; x21=0x46 x1=0x72a7410d98 -> x21=0x72a7410d98 
[libmetasec_ml.so] 0x70fbd63a24!0x116a24 mov x1, x2; x1=0x72a7410d98 x2=0x7367411456 -> x1=0x7367411456 
[libmetasec_ml.so] 0x70fbd63a28!0x116a28 mov x20, x2; x20=0x72a7410d48 x2=0x7367411456 -> x20=0x7367411456 
[libmetasec_ml.so] 0x70fbd63a2c!0x116a2c bl #0x70fbd64e38; 
[libmetasec_ml.so] 0x70fbd64e38!0x117e38 lsr w8, w0, #0x1d; w8=0x76 w0=0x8 -> w8=0x0 
[libmetasec_ml.so] 0x70fbd64e3c!0x117e3c cbnz w8, #0x70fbd64e48; w8=0x0 
[libmetasec_ml.so] 0x70fbd64e40!0x117e40 lsl w0, w0, #3; w0=0x8 w0=0x8 -> w0=0x40 
[libmetasec_ml.so] 0x70fbd64e44!0x117e44 b #0x70fbd64eb8; 
[libmetasec_ml.so] 0x70fbd64eb8!0x117eb8 cmp w0, #0x80; w0=0x40 -> w0=0x40 
[libmetasec_ml.so] 0x70fbd64ebc!0x117ebc b.lo #0x70fbd64f0c; 
[libmetasec_ml.so] 0x70fbd64f0c!0x117f0c mov w9, wzr; w9=0xfbe42623 -> w9=0x0 
[libmetasec_ml.so] 0x70fbd64f10!0x117f10 b #0x70fbd64f2c; 
[libmetasec_ml.so] 0x70fbd64f2c!0x117f2c add w8, w9, #1; w8=0x0 w9=0x0 -> w8=0x1 
[libmetasec_ml.so] 0x70fbd64f30!0x117f30 strb w0, [x1, w9, uxtw]; w0=0x40 x1=0x7367411456 w9=0x0 mem_w=0x7367411456 
[libmetasec_ml.so] 0x70fbd64f34!0x117f34 mov x0, x8; x0=0x40 x8=0x1 -> x0=0x1 
[libmetasec_ml.so] 0x70fbd64f38!0x117f38 ret ; 
[libmetasec_ml.so] 0x70fbd63a30!0x116a30 ldr w8, [x19, #0x10]; w8=0x1 x19=0x70fbec1370 mem_r=0x70fbec1380 -> w8=0xe 
[libmetasec_ml.so] 0x70fbd63a34!0x116a34 cmp w8, #0x10; w8=0xe -> w8=0xe 
[libmetasec_ml.so] 0x70fbd63a38!0x116a38 b.hi #0x70fbd63abc; 
[libmetasec_ml.so] 0x70fbd63a3c!0x116a3c adrp x9, #0x70fbe42000; x9=0x0 -> x9=0x70fbe42000 
[libmetasec_ml.so] 0x70fbd63a40!0x116a40 add x9, x9, #0x5d4; x9=0x70fbe42000 x9=0x70fbe42000 -> x9=0x70fbe425d4 
[libmetasec_ml.so] 0x70fbd63a44!0x116a44 adr x10, #0x70fbd63a58; x10=0x70fbd64e20 -> x10=0x70fbd63a58 
[libmetasec_ml.so] 0x70fbd63a48!0x116a48 ldrb w11, [x9, x8]; w11=0xd x9=0x70fbe425d4 x8=0xe mem_r=0x70fbe425e2 -> w11=0x2e 
[libmetasec_ml.so] 0x70fbd63a4c!0x116a4c add x10, x10, x11, lsl #2; x10=0x70fbd63a58 x10=0x70fbd63a58 x11=0x2e -> x10=0x70fbd63b10 
[libmetasec_ml.so] 0x70fbd63a50!0x116a50 mov x19, x0; x19=0x70fbec1370 x0=0x1 -> x19=0x1 
[libmetasec_ml.so] 0x70fbd63a54!0x116a54 br x10; x10=0x70fbd63b10 
[libmetasec_ml.so] 0x70fbd63b10!0x116b10 ldrb w8, [x20]; w8=0xe x20=0x7367411456 mem_r=0x7367411456 -> w8=0x40 
[libmetasec_ml.so] 0x70fbd63b14!0x116b14 orr w8, w8, #2; w8=0x40 w8=0x40 -> w8=0x42 
[libmetasec_ml.so] 0x70fbd63b18!0x116b18 strb w8, [x20]; w8=0x42 x20=0x7367411456 mem_w=0x7367411456 
[libmetasec_ml.so] 0x70fbd63b1c!0x116b1c ldr x21, [x21]; x21=0x72a7410d98 x21=0x72a7410d98 mem_r=0x72a7410d98 -> x21=0x70fbf09080 
[libmetasec_ml.so] 0x70fbd63b20!0x116b20 add x20, x20, x19; x20=0x7367411456 x20=0x7367411456 x19=0x1 -> x20=0x7367411457 
[libmetasec_ml.so] 0x70fbd63b24!0x116b24 cbz x21, #0x70fbd63bf0; x21=0x70fbf09080 
[libmetasec_ml.so] 0x70fbd63b28!0x116b28 mov x0, x21; x0=0x1 x21=0x70fbf09080 -> x0=0x70fbf09080 
[libmetasec_ml.so] 0x70fbd63b2c!0x116b2c bl #0x70fbc80b40; 
[libmetasec_ml.so] 0x70fbc80b40!0x33b40 adrp x16, #0x70fbec9000; x16=0x70fbec9998 -> x16=0x70fbec9000 
[libmetasec_ml.so] 0x70fbc80b44!0x33b44 ldr x17, [x16, #0xa28]; x17=0x75402d9c80 x16=0x70fbec9000 mem_r=0x70fbec9a28 -> x17=0x75402dab00 
[libmetasec_ml.so] 0x70fbc80b48!0x33b48 add x16, x16, #0xa28; x16=0x70fbec9000 x16=0x70fbec9000 -> x16=0x70fbec9a28 
[libmetasec_ml.so] 0x70fbc80b4c!0x33b4c br x17; x17=0x75402dab00 
call func: __strlen_aarch64(0x70fbf09080)
args0: v04.09.05-ml-android
ret: 0x14
[libmetasec_ml.so] 0x70fbd63b30!0x116b30 mov x1, x20; x1=0x7367411456 x20=0x7367411457 -> x1=0x7367411457 
[libmetasec_ml.so] 0x70fbd63b34!0x116b34 mov x22, x0; x22=0x72a7410d98 x0=0x14 -> x22=0x14 
[libmetasec_ml.so] 0x70fbd63b38!0x116b38 bl #0x70fbd64eb8; 
[libmetasec_ml.so] 0x70fbd64eb8!0x117eb8 cmp w0, #0x80; w0=0x14 -> w0=0x14 
[libmetasec_ml.so] 0x70fbd64ebc!0x117ebc b.lo #0x70fbd64f0c; 
[libmetasec_ml.so] 0x70fbd64f0c!0x117f0c mov w9, wzr; w9=0xfbe425d4 -> w9=0x0 
[libmetasec_ml.so] 0x70fbd64f10!0x117f10 b #0x70fbd64f2c; 
[libmetasec_ml.so] 0x70fbd64f2c!0x117f2c add w8, w9, #1; w8=0x1010101 w9=0x0 -> w8=0x1 
[libmetasec_ml.so] 0x70fbd64f30!0x117f30 strb w0, [x1, w9, uxtw]; w0=0x14 x1=0x7367411457 w9=0x0 mem_w=0x7367411457 
[libmetasec_ml.so] 0x70fbd64f34!0x117f34 mov x0, x8; x0=0x14 x8=0x1 -> x0=0x1 
[libmetasec_ml.so] 0x70fbd64f38!0x117f38 ret ; 
[libmetasec_ml.so] 0x70fbd63b3c!0x116b3c mov x23, x0; x23=0x2a45 x0=0x1 -> x23=0x1 
[libmetasec_ml.so] 0x70fbd63b40!0x116b40 add x0, x20, x0; x0=0x1 x20=0x7367411457 x0=0x1 -> x0=0x7367411458 
[libmetasec_ml.so] 0x70fbd63b44!0x116b44 mov x1, x21; x1=0x7367411457 x21=0x70fbf09080 -> x1=0x70fbf09080 
[libmetasec_ml.so] 0x70fbd63b48!0x116b48 mov x2, x22; x2=0x64696f72 x22=0x14 -> x2=0x14 
[libmetasec_ml.so] 0x70fbd63b4c!0x116b4c bl #0x70fbc80a20; 
[libmetasec_ml.so] 0x70fbc80a20!0x33a20 adrp x16, #0x70fbec9000; x16=0x70fbec9a28 -> x16=0x70fbec9000 
[libmetasec_ml.so] 0x70fbc80a24!0x33a24 ldr x17, [x16, #0x998]; x17=0x75402dab00 x16=0x70fbec9000 mem_r=0x70fbec9998 -> x17=0x75402d9c80 
[libmetasec_ml.so] 0x70fbc80a28!0x33a28 add x16, x16, #0x998; x16=0x70fbec9000 x16=0x70fbec9000 -> x16=0x70fbec9998 
[libmetasec_ml.so] 0x70fbc80a2c!0x33a2c br x17; x17=0x75402d9c80 
call func: __memcpy_aarch64_simd(0x7367411458, 0x70fbf09080, 0x14)
hexdump at address 0x70fbf09080 with length 0x14:
70fbf09080: 76 30 34 2e 30 39 2e 30 35 2d 6d 6c 2d 61 6e 64 |v04.09.05-ml-and|
70fbf09090: 72 6f 69 64                                     |roid            |
ret: 0x7367411458
[libmetasec_ml.so] 0x70fbd63b50!0x116b50 add x8, x23, x22; x8=0x1 x23=0x1 x22=0x14 -> x8=0x15 
[libmetasec_ml.so] 0x70fbd63b54!0x116b54 b #0x70fbd63bf8; 
[libmetasec_ml.so] 0x70fbd63bf8!0x116bf8 add x0, x8, x19; x0=0x7367411458 x8=0x15 x19=0x1 -> x0=0x16 
[libmetasec_ml.so] 0x70fbd63bfc!0x116bfc ldp x29, x30, [sp, #0x30]; fp=0x70d87c2dc0 lr=0x70fbd63b50 sp=0x70d87c2d90 mem_r=0x70d87c2dc0 -> fp=0x70d87c2e40 lr=0x70fbd63754 
[libmetasec_ml.so] 0x70fbd63c00!0x116c00 ldp x20, x19, [sp, #0x20]; x20=0x7367411457 x19=0x1 sp=0x70d87c2d90 mem_r=0x70d87c2db0 -> x20=0x72a7410d48 x19=0x48 
[libmetasec_ml.so] 0x70fbd63c04!0x116c04 ldp x22, x21, [sp, #0x10]; x22=0x14 x21=0x70fbf09080 sp=0x70d87c2d90 mem_r=0x70d87c2da0 -> x22=0x72a7410d98 x21=0x46 
[libmetasec_ml.so] 0x70fbd63c08!0x116c08 ldr x23, [sp], #0x40; x23=0x1 sp=0x70d87c2d90 mem_r=0x70d87c2d90 -> x23=0x2a45 
[libmetasec_ml.so] 0x70fbd63c0c!0x116c0c ret ; 
[libmetasec_ml.so] 0x70fbd63754!0x116754 mov x25, x0; x25=0x8 x0=0x16 -> x25=0x16 
[libmetasec_ml.so] 0x70fbd63758!0x116758 b #0x70fbd63940; 
[libmetasec_ml.so] 0x70fbd63940!0x116940 add x21, x25, x21; x21=0x46 x25=0x16 x21=0x46 -> x21=0x5c 
[libmetasec_ml.so] 0x70fbd63944!0x116944 add x28, x28, #1; x28=0x7 x28=0x7 -> x28=0x8 
[libmetasec_ml.so] 0x70fbd63948!0x116948 b #0x70fbd635f0; 
[libmetasec_ml.so] 0x70fbd635f0!0x1165f0 ldr x8, [x20]; x8=0x15 x20=0x72a7410d48 mem_r=0x72a7410d48 -> x8=0x70fbebf080 
[libmetasec_ml.so] 0x70fbd635f4!0x1165f4 ldr w9, [x8, #0x30]; w9=0x0 x8=0x70fbebf080 mem_r=0x70fbebf0b0 -> w9=0x18 
[libmetasec_ml.so] 0x70fbd635f8!0x1165f8 cmp x28, x9; x28=0x8 x9=0x18 -> x28=0x8 
[libmetasec_ml.so] 0x70fbd635fc!0x1165fc b.hs #0x70fbd6397c; 
[libmetasec_ml.so] 0x70fbd63600!0x116600 ldr x8, [x8, #0x38]; x8=0x70fbebf080 x8=0x70fbebf080 mem_r=0x70fbebf0b8 -> x8=0x70fbec1178 
[libmetasec_ml.so] 0x70fbd63604!0x116604 nop ; 
[libmetasec_ml.so] 0x70fbd63608!0x116608 madd x24, x28, x19, x8; x24=0x70fbec1370 x28=0x8 x19=0x48 x8=0x70fbec1178 -> x24=0x70fbec13b8 
[libmetasec_ml.so] 0x70fbd6360c!0x11660c ldr w9, [x24, #0x18]; w9=0x18 x24=0x70fbec13b8 mem_r=0x70fbec13d0 -> w9=0x58 
[libmetasec_ml.so] 0x70fbd63610!0x116610 ldr w11, [x24, #0xc]; w11=0x2e x24=0x70fbec13b8 mem_r=0x70fbec13c4 -> w11=0x3 
[libmetasec_ml.so] 0x70fbd63614!0x116614 add x22, x20, x9; x22=0x72a7410d98 x20=0x72a7410d48 x9=0x58 -> x22=0x72a7410da0 
[libmetasec_ml.so] 0x70fbd63618!0x116618 cbz w11, #0x70fbd63744; w11=0x3 
[libmetasec_ml.so] 0x70fbd6361c!0x11661c ldr w9, [x24, #0x14]; w9=0x58 x24=0x70fbec13b8 mem_r=0x70fbec13cc -> w9=0x0 
[libmetasec_ml.so] 0x70fbd63620!0x116620 cmp w11, #1; w11=0x3 -> w11=0x3 
[libmetasec_ml.so] 0x70fbd63624!0x116624 madd x10, x28, x19, x8; x10=0x70fbd63b10 x28=0x8 x19=0x48 x8=0x70fbec1178 -> x10=0x70fbec13b8 
[libmetasec_ml.so] 0x70fbd63628!0x116628 ccmp w11, #3, #4, ne; w11=0x3 
[libmetasec_ml.so] 0x70fbd6362c!0x11662c b.ne #0x70fbd63668; 
[libmetasec_ml.so] 0x70fbd63630!0x116630 ldr w10, [x10, #0x30]; w10=0xfbec13b8 x10=0x70fbec13b8 mem_r=0x70fbec13e8 -> w10=0x0 
[libmetasec_ml.so] 0x70fbd63634!0x116634 tbnz w10, #2, #0x70fbd636a0; w10=0x0 
[libmetasec_ml.so] 0x70fbd63638!0x116638 cmp w11, #3; w11=0x3 -> w11=0x3 
[libmetasec_ml.so] 0x70fbd6363c!0x11663c b.eq #0x70fbd6372c; 
[libmetasec_ml.so] 0x70fbd6372c!0x11672c mov x0, x24; x0=0x16 x24=0x70fbec13b8 -> x0=0x70fbec13b8 
[libmetasec_ml.so] 0x70fbd63730!0x116730 mov x1, x22; x1=0x70fbf09080 x22=0x72a7410da0 -> x1=0x72a7410da0 
[libmetasec_ml.so] 0x70fbd63734!0x116734 bl #0x70fbd64dc8; 
[libmetasec_ml.so] 0x70fbd64dc8!0x117dc8 ldr w8, [x0, #0x10]; w8=0xfbec1178 x0=0x70fbec13b8 mem_r=0x70fbec13c8 -> w8=0x1 
[libmetasec_ml.so] 0x70fbd64dcc!0x117dcc cmp w8, #0x10; w8=0x1 -> w8=0x1 
[libmetasec_ml.so] 0x70fbd64dd0!0x117dd0 b.hi #0x70fbd64e30; 
[libmetasec_ml.so] 0x70fbd64dd4!0x117dd4 adrp x9, #0x70fbe42000; x9=0x0 -> x9=0x70fbe42000 
[libmetasec_ml.so] 0x70fbd64dd8!0x117dd8 add x9, x9, #0x623; x9=0x70fbe42000 x9=0x70fbe42000 -> x9=0x70fbe42623 
[libmetasec_ml.so] 0x70fbd64ddc!0x117ddc adr x10, #0x70fbd64dec; x10=0x0 -> x10=0x70fbd64dec 
[libmetasec_ml.so] 0x70fbd64de0!0x117de0 ldrb w11, [x9, x8]; w11=0x3 x9=0x70fbe42623 x8=0x1 mem_r=0x70fbe42624 -> w11=0x0 
[libmetasec_ml.so] 0x70fbd64de4!0x117de4 add x10, x10, x11, lsl #2; x10=0x70fbd64dec x10=0x70fbd64dec x11=0x0 -> x10=0x70fbd64dec 
[libmetasec_ml.so] 0x70fbd64de8!0x117de8 br x10; x10=0x70fbd64dec 
[libmetasec_ml.so] 0x70fbd64dec!0x117dec ldr w8, [x1]; w8=0x1 x1=0x72a7410da0 mem_r=0x72a7410da0 -> w8=0x4090500 
[libmetasec_ml.so] 0x70fbd64df0!0x117df0 cmp w8, #0; w8=0x4090500 -> w8=0x4090500 
[libmetasec_ml.so] 0x70fbd64df4!0x117df4 b #0x70fbd64e00; 
[libmetasec_ml.so] 0x70fbd64e00!0x117e00 cset w0, eq; w0=0xfbec13b8 -> w0=0x0 
[libmetasec_ml.so] 0x70fbd64e04!0x117e04 ret ; 
[libmetasec_ml.so] 0x70fbd63738!0x116738 cbz w0, #0x70fbd63744; w0=0x0 
[libmetasec_ml.so] 0x70fbd63744!0x116744 add x2, x27, x21; x2=0x14 x27=0x7367411410 x21=0x5c -> x2=0x736741146c 
[libmetasec_ml.so] 0x70fbd63748!0x116748 mov x0, x24; x0=0x0 x24=0x70fbec13b8 -> x0=0x70fbec13b8 
[libmetasec_ml.so] 0x70fbd6374c!0x11674c mov x1, x22; x1=0x72a7410da0 x22=0x72a7410da0 -> x1=0x72a7410da0 
[libmetasec_ml.so] 0x70fbd63750!0x116750 bl #0x70fbd63a04; 
[libmetasec_ml.so] 0x70fbd63a04!0x116a04 str x23, [sp, #-0x40]!; x23=0x2a45 sp=0x70d87c2dd0 mem_w=0x70d87c2d90 -> sp=0x70d87c2d90 
[libmetasec_ml.so] 0x70fbd63a08!0x116a08 stp x22, x21, [sp, #0x10]; x22=0x72a7410da0 x21=0x5c sp=0x70d87c2d90 mem_w=0x70d87c2da0 
[libmetasec_ml.so] 0x70fbd63a0c!0x116a0c stp x20, x19, [sp, #0x20]; x20=0x72a7410d48 x19=0x48 sp=0x70d87c2d90 mem_w=0x70d87c2db0 
[libmetasec_ml.so] 0x70fbd63a10!0x116a10 stp x29, x30, [sp, #0x30]; fp=0x70d87c2e40 lr=0x70fbd63754 sp=0x70d87c2d90 mem_w=0x70d87c2dc0 
[libmetasec_ml.so] 0x70fbd63a14!0x116a14 add x29, sp, #0x30; fp=0x70d87c2e40 sp=0x70d87c2d90 -> fp=0x70d87c2dc0 
[libmetasec_ml.so] 0x70fbd63a18!0x116a18 mov x19, x0; x19=0x48 x0=0x70fbec13b8 -> x19=0x70fbec13b8 
[libmetasec_ml.so] 0x70fbd63a1c!0x116a1c ldr w0, [x0, #8]; w0=0xfbec13b8 x0=0x70fbec13b8 mem_r=0x70fbec13c0 -> w0=0x9 
[libmetasec_ml.so] 0x70fbd63a20!0x116a20 mov x21, x1; x21=0x5c x1=0x72a7410da0 -> x21=0x72a7410da0 
[libmetasec_ml.so] 0x70fbd63a24!0x116a24 mov x1, x2; x1=0x72a7410da0 x2=0x736741146c -> x1=0x736741146c 
[libmetasec_ml.so] 0x70fbd63a28!0x116a28 mov x20, x2; x20=0x72a7410d48 x2=0x736741146c -> x20=0x736741146c 
[libmetasec_ml.so] 0x70fbd63a2c!0x116a2c bl #0x70fbd64e38; 
[libmetasec_ml.so] 0x70fbd64e38!0x117e38 lsr w8, w0, #0x1d; w8=0x4090500 w0=0x9 -> w8=0x0 
[libmetasec_ml.so] 0x70fbd64e3c!0x117e3c cbnz w8, #0x70fbd64e48; w8=0x0 
[libmetasec_ml.so] 0x70fbd64e40!0x117e40 lsl w0, w0, #3; w0=0x9 w0=0x9 -> w0=0x48 
[libmetasec_ml.so] 0x70fbd64e44!0x117e44 b #0x70fbd64eb8; 
[libmetasec_ml.so] 0x70fbd64eb8!0x117eb8 cmp w0, #0x80; w0=0x48 -> w0=0x48 
[libmetasec_ml.so] 0x70fbd64ebc!0x117ebc b.lo #0x70fbd64f0c; 
[libmetasec_ml.so] 0x70fbd64f0c!0x117f0c mov w9, wzr; w9=0xfbe42623 -> w9=0x0 
[libmetasec_ml.so] 0x70fbd64f10!0x117f10 b #0x70fbd64f2c; 
[libmetasec_ml.so] 0x70fbd64f2c!0x117f2c add w8, w9, #1; w8=0x0 w9=0x0 -> w8=0x1 
[libmetasec_ml.so] 0x70fbd64f30!0x117f30 strb w0, [x1, w9, uxtw]; w0=0x48 x1=0x736741146c w9=0x0 mem_w=0x736741146c 
[libmetasec_ml.so] 0x70fbd64f34!0x117f34 mov x0, x8; x0=0x48 x8=0x1 -> x0=0x1 
[libmetasec_ml.so] 0x70fbd64f38!0x117f38 ret ; 
[libmetasec_ml.so] 0x70fbd63a30!0x116a30 ldr w8, [x19, #0x10]; w8=0x1 x19=0x70fbec13b8 mem_r=0x70fbec13c8 -> w8=0x1 
[libmetasec_ml.so] 0x70fbd63a34!0x116a34 cmp w8, #0x10; w8=0x1 -> w8=0x1 
[libmetasec_ml.so] 0x70fbd63a38!0x116a38 b.hi #0x70fbd63abc; 
[libmetasec_ml.so] 0x70fbd63a3c!0x116a3c adrp x9, #0x70fbe42000; x9=0x0 -> x9=0x70fbe42000 
[libmetasec_ml.so] 0x70fbd63a40!0x116a40 add x9, x9, #0x5d4; x9=0x70fbe42000 x9=0x70fbe42000 -> x9=0x70fbe425d4 
[libmetasec_ml.so] 0x70fbd63a44!0x116a44 adr x10, #0x70fbd63a58; x10=0x70fbd64dec -> x10=0x70fbd63a58 
[libmetasec_ml.so] 0x70fbd63a48!0x116a48 ldrb w11, [x9, x8]; w11=0x0 x9=0x70fbe425d4 x8=0x1 mem_r=0x70fbe425d5 -> w11=0x1b 
[libmetasec_ml.so] 0x70fbd63a4c!0x116a4c add x10, x10, x11, lsl #2; x10=0x70fbd63a58 x10=0x70fbd63a58 x11=0x1b -> x10=0x70fbd63ac4 
[libmetasec_ml.so] 0x70fbd63a50!0x116a50 mov x19, x0; x19=0x70fbec13b8 x0=0x1 -> x19=0x1 
[libmetasec_ml.so] 0x70fbd63a54!0x116a54 br x10; x10=0x70fbd63ac4 
[libmetasec_ml.so] 0x70fbd63ac4!0x116ac4 ldr w0, [x21]; w0=0x1 x21=0x72a7410da0 mem_r=0x72a7410da0 -> w0=0x4090500 
[libmetasec_ml.so] 0x70fbd63ac8!0x116ac8 add x1, x20, x19; x1=0x736741146c x20=0x736741146c x19=0x1 -> x1=0x736741146d 
[libmetasec_ml.so] 0x70fbd63acc!0x116acc bl #0x70fbd64e54; 
[libmetasec_ml.so] 0x70fbd64e54!0x117e54 lsl w8, w0, #1; w8=0x1 w0=0x4090500 -> w8=0x8120a00 
[libmetasec_ml.so] 0x70fbd64e58!0x117e58 eor w0, w8, w0, asr #31; w0=0x4090500 w8=0x8120a00 w0=0x4090500 -> w0=0x8120a00 
[libmetasec_ml.so] 0x70fbd64e5c!0x117e5c b #0x70fbd64eb8; 
[libmetasec_ml.so] 0x70fbd64eb8!0x117eb8 cmp w0, #0x80; w0=0x8120a00 -> w0=0x8120a00 
[libmetasec_ml.so] 0x70fbd64ebc!0x117ebc b.lo #0x70fbd64f0c; 
[libmetasec_ml.so] 0x70fbd64ec0!0x117ec0 orr w8, w0, #0x80; w8=0x8120a00 w0=0x8120a00 -> w8=0x8120a80 
[libmetasec_ml.so] 0x70fbd64ec4!0x117ec4 cmp w0, #4, lsl #12; w0=0x8120a00 -> w0=0x8120a00 
[libmetasec_ml.so] 0x70fbd64ec8!0x117ec8 strb w8, [x1]; w8=0x8120a80 x1=0x736741146d mem_w=0x736741146d 
[libmetasec_ml.so] 0x70fbd64ecc!0x117ecc lsr w8, w0, #7; w8=0x8120a80 w0=0x8120a00 -> w8=0x102414 
[libmetasec_ml.so] 0x70fbd64ed0!0x117ed0 b.lo #0x70fbd64f14; 
[libmetasec_ml.so] 0x70fbd64ed4!0x117ed4 orr w8, w8, #0x80; w8=0x102414 w8=0x102414 -> w8=0x102494 
[libmetasec_ml.so] 0x70fbd64ed8!0x117ed8 cmp w0, #0x200, lsl #12; w0=0x8120a00 -> w0=0x8120a00 
[libmetasec_ml.so] 0x70fbd64edc!0x117edc strb w8, [x1, #1]; w8=0x102494 x1=0x736741146d mem_w=0x736741146e 
[libmetasec_ml.so] 0x70fbd64ee0!0x117ee0 lsr w8, w0, #0xe; w8=0x102494 w0=0x8120a00 -> w8=0x2048 
[libmetasec_ml.so] 0x70fbd64ee4!0x117ee4 b.lo #0x70fbd64f1c; 
[libmetasec_ml.so] 0x70fbd64ee8!0x117ee8 orr w9, w8, #0x80; w9=0xfbe425d4 w8=0x2048 -> w9=0x20c8 
[libmetasec_ml.so] 0x70fbd64eec!0x117eec lsr w8, w0, #0x15; w8=0x2048 w0=0x8120a00 -> w8=0x40 
[libmetasec_ml.so] 0x70fbd64ef0!0x117ef0 lsr w0, w0, #0x1c; w0=0x8120a00 w0=0x8120a00 -> w0=0x0 
[libmetasec_ml.so] 0x70fbd64ef4!0x117ef4 strb w9, [x1, #2]; w9=0x20c8 x1=0x736741146d mem_w=0x736741146f 
[libmetasec_ml.so] 0x70fbd64ef8!0x117ef8 cbz w0, #0x70fbd64f24; w0=0x0 
[libmetasec_ml.so] 0x70fbd64f24!0x117f24 mov w9, #3; w9=0x20c8 -> w9=0x3 
[libmetasec_ml.so] 0x70fbd64f28!0x117f28 mov w0, w8; w0=0x0 w8=0x40 -> w0=0x40 
[libmetasec_ml.so] 0x70fbd64f2c!0x117f2c add w8, w9, #1; w8=0x40 w9=0x3 -> w8=0x4 
[libmetasec_ml.so] 0x70fbd64f30!0x117f30 strb w0, [x1, w9, uxtw]; w0=0x40 x1=0x736741146d w9=0x3 mem_w=0x7367411470 
[libmetasec_ml.so] 0x70fbd64f34!0x117f34 mov x0, x8; x0=0x40 x8=0x4 -> x0=0x4 
[libmetasec_ml.so] 0x70fbd64f38!0x117f38 ret ; 
[libmetasec_ml.so] 0x70fbd63ad0!0x116ad0 b #0x70fbd63af0; 
[libmetasec_ml.so] 0x70fbd63af0!0x116af0 add x0, x0, x19; x0=0x4 x0=0x4 x19=0x1 -> x0=0x5 
[libmetasec_ml.so] 0x70fbd63af4!0x116af4 b #0x70fbd63bfc; 
[libmetasec_ml.so] 0x70fbd63bfc!0x116bfc ldp x29, x30, [sp, #0x30]; fp=0x70d87c2dc0 lr=0x70fbd63ad0 sp=0x70d87c2d90 mem_r=0x70d87c2dc0 -> fp=0x70d87c2e40 lr=0x70fbd63754 
[libmetasec_ml.so] 0x70fbd63c00!0x116c00 ldp x20, x19, [sp, #0x20]; x20=0x736741146c x19=0x1 sp=0x70d87c2d90 mem_r=0x70d87c2db0 -> x20=0x72a7410d48 x19=0x48 
[libmetasec_ml.so] 0x70fbd63c04!0x116c04 ldp x22, x21, [sp, #0x10]; x22=0x72a7410da0 x21=0x72a7410da0 sp=0x70d87c2d90 mem_r=0x70d87c2da0 -> x22=0x72a7410da0 x21=0x5c 
[libmetasec_ml.so] 0x70fbd63c08!0x116c08 ldr x23, [sp], #0x40; x23=0x2a45 sp=0x70d87c2d90 mem_r=0x70d87c2d90 -> x23=0x2a45 
[libmetasec_ml.so] 0x70fbd63c0c!0x116c0c ret ; 
[libmetasec_ml.so] 0x70fbd63754!0x116754 mov x25, x0; x25=0x16 x0=0x5 -> x25=0x5 
[libmetasec_ml.so] 0x70fbd63758!0x116758 b #0x70fbd63940; 
[libmetasec_ml.so] 0x70fbd63940!0x116940 add x21, x25, x21; x21=0x5c x25=0x5 x21=0x5c -> x21=0x61 
[libmetasec_ml.so] 0x70fbd63944!0x116944 add x28, x28, #1; x28=0x8 x28=0x8 -> x28=0x9 
[libmetasec_ml.so] 0x70fbd63948!0x116948 b #0x70fbd635f0; 
[libmetasec_ml.so] 0x70fbd635f0!0x1165f0 ldr x8, [x20]; x8=0x4 x20=0x72a7410d48 mem_r=0x72a7410d48 -> x8=0x70fbebf080 
[libmetasec_ml.so] 0x70fbd635f4!0x1165f4 ldr w9, [x8, #0x30]; w9=0x3 x8=0x70fbebf080 mem_r=0x70fbebf0b0 -> w9=0x18 
[libmetasec_ml.so] 0x70fbd635f8!0x1165f8 cmp x28, x9; x28=0x9 x9=0x18 -> x28=0x9 
[libmetasec_ml.so] 0x70fbd635fc!0x1165fc b.hs #0x70fbd6397c; 
[libmetasec_ml.so] 0x70fbd63600!0x116600 ldr x8, [x8, #0x38]; x8=0x70fbebf080 x8=0x70fbebf080 mem_r=0x70fbebf0b8 -> x8=0x70fbec1178 
[libmetasec_ml.so] 0x70fbd63604!0x116604 nop ; 
[libmetasec_ml.so] 0x70fbd63608!0x116608 madd x24, x28, x19, x8; x24=0x70fbec13b8 x28=0x9 x19=0x48 x8=0x70fbec1178 -> x24=0x70fbec1400 
[libmetasec_ml.so] 0x70fbd6360c!0x11660c ldr w9, [x24, #0x18]; w9=0x18 x24=0x70fbec1400 mem_r=0x70fbec1418 -> w9=0x60 
[libmetasec_ml.so] 0x70fbd63610!0x116610 ldr w11, [x24, #0xc]; w11=0x1b x24=0x70fbec1400 mem_r=0x70fbec140c -> w11=0x3 
[libmetasec_ml.so] 0x70fbd63614!0x116614 add x22, x20, x9; x22=0x72a7410da0 x20=0x72a7410d48 x9=0x60 -> x22=0x72a7410da8 
[libmetasec_ml.so] 0x70fbd63618!0x116618 cbz w11, #0x70fbd63744; w11=0x3 
[libmetasec_ml.so] 0x70fbd6361c!0x11661c ldr w9, [x24, #0x14]; w9=0x60 x24=0x70fbec1400 mem_r=0x70fbec1414 -> w9=0x0 
[libmetasec_ml.so] 0x70fbd63620!0x116620 cmp w11, #1; w11=0x3 -> w11=0x3 
[libmetasec_ml.so] 0x70fbd63624!0x116624 madd x10, x28, x19, x8; x10=0x70fbd63ac4 x28=0x9 x19=0x48 x8=0x70fbec1178 -> x10=0x70fbec1400 
[libmetasec_ml.so] 0x70fbd63628!0x116628 ccmp w11, #3, #4, ne; w11=0x3 
[libmetasec_ml.so] 0x70fbd6362c!0x11662c b.ne #0x70fbd63668; 
[libmetasec_ml.so] 0x70fbd63630!0x116630 ldr w10, [x10, #0x30]; w10=0xfbec1400 x10=0x70fbec1400 mem_r=0x70fbec1430 -> w10=0x0 
[libmetasec_ml.so] 0x70fbd63634!0x116634 tbnz w10, #2, #0x70fbd636a0; w10=0x0 
[libmetasec_ml.so] 0x70fbd63638!0x116638 cmp w11, #3; w11=0x3 -> w11=0x3 
[libmetasec_ml.so] 0x70fbd6363c!0x11663c b.eq #0x70fbd6372c; 
[libmetasec_ml.so] 0x70fbd6372c!0x11672c mov x0, x24; x0=0x5 x24=0x70fbec1400 -> x0=0x70fbec1400 
[libmetasec_ml.so] 0x70fbd63730!0x116730 mov x1, x22; x1=0x736741146d x22=0x72a7410da8 -> x1=0x72a7410da8 
[libmetasec_ml.so] 0x70fbd63734!0x116734 bl #0x70fbd64dc8; 
[libmetasec_ml.so] 0x70fbd64dc8!0x117dc8 ldr w8, [x0, #0x10]; w8=0xfbec1178 x0=0x70fbec1400 mem_r=0x70fbec1410 -> w8=0xf 
[libmetasec_ml.so] 0x70fbd64dcc!0x117dcc cmp w8, #0x10; w8=0xf -> w8=0xf 
[libmetasec_ml.so] 0x70fbd64dd0!0x117dd0 b.hi #0x70fbd64e30; 
[libmetasec_ml.so] 0x70fbd64dd4!0x117dd4 adrp x9, #0x70fbe42000; x9=0x0 -> x9=0x70fbe42000 
[libmetasec_ml.so] 0x70fbd64dd8!0x117dd8 add x9, x9, #0x623; x9=0x70fbe42000 x9=0x70fbe42000 -> x9=0x70fbe42623 
[libmetasec_ml.so] 0x70fbd64ddc!0x117ddc adr x10, #0x70fbd64dec; x10=0x0 -> x10=0x70fbd64dec 
[libmetasec_ml.so] 0x70fbd64de0!0x117de0 ldrb w11, [x9, x8]; w11=0x3 x9=0x70fbe42623 x8=0xf mem_r=0x70fbe42632 -> w11=0x3 
[libmetasec_ml.so] 0x70fbd64de4!0x117de4 add x10, x10, x11, lsl #2; x10=0x70fbd64dec x10=0x70fbd64dec x11=0x3 -> x10=0x70fbd64df8 
[libmetasec_ml.so] 0x70fbd64de8!0x117de8 br x10; x10=0x70fbd64df8 
[libmetasec_ml.so] 0x70fbd64df8!0x117df8 ldr x8, [x1]; x8=0xf x1=0x72a7410da8 mem_r=0x72a7410da8 -> x8=0x8 
[libmetasec_ml.so] 0x70fbd64dfc!0x117dfc cmp x8, #0; x8=0x8 -> x8=0x8 
[libmetasec_ml.so] 0x70fbd64e00!0x117e00 cset w0, eq; w0=0xfbec1400 -> w0=0x0 
[libmetasec_ml.so] 0x70fbd64e04!0x117e04 ret ; 
[libmetasec_ml.so] 0x70fbd63738!0x116738 cbz w0, #0x70fbd63744; w0=0x0 
[libmetasec_ml.so] 0x70fbd63744!0x116744 add x2, x27, x21; x2=0x736741146c x27=0x7367411410 x21=0x61 -> x2=0x7367411471 
[libmetasec_ml.so] 0x70fbd63748!0x116748 mov x0, x24; x0=0x0 x24=0x70fbec1400 -> x0=0x70fbec1400 
[libmetasec_ml.so] 0x70fbd6374c!0x11674c mov x1, x22; x1=0x72a7410da8 x22=0x72a7410da8 -> x1=0x72a7410da8 
[libmetasec_ml.so] 0x70fbd63750!0x116750 bl #0x70fbd63a04; 
[libmetasec_ml.so] 0x70fbd63a04!0x116a04 str x23, [sp, #-0x40]!; x23=0x2a45 sp=0x70d87c2dd0 mem_w=0x70d87c2d90 -> sp=0x70d87c2d90 
[libmetasec_ml.so] 0x70fbd63a08!0x116a08 stp x22, x21, [sp, #0x10]; x22=0x72a7410da8 x21=0x61 sp=0x70d87c2d90 mem_w=0x70d87c2da0 
[libmetasec_ml.so] 0x70fbd63a0c!0x116a0c stp x20, x19, [sp, #0x20]; x20=0x72a7410d48 x19=0x48 sp=0x70d87c2d90 mem_w=0x70d87c2db0 
[libmetasec_ml.so] 0x70fbd63a10!0x116a10 stp x29, x30, [sp, #0x30]; fp=0x70d87c2e40 lr=0x70fbd63754 sp=0x70d87c2d90 mem_w=0x70d87c2dc0 
[libmetasec_ml.so] 0x70fbd63a14!0x116a14 add x29, sp, #0x30; fp=0x70d87c2e40 sp=0x70d87c2d90 -> fp=0x70d87c2dc0 
[libmetasec_ml.so] 0x70fbd63a18!0x116a18 mov x19, x0; x19=0x48 x0=0x70fbec1400 -> x19=0x70fbec1400 
[libmetasec_ml.so] 0x70fbd63a1c!0x116a1c ldr w0, [x0, #8]; w0=0xfbec1400 x0=0x70fbec1400 mem_r=0x70fbec1408 -> w0=0xa 
[libmetasec_ml.so] 0x70fbd63a20!0x116a20 mov x21, x1; x21=0x61 x1=0x72a7410da8 -> x21=0x72a7410da8 
[libmetasec_ml.so] 0x70fbd63a24!0x116a24 mov x1, x2; x1=0x72a7410da8 x2=0x7367411471 -> x1=0x7367411471 
[libmetasec_ml.so] 0x70fbd63a28!0x116a28 mov x20, x2; x20=0x72a7410d48 x2=0x7367411471 -> x20=0x7367411471 
[libmetasec_ml.so] 0x70fbd63a2c!0x116a2c bl #0x70fbd64e38; 
[libmetasec_ml.so] 0x70fbd64e38!0x117e38 lsr w8, w0, #0x1d; w8=0x8 w0=0xa -> w8=0x0 
[libmetasec_ml.so] 0x70fbd64e3c!0x117e3c cbnz w8, #0x70fbd64e48; w8=0x0 
[libmetasec_ml.so] 0x70fbd64e40!0x117e40 lsl w0, w0, #3; w0=0xa w0=0xa -> w0=0x50 
[libmetasec_ml.so] 0x70fbd64e44!0x117e44 b #0x70fbd64eb8; 
[libmetasec_ml.so] 0x70fbd64eb8!0x117eb8 cmp w0, #0x80; w0=0x50 -> w0=0x50 
[libmetasec_ml.so] 0x70fbd64ebc!0x117ebc b.lo #0x70fbd64f0c; 
[libmetasec_ml.so] 0x70fbd64f0c!0x117f0c mov w9, wzr; w9=0xfbe42623 -> w9=0x0 
[libmetasec_ml.so] 0x70fbd64f10!0x117f10 b #0x70fbd64f2c; 
[libmetasec_ml.so] 0x70fbd64f2c!0x117f2c add w8, w9, #1; w8=0x0 w9=0x0 -> w8=0x1 
[libmetasec_ml.so] 0x70fbd64f30!0x117f30 strb w0, [x1, w9, uxtw]; w0=0x50 x1=0x7367411471 w9=0x0 mem_w=0x7367411471 
[libmetasec_ml.so] 0x70fbd64f34!0x117f34 mov x0, x8; x0=0x50 x8=0x1 -> x0=0x1 
[libmetasec_ml.so] 0x70fbd64f38!0x117f38 ret ; 
[libmetasec_ml.so] 0x70fbd63a30!0x116a30 ldr w8, [x19, #0x10]; w8=0x1 x19=0x70fbec1400 mem_r=0x70fbec1410 -> w8=0xf 
[libmetasec_ml.so] 0x70fbd63a34!0x116a34 cmp w8, #0x10; w8=0xf -> w8=0xf 
[libmetasec_ml.so] 0x70fbd63a38!0x116a38 b.hi #0x70fbd63abc; 
[libmetasec_ml.so] 0x70fbd63a3c!0x116a3c adrp x9, #0x70fbe42000; x9=0x0 -> x9=0x70fbe42000 
[libmetasec_ml.so] 0x70fbd63a40!0x116a40 add x9, x9, #0x5d4; x9=0x70fbe42000 x9=0x70fbe42000 -> x9=0x70fbe425d4 
[libmetasec_ml.so] 0x70fbd63a44!0x116a44 adr x10, #0x70fbd63a58; x10=0x70fbd64df8 -> x10=0x70fbd63a58 
[libmetasec_ml.so] 0x70fbd63a48!0x116a48 ldrb w11, [x9, x8]; w11=0x3 x9=0x70fbe425d4 x8=0xf mem_r=0x70fbe425e3 -> w11=0x40 
[libmetasec_ml.so] 0x70fbd63a4c!0x116a4c add x10, x10, x11, lsl #2; x10=0x70fbd63a58 x10=0x70fbd63a58 x11=0x40 -> x10=0x70fbd63b58 
[libmetasec_ml.so] 0x70fbd63a50!0x116a50 mov x19, x0; x19=0x70fbec1400 x0=0x1 -> x19=0x1 
[libmetasec_ml.so] 0x70fbd63a54!0x116a54 br x10; x10=0x70fbd63b58 
[libmetasec_ml.so] 0x70fbd63b58!0x116b58 ldrb w8, [x20]; w8=0xf x20=0x7367411471 mem_r=0x7367411471 -> w8=0x50 
[libmetasec_ml.so] 0x70fbd63b5c!0x116b5c orr w8, w8, #2; w8=0x50 w8=0x50 -> w8=0x52 
[libmetasec_ml.so] 0x70fbd63b60!0x116b60 strb w8, [x20]; w8=0x52 x20=0x7367411471 mem_w=0x7367411471 
[libmetasec_ml.so] 0x70fbd63b64!0x116b64 ldr x22, [x21]; x22=0x72a7410da8 x21=0x72a7410da8 mem_r=0x72a7410da8 -> x22=0x8 
[libmetasec_ml.so] 0x70fbd63b68!0x116b68 add x20, x20, x19; x20=0x7367411471 x20=0x7367411471 x19=0x1 -> x20=0x7367411472 
[libmetasec_ml.so] 0x70fbd63b6c!0x116b6c mov x1, x20; x1=0x7367411471 x20=0x7367411472 -> x1=0x7367411472 
[libmetasec_ml.so] 0x70fbd63b70!0x116b70 mov w0, w22; w0=0x1 w22=0x8 -> w0=0x8 
[libmetasec_ml.so] 0x70fbd63b74!0x116b74 bl #0x70fbd64eb8; 
[libmetasec_ml.so] 0x70fbd64eb8!0x117eb8 cmp w0, #0x80; w0=0x8 -> w0=0x8 
[libmetasec_ml.so] 0x70fbd64ebc!0x117ebc b.lo #0x70fbd64f0c; 
[libmetasec_ml.so] 0x70fbd64f0c!0x117f0c mov w9, wzr; w9=0xfbe425d4 -> w9=0x0 
[libmetasec_ml.so] 0x70fbd64f10!0x117f10 b #0x70fbd64f2c; 
[libmetasec_ml.so] 0x70fbd64f2c!0x117f2c add w8, w9, #1; w8=0x52 w9=0x0 -> w8=0x1 
[libmetasec_ml.so] 0x70fbd64f30!0x117f30 strb w0, [x1, w9, uxtw]; w0=0x8 x1=0x7367411472 w9=0x0 mem_w=0x7367411472 
[libmetasec_ml.so] 0x70fbd64f34!0x117f34 mov x0, x8; x0=0x8 x8=0x1 -> x0=0x1 
[libmetasec_ml.so] 0x70fbd64f38!0x117f38 ret ; 
[libmetasec_ml.so] 0x70fbd63b78!0x116b78 ldr x1, [x21, #8]; x1=0x7367411472 x21=0x72a7410da8 mem_r=0x72a7410db0 -> x1=0x74472c3b30 
[libmetasec_ml.so] 0x70fbd63b7c!0x116b7c mov x21, x0; x21=0x72a7410da8 x0=0x1 -> x21=0x1 
[libmetasec_ml.so] 0x70fbd63b80!0x116b80 add x0, x20, x0; x0=0x1 x20=0x7367411472 x0=0x1 -> x0=0x7367411473 
[libmetasec_ml.so] 0x70fbd63b84!0x116b84 mov x2, x22; x2=0x7367411471 x22=0x8 -> x2=0x8 
[libmetasec_ml.so] 0x70fbd63b88!0x116b88 bl #0x70fbc80a20; 
[libmetasec_ml.so] 0x70fbc80a20!0x33a20 adrp x16, #0x70fbec9000; x16=0x70fbec9998 -> x16=0x70fbec9000 
[libmetasec_ml.so] 0x70fbc80a24!0x33a24 ldr x17, [x16, #0x998]; x17=0x75402d9c80 x16=0x70fbec9000 mem_r=0x70fbec9998 -> x17=0x75402d9c80 
[libmetasec_ml.so] 0x70fbc80a28!0x33a28 add x16, x16, #0x998; x16=0x70fbec9000 x16=0x70fbec9000 -> x16=0x70fbec9998 
[libmetasec_ml.so] 0x70fbc80a2c!0x33a2c br x17; x17=0x75402d9c80 
call func: __memcpy_aarch64_simd(0x7367411473, 0x74472c3b30, 0x8)
hexdump at address 0x74472c3b30 with length 0x8:
74472c3b30: 00 00 00 00 00 00 00 00                         |........        |
ret: 0x7367411473
[libmetasec_ml.so] 0x70fbd63b8c!0x116b8c add x8, x22, x19; x8=0x1 x22=0x8 x19=0x1 -> x8=0x9 
[libmetasec_ml.so] 0x70fbd63b90!0x116b90 add x0, x8, x21; x0=0x7367411473 x8=0x9 x21=0x1 -> x0=0xa 
[libmetasec_ml.so] 0x70fbd63b94!0x116b94 b #0x70fbd63bfc; 
[libmetasec_ml.so] 0x70fbd63bfc!0x116bfc ldp x29, x30, [sp, #0x30]; fp=0x70d87c2dc0 lr=0x70fbd63b8c sp=0x70d87c2d90 mem_r=0x70d87c2dc0 -> fp=0x70d87c2e40 lr=0x70fbd63754 
[libmetasec_ml.so] 0x70fbd63c00!0x116c00 ldp x20, x19, [sp, #0x20]; x20=0x7367411472 x19=0x1 sp=0x70d87c2d90 mem_r=0x70d87c2db0 -> x20=0x72a7410d48 x19=0x48 
[libmetasec_ml.so] 0x70fbd63c04!0x116c04 ldp x22, x21, [sp, #0x10]; x22=0x8 x21=0x1 sp=0x70d87c2d90 mem_r=0x70d87c2da0 -> x22=0x72a7410da8 x21=0x61 
[libmetasec_ml.so] 0x70fbd63c08!0x116c08 ldr x23, [sp], #0x40; x23=0x2a45 sp=0x70d87c2d90 mem_r=0x70d87c2d90 -> x23=0x2a45 
[libmetasec_ml.so] 0x70fbd63c0c!0x116c0c ret ; 
[libmetasec_ml.so] 0x70fbd63754!0x116754 mov x25, x0; x25=0x5 x0=0xa -> x25=0xa 
[libmetasec_ml.so] 0x70fbd63758!0x116758 b #0x70fbd63940; 
[libmetasec_ml.so] 0x70fbd63940!0x116940 add x21, x25, x21; x21=0x61 x25=0xa x21=0x61 -> x21=0x6b 
[libmetasec_ml.so] 0x70fbd63944!0x116944 add x28, x28, #1; x28=0x9 x28=0x9 -> x28=0xa 
[libmetasec_ml.so] 0x70fbd63948!0x116948 b #0x70fbd635f0; 
[libmetasec_ml.so] 0x70fbd635f0!0x1165f0 ldr x8, [x20]; x8=0x9 x20=0x72a7410d48 mem_r=0x72a7410d48 -> x8=0x70fbebf080 
[libmetasec_ml.so] 0x70fbd635f4!0x1165f4 ldr w9, [x8, #0x30]; w9=0x0 x8=0x70fbebf080 mem_r=0x70fbebf0b0 -> w9=0x18 
[libmetasec_ml.so] 0x70fbd635f8!0x1165f8 cmp x28, x9; x28=0xa x9=0x18 -> x28=0xa 
[libmetasec_ml.so] 0x70fbd635fc!0x1165fc b.hs #0x70fbd6397c; 
[libmetasec_ml.so] 0x70fbd63600!0x116600 ldr x8, [x8, #0x38]; x8=0x70fbebf080 x8=0x70fbebf080 mem_r=0x70fbebf0b8 -> x8=0x70fbec1178 
[libmetasec_ml.so] 0x70fbd63604!0x116604 nop ; 
[libmetasec_ml.so] 0x70fbd63608!0x116608 madd x24, x28, x19, x8; x24=0x70fbec1400 x28=0xa x19=0x48 x8=0x70fbec1178 -> x24=0x70fbec1448 
[libmetasec_ml.so] 0x70fbd6360c!0x11660c ldr w9, [x24, #0x18]; w9=0x18 x24=0x70fbec1448 mem_r=0x70fbec1460 -> w9=0x70 
[libmetasec_ml.so] 0x70fbd63610!0x116610 ldr w11, [x24, #0xc]; w11=0x40 x24=0x70fbec1448 mem_r=0x70fbec1454 -> w11=0x3 
[libmetasec_ml.so] 0x70fbd63614!0x116614 add x22, x20, x9; x22=0x72a7410da8 x20=0x72a7410d48 x9=0x70 -> x22=0x72a7410db8 
[libmetasec_ml.so] 0x70fbd63618!0x116618 cbz w11, #0x70fbd63744; w11=0x3 
[libmetasec_ml.so] 0x70fbd6361c!0x11661c ldr w9, [x24, #0x14]; w9=0x70 x24=0x70fbec1448 mem_r=0x70fbec145c -> w9=0x0 
[libmetasec_ml.so] 0x70fbd63620!0x116620 cmp w11, #1; w11=0x3 -> w11=0x3 
[libmetasec_ml.so] 0x70fbd63624!0x116624 madd x10, x28, x19, x8; x10=0x70fbd63b58 x28=0xa x19=0x48 x8=0x70fbec1178 -> x10=0x70fbec1448 
[libmetasec_ml.so] 0x70fbd63628!0x116628 ccmp w11, #3, #4, ne; w11=0x3 
[libmetasec_ml.so] 0x70fbd6362c!0x11662c b.ne #0x70fbd63668; 
[libmetasec_ml.so] 0x70fbd63630!0x116630 ldr w10, [x10, #0x30]; w10=0xfbec1448 x10=0x70fbec1448 mem_r=0x70fbec1478 -> w10=0x0 
[libmetasec_ml.so] 0x70fbd63634!0x116634 tbnz w10, #2, #0x70fbd636a0; w10=0x0 
[libmetasec_ml.so] 0x70fbd63638!0x116638 cmp w11, #3; w11=0x3 -> w11=0x3 
[libmetasec_ml.so] 0x70fbd6363c!0x11663c b.eq #0x70fbd6372c; 
[libmetasec_ml.so] 0x70fbd6372c!0x11672c mov x0, x24; x0=0xa x24=0x70fbec1448 -> x0=0x70fbec1448 
[libmetasec_ml.so] 0x70fbd63730!0x116730 mov x1, x22; x1=0x74472c3b30 x22=0x72a7410db8 -> x1=0x72a7410db8 
[libmetasec_ml.so] 0x70fbd63734!0x116734 bl #0x70fbd64dc8; 
[libmetasec_ml.so] 0x70fbd64dc8!0x117dc8 ldr w8, [x0, #0x10]; w8=0xfbec1178 x0=0x70fbec1448 mem_r=0x70fbec1458 -> w8=0xd 
[libmetasec_ml.so] 0x70fbd64dcc!0x117dcc cmp w8, #0x10; w8=0xd -> w8=0xd 
[libmetasec_ml.so] 0x70fbd64dd0!0x117dd0 b.hi #0x70fbd64e30; 
[libmetasec_ml.so] 0x70fbd64dd4!0x117dd4 adrp x9, #0x70fbe42000; x9=0x0 -> x9=0x70fbe42000 
[libmetasec_ml.so] 0x70fbd64dd8!0x117dd8 add x9, x9, #0x623; x9=0x70fbe42000 x9=0x70fbe42000 -> x9=0x70fbe42623 
[libmetasec_ml.so] 0x70fbd64ddc!0x117ddc adr x10, #0x70fbd64dec; x10=0x0 -> x10=0x70fbd64dec 
[libmetasec_ml.so] 0x70fbd64de0!0x117de0 ldrb w11, [x9, x8]; w11=0x3 x9=0x70fbe42623 x8=0xd mem_r=0x70fbe42630 -> w11=0x0 
[libmetasec_ml.so] 0x70fbd64de4!0x117de4 add x10, x10, x11, lsl #2; x10=0x70fbd64dec x10=0x70fbd64dec x11=0x0 -> x10=0x70fbd64dec 
[libmetasec_ml.so] 0x70fbd64de8!0x117de8 br x10; x10=0x70fbd64dec 
[libmetasec_ml.so] 0x70fbd64dec!0x117dec ldr w8, [x1]; w8=0xd x1=0x72a7410db8 mem_r=0x72a7410db8 -> w8=0x0 
[libmetasec_ml.so] 0x70fbd64df0!0x117df0 cmp w8, #0; w8=0x0 -> w8=0x0 
[libmetasec_ml.so] 0x70fbd64df4!0x117df4 b #0x70fbd64e00; 
[libmetasec_ml.so] 0x70fbd64e00!0x117e00 cset w0, eq; w0=0xfbec1448 -> w0=0x1 
[libmetasec_ml.so] 0x70fbd64e04!0x117e04 ret ; 
[libmetasec_ml.so] 0x70fbd63738!0x116738 cbz w0, #0x70fbd63744; w0=0x1 
[libmetasec_ml.so] 0x70fbd6373c!0x11673c mov x25, xzr; x25=0xa -> x25=0x0 
[libmetasec_ml.so] 0x70fbd63740!0x116740 b #0x70fbd63940; 
[libmetasec_ml.so] 0x70fbd63940!0x116940 add x21, x25, x21; x21=0x6b x25=0x0 x21=0x6b -> x21=0x6b 
[libmetasec_ml.so] 0x70fbd63944!0x116944 add x28, x28, #1; x28=0xa x28=0xa -> x28=0xb 
[libmetasec_ml.so] 0x70fbd63948!0x116948 b #0x70fbd635f0; 
[libmetasec_ml.so] 0x70fbd635f0!0x1165f0 ldr x8, [x20]; x8=0x0 x20=0x72a7410d48 mem_r=0x72a7410d48 -> x8=0x70fbebf080 
[libmetasec_ml.so] 0x70fbd635f4!0x1165f4 ldr w9, [x8, #0x30]; w9=0xfbe42623 x8=0x70fbebf080 mem_r=0x70fbebf0b0 -> w9=0x18 
[libmetasec_ml.so] 0x70fbd635f8!0x1165f8 cmp x28, x9; x28=0xb x9=0x18 -> x28=0xb 
[libmetasec_ml.so] 0x70fbd635fc!0x1165fc b.hs #0x70fbd6397c; 
[libmetasec_ml.so] 0x70fbd63600!0x116600 ldr x8, [x8, #0x38]; x8=0x70fbebf080 x8=0x70fbebf080 mem_r=0x70fbebf0b8 -> x8=0x70fbec1178 
[libmetasec_ml.so] 0x70fbd63604!0x116604 nop ; 
[libmetasec_ml.so] 0x70fbd63608!0x116608 madd x24, x28, x19, x8; x24=0x70fbec1448 x28=0xb x19=0x48 x8=0x70fbec1178 -> x24=0x70fbec1490 
[libmetasec_ml.so] 0x70fbd6360c!0x11660c ldr w9, [x24, #0x18]; w9=0x18 x24=0x70fbec1490 mem_r=0x70fbec14a8 -> w9=0x78 
[libmetasec_ml.so] 0x70fbd63610!0x116610 ldr w11, [x24, #0xc]; w11=0x0 x24=0x70fbec1490 mem_r=0x70fbec149c -> w11=0x3 
[libmetasec_ml.so] 0x70fbd63614!0x116614 add x22, x20, x9; x22=0x72a7410db8 x20=0x72a7410d48 x9=0x78 -> x22=0x72a7410dc0 
[libmetasec_ml.so] 0x70fbd63618!0x116618 cbz w11, #0x70fbd63744; w11=0x3 
[libmetasec_ml.so] 0x70fbd6361c!0x11661c ldr w9, [x24, #0x14]; w9=0x78 x24=0x70fbec1490 mem_r=0x70fbec14a4 -> w9=0x0 
[libmetasec_ml.so] 0x70fbd63620!0x116620 cmp w11, #1; w11=0x3 -> w11=0x3 
[libmetasec_ml.so] 0x70fbd63624!0x116624 madd x10, x28, x19, x8; x10=0x70fbd64dec x28=0xb x19=0x48 x8=0x70fbec1178 -> x10=0x70fbec1490 
[libmetasec_ml.so] 0x70fbd63628!0x116628 ccmp w11, #3, #4, ne; w11=0x3 
[libmetasec_ml.so] 0x70fbd6362c!0x11662c b.ne #0x70fbd63668; 
[libmetasec_ml.so] 0x70fbd63630!0x116630 ldr w10, [x10, #0x30]; w10=0xfbec1490 x10=0x70fbec1490 mem_r=0x70fbec14c0 -> w10=0x0 
[libmetasec_ml.so] 0x70fbd63634!0x116634 tbnz w10, #2, #0x70fbd636a0; w10=0x0 
[libmetasec_ml.so] 0x70fbd63638!0x116638 cmp w11, #3; w11=0x3 -> w11=0x3 
[libmetasec_ml.so] 0x70fbd6363c!0x11663c b.eq #0x70fbd6372c; 
[libmetasec_ml.so] 0x70fbd6372c!0x11672c mov x0, x24; x0=0x1 x24=0x70fbec1490 -> x0=0x70fbec1490 
[libmetasec_ml.so] 0x70fbd63730!0x116730 mov x1, x22; x1=0x72a7410db8 x22=0x72a7410dc0 -> x1=0x72a7410dc0 
[libmetasec_ml.so] 0x70fbd63734!0x116734 bl #0x70fbd64dc8; 
[libmetasec_ml.so] 0x70fbd64dc8!0x117dc8 ldr w8, [x0, #0x10]; w8=0xfbec1178 x0=0x70fbec1490 mem_r=0x70fbec14a0 -> w8=0x4 
[libmetasec_ml.so] 0x70fbd64dcc!0x117dcc cmp w8, #0x10; w8=0x4 -> w8=0x4 
[libmetasec_ml.so] 0x70fbd64dd0!0x117dd0 b.hi #0x70fbd64e30; 
[libmetasec_ml.so] 0x70fbd64dd4!0x117dd4 adrp x9, #0x70fbe42000; x9=0x0 -> x9=0x70fbe42000 
[libmetasec_ml.so] 0x70fbd64dd8!0x117dd8 add x9, x9, #0x623; x9=0x70fbe42000 x9=0x70fbe42000 -> x9=0x70fbe42623 
[libmetasec_ml.so] 0x70fbd64ddc!0x117ddc adr x10, #0x70fbd64dec; x10=0x0 -> x10=0x70fbd64dec 
[libmetasec_ml.so] 0x70fbd64de0!0x117de0 ldrb w11, [x9, x8]; w11=0x3 x9=0x70fbe42623 x8=0x4 mem_r=0x70fbe42627 -> w11=0x3 
[libmetasec_ml.so] 0x70fbd64de4!0x117de4 add x10, x10, x11, lsl #2; x10=0x70fbd64dec x10=0x70fbd64dec x11=0x3 -> x10=0x70fbd64df8 
[libmetasec_ml.so] 0x70fbd64de8!0x117de8 br x10; x10=0x70fbd64df8 
[libmetasec_ml.so] 0x70fbd64df8!0x117df8 ldr x8, [x1]; x8=0x4 x1=0x72a7410dc0 mem_r=0x72a7410dc0 -> x8=0x6a923905 
[libmetasec_ml.so] 0x70fbd64dfc!0x117dfc cmp x8, #0; x8=0x6a923905 -> x8=0x6a923905 
[libmetasec_ml.so] 0x70fbd64e00!0x117e00 cset w0, eq; w0=0xfbec1490 -> w0=0x0 
[libmetasec_ml.so] 0x70fbd64e04!0x117e04 ret ; 
[libmetasec_ml.so] 0x70fbd63738!0x116738 cbz w0, #0x70fbd63744; w0=0x0 
[libmetasec_ml.so] 0x70fbd63744!0x116744 add x2, x27, x21; x2=0x8 x27=0x7367411410 x21=0x6b -> x2=0x736741147b 
[libmetasec_ml.so] 0x70fbd63748!0x116748 mov x0, x24; x0=0x0 x24=0x70fbec1490 -> x0=0x70fbec1490 
[libmetasec_ml.so] 0x70fbd6374c!0x11674c mov x1, x22; x1=0x72a7410dc0 x22=0x72a7410dc0 -> x1=0x72a7410dc0 
[libmetasec_ml.so] 0x70fbd63750!0x116750 bl #0x70fbd63a04; 
[libmetasec_ml.so] 0x70fbd63a04!0x116a04 str x23, [sp, #-0x40]!; x23=0x2a45 sp=0x70d87c2dd0 mem_w=0x70d87c2d90 -> sp=0x70d87c2d90 
[libmetasec_ml.so] 0x70fbd63a08!0x116a08 stp x22, x21, [sp, #0x10]; x22=0x72a7410dc0 x21=0x6b sp=0x70d87c2d90 mem_w=0x70d87c2da0 
[libmetasec_ml.so] 0x70fbd63a0c!0x116a0c stp x20, x19, [sp, #0x20]; x20=0x72a7410d48 x19=0x48 sp=0x70d87c2d90 mem_w=0x70d87c2db0 
[libmetasec_ml.so] 0x70fbd63a10!0x116a10 stp x29, x30, [sp, #0x30]; fp=0x70d87c2e40 lr=0x70fbd63754 sp=0x70d87c2d90 mem_w=0x70d87c2dc0 
[libmetasec_ml.so] 0x70fbd63a14!0x116a14 add x29, sp, #0x30; fp=0x70d87c2e40 sp=0x70d87c2d90 -> fp=0x70d87c2dc0 
[libmetasec_ml.so] 0x70fbd63a18!0x116a18 mov x19, x0; x19=0x48 x0=0x70fbec1490 -> x19=0x70fbec1490 
[libmetasec_ml.so] 0x70fbd63a1c!0x116a1c ldr w0, [x0, #8]; w0=0xfbec1490 x0=0x70fbec1490 mem_r=0x70fbec1498 -> w0=0xc 
[libmetasec_ml.so] 0x70fbd63a20!0x116a20 mov x21, x1; x21=0x6b x1=0x72a7410dc0 -> x21=0x72a7410dc0 
[libmetasec_ml.so] 0x70fbd63a24!0x116a24 mov x1, x2; x1=0x72a7410dc0 x2=0x736741147b -> x1=0x736741147b 
[libmetasec_ml.so] 0x70fbd63a28!0x116a28 mov x20, x2; x20=0x72a7410d48 x2=0x736741147b -> x20=0x736741147b 
[libmetasec_ml.so] 0x70fbd63a2c!0x116a2c bl #0x70fbd64e38; 
[libmetasec_ml.so] 0x70fbd64e38!0x117e38 lsr w8, w0, #0x1d; w8=0x6a923905 w0=0xc -> w8=0x0 
[libmetasec_ml.so] 0x70fbd64e3c!0x117e3c cbnz w8, #0x70fbd64e48; w8=0x0 
[libmetasec_ml.so] 0x70fbd64e40!0x117e40 lsl w0, w0, #3; w0=0xc w0=0xc -> w0=0x60 
[libmetasec_ml.so] 0x70fbd64e44!0x117e44 b #0x70fbd64eb8; 
[libmetasec_ml.so] 0x70fbd64eb8!0x117eb8 cmp w0, #0x80; w0=0x60 -> w0=0x60 
[libmetasec_ml.so] 0x70fbd64ebc!0x117ebc b.lo #0x70fbd64f0c; 
[libmetasec_ml.so] 0x70fbd64f0c!0x117f0c mov w9, wzr; w9=0xfbe42623 -> w9=0x0 
[libmetasec_ml.so] 0x70fbd64f10!0x117f10 b #0x70fbd64f2c; 
[libmetasec_ml.so] 0x70fbd64f2c!0x117f2c add w8, w9, #1; w8=0x0 w9=0x0 -> w8=0x1 
[libmetasec_ml.so] 0x70fbd64f30!0x117f30 strb w0, [x1, w9, uxtw]; w0=0x60 x1=0x736741147b w9=0x0 mem_w=0x736741147b 
[libmetasec_ml.so] 0x70fbd64f34!0x117f34 mov x0, x8; x0=0x60 x8=0x1 -> x0=0x1 
[libmetasec_ml.so] 0x70fbd64f38!0x117f38 ret ; 
[libmetasec_ml.so] 0x70fbd63a30!0x116a30 ldr w8, [x19, #0x10]; w8=0x1 x19=0x70fbec1490 mem_r=0x70fbec14a0 -> w8=0x4 
[libmetasec_ml.so] 0x70fbd63a34!0x116a34 cmp w8, #0x10; w8=0x4 -> w8=0x4 
[libmetasec_ml.so] 0x70fbd63a38!0x116a38 b.hi #0x70fbd63abc; 
[libmetasec_ml.so] 0x70fbd63a3c!0x116a3c adrp x9, #0x70fbe42000; x9=0x0 -> x9=0x70fbe42000 
[libmetasec_ml.so] 0x70fbd63a40!0x116a40 add x9, x9, #0x5d4; x9=0x70fbe42000 x9=0x70fbe42000 -> x9=0x70fbe425d4 
[libmetasec_ml.so] 0x70fbd63a44!0x116a44 adr x10, #0x70fbd63a58; x10=0x70fbd64df8 -> x10=0x70fbd63a58 
[libmetasec_ml.so] 0x70fbd63a48!0x116a48 ldrb w11, [x9, x8]; w11=0x3 x9=0x70fbe425d4 x8=0x4 mem_r=0x70fbe425d8 -> w11=0x1f 
[libmetasec_ml.so] 0x70fbd63a4c!0x116a4c add x10, x10, x11, lsl #2; x10=0x70fbd63a58 x10=0x70fbd63a58 x11=0x1f -> x10=0x70fbd63ad4 
[libmetasec_ml.so] 0x70fbd63a50!0x116a50 mov x19, x0; x19=0x70fbec1490 x0=0x1 -> x19=0x1 
[libmetasec_ml.so] 0x70fbd63a54!0x116a54 br x10; x10=0x70fbd63ad4 
[libmetasec_ml.so] 0x70fbd63ad4!0x116ad4 ldr x0, [x21]; x0=0x1 x21=0x72a7410dc0 mem_r=0x72a7410dc0 -> x0=0x6a923905 
[libmetasec_ml.so] 0x70fbd63ad8!0x116ad8 add x1, x20, x19; x1=0x736741147b x20=0x736741147b x19=0x1 -> x1=0x736741147c 
[libmetasec_ml.so] 0x70fbd63adc!0x116adc bl #0x70fbd64f3c; 
[libmetasec_ml.so] 0x70fbd64f3c!0x117f3c lsl x8, x0, #1; x8=0x4 x0=0x6a923905 -> x8=0xd524720a 
[libmetasec_ml.so] 0x70fbd64f40!0x117f40 eor x0, x8, x0, asr #63; x0=0x6a923905 x8=0xd524720a x0=0x6a923905 -> x0=0xd524720a 
[libmetasec_ml.so] 0x70fbd64f44!0x117f44 b #0x70fbd64f48; 
[libmetasec_ml.so] 0x70fbd64f48!0x117f48 lsr x8, x0, #0x20; x8=0xd524720a x0=0xd524720a -> x8=0x0 
[libmetasec_ml.so] 0x70fbd64f4c!0x117f4c cbz w8, #0x70fbd64f94; w8=0x0 
[libmetasec_ml.so] 0x70fbd64f94!0x117f94 b #0x70fbd64eb8; 
[libmetasec_ml.so] 0x70fbd64eb8!0x117eb8 cmp w0, #0x80; w0=0xd524720a -> w0=0xd524720a 
[libmetasec_ml.so] 0x70fbd64ebc!0x117ebc b.lo #0x70fbd64f0c; 
[libmetasec_ml.so] 0x70fbd64ec0!0x117ec0 orr w8, w0, #0x80; w8=0x0 w0=0xd524720a -> w8=0xd524728a 
[libmetasec_ml.so] 0x70fbd64ec4!0x117ec4 cmp w0, #4, lsl #12; w0=0xd524720a -> w0=0xd524720a 
[libmetasec_ml.so] 0x70fbd64ec8!0x117ec8 strb w8, [x1]; w8=0xd524728a x1=0x736741147c mem_w=0x736741147c 
[libmetasec_ml.so] 0x70fbd64ecc!0x117ecc lsr w8, w0, #7; w8=0xd524728a w0=0xd524720a -> w8=0x1aa48e4 
[libmetasec_ml.so] 0x70fbd64ed0!0x117ed0 b.lo #0x70fbd64f14; 
[libmetasec_ml.so] 0x70fbd64ed4!0x117ed4 orr w8, w8, #0x80; w8=0x1aa48e4 w8=0x1aa48e4 -> w8=0x1aa48e4 
[libmetasec_ml.so] 0x70fbd64ed8!0x117ed8 cmp w0, #0x200, lsl #12; w0=0xd524720a -> w0=0xd524720a 
[libmetasec_ml.so] 0x70fbd64edc!0x117edc strb w8, [x1, #1]; w8=0x1aa48e4 x1=0x736741147c mem_w=0x736741147d 
[libmetasec_ml.so] 0x70fbd64ee0!0x117ee0 lsr w8, w0, #0xe; w8=0x1aa48e4 w0=0xd524720a -> w8=0x35491 
[libmetasec_ml.so] 0x70fbd64ee4!0x117ee4 b.lo #0x70fbd64f1c; 
[libmetasec_ml.so] 0x70fbd64ee8!0x117ee8 orr w9, w8, #0x80; w9=0xfbe425d4 w8=0x35491 -> w9=0x35491 
[libmetasec_ml.so] 0x70fbd64eec!0x117eec lsr w8, w0, #0x15; w8=0x35491 w0=0xd524720a -> w8=0x6a9 
[libmetasec_ml.so] 0x70fbd64ef0!0x117ef0 lsr w0, w0, #0x1c; w0=0xd524720a w0=0xd524720a -> w0=0xd 
[libmetasec_ml.so] 0x70fbd64ef4!0x117ef4 strb w9, [x1, #2]; w9=0x35491 x1=0x736741147c mem_w=0x736741147e 
[libmetasec_ml.so] 0x70fbd64ef8!0x117ef8 cbz w0, #0x70fbd64f24; w0=0xd 
[libmetasec_ml.so] 0x70fbd64efc!0x117efc orr w8, w8, #0x80; w8=0x6a9 w8=0x6a9 -> w8=0x6a9 
[libmetasec_ml.so] 0x70fbd64f00!0x117f00 mov w9, #4; w9=0x35491 -> w9=0x4 
[libmetasec_ml.so] 0x70fbd64f04!0x117f04 strb w8, [x1, #3]; w8=0x6a9 x1=0x736741147c mem_w=0x736741147f 
[libmetasec_ml.so] 0x70fbd64f08!0x117f08 b #0x70fbd64f2c; 
[libmetasec_ml.so] 0x70fbd64f2c!0x117f2c add w8, w9, #1; w8=0x6a9 w9=0x4 -> w8=0x5 
[libmetasec_ml.so] 0x70fbd64f30!0x117f30 strb w0, [x1, w9, uxtw]; w0=0xd x1=0x736741147c w9=0x4 mem_w=0x7367411480 
[libmetasec_ml.so] 0x70fbd64f34!0x117f34 mov x0, x8; x0=0xd x8=0x5 -> x0=0x5 
[libmetasec_ml.so] 0x70fbd64f38!0x117f38 ret ; 
[libmetasec_ml.so] 0x70fbd63ae0!0x116ae0 b #0x70fbd63af0; 
[libmetasec_ml.so] 0x70fbd63af0!0x116af0 add x0, x0, x19; x0=0x5 x0=0x5 x19=0x1 -> x0=0x6 
[libmetasec_ml.so] 0x70fbd63af4!0x116af4 b #0x70fbd63bfc; 
[libmetasec_ml.so] 0x70fbd63bfc!0x116bfc ldp x29, x30, [sp, #0x30]; fp=0x70d87c2dc0 lr=0x70fbd63ae0 sp=0x70d87c2d90 mem_r=0x70d87c2dc0 -> fp=0x70d87c2e40 lr=0x70fbd63754 
[libmetasec_ml.so] 0x70fbd63c00!0x116c00 ldp x20, x19, [sp, #0x20]; x20=0x736741147b x19=0x1 sp=0x70d87c2d90 mem_r=0x70d87c2db0 -> x20=0x72a7410d48 x19=0x48 
[libmetasec_ml.so] 0x70fbd63c04!0x116c04 ldp x22, x21, [sp, #0x10]; x22=0x72a7410dc0 x21=0x72a7410dc0 sp=0x70d87c2d90 mem_r=0x70d87c2da0 -> x22=0x72a7410dc0 x21=0x6b 
[libmetasec_ml.so] 0x70fbd63c08!0x116c08 ldr x23, [sp], #0x40; x23=0x2a45 sp=0x70d87c2d90 mem_r=0x70d87c2d90 -> x23=0x2a45 
[libmetasec_ml.so] 0x70fbd63c0c!0x116c0c ret ; 
[libmetasec_ml.so] 0x70fbd63754!0x116754 mov x25, x0; x25=0x0 x0=0x6 -> x25=0x6 
[libmetasec_ml.so] 0x70fbd63758!0x116758 b #0x70fbd63940; 
[libmetasec_ml.so] 0x70fbd63940!0x116940 add x21, x25, x21; x21=0x6b x25=0x6 x21=0x6b -> x21=0x71 
[libmetasec_ml.so] 0x70fbd63944!0x116944 add x28, x28, #1; x28=0xb x28=0xb -> x28=0xc 
[libmetasec_ml.so] 0x70fbd63948!0x116948 b #0x70fbd635f0; 
[libmetasec_ml.so] 0x70fbd635f0!0x1165f0 ldr x8, [x20]; x8=0x5 x20=0x72a7410d48 mem_r=0x72a7410d48 -> x8=0x70fbebf080 
[libmetasec_ml.so] 0x70fbd635f4!0x1165f4 ldr w9, [x8, #0x30]; w9=0x4 x8=0x70fbebf080 mem_r=0x70fbebf0b0 -> w9=0x18 
[libmetasec_ml.so] 0x70fbd635f8!0x1165f8 cmp x28, x9; x28=0xc x9=0x18 -> x28=0xc 
[libmetasec_ml.so] 0x70fbd635fc!0x1165fc b.hs #0x70fbd6397c; 
[libmetasec_ml.so] 0x70fbd63600!0x116600 ldr x8, [x8, #0x38]; x8=0x70fbebf080 x8=0x70fbebf080 mem_r=0x70fbebf0b8 -> x8=0x70fbec1178 
[libmetasec_ml.so] 0x70fbd63604!0x116604 nop ; 
[libmetasec_ml.so] 0x70fbd63608!0x116608 madd x24, x28, x19, x8; x24=0x70fbec1490 x28=0xc x19=0x48 x8=0x70fbec1178 -> x24=0x70fbec14d8 
[libmetasec_ml.so] 0x70fbd6360c!0x11660c ldr w9, [x24, #0x18]; w9=0x18 x24=0x70fbec14d8 mem_r=0x70fbec14f0 -> w9=0x80 
[libmetasec_ml.so] 0x70fbd63610!0x116610 ldr w11, [x24, #0xc]; w11=0x1f x24=0x70fbec14d8 mem_r=0x70fbec14e4 -> w11=0x3 
[libmetasec_ml.so] 0x70fbd63614!0x116614 add x22, x20, x9; x22=0x72a7410dc0 x20=0x72a7410d48 x9=0x80 -> x22=0x72a7410dc8 
[libmetasec_ml.so] 0x70fbd63618!0x116618 cbz w11, #0x70fbd63744; w11=0x3 
[libmetasec_ml.so] 0x70fbd6361c!0x11661c ldr w9, [x24, #0x14]; w9=0x80 x24=0x70fbec14d8 mem_r=0x70fbec14ec -> w9=0x0 
[libmetasec_ml.so] 0x70fbd63620!0x116620 cmp w11, #1; w11=0x3 -> w11=0x3 
[libmetasec_ml.so] 0x70fbd63624!0x116624 madd x10, x28, x19, x8; x10=0x70fbd63ad4 x28=0xc x19=0x48 x8=0x70fbec1178 -> x10=0x70fbec14d8 
[libmetasec_ml.so] 0x70fbd63628!0x116628 ccmp w11, #3, #4, ne; w11=0x3 
[libmetasec_ml.so] 0x70fbd6362c!0x11662c b.ne #0x70fbd63668; 
[libmetasec_ml.so] 0x70fbd63630!0x116630 ldr w10, [x10, #0x30]; w10=0xfbec14d8 x10=0x70fbec14d8 mem_r=0x70fbec1508 -> w10=0x0 
[libmetasec_ml.so] 0x70fbd63634!0x116634 tbnz w10, #2, #0x70fbd636a0; w10=0x0 
[libmetasec_ml.so] 0x70fbd63638!0x116638 cmp w11, #3; w11=0x3 -> w11=0x3 
[libmetasec_ml.so] 0x70fbd6363c!0x11663c b.eq #0x70fbd6372c; 
[libmetasec_ml.so] 0x70fbd6372c!0x11672c mov x0, x24; x0=0x6 x24=0x70fbec14d8 -> x0=0x70fbec14d8 
[libmetasec_ml.so] 0x70fbd63730!0x116730 mov x1, x22; x1=0x736741147c x22=0x72a7410dc8 -> x1=0x72a7410dc8 
[libmetasec_ml.so] 0x70fbd63734!0x116734 bl #0x70fbd64dc8; 
[libmetasec_ml.so] 0x70fbd64dc8!0x117dc8 ldr w8, [x0, #0x10]; w8=0xfbec1178 x0=0x70fbec14d8 mem_r=0x70fbec14e8 -> w8=0xf 
[libmetasec_ml.so] 0x70fbd64dcc!0x117dcc cmp w8, #0x10; w8=0xf -> w8=0xf 
[libmetasec_ml.so] 0x70fbd64dd0!0x117dd0 b.hi #0x70fbd64e30; 
[libmetasec_ml.so] 0x70fbd64dd4!0x117dd4 adrp x9, #0x70fbe42000; x9=0x0 -> x9=0x70fbe42000 
[libmetasec_ml.so] 0x70fbd64dd8!0x117dd8 add x9, x9, #0x623; x9=0x70fbe42000 x9=0x70fbe42000 -> x9=0x70fbe42623 
[libmetasec_ml.so] 0x70fbd64ddc!0x117ddc adr x10, #0x70fbd64dec; x10=0x0 -> x10=0x70fbd64dec 
[libmetasec_ml.so] 0x70fbd64de0!0x117de0 ldrb w11, [x9, x8]; w11=0x3 x9=0x70fbe42623 x8=0xf mem_r=0x70fbe42632 -> w11=0x3 
[libmetasec_ml.so] 0x70fbd64de4!0x117de4 add x10, x10, x11, lsl #2; x10=0x70fbd64dec x10=0x70fbd64dec x11=0x3 -> x10=0x70fbd64df8 
[libmetasec_ml.so] 0x70fbd64de8!0x117de8 br x10; x10=0x70fbd64df8 
[libmetasec_ml.so] 0x70fbd64df8!0x117df8 ldr x8, [x1]; x8=0xf x1=0x72a7410dc8 mem_r=0x72a7410dc8 -> x8=0x14 
[libmetasec_ml.so] 0x70fbd64dfc!0x117dfc cmp x8, #0; x8=0x14 -> x8=0x14 
[libmetasec_ml.so] 0x70fbd64e00!0x117e00 cset w0, eq; w0=0xfbec14d8 -> w0=0x0 
[libmetasec_ml.so] 0x70fbd64e04!0x117e04 ret ; 
[libmetasec_ml.so] 0x70fbd63738!0x116738 cbz w0, #0x70fbd63744; w0=0x0 
[libmetasec_ml.so] 0x70fbd63744!0x116744 add x2, x27, x21; x2=0x736741147b x27=0x7367411410 x21=0x71 -> x2=0x7367411481 
[libmetasec_ml.so] 0x70fbd63748!0x116748 mov x0, x24; x0=0x0 x24=0x70fbec14d8 -> x0=0x70fbec14d8 
[libmetasec_ml.so] 0x70fbd6374c!0x11674c mov x1, x22; x1=0x72a7410dc8 x22=0x72a7410dc8 -> x1=0x72a7410dc8 
[libmetasec_ml.so] 0x70fbd63750!0x116750 bl #0x70fbd63a04; 
[libmetasec_ml.so] 0x70fbd63a04!0x116a04 str x23, [sp, #-0x40]!; x23=0x2a45 sp=0x70d87c2dd0 mem_w=0x70d87c2d90 -> sp=0x70d87c2d90 
[libmetasec_ml.so] 0x70fbd63a08!0x116a08 stp x22, x21, [sp, #0x10]; x22=0x72a7410dc8 x21=0x71 sp=0x70d87c2d90 mem_w=0x70d87c2da0 
[libmetasec_ml.so] 0x70fbd63a0c!0x116a0c stp x20, x19, [sp, #0x20]; x20=0x72a7410d48 x19=0x48 sp=0x70d87c2d90 mem_w=0x70d87c2db0 
[libmetasec_ml.so] 0x70fbd63a10!0x116a10 stp x29, x30, [sp, #0x30]; fp=0x70d87c2e40 lr=0x70fbd63754 sp=0x70d87c2d90 mem_w=0x70d87c2dc0 
[libmetasec_ml.so] 0x70fbd63a14!0x116a14 add x29, sp, #0x30; fp=0x70d87c2e40 sp=0x70d87c2d90 -> fp=0x70d87c2dc0 
[libmetasec_ml.so] 0x70fbd63a18!0x116a18 mov x19, x0; x19=0x48 x0=0x70fbec14d8 -> x19=0x70fbec14d8 
[libmetasec_ml.so] 0x70fbd63a1c!0x116a1c ldr w0, [x0, #8]; w0=0xfbec14d8 x0=0x70fbec14d8 mem_r=0x70fbec14e0 -> w0=0xd 
[libmetasec_ml.so] 0x70fbd63a20!0x116a20 mov x21, x1; x21=0x71 x1=0x72a7410dc8 -> x21=0x72a7410dc8 
[libmetasec_ml.so] 0x70fbd63a24!0x116a24 mov x1, x2; x1=0x72a7410dc8 x2=0x7367411481 -> x1=0x7367411481 
[libmetasec_ml.so] 0x70fbd63a28!0x116a28 mov x20, x2; x20=0x72a7410d48 x2=0x7367411481 -> x20=0x7367411481 
[libmetasec_ml.so] 0x70fbd63a2c!0x116a2c bl #0x70fbd64e38; 
[libmetasec_ml.so] 0x70fbd64e38!0x117e38 lsr w8, w0, #0x1d; w8=0x14 w0=0xd -> w8=0x0 
[libmetasec_ml.so] 0x70fbd64e3c!0x117e3c cbnz w8, #0x70fbd64e48; w8=0x0 
[libmetasec_ml.so] 0x70fbd64e40!0x117e40 lsl w0, w0, #3; w0=0xd w0=0xd -> w0=0x68 
[libmetasec_ml.so] 0x70fbd64e44!0x117e44 b #0x70fbd64eb8; 
[libmetasec_ml.so] 0x70fbd64eb8!0x117eb8 cmp w0, #0x80; w0=0x68 -> w0=0x68 
[libmetasec_ml.so] 0x70fbd64ebc!0x117ebc b.lo #0x70fbd64f0c; 
[libmetasec_ml.so] 0x70fbd64f0c!0x117f0c mov w9, wzr; w9=0xfbe42623 -> w9=0x0 
[libmetasec_ml.so] 0x70fbd64f10!0x117f10 b #0x70fbd64f2c; 
[libmetasec_ml.so] 0x70fbd64f2c!0x117f2c add w8, w9, #1; w8=0x0 w9=0x0 -> w8=0x1 
[libmetasec_ml.so] 0x70fbd64f30!0x117f30 strb w0, [x1, w9, uxtw]; w0=0x68 x1=0x7367411481 w9=0x0 mem_w=0x7367411481 
[libmetasec_ml.so] 0x70fbd64f34!0x117f34 mov x0, x8; x0=0x68 x8=0x1 -> x0=0x1 
[libmetasec_ml.so] 0x70fbd64f38!0x117f38 ret ; 
[libmetasec_ml.so] 0x70fbd63a30!0x116a30 ldr w8, [x19, #0x10]; w8=0x1 x19=0x70fbec14d8 mem_r=0x70fbec14e8 -> w8=0xf 
[libmetasec_ml.so] 0x70fbd63a34!0x116a34 cmp w8, #0x10; w8=0xf -> w8=0xf 
[libmetasec_ml.so] 0x70fbd63a38!0x116a38 b.hi #0x70fbd63abc; 
[libmetasec_ml.so] 0x70fbd63a3c!0x116a3c adrp x9, #0x70fbe42000; x9=0x0 -> x9=0x70fbe42000 
[libmetasec_ml.so] 0x70fbd63a40!0x116a40 add x9, x9, #0x5d4; x9=0x70fbe42000 x9=0x70fbe42000 -> x9=0x70fbe425d4 
[libmetasec_ml.so] 0x70fbd63a44!0x116a44 adr x10, #0x70fbd63a58; x10=0x70fbd64df8 -> x10=0x70fbd63a58 
[libmetasec_ml.so] 0x70fbd63a48!0x116a48 ldrb w11, [x9, x8]; w11=0x3 x9=0x70fbe425d4 x8=0xf mem_r=0x70fbe425e3 -> w11=0x40 
[libmetasec_ml.so] 0x70fbd63a4c!0x116a4c add x10, x10, x11, lsl #2; x10=0x70fbd63a58 x10=0x70fbd63a58 x11=0x40 -> x10=0x70fbd63b58 
[libmetasec_ml.so] 0x70fbd63a50!0x116a50 mov x19, x0; x19=0x70fbec14d8 x0=0x1 -> x19=0x1 
[libmetasec_ml.so] 0x70fbd63a54!0x116a54 br x10; x10=0x70fbd63b58 
[libmetasec_ml.so] 0x70fbd63b58!0x116b58 ldrb w8, [x20]; w8=0xf x20=0x7367411481 mem_r=0x7367411481 -> w8=0x68 
[libmetasec_ml.so] 0x70fbd63b5c!0x116b5c orr w8, w8, #2; w8=0x68 w8=0x68 -> w8=0x6a 
[libmetasec_ml.so] 0x70fbd63b60!0x116b60 strb w8, [x20]; w8=0x6a x20=0x7367411481 mem_w=0x7367411481 
[libmetasec_ml.so] 0x70fbd63b64!0x116b64 ldr x22, [x21]; x22=0x72a7410dc8 x21=0x72a7410dc8 mem_r=0x72a7410dc8 -> x22=0x14 
[libmetasec_ml.so] 0x70fbd63b68!0x116b68 add x20, x20, x19; x20=0x7367411481 x20=0x7367411481 x19=0x1 -> x20=0x7367411482 
[libmetasec_ml.so] 0x70fbd63b6c!0x116b6c mov x1, x20; x1=0x7367411481 x20=0x7367411482 -> x1=0x7367411482 
[libmetasec_ml.so] 0x70fbd63b70!0x116b70 mov w0, w22; w0=0x1 w22=0x14 -> w0=0x14 
[libmetasec_ml.so] 0x70fbd63b74!0x116b74 bl #0x70fbd64eb8; 
[libmetasec_ml.so] 0x70fbd64eb8!0x117eb8 cmp w0, #0x80; w0=0x14 -> w0=0x14 
[libmetasec_ml.so] 0x70fbd64ebc!0x117ebc b.lo #0x70fbd64f0c; 
[libmetasec_ml.so] 0x70fbd64f0c!0x117f0c mov w9, wzr; w9=0xfbe425d4 -> w9=0x0 
[libmetasec_ml.so] 0x70fbd64f10!0x117f10 b #0x70fbd64f2c; 
[libmetasec_ml.so] 0x70fbd64f2c!0x117f2c add w8, w9, #1; w8=0x6a w9=0x0 -> w8=0x1 
[libmetasec_ml.so] 0x70fbd64f30!0x117f30 strb w0, [x1, w9, uxtw]; w0=0x14 x1=0x7367411482 w9=0x0 mem_w=0x7367411482 
[libmetasec_ml.so] 0x70fbd64f34!0x117f34 mov x0, x8; x0=0x14 x8=0x1 -> x0=0x1 
[libmetasec_ml.so] 0x70fbd64f38!0x117f38 ret ; 
[libmetasec_ml.so] 0x70fbd63b78!0x116b78 ldr x1, [x21, #8]; x1=0x7367411482 x21=0x72a7410dc8 mem_r=0x72a7410dd0 -> x1=0x739748a9b0 
[libmetasec_ml.so] 0x70fbd63b7c!0x116b7c mov x21, x0; x21=0x72a7410dc8 x0=0x1 -> x21=0x1 
[libmetasec_ml.so] 0x70fbd63b80!0x116b80 add x0, x20, x0; x0=0x1 x20=0x7367411482 x0=0x1 -> x0=0x7367411483 
[libmetasec_ml.so] 0x70fbd63b84!0x116b84 mov x2, x22; x2=0x7367411481 x22=0x14 -> x2=0x14 
[libmetasec_ml.so] 0x70fbd63b88!0x116b88 bl #0x70fbc80a20; 
[libmetasec_ml.so] 0x70fbc80a20!0x33a20 adrp x16, #0x70fbec9000; x16=0x70fbec9998 -> x16=0x70fbec9000 
[libmetasec_ml.so] 0x70fbc80a24!0x33a24 ldr x17, [x16, #0x998]; x17=0x75402d9c80 x16=0x70fbec9000 mem_r=0x70fbec9998 -> x17=0x75402d9c80 
[libmetasec_ml.so] 0x70fbc80a28!0x33a28 add x16, x16, #0x998; x16=0x70fbec9000 x16=0x70fbec9000 -> x16=0x70fbec9998 
[libmetasec_ml.so] 0x70fbc80a2c!0x33a2c br x17; x17=0x75402d9c80 
call func: __memcpy_aarch64_simd(0x7367411483, 0x739748a9b0, 0x14)
hexdump at address 0x739748a9b0 with length 0x14:
739748a9b0: 2e 0f d0 25 76 1f 35 7e a9 92 95 8a de 6f cf 32 |...%v.5~.....o.2|
739748a9c0: a7 93 6e 00                                     |..n.            |
ret: 0x7367411483
[libmetasec_ml.so] 0x70fbd63b8c!0x116b8c add x8, x22, x19; x8=0x1 x22=0x14 x19=0x1 -> x8=0x15 
[libmetasec_ml.so] 0x70fbd63b90!0x116b90 add x0, x8, x21; x0=0x7367411483 x8=0x15 x21=0x1 -> x0=0x16 
[libmetasec_ml.so] 0x70fbd63b94!0x116b94 b #0x70fbd63bfc; 
[libmetasec_ml.so] 0x70fbd63bfc!0x116bfc ldp x29, x30, [sp, #0x30]; fp=0x70d87c2dc0 lr=0x70fbd63b8c sp=0x70d87c2d90 mem_r=0x70d87c2dc0 -> fp=0x70d87c2e40 lr=0x70fbd63754 
[libmetasec_ml.so] 0x70fbd63c00!0x116c00 ldp x20, x19, [sp, #0x20]; x20=0x7367411482 x19=0x1 sp=0x70d87c2d90 mem_r=0x70d87c2db0 -> x20=0x72a7410d48 x19=0x48 
[libmetasec_ml.so] 0x70fbd63c04!0x116c04 ldp x22, x21, [sp, #0x10]; x22=0x14 x21=0x1 sp=0x70d87c2d90 mem_r=0x70d87c2da0 -> x22=0x72a7410dc8 x21=0x71 
[libmetasec_ml.so] 0x70fbd63c08!0x116c08 ldr x23, [sp], #0x40; x23=0x2a45 sp=0x70d87c2d90 mem_r=0x70d87c2d90 -> x23=0x2a45 
[libmetasec_ml.so] 0x70fbd63c0c!0x116c0c ret ; 
[libmetasec_ml.so] 0x70fbd63754!0x116754 mov x25, x0; x25=0x6 x0=0x16 -> x25=0x16 
[libmetasec_ml.so] 0x70fbd63758!0x116758 b #0x70fbd63940; 
[libmetasec_ml.so] 0x70fbd63940!0x116940 add x21, x25, x21; x21=0x71 x25=0x16 x21=0x71 -> x21=0x87 
[libmetasec_ml.so] 0x70fbd63944!0x116944 add x28, x28, #1; x28=0xc x28=0xc -> x28=0xd 
[libmetasec_ml.so] 0x70fbd63948!0x116948 b #0x70fbd635f0; 
[libmetasec_ml.so] 0x70fbd635f0!0x1165f0 ldr x8, [x20]; x8=0x15 x20=0x72a7410d48 mem_r=0x72a7410d48 -> x8=0x70fbebf080 
[libmetasec_ml.so] 0x70fbd635f4!0x1165f4 ldr w9, [x8, #0x30]; w9=0x0 x8=0x70fbebf080 mem_r=0x70fbebf0b0 -> w9=0x18 
[libmetasec_ml.so] 0x70fbd635f8!0x1165f8 cmp x28, x9; x28=0xd x9=0x18 -> x28=0xd 
[libmetasec_ml.so] 0x70fbd635fc!0x1165fc b.hs #0x70fbd6397c; 
[libmetasec_ml.so] 0x70fbd63600!0x116600 ldr x8, [x8, #0x38]; x8=0x70fbebf080 x8=0x70fbebf080 mem_r=0x70fbebf0b8 -> x8=0x70fbec1178 
[libmetasec_ml.so] 0x70fbd63604!0x116604 nop ; 
[libmetasec_ml.so] 0x70fbd63608!0x116608 madd x24, x28, x19, x8; x24=0x70fbec14d8 x28=0xd x19=0x48 x8=0x70fbec1178 -> x24=0x70fbec1520 
[libmetasec_ml.so] 0x70fbd6360c!0x11660c ldr w9, [x24, #0x18]; w9=0x18 x24=0x70fbec1520 mem_r=0x70fbec1538 -> w9=0x90 
[libmetasec_ml.so] 0x70fbd63610!0x116610 ldr w11, [x24, #0xc]; w11=0x40 x24=0x70fbec1520 mem_r=0x70fbec152c -> w11=0x3 
[libmetasec_ml.so] 0x70fbd63614!0x116614 add x22, x20, x9; x22=0x72a7410dc8 x20=0x72a7410d48 x9=0x90 -> x22=0x72a7410dd8 
[libmetasec_ml.so] 0x70fbd63618!0x116618 cbz w11, #0x70fbd63744; w11=0x3 
[libmetasec_ml.so] 0x70fbd6361c!0x11661c ldr w9, [x24, #0x14]; w9=0x90 x24=0x70fbec1520 mem_r=0x70fbec1534 -> w9=0x0 
[libmetasec_ml.so] 0x70fbd63620!0x116620 cmp w11, #1; w11=0x3 -> w11=0x3 
[libmetasec_ml.so] 0x70fbd63624!0x116624 madd x10, x28, x19, x8; x10=0x70fbd63b58 x28=0xd x19=0x48 x8=0x70fbec1178 -> x10=0x70fbec1520 
[libmetasec_ml.so] 0x70fbd63628!0x116628 ccmp w11, #3, #4, ne; w11=0x3 
[libmetasec_ml.so] 0x70fbd6362c!0x11662c b.ne #0x70fbd63668; 
[libmetasec_ml.so] 0x70fbd63630!0x116630 ldr w10, [x10, #0x30]; w10=0xfbec1520 x10=0x70fbec1520 mem_r=0x70fbec1550 -> w10=0x0 
[libmetasec_ml.so] 0x70fbd63634!0x116634 tbnz w10, #2, #0x70fbd636a0; w10=0x0 
[libmetasec_ml.so] 0x70fbd63638!0x116638 cmp w11, #3; w11=0x3 -> w11=0x3 
[libmetasec_ml.so] 0x70fbd6363c!0x11663c b.eq #0x70fbd6372c; 
[libmetasec_ml.so] 0x70fbd6372c!0x11672c mov x0, x24; x0=0x16 x24=0x70fbec1520 -> x0=0x70fbec1520 
[libmetasec_ml.so] 0x70fbd63730!0x116730 mov x1, x22; x1=0x739748a9b0 x22=0x72a7410dd8 -> x1=0x72a7410dd8 
[libmetasec_ml.so] 0x70fbd63734!0x116734 bl #0x70fbd64dc8; 
[libmetasec_ml.so] 0x70fbd64dc8!0x117dc8 ldr w8, [x0, #0x10]; w8=0xfbec1178 x0=0x70fbec1520 mem_r=0x70fbec1530 -> w8=0xf 
[libmetasec_ml.so] 0x70fbd64dcc!0x117dcc cmp w8, #0x10; w8=0xf -> w8=0xf 
[libmetasec_ml.so] 0x70fbd64dd0!0x117dd0 b.hi #0x70fbd64e30; 
[libmetasec_ml.so] 0x70fbd64dd4!0x117dd4 adrp x9, #0x70fbe42000; x9=0x0 -> x9=0x70fbe42000 
[libmetasec_ml.so] 0x70fbd64dd8!0x117dd8 add x9, x9, #0x623; x9=0x70fbe42000 x9=0x70fbe42000 -> x9=0x70fbe42623 
[libmetasec_ml.so] 0x70fbd64ddc!0x117ddc adr x10, #0x70fbd64dec; x10=0x0 -> x10=0x70fbd64dec 
[libmetasec_ml.so] 0x70fbd64de0!0x117de0 ldrb w11, [x9, x8]; w11=0x3 x9=0x70fbe42623 x8=0xf mem_r=0x70fbe42632 -> w11=0x3 
[libmetasec_ml.so] 0x70fbd64de4!0x117de4 add x10, x10, x11, lsl #2; x10=0x70fbd64dec x10=0x70fbd64dec x11=0x3 -> x10=0x70fbd64df8 
[libmetasec_ml.so] 0x70fbd64de8!0x117de8 br x10; x10=0x70fbd64df8 
[libmetasec_ml.so] 0x70fbd64df8!0x117df8 ldr x8, [x1]; x8=0xf x1=0x72a7410dd8 mem_r=0x72a7410dd8 -> x8=0x6 
[libmetasec_ml.so] 0x70fbd64dfc!0x117dfc cmp x8, #0; x8=0x6 -> x8=0x6 
[libmetasec_ml.so] 0x70fbd64e00!0x117e00 cset w0, eq; w0=0xfbec1520 -> w0=0x0 
[libmetasec_ml.so] 0x70fbd64e04!0x117e04 ret ; 
[libmetasec_ml.so] 0x70fbd63738!0x116738 cbz w0, #0x70fbd63744; w0=0x0 
[libmetasec_ml.so] 0x70fbd63744!0x116744 add x2, x27, x21; x2=0x14 x27=0x7367411410 x21=0x87 -> x2=0x7367411497 
[libmetasec_ml.so] 0x70fbd63748!0x116748 mov x0, x24; x0=0x0 x24=0x70fbec1520 -> x0=0x70fbec1520 
[libmetasec_ml.so] 0x70fbd6374c!0x11674c mov x1, x22; x1=0x72a7410dd8 x22=0x72a7410dd8 -> x1=0x72a7410dd8 
[libmetasec_ml.so] 0x70fbd63750!0x116750 bl #0x70fbd63a04; 
[libmetasec_ml.so] 0x70fbd63a04!0x116a04 str x23, [sp, #-0x40]!; x23=0x2a45 sp=0x70d87c2dd0 mem_w=0x70d87c2d90 -> sp=0x70d87c2d90 
[libmetasec_ml.so] 0x70fbd63a08!0x116a08 stp x22, x21, [sp, #0x10]; x22=0x72a7410dd8 x21=0x87 sp=0x70d87c2d90 mem_w=0x70d87c2da0 
[libmetasec_ml.so] 0x70fbd63a0c!0x116a0c stp x20, x19, [sp, #0x20]; x20=0x72a7410d48 x19=0x48 sp=0x70d87c2d90 mem_w=0x70d87c2db0 
[libmetasec_ml.so] 0x70fbd63a10!0x116a10 stp x29, x30, [sp, #0x30]; fp=0x70d87c2e40 lr=0x70fbd63754 sp=0x70d87c2d90 mem_w=0x70d87c2dc0 
[libmetasec_ml.so] 0x70fbd63a14!0x116a14 add x29, sp, #0x30; fp=0x70d87c2e40 sp=0x70d87c2d90 -> fp=0x70d87c2dc0 
[libmetasec_ml.so] 0x70fbd63a18!0x116a18 mov x19, x0; x19=0x48 x0=0x70fbec1520 -> x19=0x70fbec1520 
[libmetasec_ml.so] 0x70fbd63a1c!0x116a1c ldr w0, [x0, #8]; w0=0xfbec1520 x0=0x70fbec1520 mem_r=0x70fbec1528 -> w0=0xe 
[libmetasec_ml.so] 0x70fbd63a20!0x116a20 mov x21, x1; x21=0x87 x1=0x72a7410dd8 -> x21=0x72a7410dd8 
[libmetasec_ml.so] 0x70fbd63a24!0x116a24 mov x1, x2; x1=0x72a7410dd8 x2=0x7367411497 -> x1=0x7367411497 
[libmetasec_ml.so] 0x70fbd63a28!0x116a28 mov x20, x2; x20=0x72a7410d48 x2=0x7367411497 -> x20=0x7367411497 
[libmetasec_ml.so] 0x70fbd63a2c!0x116a2c bl #0x70fbd64e38; 
[libmetasec_ml.so] 0x70fbd64e38!0x117e38 lsr w8, w0, #0x1d; w8=0x6 w0=0xe -> w8=0x0 
[libmetasec_ml.so] 0x70fbd64e3c!0x117e3c cbnz w8, #0x70fbd64e48; w8=0x0 
[libmetasec_ml.so] 0x70fbd64e40!0x117e40 lsl w0, w0, #3; w0=0xe w0=0xe -> w0=0x70 
[libmetasec_ml.so] 0x70fbd64e44!0x117e44 b #0x70fbd64eb8; 
[libmetasec_ml.so] 0x70fbd64eb8!0x117eb8 cmp w0, #0x80; w0=0x70 -> w0=0x70 
[libmetasec_ml.so] 0x70fbd64ebc!0x117ebc b.lo #0x70fbd64f0c; 
[libmetasec_ml.so] 0x70fbd64f0c!0x117f0c mov w9, wzr; w9=0xfbe42623 -> w9=0x0 
[libmetasec_ml.so] 0x70fbd64f10!0x117f10 b #0x70fbd64f2c; 
[libmetasec_ml.so] 0x70fbd64f2c!0x117f2c add w8, w9, #1; w8=0x0 w9=0x0 -> w8=0x1 
[libmetasec_ml.so] 0x70fbd64f30!0x117f30 strb w0, [x1, w9, uxtw]; w0=0x70 x1=0x7367411497 w9=0x0 mem_w=0x7367411497 
[libmetasec_ml.so] 0x70fbd64f34!0x117f34 mov x0, x8; x0=0x70 x8=0x1 -> x0=0x1 
[libmetasec_ml.so] 0x70fbd64f38!0x117f38 ret ; 
[libmetasec_ml.so] 0x70fbd63a30!0x116a30 ldr w8, [x19, #0x10]; w8=0x1 x19=0x70fbec1520 mem_r=0x70fbec1530 -> w8=0xf 
[libmetasec_ml.so] 0x70fbd63a34!0x116a34 cmp w8, #0x10; w8=0xf -> w8=0xf 
[libmetasec_ml.so] 0x70fbd63a38!0x116a38 b.hi #0x70fbd63abc; 
[libmetasec_ml.so] 0x70fbd63a3c!0x116a3c adrp x9, #0x70fbe42000; x9=0x0 -> x9=0x70fbe42000 
[libmetasec_ml.so] 0x70fbd63a40!0x116a40 add x9, x9, #0x5d4; x9=0x70fbe42000 x9=0x70fbe42000 -> x9=0x70fbe425d4 
[libmetasec_ml.so] 0x70fbd63a44!0x116a44 adr x10, #0x70fbd63a58; x10=0x70fbd64df8 -> x10=0x70fbd63a58 
[libmetasec_ml.so] 0x70fbd63a48!0x116a48 ldrb w11, [x9, x8]; w11=0x3 x9=0x70fbe425d4 x8=0xf mem_r=0x70fbe425e3 -> w11=0x40 
[libmetasec_ml.so] 0x70fbd63a4c!0x116a4c add x10, x10, x11, lsl #2; x10=0x70fbd63a58 x10=0x70fbd63a58 x11=0x40 -> x10=0x70fbd63b58 
[libmetasec_ml.so] 0x70fbd63a50!0x116a50 mov x19, x0; x19=0x70fbec1520 x0=0x1 -> x19=0x1 
[libmetasec_ml.so] 0x70fbd63a54!0x116a54 br x10; x10=0x70fbd63b58 
[libmetasec_ml.so] 0x70fbd63b58!0x116b58 ldrb w8, [x20]; w8=0xf x20=0x7367411497 mem_r=0x7367411497 -> w8=0x70 
[libmetasec_ml.so] 0x70fbd63b5c!0x116b5c orr w8, w8, #2; w8=0x70 w8=0x70 -> w8=0x72 
[libmetasec_ml.so] 0x70fbd63b60!0x116b60 strb w8, [x20]; w8=0x72 x20=0x7367411497 mem_w=0x7367411497 
[libmetasec_ml.so] 0x70fbd63b64!0x116b64 ldr x22, [x21]; x22=0x72a7410dd8 x21=0x72a7410dd8 mem_r=0x72a7410dd8 -> x22=0x6 
[libmetasec_ml.so] 0x70fbd63b68!0x116b68 add x20, x20, x19; x20=0x7367411497 x20=0x7367411497 x19=0x1 -> x20=0x7367411498 
[libmetasec_ml.so] 0x70fbd63b6c!0x116b6c mov x1, x20; x1=0x7367411497 x20=0x7367411498 -> x1=0x7367411498 
[libmetasec_ml.so] 0x70fbd63b70!0x116b70 mov w0, w22; w0=0x1 w22=0x6 -> w0=0x6 
[libmetasec_ml.so] 0x70fbd63b74!0x116b74 bl #0x70fbd64eb8; 
[libmetasec_ml.so] 0x70fbd64eb8!0x117eb8 cmp w0, #0x80; w0=0x6 -> w0=0x6 
[libmetasec_ml.so] 0x70fbd64ebc!0x117ebc b.lo #0x70fbd64f0c; 
[libmetasec_ml.so] 0x70fbd64f0c!0x117f0c mov w9, wzr; w9=0xfbe425d4 -> w9=0x0 
[libmetasec_ml.so] 0x70fbd64f10!0x117f10 b #0x70fbd64f2c; 
[libmetasec_ml.so] 0x70fbd64f2c!0x117f2c add w8, w9, #1; w8=0x72 w9=0x0 -> w8=0x1 
[libmetasec_ml.so] 0x70fbd64f30!0x117f30 strb w0, [x1, w9, uxtw]; w0=0x6 x1=0x7367411498 w9=0x0 mem_w=0x7367411498 
[libmetasec_ml.so] 0x70fbd64f34!0x117f34 mov x0, x8; x0=0x6 x8=0x1 -> x0=0x1 
[libmetasec_ml.so] 0x70fbd64f38!0x117f38 ret ; 
[libmetasec_ml.so] 0x70fbd63b78!0x116b78 ldr x1, [x21, #8]; x1=0x7367411498 x21=0x72a7410dd8 mem_r=0x72a7410de0 -> x1=0x74a737d1e0 
[libmetasec_ml.so] 0x70fbd63b7c!0x116b7c mov x21, x0; x21=0x72a7410dd8 x0=0x1 -> x21=0x1 
[libmetasec_ml.so] 0x70fbd63b80!0x116b80 add x0, x20, x0; x0=0x1 x20=0x7367411498 x0=0x1 -> x0=0x7367411499 
[libmetasec_ml.so] 0x70fbd63b84!0x116b84 mov x2, x22; x2=0x7367411497 x22=0x6 -> x2=0x6 
[libmetasec_ml.so] 0x70fbd63b88!0x116b88 bl #0x70fbc80a20; 
[libmetasec_ml.so] 0x70fbc80a20!0x33a20 adrp x16, #0x70fbec9000; x16=0x70fbec9998 -> x16=0x70fbec9000 
[libmetasec_ml.so] 0x70fbc80a24!0x33a24 ldr x17, [x16, #0x998]; x17=0x75402d9c80 x16=0x70fbec9000 mem_r=0x70fbec9998 -> x17=0x75402d9c80 
[libmetasec_ml.so] 0x70fbc80a28!0x33a28 add x16, x16, #0x998; x16=0x70fbec9000 x16=0x70fbec9000 -> x16=0x70fbec9998 
[libmetasec_ml.so] 0x70fbc80a2c!0x33a2c br x17; x17=0x75402d9c80 
call func: __memcpy_aarch64_simd(0x7367411499, 0x74a737d1e0, 0x6)
hexdump at address 0x74a737d1e0 with length 0x6:
74a737d1e0: b0 eb 7c dd 5f a2                               |..|._.          |
ret: 0x7367411499
[libmetasec_ml.so] 0x70fbd63b8c!0x116b8c add x8, x22, x19; x8=0xa25fdd7c x22=0x6 x19=0x1 -> x8=0x7 
[libmetasec_ml.so] 0x70fbd63b90!0x116b90 add x0, x8, x21; x0=0x7367411499 x8=0x7 x21=0x1 -> x0=0x8 
[libmetasec_ml.so] 0x70fbd63b94!0x116b94 b #0x70fbd63bfc; 
[libmetasec_ml.so] 0x70fbd63bfc!0x116bfc ldp x29, x30, [sp, #0x30]; fp=0x70d87c2dc0 lr=0x70fbd63b8c sp=0x70d87c2d90 mem_r=0x70d87c2dc0 -> fp=0x70d87c2e40 lr=0x70fbd63754 
[libmetasec_ml.so] 0x70fbd63c00!0x116c00 ldp x20, x19, [sp, #0x20]; x20=0x7367411498 x19=0x1 sp=0x70d87c2d90 mem_r=0x70d87c2db0 -> x20=0x72a7410d48 x19=0x48 
[libmetasec_ml.so] 0x70fbd63c04!0x116c04 ldp x22, x21, [sp, #0x10]; x22=0x6 x21=0x1 sp=0x70d87c2d90 mem_r=0x70d87c2da0 -> x22=0x72a7410dd8 x21=0x87 
[libmetasec_ml.so] 0x70fbd63c08!0x116c08 ldr x23, [sp], #0x40; x23=0x2a45 sp=0x70d87c2d90 mem_r=0x70d87c2d90 -> x23=0x2a45 
[libmetasec_ml.so] 0x70fbd63c0c!0x116c0c ret ; 
[libmetasec_ml.so] 0x70fbd63754!0x116754 mov x25, x0; x25=0x16 x0=0x8 -> x25=0x8 
[libmetasec_ml.so] 0x70fbd63758!0x116758 b #0x70fbd63940; 
[libmetasec_ml.so] 0x70fbd63940!0x116940 add x21, x25, x21; x21=0x87 x25=0x8 x21=0x87 -> x21=0x8f 
[libmetasec_ml.so] 0x70fbd63944!0x116944 add x28, x28, #1; x28=0xd x28=0xd -> x28=0xe 
[libmetasec_ml.so] 0x70fbd63948!0x116948 b #0x70fbd635f0; 
[libmetasec_ml.so] 0x70fbd635f0!0x1165f0 ldr x8, [x20]; x8=0x7 x20=0x72a7410d48 mem_r=0x72a7410d48 -> x8=0x70fbebf080 
[libmetasec_ml.so] 0x70fbd635f4!0x1165f4 ldr w9, [x8, #0x30]; w9=0x0 x8=0x70fbebf080 mem_r=0x70fbebf0b0 -> w9=0x18 
[libmetasec_ml.so] 0x70fbd635f8!0x1165f8 cmp x28, x9; x28=0xe x9=0x18 -> x28=0xe 
[libmetasec_ml.so] 0x70fbd635fc!0x1165fc b.hs #0x70fbd6397c; 
[libmetasec_ml.so] 0x70fbd63600!0x116600 ldr x8, [x8, #0x38]; x8=0x70fbebf080 x8=0x70fbebf080 mem_r=0x70fbebf0b8 -> x8=0x70fbec1178 
[libmetasec_ml.so] 0x70fbd63604!0x116604 nop ; 
[libmetasec_ml.so] 0x70fbd63608!0x116608 madd x24, x28, x19, x8; x24=0x70fbec1520 x28=0xe x19=0x48 x8=0x70fbec1178 -> x24=0x70fbec1568 
[libmetasec_ml.so] 0x70fbd6360c!0x11660c ldr w9, [x24, #0x18]; w9=0x18 x24=0x70fbec1568 mem_r=0x70fbec1580 -> w9=0xa0 
[libmetasec_ml.so] 0x70fbd63610!0x116610 ldr w11, [x24, #0xc]; w11=0x40 x24=0x70fbec1568 mem_r=0x70fbec1574 -> w11=0x3 
[libmetasec_ml.so] 0x70fbd63614!0x116614 add x22, x20, x9; x22=0x72a7410dd8 x20=0x72a7410d48 x9=0xa0 -> x22=0x72a7410de8 
[libmetasec_ml.so] 0x70fbd63618!0x116618 cbz w11, #0x70fbd63744; w11=0x3 
[libmetasec_ml.so] 0x70fbd6361c!0x11661c ldr w9, [x24, #0x14]; w9=0xa0 x24=0x70fbec1568 mem_r=0x70fbec157c -> w9=0x0 
[libmetasec_ml.so] 0x70fbd63620!0x116620 cmp w11, #1; w11=0x3 -> w11=0x3 
[libmetasec_ml.so] 0x70fbd63624!0x116624 madd x10, x28, x19, x8; x10=0x70fbd63b58 x28=0xe x19=0x48 x8=0x70fbec1178 -> x10=0x70fbec1568 
[libmetasec_ml.so] 0x70fbd63628!0x116628 ccmp w11, #3, #4, ne; w11=0x3 
[libmetasec_ml.so] 0x70fbd6362c!0x11662c b.ne #0x70fbd63668; 
[libmetasec_ml.so] 0x70fbd63630!0x116630 ldr w10, [x10, #0x30]; w10=0xfbec1568 x10=0x70fbec1568 mem_r=0x70fbec1598 -> w10=0x0 
[libmetasec_ml.so] 0x70fbd63634!0x116634 tbnz w10, #2, #0x70fbd636a0; w10=0x0 
[libmetasec_ml.so] 0x70fbd63638!0x116638 cmp w11, #3; w11=0x3 -> w11=0x3 
[libmetasec_ml.so] 0x70fbd6363c!0x11663c b.eq #0x70fbd6372c; 
[libmetasec_ml.so] 0x70fbd6372c!0x11672c mov x0, x24; x0=0x8 x24=0x70fbec1568 -> x0=0x70fbec1568 
[libmetasec_ml.so] 0x70fbd63730!0x116730 mov x1, x22; x1=0x74a737d1e0 x22=0x72a7410de8 -> x1=0x72a7410de8 
[libmetasec_ml.so] 0x70fbd63734!0x116734 bl #0x70fbd64dc8; 
[libmetasec_ml.so] 0x70fbd64dc8!0x117dc8 ldr w8, [x0, #0x10]; w8=0xfbec1178 x0=0x70fbec1568 mem_r=0x70fbec1578 -> w8=0x10 
[libmetasec_ml.so] 0x70fbd64dcc!0x117dcc cmp w8, #0x10; w8=0x10 -> w8=0x10 
[libmetasec_ml.so] 0x70fbd64dd0!0x117dd0 b.hi #0x70fbd64e30; 
[libmetasec_ml.so] 0x70fbd64dd4!0x117dd4 adrp x9, #0x70fbe42000; x9=0x0 -> x9=0x70fbe42000 
[libmetasec_ml.so] 0x70fbd64dd8!0x117dd8 add x9, x9, #0x623; x9=0x70fbe42000 x9=0x70fbe42000 -> x9=0x70fbe42623 
[libmetasec_ml.so] 0x70fbd64ddc!0x117ddc adr x10, #0x70fbd64dec; x10=0x0 -> x10=0x70fbd64dec 
[libmetasec_ml.so] 0x70fbd64de0!0x117de0 ldrb w11, [x9, x8]; w11=0x3 x9=0x70fbe42623 x8=0x10 mem_r=0x70fbe42633 -> w11=0x3 
[libmetasec_ml.so] 0x70fbd64de4!0x117de4 add x10, x10, x11, lsl #2; x10=0x70fbd64dec x10=0x70fbd64dec x11=0x3 -> x10=0x70fbd64df8 
[libmetasec_ml.so] 0x70fbd64de8!0x117de8 br x10; x10=0x70fbd64df8 
[libmetasec_ml.so] 0x70fbd64df8!0x117df8 ldr x8, [x1]; x8=0x10 x1=0x72a7410de8 mem_r=0x72a7410de8 -> x8=0x72a7410c48 
[libmetasec_ml.so] 0x70fbd64dfc!0x117dfc cmp x8, #0; x8=0x72a7410c48 -> x8=0x72a7410c48 
[libmetasec_ml.so] 0x70fbd64e00!0x117e00 cset w0, eq; w0=0xfbec1568 -> w0=0x0 
[libmetasec_ml.so] 0x70fbd64e04!0x117e04 ret ; 
[libmetasec_ml.so] 0x70fbd63738!0x116738 cbz w0, #0x70fbd63744; w0=0x0 
[libmetasec_ml.so] 0x70fbd63744!0x116744 add x2, x27, x21; x2=0x6 x27=0x7367411410 x21=0x8f -> x2=0x736741149f 
[libmetasec_ml.so] 0x70fbd63748!0x116748 mov x0, x24; x0=0x0 x24=0x70fbec1568 -> x0=0x70fbec1568 
[libmetasec_ml.so] 0x70fbd6374c!0x11674c mov x1, x22; x1=0x72a7410de8 x22=0x72a7410de8 -> x1=0x72a7410de8 
[libmetasec_ml.so] 0x70fbd63750!0x116750 bl #0x70fbd63a04; 
[libmetasec_ml.so] 0x70fbd63a04!0x116a04 str x23, [sp, #-0x40]!; x23=0x2a45 sp=0x70d87c2dd0 mem_w=0x70d87c2d90 -> sp=0x70d87c2d90 
[libmetasec_ml.so] 0x70fbd63a08!0x116a08 stp x22, x21, [sp, #0x10]; x22=0x72a7410de8 x21=0x8f sp=0x70d87c2d90 mem_w=0x70d87c2da0 
[libmetasec_ml.so] 0x70fbd63a0c!0x116a0c stp x20, x19, [sp, #0x20]; x20=0x72a7410d48 x19=0x48 sp=0x70d87c2d90 mem_w=0x70d87c2db0 
[libmetasec_ml.so] 0x70fbd63a10!0x116a10 stp x29, x30, [sp, #0x30]; fp=0x70d87c2e40 lr=0x70fbd63754 sp=0x70d87c2d90 mem_w=0x70d87c2dc0 
[libmetasec_ml.so] 0x70fbd63a14!0x116a14 add x29, sp, #0x30; fp=0x70d87c2e40 sp=0x70d87c2d90 -> fp=0x70d87c2dc0 
[libmetasec_ml.so] 0x70fbd63a18!0x116a18 mov x19, x0; x19=0x48 x0=0x70fbec1568 -> x19=0x70fbec1568 
[libmetasec_ml.so] 0x70fbd63a1c!0x116a1c ldr w0, [x0, #8]; w0=0xfbec1568 x0=0x70fbec1568 mem_r=0x70fbec1570 -> w0=0xf 
[libmetasec_ml.so] 0x70fbd63a20!0x116a20 mov x21, x1; x21=0x8f x1=0x72a7410de8 -> x21=0x72a7410de8 
[libmetasec_ml.so] 0x70fbd63a24!0x116a24 mov x1, x2; x1=0x72a7410de8 x2=0x736741149f -> x1=0x736741149f 
[libmetasec_ml.so] 0x70fbd63a28!0x116a28 mov x20, x2; x20=0x72a7410d48 x2=0x736741149f -> x20=0x736741149f 
[libmetasec_ml.so] 0x70fbd63a2c!0x116a2c bl #0x70fbd64e38; 
[libmetasec_ml.so] 0x70fbd64e38!0x117e38 lsr w8, w0, #0x1d; w8=0xa7410c48 w0=0xf -> w8=0x0 
[libmetasec_ml.so] 0x70fbd64e3c!0x117e3c cbnz w8, #0x70fbd64e48; w8=0x0 
[libmetasec_ml.so] 0x70fbd64e40!0x117e40 lsl w0, w0, #3; w0=0xf w0=0xf -> w0=0x78 
[libmetasec_ml.so] 0x70fbd64e44!0x117e44 b #0x70fbd64eb8; 
[libmetasec_ml.so] 0x70fbd64eb8!0x117eb8 cmp w0, #0x80; w0=0x78 -> w0=0x78 
[libmetasec_ml.so] 0x70fbd64ebc!0x117ebc b.lo #0x70fbd64f0c; 
[libmetasec_ml.so] 0x70fbd64f0c!0x117f0c mov w9, wzr; w9=0xfbe42623 -> w9=0x0 
[libmetasec_ml.so] 0x70fbd64f10!0x117f10 b #0x70fbd64f2c; 
[libmetasec_ml.so] 0x70fbd64f2c!0x117f2c add w8, w9, #1; w8=0x0 w9=0x0 -> w8=0x1 
[libmetasec_ml.so] 0x70fbd64f30!0x117f30 strb w0, [x1, w9, uxtw]; w0=0x78 x1=0x736741149f w9=0x0 mem_w=0x736741149f 
[libmetasec_ml.so] 0x70fbd64f34!0x117f34 mov x0, x8; x0=0x78 x8=0x1 -> x0=0x1 
[libmetasec_ml.so] 0x70fbd64f38!0x117f38 ret ; 
[libmetasec_ml.so] 0x70fbd63a30!0x116a30 ldr w8, [x19, #0x10]; w8=0x1 x19=0x70fbec1568 mem_r=0x70fbec1578 -> w8=0x10 
[libmetasec_ml.so] 0x70fbd63a34!0x116a34 cmp w8, #0x10; w8=0x10 -> w8=0x10 
[libmetasec_ml.so] 0x70fbd63a38!0x116a38 b.hi #0x70fbd63abc; 
[libmetasec_ml.so] 0x70fbd63a3c!0x116a3c adrp x9, #0x70fbe42000; x9=0x0 -> x9=0x70fbe42000 
[libmetasec_ml.so] 0x70fbd63a40!0x116a40 add x9, x9, #0x5d4; x9=0x70fbe42000 x9=0x70fbe42000 -> x9=0x70fbe425d4 
[libmetasec_ml.so] 0x70fbd63a44!0x116a44 adr x10, #0x70fbd63a58; x10=0x70fbd64df8 -> x10=0x70fbd63a58 
[libmetasec_ml.so] 0x70fbd63a48!0x116a48 ldrb w11, [x9, x8]; w11=0x3 x9=0x70fbe425d4 x8=0x10 mem_r=0x70fbe425e4 -> w11=0x50 
[libmetasec_ml.so] 0x70fbd63a4c!0x116a4c add x10, x10, x11, lsl #2; x10=0x70fbd63a58 x10=0x70fbd63a58 x11=0x50 -> x10=0x70fbd63b98 
[libmetasec_ml.so] 0x70fbd63a50!0x116a50 mov x19, x0; x19=0x70fbec1568 x0=0x1 -> x19=0x1 
[libmetasec_ml.so] 0x70fbd63a54!0x116a54 br x10; x10=0x70fbd63b98 
[libmetasec_ml.so] 0x70fbd63b98!0x116b98 ldrb w8, [x20]; w8=0x10 x20=0x736741149f mem_r=0x736741149f -> w8=0x78 
[libmetasec_ml.so] 0x70fbd63b9c!0x116b9c orr w8, w8, #2; w8=0x78 w8=0x78 -> w8=0x7a 
[libmetasec_ml.so] 0x70fbd63ba0!0x116ba0 strb w8, [x20]; w8=0x7a x20=0x736741149f mem_w=0x736741149f 
[libmetasec_ml.so] 0x70fbd63ba4!0x116ba4 ldr x0, [x21]; x0=0x1 x21=0x72a7410de8 mem_r=0x72a7410de8 -> x0=0x72a7410c48 
[libmetasec_ml.so] 0x70fbd63ba8!0x116ba8 add x20, x20, x19; x20=0x736741149f x20=0x736741149f x19=0x1 -> x20=0x73674114a0 
[libmetasec_ml.so] 0x70fbd63bac!0x116bac cbz x0, #0x70fbd63bf0; x0=0x72a7410c48 
[libmetasec_ml.so] 0x70fbd63bb0!0x116bb0 add x22, x20, #1; x22=0x72a7410de8 x20=0x73674114a0 -> x22=0x73674114a1 
[libmetasec_ml.so] 0x70fbd63bb4!0x116bb4 mov x1, x22; x1=0x736741149f x22=0x73674114a1 -> x1=0x73674114a1 
[libmetasec_ml.so] 0x70fbd63bb8!0x116bb8 bl #0x70fbd635b8; 
[libmetasec_ml.so] 0x70fbd635b8!0x1165b8 b #0x70fbf16000; 
[libmetasec_ml.so] 0x70fbd635cc!0x1165cc stp x20, x19, [sp, #0x60]; x20=0x73674114a0 x19=0x1 sp=0x70d87c2bb0 mem_w=0x70d87c2c10 
[libmetasec_ml.so] 0x70fbd635d0!0x1165d0 stp x29, x30, [sp, #0x70]; fp=0x70d87c2dc0 lr=0x70fbf160f0 sp=0x70d87c2bb0 mem_w=0x70d87c2c20 
[libmetasec_ml.so] 0x70fbd635d4!0x1165d4 add x29, sp, #0x70; fp=0x70d87c2dc0 sp=0x70d87c2bb0 -> fp=0x70d87c2c20 
[libmetasec_ml.so] 0x70fbd635d8!0x1165d8 mov x27, x1; x27=0x7367411410 x1=0x73674114a1 -> x27=0x73674114a1 
[libmetasec_ml.so] 0x70fbd635dc!0x1165dc mov x20, x0; x20=0x73674114a0 x0=0x72a7410c48 -> x20=0x72a7410c48 
[libmetasec_ml.so] 0x70fbd635e0!0x1165e0 mov x28, xzr; x28=0xe -> x28=0x0 
[libmetasec_ml.so] 0x70fbd635e4!0x1165e4 mov x21, xzr; x21=0x72a7410de8 -> x21=0x0 
[libmetasec_ml.so] 0x70fbd635e8!0x1165e8 mov w19, #0x48; w19=0x1 -> w19=0x48 
[libmetasec_ml.so] 0x70fbd635ec!0x1165ec str x1, [sp, #0x18]; x1=0x73674114a1 sp=0x70d87c2bb0 mem_w=0x70d87c2bc8 
[libmetasec_ml.so] 0x70fbd635f0!0x1165f0 ldr x8, [x20]; x8=0x7a x20=0x72a7410c48 mem_r=0x72a7410c48 -> x8=0x70fbebedd8 
[libmetasec_ml.so] 0x70fbd635f4!0x1165f4 ldr w9, [x8, #0x30]; w9=0xfbe425d4 x8=0x70fbebedd8 mem_r=0x70fbebee08 -> w9=0x5 
[libmetasec_ml.so] 0x70fbd635f8!0x1165f8 cmp x28, x9; x28=0x0 x9=0x5 -> x28=0x0 
[libmetasec_ml.so] 0x70fbd635fc!0x1165fc b.hs #0x70fbd6397c; 
[libmetasec_ml.so] 0x70fbd63600!0x116600 ldr x8, [x8, #0x38]; x8=0x70fbebedd8 x8=0x70fbebedd8 mem_r=0x70fbebee10 -> x8=0x70fbec06c8 
[libmetasec_ml.so] 0x70fbd63604!0x116604 nop ; 
[libmetasec_ml.so] 0x70fbd63608!0x116608 madd x24, x28, x19, x8; x24=0x70fbec1568 x28=0x0 x19=0x48 x8=0x70fbec06c8 -> x24=0x70fbec06c8 
[libmetasec_ml.so] 0x70fbd6360c!0x11660c ldr w9, [x24, #0x18]; w9=0x5 x24=0x70fbec06c8 mem_r=0x70fbec06e0 -> w9=0x18 
[libmetasec_ml.so] 0x70fbd63610!0x116610 ldr w11, [x24, #0xc]; w11=0x50 x24=0x70fbec06c8 mem_r=0x70fbec06d4 -> w11=0x3 
[libmetasec_ml.so] 0x70fbd63614!0x116614 add x22, x20, x9; x22=0x73674114a1 x20=0x72a7410c48 x9=0x18 -> x22=0x72a7410c60 
[libmetasec_ml.so] 0x70fbd63618!0x116618 cbz w11, #0x70fbd63744; w11=0x3 
[libmetasec_ml.so] 0x70fbd6361c!0x11661c ldr w9, [x24, #0x14]; w9=0x18 x24=0x70fbec06c8 mem_r=0x70fbec06dc -> w9=0x0 
[libmetasec_ml.so] 0x70fbd63620!0x116620 cmp w11, #1; w11=0x3 -> w11=0x3 
[libmetasec_ml.so] 0x70fbd63624!0x116624 madd x10, x28, x19, x8; x10=0x70fbd63b98 x28=0x0 x19=0x48 x8=0x70fbec06c8 -> x10=0x70fbec06c8 
[libmetasec_ml.so] 0x70fbd63628!0x116628 ccmp w11, #3, #4, ne; w11=0x3 
[libmetasec_ml.so] 0x70fbd6362c!0x11662c b.ne #0x70fbd63668; 
[libmetasec_ml.so] 0x70fbd63630!0x116630 ldr w10, [x10, #0x30]; w10=0xfbec06c8 x10=0x70fbec06c8 mem_r=0x70fbec06f8 -> w10=0x0 
[libmetasec_ml.so] 0x70fbd63634!0x116634 tbnz w10, #2, #0x70fbd636a0; w10=0x0 
[libmetasec_ml.so] 0x70fbd63638!0x116638 cmp w11, #3; w11=0x3 -> w11=0x3 
[libmetasec_ml.so] 0x70fbd6363c!0x11663c b.eq #0x70fbd6372c; 
[libmetasec_ml.so] 0x70fbd6372c!0x11672c mov x0, x24; x0=0x72a7410c48 x24=0x70fbec06c8 -> x0=0x70fbec06c8 
[libmetasec_ml.so] 0x70fbd63730!0x116730 mov x1, x22; x1=0x73674114a1 x22=0x72a7410c60 -> x1=0x72a7410c60 
[libmetasec_ml.so] 0x70fbd63734!0x116734 bl #0x70fbd64dc8; 
[libmetasec_ml.so] 0x70fbd64dc8!0x117dc8 ldr w8, [x0, #0x10]; w8=0xfbec06c8 x0=0x70fbec06c8 mem_r=0x70fbec06d8 -> w8=0x1 
[libmetasec_ml.so] 0x70fbd64dcc!0x117dcc cmp w8, #0x10; w8=0x1 -> w8=0x1 
[libmetasec_ml.so] 0x70fbd64dd0!0x117dd0 b.hi #0x70fbd64e30; 
[libmetasec_ml.so] 0x70fbd64dd4!0x117dd4 adrp x9, #0x70fbe42000; x9=0x0 -> x9=0x70fbe42000 
[libmetasec_ml.so] 0x70fbd64dd8!0x117dd8 add x9, x9, #0x623; x9=0x70fbe42000 x9=0x70fbe42000 -> x9=0x70fbe42623 
[libmetasec_ml.so] 0x70fbd64ddc!0x117ddc adr x10, #0x70fbd64dec; x10=0x0 -> x10=0x70fbd64dec 
[libmetasec_ml.so] 0x70fbd64de0!0x117de0 ldrb w11, [x9, x8]; w11=0x3 x9=0x70fbe42623 x8=0x1 mem_r=0x70fbe42624 -> w11=0x0 
[libmetasec_ml.so] 0x70fbd64de4!0x117de4 add x10, x10, x11, lsl #2; x10=0x70fbd64dec x10=0x70fbd64dec x11=0x0 -> x10=0x70fbd64dec 
[libmetasec_ml.so] 0x70fbd64de8!0x117de8 br x10; x10=0x70fbd64dec 
[libmetasec_ml.so] 0x70fbd64dec!0x117dec ldr w8, [x1]; w8=0x1 x1=0x72a7410c60 mem_r=0x72a7410c60 -> w8=0x1 
[libmetasec_ml.so] 0x70fbd64df0!0x117df0 cmp w8, #0; w8=0x1 -> w8=0x1 
[libmetasec_ml.so] 0x70fbd64df4!0x117df4 b #0x70fbd64e00; 
[libmetasec_ml.so] 0x70fbd64e00!0x117e00 cset w0, eq; w0=0xfbec06c8 -> w0=0x0 
[libmetasec_ml.so] 0x70fbd64e04!0x117e04 ret ; 
[libmetasec_ml.so] 0x70fbd63738!0x116738 cbz w0, #0x70fbd63744; w0=0x0 
[libmetasec_ml.so] 0x70fbd63744!0x116744 add x2, x27, x21; x2=0x736741149f x27=0x73674114a1 x21=0x0 -> x2=0x73674114a1 
[libmetasec_ml.so] 0x70fbd63748!0x116748 mov x0, x24; x0=0x0 x24=0x70fbec06c8 -> x0=0x70fbec06c8 
[libmetasec_ml.so] 0x70fbd6374c!0x11674c mov x1, x22; x1=0x72a7410c60 x22=0x72a7410c60 -> x1=0x72a7410c60 
[libmetasec_ml.so] 0x70fbd63750!0x116750 bl #0x70fbd63a04; 
[libmetasec_ml.so] 0x70fbd63a04!0x116a04 str x23, [sp, #-0x40]!; x23=0x2a45 sp=0x70d87c2bb0 mem_w=0x70d87c2b70 -> sp=0x70d87c2b70 
[libmetasec_ml.so] 0x70fbd63a08!0x116a08 stp x22, x21, [sp, #0x10]; x22=0x72a7410c60 x21=0x0 sp=0x70d87c2b70 mem_w=0x70d87c2b80 
[libmetasec_ml.so] 0x70fbd63a0c!0x116a0c stp x20, x19, [sp, #0x20]; x20=0x72a7410c48 x19=0x48 sp=0x70d87c2b70 mem_w=0x70d87c2b90 
[libmetasec_ml.so] 0x70fbd63a10!0x116a10 stp x29, x30, [sp, #0x30]; fp=0x70d87c2c20 lr=0x70fbd63754 sp=0x70d87c2b70 mem_w=0x70d87c2ba0 
[libmetasec_ml.so] 0x70fbd63a14!0x116a14 add x29, sp, #0x30; fp=0x70d87c2c20 sp=0x70d87c2b70 -> fp=0x70d87c2ba0 
[libmetasec_ml.so] 0x70fbd63a18!0x116a18 mov x19, x0; x19=0x48 x0=0x70fbec06c8 -> x19=0x70fbec06c8 
[libmetasec_ml.so] 0x70fbd63a1c!0x116a1c ldr w0, [x0, #8]; w0=0xfbec06c8 x0=0x70fbec06c8 mem_r=0x70fbec06d0 -> w0=0x1 
[libmetasec_ml.so] 0x70fbd63a20!0x116a20 mov x21, x1; x21=0x0 x1=0x72a7410c60 -> x21=0x72a7410c60 
[libmetasec_ml.so] 0x70fbd63a24!0x116a24 mov x1, x2; x1=0x72a7410c60 x2=0x73674114a1 -> x1=0x73674114a1 
[libmetasec_ml.so] 0x70fbd63a28!0x116a28 mov x20, x2; x20=0x72a7410c48 x2=0x73674114a1 -> x20=0x73674114a1 
[libmetasec_ml.so] 0x70fbd63a2c!0x116a2c bl #0x70fbd64e38; 
[libmetasec_ml.so] 0x70fbd64e38!0x117e38 lsr w8, w0, #0x1d; w8=0x1 w0=0x1 -> w8=0x0 
[libmetasec_ml.so] 0x70fbd64e3c!0x117e3c cbnz w8, #0x70fbd64e48; w8=0x0 
[libmetasec_ml.so] 0x70fbd64e40!0x117e40 lsl w0, w0, #3; w0=0x1 w0=0x1 -> w0=0x8 
[libmetasec_ml.so] 0x70fbd64e44!0x117e44 b #0x70fbd64eb8; 
[libmetasec_ml.so] 0x70fbd64eb8!0x117eb8 cmp w0, #0x80; w0=0x8 -> w0=0x8 
[libmetasec_ml.so] 0x70fbd64ebc!0x117ebc b.lo #0x70fbd64f0c; 
[libmetasec_ml.so] 0x70fbd64f0c!0x117f0c mov w9, wzr; w9=0xfbe42623 -> w9=0x0 
[libmetasec_ml.so] 0x70fbd64f10!0x117f10 b #0x70fbd64f2c; 
[libmetasec_ml.so] 0x70fbd64f2c!0x117f2c add w8, w9, #1; w8=0x0 w9=0x0 -> w8=0x1 
[libmetasec_ml.so] 0x70fbd64f30!0x117f30 strb w0, [x1, w9, uxtw]; w0=0x8 x1=0x73674114a1 w9=0x0 mem_w=0x73674114a1 
[libmetasec_ml.so] 0x70fbd64f34!0x117f34 mov x0, x8; x0=0x8 x8=0x1 -> x0=0x1 
[libmetasec_ml.so] 0x70fbd64f38!0x117f38 ret ; 
[libmetasec_ml.so] 0x70fbd63a30!0x116a30 ldr w8, [x19, #0x10]; w8=0x1 x19=0x70fbec06c8 mem_r=0x70fbec06d8 -> w8=0x1 
[libmetasec_ml.so] 0x70fbd63a34!0x116a34 cmp w8, #0x10; w8=0x1 -> w8=0x1 
[libmetasec_ml.so] 0x70fbd63a38!0x116a38 b.hi #0x70fbd63abc; 
[libmetasec_ml.so] 0x70fbd63a3c!0x116a3c adrp x9, #0x70fbe42000; x9=0x0 -> x9=0x70fbe42000 
[libmetasec_ml.so] 0x70fbd63a40!0x116a40 add x9, x9, #0x5d4; x9=0x70fbe42000 x9=0x70fbe42000 -> x9=0x70fbe425d4 
[libmetasec_ml.so] 0x70fbd63a44!0x116a44 adr x10, #0x70fbd63a58; x10=0x70fbd64dec -> x10=0x70fbd63a58 
[libmetasec_ml.so] 0x70fbd63a48!0x116a48 ldrb w11, [x9, x8]; w11=0x0 x9=0x70fbe425d4 x8=0x1 mem_r=0x70fbe425d5 -> w11=0x1b 
[libmetasec_ml.so] 0x70fbd63a4c!0x116a4c add x10, x10, x11, lsl #2; x10=0x70fbd63a58 x10=0x70fbd63a58 x11=0x1b -> x10=0x70fbd63ac4 
[libmetasec_ml.so] 0x70fbd63a50!0x116a50 mov x19, x0; x19=0x70fbec06c8 x0=0x1 -> x19=0x1 
[libmetasec_ml.so] 0x70fbd63a54!0x116a54 br x10; x10=0x70fbd63ac4 
[libmetasec_ml.so] 0x70fbd63ac4!0x116ac4 ldr w0, [x21]; w0=0x1 x21=0x72a7410c60 mem_r=0x72a7410c60 -> w0=0x1 
[libmetasec_ml.so] 0x70fbd63ac8!0x116ac8 add x1, x20, x19; x1=0x73674114a1 x20=0x73674114a1 x19=0x1 -> x1=0x73674114a2 
[libmetasec_ml.so] 0x70fbd63acc!0x116acc bl #0x70fbd64e54; 
[libmetasec_ml.so] 0x70fbd64e54!0x117e54 lsl w8, w0, #1; w8=0x1 w0=0x1 -> w8=0x2 
[libmetasec_ml.so] 0x70fbd64e58!0x117e58 eor w0, w8, w0, asr #31; w0=0x1 w8=0x2 w0=0x1 -> w0=0x2 
[libmetasec_ml.so] 0x70fbd64e5c!0x117e5c b #0x70fbd64eb8; 
[libmetasec_ml.so] 0x70fbd64eb8!0x117eb8 cmp w0, #0x80; w0=0x2 -> w0=0x2 
[libmetasec_ml.so] 0x70fbd64ebc!0x117ebc b.lo #0x70fbd64f0c; 
[libmetasec_ml.so] 0x70fbd64f0c!0x117f0c mov w9, wzr; w9=0xfbe425d4 -> w9=0x0 
[libmetasec_ml.so] 0x70fbd64f10!0x117f10 b #0x70fbd64f2c; 
[libmetasec_ml.so] 0x70fbd64f2c!0x117f2c add w8, w9, #1; w8=0x2 w9=0x0 -> w8=0x1 
[libmetasec_ml.so] 0x70fbd64f30!0x117f30 strb w0, [x1, w9, uxtw]; w0=0x2 x1=0x73674114a2 w9=0x0 mem_w=0x73674114a2 
[libmetasec_ml.so] 0x70fbd64f34!0x117f34 mov x0, x8; x0=0x2 x8=0x1 -> x0=0x1 
[libmetasec_ml.so] 0x70fbd64f38!0x117f38 ret ; 
[libmetasec_ml.so] 0x70fbd63ad0!0x116ad0 b #0x70fbd63af0; 
[libmetasec_ml.so] 0x70fbd63af0!0x116af0 add x0, x0, x19; x0=0x1 x0=0x1 x19=0x1 -> x0=0x2 
[libmetasec_ml.so] 0x70fbd63af4!0x116af4 b #0x70fbd63bfc; 
[libmetasec_ml.so] 0x70fbd63bfc!0x116bfc ldp x29, x30, [sp, #0x30]; fp=0x70d87c2ba0 lr=0x70fbd63ad0 sp=0x70d87c2b70 mem_r=0x70d87c2ba0 -> fp=0x70d87c2c20 lr=0x70fbd63754 
[libmetasec_ml.so] 0x70fbd63c00!0x116c00 ldp x20, x19, [sp, #0x20]; x20=0x73674114a1 x19=0x1 sp=0x70d87c2b70 mem_r=0x70d87c2b90 -> x20=0x72a7410c48 x19=0x48 
[libmetasec_ml.so] 0x70fbd63c04!0x116c04 ldp x22, x21, [sp, #0x10]; x22=0x72a7410c60 x21=0x72a7410c60 sp=0x70d87c2b70 mem_r=0x70d87c2b80 -> x22=0x72a7410c60 x21=0x0 
[libmetasec_ml.so] 0x70fbd63c08!0x116c08 ldr x23, [sp], #0x40; x23=0x2a45 sp=0x70d87c2b70 mem_r=0x70d87c2b70 -> x23=0x2a45 
[libmetasec_ml.so] 0x70fbd63c0c!0x116c0c ret ; 
[libmetasec_ml.so] 0x70fbd63754!0x116754 mov x25, x0; x25=0x8 x0=0x2 -> x25=0x2 
[libmetasec_ml.so] 0x70fbd63758!0x116758 b #0x70fbd63940; 
[libmetasec_ml.so] 0x70fbd63940!0x116940 add x21, x25, x21; x21=0x0 x25=0x2 x21=0x0 -> x21=0x2 
[libmetasec_ml.so] 0x70fbd63944!0x116944 add x28, x28, #1; x28=0x0 x28=0x0 -> x28=0x1 
[libmetasec_ml.so] 0x70fbd63948!0x116948 b #0x70fbd635f0; 
[libmetasec_ml.so] 0x70fbd635f0!0x1165f0 ldr x8, [x20]; x8=0x1 x20=0x72a7410c48 mem_r=0x72a7410c48 -> x8=0x70fbebedd8 
[libmetasec_ml.so] 0x70fbd635f4!0x1165f4 ldr w9, [x8, #0x30]; w9=0x0 x8=0x70fbebedd8 mem_r=0x70fbebee08 -> w9=0x5 
[libmetasec_ml.so] 0x70fbd635f8!0x1165f8 cmp x28, x9; x28=0x1 x9=0x5 -> x28=0x1 
[libmetasec_ml.so] 0x70fbd635fc!0x1165fc b.hs #0x70fbd6397c; 
[libmetasec_ml.so] 0x70fbd63600!0x116600 ldr x8, [x8, #0x38]; x8=0x70fbebedd8 x8=0x70fbebedd8 mem_r=0x70fbebee10 -> x8=0x70fbec06c8 
[libmetasec_ml.so] 0x70fbd63604!0x116604 nop ; 
[libmetasec_ml.so] 0x70fbd63608!0x116608 madd x24, x28, x19, x8; x24=0x70fbec06c8 x28=0x1 x19=0x48 x8=0x70fbec06c8 -> x24=0x70fbec0710 
[libmetasec_ml.so] 0x70fbd6360c!0x11660c ldr w9, [x24, #0x18]; w9=0x5 x24=0x70fbec0710 mem_r=0x70fbec0728 -> w9=0x1c 
[libmetasec_ml.so] 0x70fbd63610!0x116610 ldr w11, [x24, #0xc]; w11=0x1b x24=0x70fbec0710 mem_r=0x70fbec071c -> w11=0x3 
[libmetasec_ml.so] 0x70fbd63614!0x116614 add x22, x20, x9; x22=0x72a7410c60 x20=0x72a7410c48 x9=0x1c -> x22=0x72a7410c64 
[libmetasec_ml.so] 0x70fbd63618!0x116618 cbz w11, #0x70fbd63744; w11=0x3 
[libmetasec_ml.so] 0x70fbd6361c!0x11661c ldr w9, [x24, #0x14]; w9=0x1c x24=0x70fbec0710 mem_r=0x70fbec0724 -> w9=0x0 
[libmetasec_ml.so] 0x70fbd63620!0x116620 cmp w11, #1; w11=0x3 -> w11=0x3 
[libmetasec_ml.so] 0x70fbd63624!0x116624 madd x10, x28, x19, x8; x10=0x70fbd63ac4 x28=0x1 x19=0x48 x8=0x70fbec06c8 -> x10=0x70fbec0710 
[libmetasec_ml.so] 0x70fbd63628!0x116628 ccmp w11, #3, #4, ne; w11=0x3 
[libmetasec_ml.so] 0x70fbd6362c!0x11662c b.ne #0x70fbd63668; 
[libmetasec_ml.so] 0x70fbd63630!0x116630 ldr w10, [x10, #0x30]; w10=0xfbec0710 x10=0x70fbec0710 mem_r=0x70fbec0740 -> w10=0x0 
[libmetasec_ml.so] 0x70fbd63634!0x116634 tbnz w10, #2, #0x70fbd636a0; w10=0x0 
[libmetasec_ml.so] 0x70fbd63638!0x116638 cmp w11, #3; w11=0x3 -> w11=0x3 
[libmetasec_ml.so] 0x70fbd6363c!0x11663c b.eq #0x70fbd6372c; 
[libmetasec_ml.so] 0x70fbd6372c!0x11672c mov x0, x24; x0=0x2 x24=0x70fbec0710 -> x0=0x70fbec0710 
[libmetasec_ml.so] 0x70fbd63730!0x116730 mov x1, x22; x1=0x73674114a2 x22=0x72a7410c64 -> x1=0x72a7410c64 
[libmetasec_ml.so] 0x70fbd63734!0x116734 bl #0x70fbd64dc8; 
[libmetasec_ml.so] 0x70fbd64dc8!0x117dc8 ldr w8, [x0, #0x10]; w8=0xfbec06c8 x0=0x70fbec0710 mem_r=0x70fbec0720 -> w8=0x1 
[libmetasec_ml.so] 0x70fbd64dcc!0x117dcc cmp w8, #0x10; w8=0x1 -> w8=0x1 
[libmetasec_ml.so] 0x70fbd64dd0!0x117dd0 b.hi #0x70fbd64e30; 
[libmetasec_ml.so] 0x70fbd64dd4!0x117dd4 adrp x9, #0x70fbe42000; x9=0x0 -> x9=0x70fbe42000 
[libmetasec_ml.so] 0x70fbd64dd8!0x117dd8 add x9, x9, #0x623; x9=0x70fbe42000 x9=0x70fbe42000 -> x9=0x70fbe42623 
[libmetasec_ml.so] 0x70fbd64ddc!0x117ddc adr x10, #0x70fbd64dec; x10=0x0 -> x10=0x70fbd64dec 
[libmetasec_ml.so] 0x70fbd64de0!0x117de0 ldrb w11, [x9, x8]; w11=0x3 x9=0x70fbe42623 x8=0x1 mem_r=0x70fbe42624 -> w11=0x0 
[libmetasec_ml.so] 0x70fbd64de4!0x117de4 add x10, x10, x11, lsl #2; x10=0x70fbd64dec x10=0x70fbd64dec x11=0x0 -> x10=0x70fbd64dec 
[libmetasec_ml.so] 0x70fbd64de8!0x117de8 br x10; x10=0x70fbd64dec 
[libmetasec_ml.so] 0x70fbd64dec!0x117dec ldr w8, [x1]; w8=0x1 x1=0x72a7410c64 mem_r=0x72a7410c64 -> w8=0xa985f 
[libmetasec_ml.so] 0x70fbd64df0!0x117df0 cmp w8, #0; w8=0xa985f -> w8=0xa985f 
[libmetasec_ml.so] 0x70fbd64df4!0x117df4 b #0x70fbd64e00; 
[libmetasec_ml.so] 0x70fbd64e00!0x117e00 cset w0, eq; w0=0xfbec0710 -> w0=0x0 
[libmetasec_ml.so] 0x70fbd64e04!0x117e04 ret ; 
[libmetasec_ml.so] 0x70fbd63738!0x116738 cbz w0, #0x70fbd63744; w0=0x0 
[libmetasec_ml.so] 0x70fbd63744!0x116744 add x2, x27, x21; x2=0x73674114a1 x27=0x73674114a1 x21=0x2 -> x2=0x73674114a3 
[libmetasec_ml.so] 0x70fbd63748!0x116748 mov x0, x24; x0=0x0 x24=0x70fbec0710 -> x0=0x70fbec0710 
[libmetasec_ml.so] 0x70fbd6374c!0x11674c mov x1, x22; x1=0x72a7410c64 x22=0x72a7410c64 -> x1=0x72a7410c64 
[libmetasec_ml.so] 0x70fbd63750!0x116750 bl #0x70fbd63a04; 
[libmetasec_ml.so] 0x70fbd63a04!0x116a04 str x23, [sp, #-0x40]!; x23=0x2a45 sp=0x70d87c2bb0 mem_w=0x70d87c2b70 -> sp=0x70d87c2b70 
[libmetasec_ml.so] 0x70fbd63a08!0x116a08 stp x22, x21, [sp, #0x10]; x22=0x72a7410c64 x21=0x2 sp=0x70d87c2b70 mem_w=0x70d87c2b80 
[libmetasec_ml.so] 0x70fbd63a0c!0x116a0c stp x20, x19, [sp, #0x20]; x20=0x72a7410c48 x19=0x48 sp=0x70d87c2b70 mem_w=0x70d87c2b90 
[libmetasec_ml.so] 0x70fbd63a10!0x116a10 stp x29, x30, [sp, #0x30]; fp=0x70d87c2c20 lr=0x70fbd63754 sp=0x70d87c2b70 mem_w=0x70d87c2ba0 
[libmetasec_ml.so] 0x70fbd63a14!0x116a14 add x29, sp, #0x30; fp=0x70d87c2c20 sp=0x70d87c2b70 -> fp=0x70d87c2ba0 
[libmetasec_ml.so] 0x70fbd63a18!0x116a18 mov x19, x0; x19=0x48 x0=0x70fbec0710 -> x19=0x70fbec0710 
[libmetasec_ml.so] 0x70fbd63a1c!0x116a1c ldr w0, [x0, #8]; w0=0xfbec0710 x0=0x70fbec0710 mem_r=0x70fbec0718 -> w0=0x2 
[libmetasec_ml.so] 0x70fbd63a20!0x116a20 mov x21, x1; x21=0x2 x1=0x72a7410c64 -> x21=0x72a7410c64 
[libmetasec_ml.so] 0x70fbd63a24!0x116a24 mov x1, x2; x1=0x72a7410c64 x2=0x73674114a3 -> x1=0x73674114a3 
[libmetasec_ml.so] 0x70fbd63a28!0x116a28 mov x20, x2; x20=0x72a7410c48 x2=0x73674114a3 -> x20=0x73674114a3 
[libmetasec_ml.so] 0x70fbd63a2c!0x116a2c bl #0x70fbd64e38; 
[libmetasec_ml.so] 0x70fbd64e38!0x117e38 lsr w8, w0, #0x1d; w8=0xa985f w0=0x2 -> w8=0x0 
[libmetasec_ml.so] 0x70fbd64e3c!0x117e3c cbnz w8, #0x70fbd64e48; w8=0x0 
[libmetasec_ml.so] 0x70fbd64e40!0x117e40 lsl w0, w0, #3; w0=0x2 w0=0x2 -> w0=0x10 
[libmetasec_ml.so] 0x70fbd64e44!0x117e44 b #0x70fbd64eb8; 
[libmetasec_ml.so] 0x70fbd64eb8!0x117eb8 cmp w0, #0x80; w0=0x10 -> w0=0x10 
[libmetasec_ml.so] 0x70fbd64ebc!0x117ebc b.lo #0x70fbd64f0c; 
[libmetasec_ml.so] 0x70fbd64f0c!0x117f0c mov w9, wzr; w9=0xfbe42623 -> w9=0x0 
[libmetasec_ml.so] 0x70fbd64f10!0x117f10 b #0x70fbd64f2c; 
[libmetasec_ml.so] 0x70fbd64f2c!0x117f2c add w8, w9, #1; w8=0x0 w9=0x0 -> w8=0x1 
[libmetasec_ml.so] 0x70fbd64f30!0x117f30 strb w0, [x1, w9, uxtw]; w0=0x10 x1=0x73674114a3 w9=0x0 mem_w=0x73674114a3 
[libmetasec_ml.so] 0x70fbd64f34!0x117f34 mov x0, x8; x0=0x10 x8=0x1 -> x0=0x1 
[libmetasec_ml.so] 0x70fbd64f38!0x117f38 ret ; 
[libmetasec_ml.so] 0x70fbd63a30!0x116a30 ldr w8, [x19, #0x10]; w8=0x1 x19=0x70fbec0710 mem_r=0x70fbec0720 -> w8=0x1 
[libmetasec_ml.so] 0x70fbd63a34!0x116a34 cmp w8, #0x10; w8=0x1 -> w8=0x1 
[libmetasec_ml.so] 0x70fbd63a38!0x116a38 b.hi #0x70fbd63abc; 
[libmetasec_ml.so] 0x70fbd63a3c!0x116a3c adrp x9, #0x70fbe42000; x9=0x0 -> x9=0x70fbe42000 
[libmetasec_ml.so] 0x70fbd63a40!0x116a40 add x9, x9, #0x5d4; x9=0x70fbe42000 x9=0x70fbe42000 -> x9=0x70fbe425d4 
[libmetasec_ml.so] 0x70fbd63a44!0x116a44 adr x10, #0x70fbd63a58; x10=0x70fbd64dec -> x10=0x70fbd63a58 
[libmetasec_ml.so] 0x70fbd63a48!0x116a48 ldrb w11, [x9, x8]; w11=0x0 x9=0x70fbe425d4 x8=0x1 mem_r=0x70fbe425d5 -> w11=0x1b 
[libmetasec_ml.so] 0x70fbd63a4c!0x116a4c add x10, x10, x11, lsl #2; x10=0x70fbd63a58 x10=0x70fbd63a58 x11=0x1b -> x10=0x70fbd63ac4 
[libmetasec_ml.so] 0x70fbd63a50!0x116a50 mov x19, x0; x19=0x70fbec0710 x0=0x1 -> x19=0x1 
[libmetasec_ml.so] 0x70fbd63a54!0x116a54 br x10; x10=0x70fbd63ac4 
[libmetasec_ml.so] 0x70fbd63ac4!0x116ac4 ldr w0, [x21]; w0=0x1 x21=0x72a7410c64 mem_r=0x72a7410c64 -> w0=0xa985f 
[libmetasec_ml.so] 0x70fbd63ac8!0x116ac8 add x1, x20, x19; x1=0x73674114a3 x20=0x73674114a3 x19=0x1 -> x1=0x73674114a4 
[libmetasec_ml.so] 0x70fbd63acc!0x116acc bl #0x70fbd64e54; 
[libmetasec_ml.so] 0x70fbd64e54!0x117e54 lsl w8, w0, #1; w8=0x1 w0=0xa985f -> w8=0x1530be 
[libmetasec_ml.so] 0x70fbd64e58!0x117e58 eor w0, w8, w0, asr #31; w0=0xa985f w8=0x1530be w0=0xa985f -> w0=0x1530be 
[libmetasec_ml.so] 0x70fbd64e5c!0x117e5c b #0x70fbd64eb8; 
[libmetasec_ml.so] 0x70fbd64eb8!0x117eb8 cmp w0, #0x80; w0=0x1530be -> w0=0x1530be 
[libmetasec_ml.so] 0x70fbd64ebc!0x117ebc b.lo #0x70fbd64f0c; 
[libmetasec_ml.so] 0x70fbd64ec0!0x117ec0 orr w8, w0, #0x80; w8=0x1530be w0=0x1530be -> w8=0x1530be 
[libmetasec_ml.so] 0x70fbd64ec4!0x117ec4 cmp w0, #4, lsl #12; w0=0x1530be -> w0=0x1530be 
[libmetasec_ml.so] 0x70fbd64ec8!0x117ec8 strb w8, [x1]; w8=0x1530be x1=0x73674114a4 mem_w=0x73674114a4 
[libmetasec_ml.so] 0x70fbd64ecc!0x117ecc lsr w8, w0, #7; w8=0x1530be w0=0x1530be -> w8=0x2a61 
[libmetasec_ml.so] 0x70fbd64ed0!0x117ed0 b.lo #0x70fbd64f14; 
[libmetasec_ml.so] 0x70fbd64ed4!0x117ed4 orr w8, w8, #0x80; w8=0x2a61 w8=0x2a61 -> w8=0x2ae1 
[libmetasec_ml.so] 0x70fbd64ed8!0x117ed8 cmp w0, #0x200, lsl #12; w0=0x1530be -> w0=0x1530be 
[libmetasec_ml.so] 0x70fbd64edc!0x117edc strb w8, [x1, #1]; w8=0x2ae1 x1=0x73674114a4 mem_w=0x73674114a5 
[libmetasec_ml.so] 0x70fbd64ee0!0x117ee0 lsr w8, w0, #0xe; w8=0x2ae1 w0=0x1530be -> w8=0x54 
[libmetasec_ml.so] 0x70fbd64ee4!0x117ee4 b.lo #0x70fbd64f1c; 
[libmetasec_ml.so] 0x70fbd64f1c!0x117f1c mov w9, #2; w9=0xfbe425d4 -> w9=0x2 
[libmetasec_ml.so] 0x70fbd64f20!0x117f20 b #0x70fbd64f28; 
[libmetasec_ml.so] 0x70fbd64f28!0x117f28 mov w0, w8; w0=0x1530be w8=0x54 -> w0=0x54 
[libmetasec_ml.so] 0x70fbd64f2c!0x117f2c add w8, w9, #1; w8=0x54 w9=0x2 -> w8=0x3 
[libmetasec_ml.so] 0x70fbd64f30!0x117f30 strb w0, [x1, w9, uxtw]; w0=0x54 x1=0x73674114a4 w9=0x2 mem_w=0x73674114a6 
[libmetasec_ml.so] 0x70fbd64f34!0x117f34 mov x0, x8; x0=0x54 x8=0x3 -> x0=0x3 
[libmetasec_ml.so] 0x70fbd64f38!0x117f38 ret ; 
[libmetasec_ml.so] 0x70fbd63ad0!0x116ad0 b #0x70fbd63af0; 
[libmetasec_ml.so] 0x70fbd63af0!0x116af0 add x0, x0, x19; x0=0x3 x0=0x3 x19=0x1 -> x0=0x4 
[libmetasec_ml.so] 0x70fbd63af4!0x116af4 b #0x70fbd63bfc; 
[libmetasec_ml.so] 0x70fbd63bfc!0x116bfc ldp x29, x30, [sp, #0x30]; fp=0x70d87c2ba0 lr=0x70fbd63ad0 sp=0x70d87c2b70 mem_r=0x70d87c2ba0 -> fp=0x70d87c2c20 lr=0x70fbd63754 
[libmetasec_ml.so] 0x70fbd63c00!0x116c00 ldp x20, x19, [sp, #0x20]; x20=0x73674114a3 x19=0x1 sp=0x70d87c2b70 mem_r=0x70d87c2b90 -> x20=0x72a7410c48 x19=0x48 
[libmetasec_ml.so] 0x70fbd63c04!0x116c04 ldp x22, x21, [sp, #0x10]; x22=0x72a7410c64 x21=0x72a7410c64 sp=0x70d87c2b70 mem_r=0x70d87c2b80 -> x22=0x72a7410c64 x21=0x2 
[libmetasec_ml.so] 0x70fbd63c08!0x116c08 ldr x23, [sp], #0x40; x23=0x2a45 sp=0x70d87c2b70 mem_r=0x70d87c2b70 -> x23=0x2a45 
[libmetasec_ml.so] 0x70fbd63c0c!0x116c0c ret ; 
[libmetasec_ml.so] 0x70fbd63754!0x116754 mov x25, x0; x25=0x2 x0=0x4 -> x25=0x4 
[libmetasec_ml.so] 0x70fbd63758!0x116758 b #0x70fbd63940; 
[libmetasec_ml.so] 0x70fbd63940!0x116940 add x21, x25, x21; x21=0x2 x25=0x4 x21=0x2 -> x21=0x6 
[libmetasec_ml.so] 0x70fbd63944!0x116944 add x28, x28, #1; x28=0x1 x28=0x1 -> x28=0x2 
[libmetasec_ml.so] 0x70fbd63948!0x116948 b #0x70fbd635f0; 
[libmetasec_ml.so] 0x70fbd635f0!0x1165f0 ldr x8, [x20]; x8=0x3 x20=0x72a7410c48 mem_r=0x72a7410c48 -> x8=0x70fbebedd8 
[libmetasec_ml.so] 0x70fbd635f4!0x1165f4 ldr w9, [x8, #0x30]; w9=0x2 x8=0x70fbebedd8 mem_r=0x70fbebee08 -> w9=0x5 
[libmetasec_ml.so] 0x70fbd635f8!0x1165f8 cmp x28, x9; x28=0x2 x9=0x5 -> x28=0x2 
[libmetasec_ml.so] 0x70fbd635fc!0x1165fc b.hs #0x70fbd6397c; 
[libmetasec_ml.so] 0x70fbd63600!0x116600 ldr x8, [x8, #0x38]; x8=0x70fbebedd8 x8=0x70fbebedd8 mem_r=0x70fbebee10 -> x8=0x70fbec06c8 
[libmetasec_ml.so] 0x70fbd63604!0x116604 nop ; 
[libmetasec_ml.so] 0x70fbd63608!0x116608 madd x24, x28, x19, x8; x24=0x70fbec0710 x28=0x2 x19=0x48 x8=0x70fbec06c8 -> x24=0x70fbec0758 
[libmetasec_ml.so] 0x70fbd6360c!0x11660c ldr w9, [x24, #0x18]; w9=0x5 x24=0x70fbec0758 mem_r=0x70fbec0770 -> w9=0x20 
[libmetasec_ml.so] 0x70fbd63610!0x116610 ldr w11, [x24, #0xc]; w11=0x1b x24=0x70fbec0758 mem_r=0x70fbec0764 -> w11=0x3 
[libmetasec_ml.so] 0x70fbd63614!0x116614 add x22, x20, x9; x22=0x72a7410c64 x20=0x72a7410c48 x9=0x20 -> x22=0x72a7410c68 
[libmetasec_ml.so] 0x70fbd63618!0x116618 cbz w11, #0x70fbd63744; w11=0x3 
[libmetasec_ml.so] 0x70fbd6361c!0x11661c ldr w9, [x24, #0x14]; w9=0x20 x24=0x70fbec0758 mem_r=0x70fbec076c -> w9=0x0 
[libmetasec_ml.so] 0x70fbd63620!0x116620 cmp w11, #1; w11=0x3 -> w11=0x3 
[libmetasec_ml.so] 0x70fbd63624!0x116624 madd x10, x28, x19, x8; x10=0x70fbd63ac4 x28=0x2 x19=0x48 x8=0x70fbec06c8 -> x10=0x70fbec0758 
[libmetasec_ml.so] 0x70fbd63628!0x116628 ccmp w11, #3, #4, ne; w11=0x3 
[libmetasec_ml.so] 0x70fbd6362c!0x11662c b.ne #0x70fbd63668; 
[libmetasec_ml.so] 0x70fbd63630!0x116630 ldr w10, [x10, #0x30]; w10=0xfbec0758 x10=0x70fbec0758 mem_r=0x70fbec0788 -> w10=0x0 
[libmetasec_ml.so] 0x70fbd63634!0x116634 tbnz w10, #2, #0x70fbd636a0; w10=0x0 
[libmetasec_ml.so] 0x70fbd63638!0x116638 cmp w11, #3; w11=0x3 -> w11=0x3 
[libmetasec_ml.so] 0x70fbd6363c!0x11663c b.eq #0x70fbd6372c; 
[libmetasec_ml.so] 0x70fbd6372c!0x11672c mov x0, x24; x0=0x4 x24=0x70fbec0758 -> x0=0x70fbec0758 
[libmetasec_ml.so] 0x70fbd63730!0x116730 mov x1, x22; x1=0x73674114a4 x22=0x72a7410c68 -> x1=0x72a7410c68 
[libmetasec_ml.so] 0x70fbd63734!0x116734 bl #0x70fbd64dc8; 
[libmetasec_ml.so] 0x70fbd64dc8!0x117dc8 ldr w8, [x0, #0x10]; w8=0xfbec06c8 x0=0x70fbec0758 mem_r=0x70fbec0768 -> w8=0x1 
[libmetasec_ml.so] 0x70fbd64dcc!0x117dcc cmp w8, #0x10; w8=0x1 -> w8=0x1 
[libmetasec_ml.so] 0x70fbd64dd0!0x117dd0 b.hi #0x70fbd64e30; 
[libmetasec_ml.so] 0x70fbd64dd4!0x117dd4 adrp x9, #0x70fbe42000; x9=0x0 -> x9=0x70fbe42000 
[libmetasec_ml.so] 0x70fbd64dd8!0x117dd8 add x9, x9, #0x623; x9=0x70fbe42000 x9=0x70fbe42000 -> x9=0x70fbe42623 
[libmetasec_ml.so] 0x70fbd64ddc!0x117ddc adr x10, #0x70fbd64dec; x10=0x0 -> x10=0x70fbd64dec 
[libmetasec_ml.so] 0x70fbd64de0!0x117de0 ldrb w11, [x9, x8]; w11=0x3 x9=0x70fbe42623 x8=0x1 mem_r=0x70fbe42624 -> w11=0x0 
[libmetasec_ml.so] 0x70fbd64de4!0x117de4 add x10, x10, x11, lsl #2; x10=0x70fbd64dec x10=0x70fbd64dec x11=0x0 -> x10=0x70fbd64dec 
[libmetasec_ml.so] 0x70fbd64de8!0x117de8 br x10; x10=0x70fbd64dec 
[libmetasec_ml.so] 0x70fbd64dec!0x117dec ldr w8, [x1]; w8=0x1 x1=0x72a7410c68 mem_r=0x72a7410c68 -> w8=0xa985f 
[libmetasec_ml.so] 0x70fbd64df0!0x117df0 cmp w8, #0; w8=0xa985f -> w8=0xa985f 
[libmetasec_ml.so] 0x70fbd64df4!0x117df4 b #0x70fbd64e00; 
[libmetasec_ml.so] 0x70fbd64e00!0x117e00 cset w0, eq; w0=0xfbec0758 -> w0=0x0 
[libmetasec_ml.so] 0x70fbd64e04!0x117e04 ret ; 
[libmetasec_ml.so] 0x70fbd63738!0x116738 cbz w0, #0x70fbd63744; w0=0x0 
[libmetasec_ml.so] 0x70fbd63744!0x116744 add x2, x27, x21; x2=0x73674114a3 x27=0x73674114a1 x21=0x6 -> x2=0x73674114a7 
[libmetasec_ml.so] 0x70fbd63748!0x116748 mov x0, x24; x0=0x0 x24=0x70fbec0758 -> x0=0x70fbec0758 
[libmetasec_ml.so] 0x70fbd6374c!0x11674c mov x1, x22; x1=0x72a7410c68 x22=0x72a7410c68 -> x1=0x72a7410c68 
[libmetasec_ml.so] 0x70fbd63750!0x116750 bl #0x70fbd63a04; 
[libmetasec_ml.so] 0x70fbd63a04!0x116a04 str x23, [sp, #-0x40]!; x23=0x2a45 sp=0x70d87c2bb0 mem_w=0x70d87c2b70 -> sp=0x70d87c2b70 
[libmetasec_ml.so] 0x70fbd63a08!0x116a08 stp x22, x21, [sp, #0x10]; x22=0x72a7410c68 x21=0x6 sp=0x70d87c2b70 mem_w=0x70d87c2b80 
[libmetasec_ml.so] 0x70fbd63a0c!0x116a0c stp x20, x19, [sp, #0x20]; x20=0x72a7410c48 x19=0x48 sp=0x70d87c2b70 mem_w=0x70d87c2b90 
[libmetasec_ml.so] 0x70fbd63a10!0x116a10 stp x29, x30, [sp, #0x30]; fp=0x70d87c2c20 lr=0x70fbd63754 sp=0x70d87c2b70 mem_w=0x70d87c2ba0 
[libmetasec_ml.so] 0x70fbd63a14!0x116a14 add x29, sp, #0x30; fp=0x70d87c2c20 sp=0x70d87c2b70 -> fp=0x70d87c2ba0 
[libmetasec_ml.so] 0x70fbd63a18!0x116a18 mov x19, x0; x19=0x48 x0=0x70fbec0758 -> x19=0x70fbec0758 
[libmetasec_ml.so] 0x70fbd63a1c!0x116a1c ldr w0, [x0, #8]; w0=0xfbec0758 x0=0x70fbec0758 mem_r=0x70fbec0760 -> w0=0x3 
[libmetasec_ml.so] 0x70fbd63a20!0x116a20 mov x21, x1; x21=0x6 x1=0x72a7410c68 -> x21=0x72a7410c68 
[libmetasec_ml.so] 0x70fbd63a24!0x116a24 mov x1, x2; x1=0x72a7410c68 x2=0x73674114a7 -> x1=0x73674114a7 
[libmetasec_ml.so] 0x70fbd63a28!0x116a28 mov x20, x2; x20=0x72a7410c48 x2=0x73674114a7 -> x20=0x73674114a7 
[libmetasec_ml.so] 0x70fbd63a2c!0x116a2c bl #0x70fbd64e38; 
[libmetasec_ml.so] 0x70fbd64e38!0x117e38 lsr w8, w0, #0x1d; w8=0xa985f w0=0x3 -> w8=0x0 
[libmetasec_ml.so] 0x70fbd64e3c!0x117e3c cbnz w8, #0x70fbd64e48; w8=0x0 
[libmetasec_ml.so] 0x70fbd64e40!0x117e40 lsl w0, w0, #3; w0=0x3 w0=0x3 -> w0=0x18 
[libmetasec_ml.so] 0x70fbd64e44!0x117e44 b #0x70fbd64eb8; 
[libmetasec_ml.so] 0x70fbd64eb8!0x117eb8 cmp w0, #0x80; w0=0x18 -> w0=0x18 
[libmetasec_ml.so] 0x70fbd64ebc!0x117ebc b.lo #0x70fbd64f0c; 
[libmetasec_ml.so] 0x70fbd64f0c!0x117f0c mov w9, wzr; w9=0xfbe42623 -> w9=0x0 
[libmetasec_ml.so] 0x70fbd64f10!0x117f10 b #0x70fbd64f2c; 
[libmetasec_ml.so] 0x70fbd64f2c!0x117f2c add w8, w9, #1; w8=0x0 w9=0x0 -> w8=0x1 
[libmetasec_ml.so] 0x70fbd64f30!0x117f30 strb w0, [x1, w9, uxtw]; w0=0x18 x1=0x73674114a7 w9=0x0 mem_w=0x73674114a7 
[libmetasec_ml.so] 0x70fbd64f34!0x117f34 mov x0, x8; x0=0x18 x8=0x1 -> x0=0x1 
[libmetasec_ml.so] 0x70fbd64f38!0x117f38 ret ; 
[libmetasec_ml.so] 0x70fbd63a30!0x116a30 ldr w8, [x19, #0x10]; w8=0x1 x19=0x70fbec0758 mem_r=0x70fbec0768 -> w8=0x1 
[libmetasec_ml.so] 0x70fbd63a34!0x116a34 cmp w8, #0x10; w8=0x1 -> w8=0x1 
[libmetasec_ml.so] 0x70fbd63a38!0x116a38 b.hi #0x70fbd63abc; 
[libmetasec_ml.so] 0x70fbd63a3c!0x116a3c adrp x9, #0x70fbe42000; x9=0x0 -> x9=0x70fbe42000 
[libmetasec_ml.so] 0x70fbd63a40!0x116a40 add x9, x9, #0x5d4; x9=0x70fbe42000 x9=0x70fbe42000 -> x9=0x70fbe425d4 
[libmetasec_ml.so] 0x70fbd63a44!0x116a44 adr x10, #0x70fbd63a58; x10=0x70fbd64dec -> x10=0x70fbd63a58 
[libmetasec_ml.so] 0x70fbd63a48!0x116a48 ldrb w11, [x9, x8]; w11=0x0 x9=0x70fbe425d4 x8=0x1 mem_r=0x70fbe425d5 -> w11=0x1b 
[libmetasec_ml.so] 0x70fbd63a4c!0x116a4c add x10, x10, x11, lsl #2; x10=0x70fbd63a58 x10=0x70fbd63a58 x11=0x1b -> x10=0x70fbd63ac4 
[libmetasec_ml.so] 0x70fbd63a50!0x116a50 mov x19, x0; x19=0x70fbec0758 x0=0x1 -> x19=0x1 
[libmetasec_ml.so] 0x70fbd63a54!0x116a54 br x10; x10=0x70fbd63ac4 
[libmetasec_ml.so] 0x70fbd63ac4!0x116ac4 ldr w0, [x21]; w0=0x1 x21=0x72a7410c68 mem_r=0x72a7410c68 -> w0=0xa985f 
[libmetasec_ml.so] 0x70fbd63ac8!0x116ac8 add x1, x20, x19; x1=0x73674114a7 x20=0x73674114a7 x19=0x1 -> x1=0x73674114a8 
[libmetasec_ml.so] 0x70fbd63acc!0x116acc bl #0x70fbd64e54; 
[libmetasec_ml.so] 0x70fbd64e54!0x117e54 lsl w8, w0, #1; w8=0x1 w0=0xa985f -> w8=0x1530be 
[libmetasec_ml.so] 0x70fbd64e58!0x117e58 eor w0, w8, w0, asr #31; w0=0xa985f w8=0x1530be w0=0xa985f -> w0=0x1530be 
[libmetasec_ml.so] 0x70fbd64e5c!0x117e5c b #0x70fbd64eb8; 
[libmetasec_ml.so] 0x70fbd64eb8!0x117eb8 cmp w0, #0x80; w0=0x1530be -> w0=0x1530be 
[libmetasec_ml.so] 0x70fbd64ebc!0x117ebc b.lo #0x70fbd64f0c; 
[libmetasec_ml.so] 0x70fbd64ec0!0x117ec0 orr w8, w0, #0x80; w8=0x1530be w0=0x1530be -> w8=0x1530be 
[libmetasec_ml.so] 0x70fbd64ec4!0x117ec4 cmp w0, #4, lsl #12; w0=0x1530be -> w0=0x1530be 
[libmetasec_ml.so] 0x70fbd64ec8!0x117ec8 strb w8, [x1]; w8=0x1530be x1=0x73674114a8 mem_w=0x73674114a8 
[libmetasec_ml.so] 0x70fbd64ecc!0x117ecc lsr w8, w0, #7; w8=0x1530be w0=0x1530be -> w8=0x2a61 
[libmetasec_ml.so] 0x70fbd64ed0!0x117ed0 b.lo #0x70fbd64f14; 
[libmetasec_ml.so] 0x70fbd64ed4!0x117ed4 orr w8, w8, #0x80; w8=0x2a61 w8=0x2a61 -> w8=0x2ae1 
[libmetasec_ml.so] 0x70fbd64ed8!0x117ed8 cmp w0, #0x200, lsl #12; w0=0x1530be -> w0=0x1530be 
[libmetasec_ml.so] 0x70fbd64edc!0x117edc strb w8, [x1, #1]; w8=0x2ae1 x1=0x73674114a8 mem_w=0x73674114a9 
[libmetasec_ml.so] 0x70fbd64ee0!0x117ee0 lsr w8, w0, #0xe; w8=0x2ae1 w0=0x1530be -> w8=0x54 
[libmetasec_ml.so] 0x70fbd64ee4!0x117ee4 b.lo #0x70fbd64f1c; 
[libmetasec_ml.so] 0x70fbd64f1c!0x117f1c mov w9, #2; w9=0xfbe425d4 -> w9=0x2 
[libmetasec_ml.so] 0x70fbd64f20!0x117f20 b #0x70fbd64f28; 
[libmetasec_ml.so] 0x70fbd64f28!0x117f28 mov w0, w8; w0=0x1530be w8=0x54 -> w0=0x54 
[libmetasec_ml.so] 0x70fbd64f2c!0x117f2c add w8, w9, #1; w8=0x54 w9=0x2 -> w8=0x3 
[libmetasec_ml.so] 0x70fbd64f30!0x117f30 strb w0, [x1, w9, uxtw]; w0=0x54 x1=0x73674114a8 w9=0x2 mem_w=0x73674114aa 
[libmetasec_ml.so] 0x70fbd64f34!0x117f34 mov x0, x8; x0=0x54 x8=0x3 -> x0=0x3 
[libmetasec_ml.so] 0x70fbd64f38!0x117f38 ret ; 
[libmetasec_ml.so] 0x70fbd63ad0!0x116ad0 b #0x70fbd63af0; 
[libmetasec_ml.so] 0x70fbd63af0!0x116af0 add x0, x0, x19; x0=0x3 x0=0x3 x19=0x1 -> x0=0x4 
[libmetasec_ml.so] 0x70fbd63af4!0x116af4 b #0x70fbd63bfc; 
[libmetasec_ml.so] 0x70fbd63bfc!0x116bfc ldp x29, x30, [sp, #0x30]; fp=0x70d87c2ba0 lr=0x70fbd63ad0 sp=0x70d87c2b70 mem_r=0x70d87c2ba0 -> fp=0x70d87c2c20 lr=0x70fbd63754 
[libmetasec_ml.so] 0x70fbd63c00!0x116c00 ldp x20, x19, [sp, #0x20]; x20=0x73674114a7 x19=0x1 sp=0x70d87c2b70 mem_r=0x70d87c2b90 -> x20=0x72a7410c48 x19=0x48 
[libmetasec_ml.so] 0x70fbd63c04!0x116c04 ldp x22, x21, [sp, #0x10]; x22=0x72a7410c68 x21=0x72a7410c68 sp=0x70d87c2b70 mem_r=0x70d87c2b80 -> x22=0x72a7410c68 x21=0x6 
[libmetasec_ml.so] 0x70fbd63c08!0x116c08 ldr x23, [sp], #0x40; x23=0x2a45 sp=0x70d87c2b70 mem_r=0x70d87c2b70 -> x23=0x2a45 
[libmetasec_ml.so] 0x70fbd63c0c!0x116c0c ret ; 
[libmetasec_ml.so] 0x70fbd63754!0x116754 mov x25, x0; x25=0x4 x0=0x4 -> x25=0x4 
[libmetasec_ml.so] 0x70fbd63758!0x116758 b #0x70fbd63940; 
[libmetasec_ml.so] 0x70fbd63940!0x116940 add x21, x25, x21; x21=0x6 x25=0x4 x21=0x6 -> x21=0xa 
[libmetasec_ml.so] 0x70fbd63944!0x116944 add x28, x28, #1; x28=0x2 x28=0x2 -> x28=0x3 
[libmetasec_ml.so] 0x70fbd63948!0x116948 b #0x70fbd635f0; 
[libmetasec_ml.so] 0x70fbd635f0!0x1165f0 ldr x8, [x20]; x8=0x3 x20=0x72a7410c48 mem_r=0x72a7410c48 -> x8=0x70fbebedd8 
[libmetasec_ml.so] 0x70fbd635f4!0x1165f4 ldr w9, [x8, #0x30]; w9=0x2 x8=0x70fbebedd8 mem_r=0x70fbebee08 -> w9=0x5 
[libmetasec_ml.so] 0x70fbd635f8!0x1165f8 cmp x28, x9; x28=0x3 x9=0x5 -> x28=0x3 
[libmetasec_ml.so] 0x70fbd635fc!0x1165fc b.hs #0x70fbd6397c; 
[libmetasec_ml.so] 0x70fbd63600!0x116600 ldr x8, [x8, #0x38]; x8=0x70fbebedd8 x8=0x70fbebedd8 mem_r=0x70fbebee10 -> x8=0x70fbec06c8 
[libmetasec_ml.so] 0x70fbd63604!0x116604 nop ; 
[libmetasec_ml.so] 0x70fbd63608!0x116608 madd x24, x28, x19, x8; x24=0x70fbec0758 x28=0x3 x19=0x48 x8=0x70fbec06c8 -> x24=0x70fbec07a0 
[libmetasec_ml.so] 0x70fbd6360c!0x11660c ldr w9, [x24, #0x18]; w9=0x5 x24=0x70fbec07a0 mem_r=0x70fbec07b8 -> w9=0x24 
[libmetasec_ml.so] 0x70fbd63610!0x116610 ldr w11, [x24, #0xc]; w11=0x1b x24=0x70fbec07a0 mem_r=0x70fbec07ac -> w11=0x3 
[libmetasec_ml.so] 0x70fbd63614!0x116614 add x22, x20, x9; x22=0x72a7410c68 x20=0x72a7410c48 x9=0x24 -> x22=0x72a7410c6c 
[libmetasec_ml.so] 0x70fbd63618!0x116618 cbz w11, #0x70fbd63744; w11=0x3 
[libmetasec_ml.so] 0x70fbd6361c!0x11661c ldr w9, [x24, #0x14]; w9=0x24 x24=0x70fbec07a0 mem_r=0x70fbec07b4 -> w9=0x0 
[libmetasec_ml.so] 0x70fbd63620!0x116620 cmp w11, #1; w11=0x3 -> w11=0x3 
[libmetasec_ml.so] 0x70fbd63624!0x116624 madd x10, x28, x19, x8; x10=0x70fbd63ac4 x28=0x3 x19=0x48 x8=0x70fbec06c8 -> x10=0x70fbec07a0 
[libmetasec_ml.so] 0x70fbd63628!0x116628 ccmp w11, #3, #4, ne; w11=0x3 
[libmetasec_ml.so] 0x70fbd6362c!0x11662c b.ne #0x70fbd63668; 
[libmetasec_ml.so] 0x70fbd63630!0x116630 ldr w10, [x10, #0x30]; w10=0xfbec07a0 x10=0x70fbec07a0 mem_r=0x70fbec07d0 -> w10=0x0 
[libmetasec_ml.so] 0x70fbd63634!0x116634 tbnz w10, #2, #0x70fbd636a0; w10=0x0 
[libmetasec_ml.so] 0x70fbd63638!0x116638 cmp w11, #3; w11=0x3 -> w11=0x3 
[libmetasec_ml.so] 0x70fbd6363c!0x11663c b.eq #0x70fbd6372c; 
[libmetasec_ml.so] 0x70fbd6372c!0x11672c mov x0, x24; x0=0x4 x24=0x70fbec07a0 -> x0=0x70fbec07a0 
[libmetasec_ml.so] 0x70fbd63730!0x116730 mov x1, x22; x1=0x73674114a8 x22=0x72a7410c6c -> x1=0x72a7410c6c 
[libmetasec_ml.so] 0x70fbd63734!0x116734 bl #0x70fbd64dc8; 
[libmetasec_ml.so] 0x70fbd64dc8!0x117dc8 ldr w8, [x0, #0x10]; w8=0xfbec06c8 x0=0x70fbec07a0 mem_r=0x70fbec07b0 -> w8=0x1 
[libmetasec_ml.so] 0x70fbd64dcc!0x117dcc cmp w8, #0x10; w8=0x1 -> w8=0x1 
[libmetasec_ml.so] 0x70fbd64dd0!0x117dd0 b.hi #0x70fbd64e30; 
[libmetasec_ml.so] 0x70fbd64dd4!0x117dd4 adrp x9, #0x70fbe42000; x9=0x0 -> x9=0x70fbe42000 
[libmetasec_ml.so] 0x70fbd64dd8!0x117dd8 add x9, x9, #0x623; x9=0x70fbe42000 x9=0x70fbe42000 -> x9=0x70fbe42623 
[libmetasec_ml.so] 0x70fbd64ddc!0x117ddc adr x10, #0x70fbd64dec; x10=0x0 -> x10=0x70fbd64dec 
[libmetasec_ml.so] 0x70fbd64de0!0x117de0 ldrb w11, [x9, x8]; w11=0x3 x9=0x70fbe42623 x8=0x1 mem_r=0x70fbe42624 -> w11=0x0 
[libmetasec_ml.so] 0x70fbd64de4!0x117de4 add x10, x10, x11, lsl #2; x10=0x70fbd64dec x10=0x70fbd64dec x11=0x0 -> x10=0x70fbd64dec 
[libmetasec_ml.so] 0x70fbd64de8!0x117de8 br x10; x10=0x70fbd64dec 
[libmetasec_ml.so] 0x70fbd64dec!0x117dec ldr w8, [x1]; w8=0x1 x1=0x72a7410c6c mem_r=0x72a7410c6c -> w8=0x0 
[libmetasec_ml.so] 0x70fbd64df0!0x117df0 cmp w8, #0; w8=0x0 -> w8=0x0 
[libmetasec_ml.so] 0x70fbd64df4!0x117df4 b #0x70fbd64e00; 
[libmetasec_ml.so] 0x70fbd64e00!0x117e00 cset w0, eq; w0=0xfbec07a0 -> w0=0x1 
[libmetasec_ml.so] 0x70fbd64e04!0x117e04 ret ; 
[libmetasec_ml.so] 0x70fbd63738!0x116738 cbz w0, #0x70fbd63744; w0=0x1 
[libmetasec_ml.so] 0x70fbd6373c!0x11673c mov x25, xzr; x25=0x4 -> x25=0x0 
[libmetasec_ml.so] 0x70fbd63740!0x116740 b #0x70fbd63940; 
[libmetasec_ml.so] 0x70fbd63940!0x116940 add x21, x25, x21; x21=0xa x25=0x0 x21=0xa -> x21=0xa 
[libmetasec_ml.so] 0x70fbd63944!0x116944 add x28, x28, #1; x28=0x3 x28=0x3 -> x28=0x4 
[libmetasec_ml.so] 0x70fbd63948!0x116948 b #0x70fbd635f0; 
[libmetasec_ml.so] 0x70fbd635f0!0x1165f0 ldr x8, [x20]; x8=0x0 x20=0x72a7410c48 mem_r=0x72a7410c48 -> x8=0x70fbebedd8 
[libmetasec_ml.so] 0x70fbd635f4!0x1165f4 ldr w9, [x8, #0x30]; w9=0xfbe42623 x8=0x70fbebedd8 mem_r=0x70fbebee08 -> w9=0x5 
[libmetasec_ml.so] 0x70fbd635f8!0x1165f8 cmp x28, x9; x28=0x4 x9=0x5 -> x28=0x4 
[libmetasec_ml.so] 0x70fbd635fc!0x1165fc b.hs #0x70fbd6397c; 
[libmetasec_ml.so] 0x70fbd63600!0x116600 ldr x8, [x8, #0x38]; x8=0x70fbebedd8 x8=0x70fbebedd8 mem_r=0x70fbebee10 -> x8=0x70fbec06c8 
[libmetasec_ml.so] 0x70fbd63604!0x116604 nop ; 
[libmetasec_ml.so] 0x70fbd63608!0x116608 madd x24, x28, x19, x8; x24=0x70fbec07a0 x28=0x4 x19=0x48 x8=0x70fbec06c8 -> x24=0x70fbec07e8 
[libmetasec_ml.so] 0x70fbd6360c!0x11660c ldr w9, [x24, #0x18]; w9=0x5 x24=0x70fbec07e8 mem_r=0x70fbec0800 -> w9=0x28 
[libmetasec_ml.so] 0x70fbd63610!0x116610 ldr w11, [x24, #0xc]; w11=0x0 x24=0x70fbec07e8 mem_r=0x70fbec07f4 -> w11=0x3 
[libmetasec_ml.so] 0x70fbd63614!0x116614 add x22, x20, x9; x22=0x72a7410c6c x20=0x72a7410c48 x9=0x28 -> x22=0x72a7410c70 
[libmetasec_ml.so] 0x70fbd63618!0x116618 cbz w11, #0x70fbd63744; w11=0x3 
[libmetasec_ml.so] 0x70fbd6361c!0x11661c ldr w9, [x24, #0x14]; w9=0x28 x24=0x70fbec07e8 mem_r=0x70fbec07fc -> w9=0x0 
[libmetasec_ml.so] 0x70fbd63620!0x116620 cmp w11, #1; w11=0x3 -> w11=0x3 
[libmetasec_ml.so] 0x70fbd63624!0x116624 madd x10, x28, x19, x8; x10=0x70fbd64dec x28=0x4 x19=0x48 x8=0x70fbec06c8 -> x10=0x70fbec07e8 
[libmetasec_ml.so] 0x70fbd63628!0x116628 ccmp w11, #3, #4, ne; w11=0x3 
[libmetasec_ml.so] 0x70fbd6362c!0x11662c b.ne #0x70fbd63668; 
[libmetasec_ml.so] 0x70fbd63630!0x116630 ldr w10, [x10, #0x30]; w10=0xfbec07e8 x10=0x70fbec07e8 mem_r=0x70fbec0818 -> w10=0x0 
[libmetasec_ml.so] 0x70fbd63634!0x116634 tbnz w10, #2, #0x70fbd636a0; w10=0x0 
[libmetasec_ml.so] 0x70fbd63638!0x116638 cmp w11, #3; w11=0x3 -> w11=0x3 
[libmetasec_ml.so] 0x70fbd6363c!0x11663c b.eq #0x70fbd6372c; 
[libmetasec_ml.so] 0x70fbd6372c!0x11672c mov x0, x24; x0=0x1 x24=0x70fbec07e8 -> x0=0x70fbec07e8 
[libmetasec_ml.so] 0x70fbd63730!0x116730 mov x1, x22; x1=0x72a7410c6c x22=0x72a7410c70 -> x1=0x72a7410c70 
[libmetasec_ml.so] 0x70fbd63734!0x116734 bl #0x70fbd64dc8; 
[libmetasec_ml.so] 0x70fbd64dc8!0x117dc8 ldr w8, [x0, #0x10]; w8=0xfbec06c8 x0=0x70fbec07e8 mem_r=0x70fbec07f8 -> w8=0x1 
[libmetasec_ml.so] 0x70fbd64dcc!0x117dcc cmp w8, #0x10; w8=0x1 -> w8=0x1 
[libmetasec_ml.so] 0x70fbd64dd0!0x117dd0 b.hi #0x70fbd64e30; 
[libmetasec_ml.so] 0x70fbd64dd4!0x117dd4 adrp x9, #0x70fbe42000; x9=0x0 -> x9=0x70fbe42000 
[libmetasec_ml.so] 0x70fbd64dd8!0x117dd8 add x9, x9, #0x623; x9=0x70fbe42000 x9=0x70fbe42000 -> x9=0x70fbe42623 
[libmetasec_ml.so] 0x70fbd64ddc!0x117ddc adr x10, #0x70fbd64dec; x10=0x0 -> x10=0x70fbd64dec 
[libmetasec_ml.so] 0x70fbd64de0!0x117de0 ldrb w11, [x9, x8]; w11=0x3 x9=0x70fbe42623 x8=0x1 mem_r=0x70fbe42624 -> w11=0x0 
[libmetasec_ml.so] 0x70fbd64de4!0x117de4 add x10, x10, x11, lsl #2; x10=0x70fbd64dec x10=0x70fbd64dec x11=0x0 -> x10=0x70fbd64dec 
[libmetasec_ml.so] 0x70fbd64de8!0x117de8 br x10; x10=0x70fbd64dec 
[libmetasec_ml.so] 0x70fbd64dec!0x117dec ldr w8, [x1]; w8=0x1 x1=0x72a7410c70 mem_r=0x72a7410c70 -> w8=0xa985f 
[libmetasec_ml.so] 0x70fbd64df0!0x117df0 cmp w8, #0; w8=0xa985f -> w8=0xa985f 
[libmetasec_ml.so] 0x70fbd64df4!0x117df4 b #0x70fbd64e00; 
[libmetasec_ml.so] 0x70fbd64e00!0x117e00 cset w0, eq; w0=0xfbec07e8 -> w0=0x0 
[libmetasec_ml.so] 0x70fbd64e04!0x117e04 ret ; 
[libmetasec_ml.so] 0x70fbd63738!0x116738 cbz w0, #0x70fbd63744; w0=0x0 
[libmetasec_ml.so] 0x70fbd63744!0x116744 add x2, x27, x21; x2=0x73674114a7 x27=0x73674114a1 x21=0xa -> x2=0x73674114ab 
[libmetasec_ml.so] 0x70fbd63748!0x116748 mov x0, x24; x0=0x0 x24=0x70fbec07e8 -> x0=0x70fbec07e8 
[libmetasec_ml.so] 0x70fbd6374c!0x11674c mov x1, x22; x1=0x72a7410c70 x22=0x72a7410c70 -> x1=0x72a7410c70 
[libmetasec_ml.so] 0x70fbd63750!0x116750 bl #0x70fbd63a04; 
[libmetasec_ml.so] 0x70fbd63a04!0x116a04 str x23, [sp, #-0x40]!; x23=0x2a45 sp=0x70d87c2bb0 mem_w=0x70d87c2b70 -> sp=0x70d87c2b70 
[libmetasec_ml.so] 0x70fbd63a08!0x116a08 stp x22, x21, [sp, #0x10]; x22=0x72a7410c70 x21=0xa sp=0x70d87c2b70 mem_w=0x70d87c2b80 
[libmetasec_ml.so] 0x70fbd63a0c!0x116a0c stp x20, x19, [sp, #0x20]; x20=0x72a7410c48 x19=0x48 sp=0x70d87c2b70 mem_w=0x70d87c2b90 
[libmetasec_ml.so] 0x70fbd63a10!0x116a10 stp x29, x30, [sp, #0x30]; fp=0x70d87c2c20 lr=0x70fbd63754 sp=0x70d87c2b70 mem_w=0x70d87c2ba0 
[libmetasec_ml.so] 0x70fbd63a14!0x116a14 add x29, sp, #0x30; fp=0x70d87c2c20 sp=0x70d87c2b70 -> fp=0x70d87c2ba0 
[libmetasec_ml.so] 0x70fbd63a18!0x116a18 mov x19, x0; x19=0x48 x0=0x70fbec07e8 -> x19=0x70fbec07e8 
[libmetasec_ml.so] 0x70fbd63a1c!0x116a1c ldr w0, [x0, #8]; w0=0xfbec07e8 x0=0x70fbec07e8 mem_r=0x70fbec07f0 -> w0=0x5 
[libmetasec_ml.so] 0x70fbd63a20!0x116a20 mov x21, x1; x21=0xa x1=0x72a7410c70 -> x21=0x72a7410c70 
[libmetasec_ml.so] 0x70fbd63a24!0x116a24 mov x1, x2; x1=0x72a7410c70 x2=0x73674114ab -> x1=0x73674114ab 
[libmetasec_ml.so] 0x70fbd63a28!0x116a28 mov x20, x2; x20=0x72a7410c48 x2=0x73674114ab -> x20=0x73674114ab 
[libmetasec_ml.so] 0x70fbd63a2c!0x116a2c bl #0x70fbd64e38; 
[libmetasec_ml.so] 0x70fbd64e38!0x117e38 lsr w8, w0, #0x1d; w8=0xa985f w0=0x5 -> w8=0x0 
[libmetasec_ml.so] 0x70fbd64e3c!0x117e3c cbnz w8, #0x70fbd64e48; w8=0x0 
[libmetasec_ml.so] 0x70fbd64e40!0x117e40 lsl w0, w0, #3; w0=0x5 w0=0x5 -> w0=0x28 
[libmetasec_ml.so] 0x70fbd64e44!0x117e44 b #0x70fbd64eb8; 
[libmetasec_ml.so] 0x70fbd64eb8!0x117eb8 cmp w0, #0x80; w0=0x28 -> w0=0x28 
[libmetasec_ml.so] 0x70fbd64ebc!0x117ebc b.lo #0x70fbd64f0c; 
[libmetasec_ml.so] 0x70fbd64f0c!0x117f0c mov w9, wzr; w9=0xfbe42623 -> w9=0x0 
[libmetasec_ml.so] 0x70fbd64f10!0x117f10 b #0x70fbd64f2c; 
[libmetasec_ml.so] 0x70fbd64f2c!0x117f2c add w8, w9, #1; w8=0x0 w9=0x0 -> w8=0x1 
[libmetasec_ml.so] 0x70fbd64f30!0x117f30 strb w0, [x1, w9, uxtw]; w0=0x28 x1=0x73674114ab w9=0x0 mem_w=0x73674114ab 
[libmetasec_ml.so] 0x70fbd64f34!0x117f34 mov x0, x8; x0=0x28 x8=0x1 -> x0=0x1 
[libmetasec_ml.so] 0x70fbd64f38!0x117f38 ret ; 
[libmetasec_ml.so] 0x70fbd63a30!0x116a30 ldr w8, [x19, #0x10]; w8=0x1 x19=0x70fbec07e8 mem_r=0x70fbec07f8 -> w8=0x1 
[libmetasec_ml.so] 0x70fbd63a34!0x116a34 cmp w8, #0x10; w8=0x1 -> w8=0x1 
[libmetasec_ml.so] 0x70fbd63a38!0x116a38 b.hi #0x70fbd63abc; 
[libmetasec_ml.so] 0x70fbd63a3c!0x116a3c adrp x9, #0x70fbe42000; x9=0x0 -> x9=0x70fbe42000 
[libmetasec_ml.so] 0x70fbd63a40!0x116a40 add x9, x9, #0x5d4; x9=0x70fbe42000 x9=0x70fbe42000 -> x9=0x70fbe425d4 
[libmetasec_ml.so] 0x70fbd63a44!0x116a44 adr x10, #0x70fbd63a58; x10=0x70fbd64dec -> x10=0x70fbd63a58 
[libmetasec_ml.so] 0x70fbd63a48!0x116a48 ldrb w11, [x9, x8]; w11=0x0 x9=0x70fbe425d4 x8=0x1 mem_r=0x70fbe425d5 -> w11=0x1b 
[libmetasec_ml.so] 0x70fbd63a4c!0x116a4c add x10, x10, x11, lsl #2; x10=0x70fbd63a58 x10=0x70fbd63a58 x11=0x1b -> x10=0x70fbd63ac4 
[libmetasec_ml.so] 0x70fbd63a50!0x116a50 mov x19, x0; x19=0x70fbec07e8 x0=0x1 -> x19=0x1 
[libmetasec_ml.so] 0x70fbd63a54!0x116a54 br x10; x10=0x70fbd63ac4 
[libmetasec_ml.so] 0x70fbd63ac4!0x116ac4 ldr w0, [x21]; w0=0x1 x21=0x72a7410c70 mem_r=0x72a7410c70 -> w0=0xa985f 
[libmetasec_ml.so] 0x70fbd63ac8!0x116ac8 add x1, x20, x19; x1=0x73674114ab x20=0x73674114ab x19=0x1 -> x1=0x73674114ac 
[libmetasec_ml.so] 0x70fbd63acc!0x116acc bl #0x70fbd64e54; 
[libmetasec_ml.so] 0x70fbd64e54!0x117e54 lsl w8, w0, #1; w8=0x1 w0=0xa985f -> w8=0x1530be 
[libmetasec_ml.so] 0x70fbd64e58!0x117e58 eor w0, w8, w0, asr #31; w0=0xa985f w8=0x1530be w0=0xa985f -> w0=0x1530be 
[libmetasec_ml.so] 0x70fbd64e5c!0x117e5c b #0x70fbd64eb8; 
[libmetasec_ml.so] 0x70fbd64eb8!0x117eb8 cmp w0, #0x80; w0=0x1530be -> w0=0x1530be 
[libmetasec_ml.so] 0x70fbd64ebc!0x117ebc b.lo #0x70fbd64f0c; 
[libmetasec_ml.so] 0x70fbd64ec0!0x117ec0 orr w8, w0, #0x80; w8=0x1530be w0=0x1530be -> w8=0x1530be 
[libmetasec_ml.so] 0x70fbd64ec4!0x117ec4 cmp w0, #4, lsl #12; w0=0x1530be -> w0=0x1530be 
[libmetasec_ml.so] 0x70fbd64ec8!0x117ec8 strb w8, [x1]; w8=0x1530be x1=0x73674114ac mem_w=0x73674114ac 
[libmetasec_ml.so] 0x70fbd64ecc!0x117ecc lsr w8, w0, #7; w8=0x1530be w0=0x1530be -> w8=0x2a61 
[libmetasec_ml.so] 0x70fbd64ed0!0x117ed0 b.lo #0x70fbd64f14; 
[libmetasec_ml.so] 0x70fbd64ed4!0x117ed4 orr w8, w8, #0x80; w8=0x2a61 w8=0x2a61 -> w8=0x2ae1 
[libmetasec_ml.so] 0x70fbd64ed8!0x117ed8 cmp w0, #0x200, lsl #12; w0=0x1530be -> w0=0x1530be 
[libmetasec_ml.so] 0x70fbd64edc!0x117edc strb w8, [x1, #1]; w8=0x2ae1 x1=0x73674114ac mem_w=0x73674114ad 
[libmetasec_ml.so] 0x70fbd64ee0!0x117ee0 lsr w8, w0, #0xe; w8=0x2ae1 w0=0x1530be -> w8=0x54 
[libmetasec_ml.so] 0x70fbd64ee4!0x117ee4 b.lo #0x70fbd64f1c; 
[libmetasec_ml.so] 0x70fbd64f1c!0x117f1c mov w9, #2; w9=0xfbe425d4 -> w9=0x2 
[libmetasec_ml.so] 0x70fbd64f20!0x117f20 b #0x70fbd64f28; 
[libmetasec_ml.so] 0x70fbd64f28!0x117f28 mov w0, w8; w0=0x1530be w8=0x54 -> w0=0x54 
[libmetasec_ml.so] 0x70fbd64f2c!0x117f2c add w8, w9, #1; w8=0x54 w9=0x2 -> w8=0x3 
[libmetasec_ml.so] 0x70fbd64f30!0x117f30 strb w0, [x1, w9, uxtw]; w0=0x54 x1=0x73674114ac w9=0x2 mem_w=0x73674114ae 
[libmetasec_ml.so] 0x70fbd64f34!0x117f34 mov x0, x8; x0=0x54 x8=0x3 -> x0=0x3 
[libmetasec_ml.so] 0x70fbd64f38!0x117f38 ret ; 
[libmetasec_ml.so] 0x70fbd63ad0!0x116ad0 b #0x70fbd63af0; 
[libmetasec_ml.so] 0x70fbd63af0!0x116af0 add x0, x0, x19; x0=0x3 x0=0x3 x19=0x1 -> x0=0x4 
[libmetasec_ml.so] 0x70fbd63af4!0x116af4 b #0x70fbd63bfc; 
[libmetasec_ml.so] 0x70fbd63bfc!0x116bfc ldp x29, x30, [sp, #0x30]; fp=0x70d87c2ba0 lr=0x70fbd63ad0 sp=0x70d87c2b70 mem_r=0x70d87c2ba0 -> fp=0x70d87c2c20 lr=0x70fbd63754 
[libmetasec_ml.so] 0x70fbd63c00!0x116c00 ldp x20, x19, [sp, #0x20]; x20=0x73674114ab x19=0x1 sp=0x70d87c2b70 mem_r=0x70d87c2b90 -> x20=0x72a7410c48 x19=0x48 
[libmetasec_ml.so] 0x70fbd63c04!0x116c04 ldp x22, x21, [sp, #0x10]; x22=0x72a7410c70 x21=0x72a7410c70 sp=0x70d87c2b70 mem_r=0x70d87c2b80 -> x22=0x72a7410c70 x21=0xa 
[libmetasec_ml.so] 0x70fbd63c08!0x116c08 ldr x23, [sp], #0x40; x23=0x2a45 sp=0x70d87c2b70 mem_r=0x70d87c2b70 -> x23=0x2a45 
[libmetasec_ml.so] 0x70fbd63c0c!0x116c0c ret ; 
[libmetasec_ml.so] 0x70fbd63754!0x116754 mov x25, x0; x25=0x0 x0=0x4 -> x25=0x4 
[libmetasec_ml.so] 0x70fbd63758!0x116758 b #0x70fbd63940; 
[libmetasec_ml.so] 0x70fbd63940!0x116940 add x21, x25, x21; x21=0xa x25=0x4 x21=0xa -> x21=0xe 
[libmetasec_ml.so] 0x70fbd63944!0x116944 add x28, x28, #1; x28=0x4 x28=0x4 -> x28=0x5 
[libmetasec_ml.so] 0x70fbd63948!0x116948 b #0x70fbd635f0; 
[libmetasec_ml.so] 0x70fbd635f0!0x1165f0 ldr x8, [x20]; x8=0x3 x20=0x72a7410c48 mem_r=0x72a7410c48 -> x8=0x70fbebedd8 
[libmetasec_ml.so] 0x70fbd635f4!0x1165f4 ldr w9, [x8, #0x30]; w9=0x2 x8=0x70fbebedd8 mem_r=0x70fbebee08 -> w9=0x5 
[libmetasec_ml.so] 0x70fbd635f8!0x1165f8 cmp x28, x9; x28=0x5 x9=0x5 -> x28=0x5 
[libmetasec_ml.so] 0x70fbd635fc!0x1165fc b.hs #0x70fbd6397c; 
[libmetasec_ml.so] 0x70fbd6397c!0x11697c mov x24, xzr; x24=0x70fbec07e8 -> x24=0x0 
[libmetasec_ml.so] 0x70fbd63980!0x116980 mov x25, xzr; x25=0x4 -> x25=0x0 
[libmetasec_ml.so] 0x70fbd63984!0x116984 ldr w8, [x20, #8]; w8=0xfbebedd8 x20=0x72a7410c48 mem_r=0x72a7410c50 -> w8=0x0 
[libmetasec_ml.so] 0x70fbd63988!0x116988 cmp x25, x8; x25=0x0 x8=0x0 -> x25=0x0 
[libmetasec_ml.so] 0x70fbd6398c!0x11698c b.hs #0x70fbd639e0; 
[libmetasec_ml.so] 0x70fbd639e0!0x1169e0 mov x0, x21; x0=0x4 x21=0xe -> x0=0xe 
[libmetasec_ml.so] 0x70fbd639e4!0x1169e4 ldp x29, x30, [sp, #0x70]; fp=0x70d87c2c20 lr=0x70fbd63754 sp=0x70d87c2bb0 mem_r=0x70d87c2c20 -> fp=0x70d87c2dc0 lr=0x70fbf160f0 
[libmetasec_ml.so] 0x70fbd639e8!0x1169e8 ldp x20, x19, [sp, #0x60]; x20=0x72a7410c48 x19=0x48 sp=0x70d87c2bb0 mem_r=0x70d87c2c10 -> x20=0x73674114a0 x19=0x1 
[libmetasec_ml.so] 0x70fbd639ec!0x1169ec ldp x22, x21, [sp, #0x50]; x22=0x72a7410c70 x21=0xe sp=0x70d87c2bb0 mem_r=0x70d87c2c00 -> x22=0x73674114a1 x21=0x72a7410de8 
[libmetasec_ml.so] 0x70fbd639f0!0x1169f0 ldp x24, x23, [sp, #0x40]; x24=0x0 x23=0x2a45 sp=0x70d87c2bb0 mem_r=0x70d87c2bf0 -> x24=0x70fbec1568 x23=0x2a45 
[libmetasec_ml.so] 0x70fbd639f4!0x1169f4 ldp x26, x25, [sp, #0x30]; x26=0x70fbda533c x25=0x0 sp=0x70d87c2bb0 mem_r=0x70d87c2be0 -> x26=0x70fbda533c x25=0x8 
[libmetasec_ml.so] 0x70fbd639f8!0x1169f8 ldp x28, x27, [sp, #0x20]; x28=0x5 x27=0x73674114a1 sp=0x70d87c2bb0 mem_r=0x70d87c2bd0 -> x28=0xe x27=0x7367411410 
[libmetasec_ml.so] 0x70fbd639fc!0x1169fc add sp, sp, #0x80; sp=0x70d87c2bb0 sp=0x70d87c2bb0 -> sp=0x70d87c2c30 
[libmetasec_ml.so] 0x70fbd63a00!0x116a00 ret ; 
[libmetasec_ml.so] 0x70fbd63bbc!0x116bbc mov x21, x0; x21=0x72a7410de8 x0=0xe -> x21=0xe 
[libmetasec_ml.so] 0x70fbd63bc0!0x116bc0 bl #0x70fbd64d1c; 
[libmetasec_ml.so] 0x70fbd64d1c!0x117d1c cmp w0, #0x80; w0=0xe -> w0=0xe 
[libmetasec_ml.so] 0x70fbd64d20!0x117d20 b.hs #0x70fbd64d2c; 
[libmetasec_ml.so] 0x70fbd64d24!0x117d24 mov w0, #1; w0=0xe -> w0=0x1 
[libmetasec_ml.so] 0x70fbd64d28!0x117d28 ret ; 
[libmetasec_ml.so] 0x70fbd63bc4!0x116bc4 cmp w0, #1; w0=0x1 -> w0=0x1 
[libmetasec_ml.so] 0x70fbd63bc8!0x116bc8 b.eq #0x70fbd63bdc; 
[libmetasec_ml.so] 0x70fbd63bdc!0x116bdc mov w0, w21; w0=0x1 w21=0xe -> w0=0xe 
[libmetasec_ml.so] 0x70fbd63be0!0x116be0 mov x1, x20; x1=0x81 x20=0x73674114a0 -> x1=0x73674114a0 
[libmetasec_ml.so] 0x70fbd63be4!0x116be4 bl #0x70fbd64eb8; 
[libmetasec_ml.so] 0x70fbd64eb8!0x117eb8 cmp w0, #0x80; w0=0xe -> w0=0xe 
[libmetasec_ml.so] 0x70fbd64ebc!0x117ebc b.lo #0x70fbd64f0c; 
[libmetasec_ml.so] 0x70fbd64f0c!0x117f0c mov w9, wzr; w9=0x0 -> w9=0x0 
[libmetasec_ml.so] 0x70fbd64f10!0x117f10 b #0x70fbd64f2c; 
[libmetasec_ml.so] 0x70fbd64f2c!0x117f2c add w8, w9, #1; w8=0x1 w9=0x0 -> w8=0x1 
[libmetasec_ml.so] 0x70fbd64f30!0x117f30 strb w0, [x1, w9, uxtw]; w0=0xe x1=0x73674114a0 w9=0x0 mem_w=0x73674114a0 
[libmetasec_ml.so] 0x70fbd64f34!0x117f34 mov x0, x8; x0=0xe x8=0x1 -> x0=0x1 
[libmetasec_ml.so] 0x70fbd64f38!0x117f38 ret ; 
[libmetasec_ml.so] 0x70fbd63be8!0x116be8 add x8, x0, x21; x8=0x1 x0=0x1 x21=0xe -> x8=0xf 
[libmetasec_ml.so] 0x70fbd63bec!0x116bec b #0x70fbd63bf8; 
[libmetasec_ml.so] 0x70fbd63bf8!0x116bf8 add x0, x8, x19; x0=0x1 x8=0xf x19=0x1 -> x0=0x10 
[libmetasec_ml.so] 0x70fbd63bfc!0x116bfc ldp x29, x30, [sp, #0x30]; fp=0x70d87c2dc0 lr=0x70fbd63be8 sp=0x70d87c2d90 mem_r=0x70d87c2dc0 -> fp=0x70d87c2e40 lr=0x70fbd63754 
[libmetasec_ml.so] 0x70fbd63c00!0x116c00 ldp x20, x19, [sp, #0x20]; x20=0x73674114a0 x19=0x1 sp=0x70d87c2d90 mem_r=0x70d87c2db0 -> x20=0x72a7410d48 x19=0x48 
[libmetasec_ml.so] 0x70fbd63c04!0x116c04 ldp x22, x21, [sp, #0x10]; x22=0x73674114a1 x21=0xe sp=0x70d87c2d90 mem_r=0x70d87c2da0 -> x22=0x72a7410de8 x21=0x8f 
[libmetasec_ml.so] 0x70fbd63c08!0x116c08 ldr x23, [sp], #0x40; x23=0x2a45 sp=0x70d87c2d90 mem_r=0x70d87c2d90 -> x23=0x2a45 
[libmetasec_ml.so] 0x70fbd63c0c!0x116c0c ret ; 
[libmetasec_ml.so] 0x70fbd63754!0x116754 mov x25, x0; x25=0x8 x0=0x10 -> x25=0x10 
[libmetasec_ml.so] 0x70fbd63758!0x116758 b #0x70fbd63940; 
[libmetasec_ml.so] 0x70fbd63940!0x116940 add x21, x25, x21; x21=0x8f x25=0x10 x21=0x8f -> x21=0x9f 
[libmetasec_ml.so] 0x70fbd63944!0x116944 add x28, x28, #1; x28=0xe x28=0xe -> x28=0xf 
[libmetasec_ml.so] 0x70fbd63948!0x116948 b #0x70fbd635f0; 
[libmetasec_ml.so] 0x70fbd635f0!0x1165f0 ldr x8, [x20]; x8=0xf x20=0x72a7410d48 mem_r=0x72a7410d48 -> x8=0x70fbebf080 
[libmetasec_ml.so] 0x70fbd635f4!0x1165f4 ldr w9, [x8, #0x30]; w9=0x0 x8=0x70fbebf080 mem_r=0x70fbebf0b0 -> w9=0x18 
[libmetasec_ml.so] 0x70fbd635f8!0x1165f8 cmp x28, x9; x28=0xf x9=0x18 -> x28=0xf 
[libmetasec_ml.so] 0x70fbd635fc!0x1165fc b.hs #0x70fbd6397c; 
[libmetasec_ml.so] 0x70fbd63600!0x116600 ldr x8, [x8, #0x38]; x8=0x70fbebf080 x8=0x70fbebf080 mem_r=0x70fbebf0b8 -> x8=0x70fbec1178 
[libmetasec_ml.so] 0x70fbd63604!0x116604 nop ; 
[libmetasec_ml.so] 0x70fbd63608!0x116608 madd x24, x28, x19, x8; x24=0x70fbec1568 x28=0xf x19=0x48 x8=0x70fbec1178 -> x24=0x70fbec15b0 
[libmetasec_ml.so] 0x70fbd6360c!0x11660c ldr w9, [x24, #0x18]; w9=0x18 x24=0x70fbec15b0 mem_r=0x70fbec15c8 -> w9=0xa8 
[libmetasec_ml.so] 0x70fbd63610!0x116610 ldr w11, [x24, #0xc]; w11=0x372ba608 x24=0x70fbec15b0 mem_r=0x70fbec15bc -> w11=0x3 
[libmetasec_ml.so] 0x70fbd63614!0x116614 add x22, x20, x9; x22=0x72a7410de8 x20=0x72a7410d48 x9=0xa8 -> x22=0x72a7410df0 
[libmetasec_ml.so] 0x70fbd63618!0x116618 cbz w11, #0x70fbd63744; w11=0x3 
[libmetasec_ml.so] 0x70fbd6361c!0x11661c ldr w9, [x24, #0x14]; w9=0xa8 x24=0x70fbec15b0 mem_r=0x70fbec15c4 -> w9=0x0 
[libmetasec_ml.so] 0x70fbd63620!0x116620 cmp w11, #1; w11=0x3 -> w11=0x3 
[libmetasec_ml.so] 0x70fbd63624!0x116624 madd x10, x28, x19, x8; x10=0x2e x28=0xf x19=0x48 x8=0x70fbec1178 -> x10=0x70fbec15b0 
[libmetasec_ml.so] 0x70fbd63628!0x116628 ccmp w11, #3, #4, ne; w11=0x3 
[libmetasec_ml.so] 0x70fbd6362c!0x11662c b.ne #0x70fbd63668; 
[libmetasec_ml.so] 0x70fbd63630!0x116630 ldr w10, [x10, #0x30]; w10=0xfbec15b0 x10=0x70fbec15b0 mem_r=0x70fbec15e0 -> w10=0x0 
[libmetasec_ml.so] 0x70fbd63634!0x116634 tbnz w10, #2, #0x70fbd636a0; w10=0x0 
[libmetasec_ml.so] 0x70fbd63638!0x116638 cmp w11, #3; w11=0x3 -> w11=0x3 
[libmetasec_ml.so] 0x70fbd6363c!0x11663c b.eq #0x70fbd6372c; 
[libmetasec_ml.so] 0x70fbd6372c!0x11672c mov x0, x24; x0=0x10 x24=0x70fbec15b0 -> x0=0x70fbec15b0 
[libmetasec_ml.so] 0x70fbd63730!0x116730 mov x1, x22; x1=0x73674114a0 x22=0x72a7410df0 -> x1=0x72a7410df0 
[libmetasec_ml.so] 0x70fbd63734!0x116734 bl #0x70fbd64dc8; 
[libmetasec_ml.so] 0x70fbd64dc8!0x117dc8 ldr w8, [x0, #0x10]; w8=0xfbec1178 x0=0x70fbec15b0 mem_r=0x70fbec15c0 -> w8=0xe 
[libmetasec_ml.so] 0x70fbd64dcc!0x117dcc cmp w8, #0x10; w8=0xe -> w8=0xe 
[libmetasec_ml.so] 0x70fbd64dd0!0x117dd0 b.hi #0x70fbd64e30; 
[libmetasec_ml.so] 0x70fbd64dd4!0x117dd4 adrp x9, #0x70fbe42000; x9=0x0 -> x9=0x70fbe42000 
[libmetasec_ml.so] 0x70fbd64dd8!0x117dd8 add x9, x9, #0x623; x9=0x70fbe42000 x9=0x70fbe42000 -> x9=0x70fbe42623 
[libmetasec_ml.so] 0x70fbd64ddc!0x117ddc adr x10, #0x70fbd64dec; x10=0x0 -> x10=0x70fbd64dec 
[libmetasec_ml.so] 0x70fbd64de0!0x117de0 ldrb w11, [x9, x8]; w11=0x3 x9=0x70fbe42623 x8=0xe mem_r=0x70fbe42631 -> w11=0xd 
[libmetasec_ml.so] 0x70fbd64de4!0x117de4 add x10, x10, x11, lsl #2; x10=0x70fbd64dec x10=0x70fbd64dec x11=0xd -> x10=0x70fbd64e20 
[libmetasec_ml.so] 0x70fbd64de8!0x117de8 br x10; x10=0x70fbd64e20 
[libmetasec_ml.so] 0x70fbd64e20!0x117e20 ldr x8, [x1]; x8=0xe x1=0x72a7410df0 mem_r=0x72a7410df0 -> x8=0x73974899f0 
[libmetasec_ml.so] 0x70fbd64e24!0x117e24 cbz x8, #0x70fbd64e30; x8=0x73974899f0 
[libmetasec_ml.so] 0x70fbd64e28!0x117e28 ldrb w8, [x8]; w8=0x974899f0 x8=0x73974899f0 mem_r=0x73974899f0 -> w8=0x41 
[libmetasec_ml.so] 0x70fbd64e2c!0x117e2c b #0x70fbd64df0; 
[libmetasec_ml.so] 0x70fbd64df0!0x117df0 cmp w8, #0; w8=0x41 -> w8=0x41 
[libmetasec_ml.so] 0x70fbd64df4!0x117df4 b #0x70fbd64e00; 
[libmetasec_ml.so] 0x70fbd64e00!0x117e00 cset w0, eq; w0=0xfbec15b0 -> w0=0x0 
[libmetasec_ml.so] 0x70fbd64e04!0x117e04 ret ; 
[libmetasec_ml.so] 0x70fbd63738!0x116738 cbz w0, #0x70fbd63744; w0=0x0 
[libmetasec_ml.so] 0x70fbd63744!0x116744 add x2, x27, x21; x2=0x7fffffff x27=0x7367411410 x21=0x9f -> x2=0x73674114af 
[libmetasec_ml.so] 0x70fbd63748!0x116748 mov x0, x24; x0=0x0 x24=0x70fbec15b0 -> x0=0x70fbec15b0 
[libmetasec_ml.so] 0x70fbd6374c!0x11674c mov x1, x22; x1=0x72a7410df0 x22=0x72a7410df0 -> x1=0x72a7410df0 
[libmetasec_ml.so] 0x70fbd63750!0x116750 bl #0x70fbd63a04; 
[libmetasec_ml.so] 0x70fbd63a04!0x116a04 str x23, [sp, #-0x40]!; x23=0x2a45 sp=0x70d87c2dd0 mem_w=0x70d87c2d90 -> sp=0x70d87c2d90 
[libmetasec_ml.so] 0x70fbd63a08!0x116a08 stp x22, x21, [sp, #0x10]; x22=0x72a7410df0 x21=0x9f sp=0x70d87c2d90 mem_w=0x70d87c2da0 
[libmetasec_ml.so] 0x70fbd63a0c!0x116a0c stp x20, x19, [sp, #0x20]; x20=0x72a7410d48 x19=0x48 sp=0x70d87c2d90 mem_w=0x70d87c2db0 
[libmetasec_ml.so] 0x70fbd63a10!0x116a10 stp x29, x30, [sp, #0x30]; fp=0x70d87c2e40 lr=0x70fbd63754 sp=0x70d87c2d90 mem_w=0x70d87c2dc0 
[libmetasec_ml.so] 0x70fbd63a14!0x116a14 add x29, sp, #0x30; fp=0x70d87c2e40 sp=0x70d87c2d90 -> fp=0x70d87c2dc0 
[libmetasec_ml.so] 0x70fbd63a18!0x116a18 mov x19, x0; x19=0x48 x0=0x70fbec15b0 -> x19=0x70fbec15b0 
[libmetasec_ml.so] 0x70fbd63a1c!0x116a1c ldr w0, [x0, #8]; w0=0xfbec15b0 x0=0x70fbec15b0 mem_r=0x70fbec15b8 -> w0=0x10 
[libmetasec_ml.so] 0x70fbd63a20!0x116a20 mov x21, x1; x21=0x9f x1=0x72a7410df0 -> x21=0x72a7410df0 
[libmetasec_ml.so] 0x70fbd63a24!0x116a24 mov x1, x2; x1=0x72a7410df0 x2=0x73674114af -> x1=0x73674114af 
[libmetasec_ml.so] 0x70fbd63a28!0x116a28 mov x20, x2; x20=0x72a7410d48 x2=0x73674114af -> x20=0x73674114af 
[libmetasec_ml.so] 0x70fbd63a2c!0x116a2c bl #0x70fbd64e38; 
[libmetasec_ml.so] 0x70fbd64e38!0x117e38 lsr w8, w0, #0x1d; w8=0x41 w0=0x10 -> w8=0x0 
[libmetasec_ml.so] 0x70fbd64e3c!0x117e3c cbnz w8, #0x70fbd64e48; w8=0x0 
[libmetasec_ml.so] 0x70fbd64e40!0x117e40 lsl w0, w0, #3; w0=0x10 w0=0x10 -> w0=0x80 
[libmetasec_ml.so] 0x70fbd64e44!0x117e44 b #0x70fbd64eb8; 
[libmetasec_ml.so] 0x70fbd64eb8!0x117eb8 cmp w0, #0x80; w0=0x80 -> w0=0x80 
[libmetasec_ml.so] 0x70fbd64ebc!0x117ebc b.lo #0x70fbd64f0c; 
[libmetasec_ml.so] 0x70fbd64ec0!0x117ec0 orr w8, w0, #0x80; w8=0x0 w0=0x80 -> w8=0x80 
[libmetasec_ml.so] 0x70fbd64ec4!0x117ec4 cmp w0, #4, lsl #12; w0=0x80 -> w0=0x80 
[libmetasec_ml.so] 0x70fbd64ec8!0x117ec8 strb w8, [x1]; w8=0x80 x1=0x73674114af mem_w=0x73674114af 
[libmetasec_ml.so] 0x70fbd64ecc!0x117ecc lsr w8, w0, #7; w8=0x80 w0=0x80 -> w8=0x1 
[libmetasec_ml.so] 0x70fbd64ed0!0x117ed0 b.lo #0x70fbd64f14; 
[libmetasec_ml.so] 0x70fbd64f14!0x117f14 mov w9, #1; w9=0xfbe42623 -> w9=0x1 
[libmetasec_ml.so] 0x70fbd64f18!0x117f18 b #0x70fbd64f28; 
[libmetasec_ml.so] 0x70fbd64f28!0x117f28 mov w0, w8; w0=0x80 w8=0x1 -> w0=0x1 
[libmetasec_ml.so] 0x70fbd64f2c!0x117f2c add w8, w9, #1; w8=0x1 w9=0x1 -> w8=0x2 
[libmetasec_ml.so] 0x70fbd64f30!0x117f30 strb w0, [x1, w9, uxtw]; w0=0x1 x1=0x73674114af w9=0x1 mem_w=0x73674114b0 
[libmetasec_ml.so] 0x70fbd64f34!0x117f34 mov x0, x8; x0=0x1 x8=0x2 -> x0=0x2 
[libmetasec_ml.so] 0x70fbd64f38!0x117f38 ret ; 
[libmetasec_ml.so] 0x70fbd63a30!0x116a30 ldr w8, [x19, #0x10]; w8=0x2 x19=0x70fbec15b0 mem_r=0x70fbec15c0 -> w8=0xe 
[libmetasec_ml.so] 0x70fbd63a34!0x116a34 cmp w8, #0x10; w8=0xe -> w8=0xe 
[libmetasec_ml.so] 0x70fbd63a38!0x116a38 b.hi #0x70fbd63abc; 
[libmetasec_ml.so] 0x70fbd63a3c!0x116a3c adrp x9, #0x70fbe42000; x9=0x1 -> x9=0x70fbe42000 
[libmetasec_ml.so] 0x70fbd63a40!0x116a40 add x9, x9, #0x5d4; x9=0x70fbe42000 x9=0x70fbe42000 -> x9=0x70fbe425d4 
[libmetasec_ml.so] 0x70fbd63a44!0x116a44 adr x10, #0x70fbd63a58; x10=0x70fbd64e20 -> x10=0x70fbd63a58 
[libmetasec_ml.so] 0x70fbd63a48!0x116a48 ldrb w11, [x9, x8]; w11=0xd x9=0x70fbe425d4 x8=0xe mem_r=0x70fbe425e2 -> w11=0x2e 
[libmetasec_ml.so] 0x70fbd63a4c!0x116a4c add x10, x10, x11, lsl #2; x10=0x70fbd63a58 x10=0x70fbd63a58 x11=0x2e -> x10=0x70fbd63b10 
[libmetasec_ml.so] 0x70fbd63a50!0x116a50 mov x19, x0; x19=0x70fbec15b0 x0=0x2 -> x19=0x2 
[libmetasec_ml.so] 0x70fbd63a54!0x116a54 br x10; x10=0x70fbd63b10 
[libmetasec_ml.so] 0x70fbd63b10!0x116b10 ldrb w8, [x20]; w8=0xe x20=0x73674114af mem_r=0x73674114af -> w8=0x80 
[libmetasec_ml.so] 0x70fbd63b14!0x116b14 orr w8, w8, #2; w8=0x80 w8=0x80 -> w8=0x82 
[libmetasec_ml.so] 0x70fbd63b18!0x116b18 strb w8, [x20]; w8=0x82 x20=0x73674114af mem_w=0x73674114af 
[libmetasec_ml.so] 0x70fbd63b1c!0x116b1c ldr x21, [x21]; x21=0x72a7410df0 x21=0x72a7410df0 mem_r=0x72a7410df0 -> x21=0x73974899f0 
[libmetasec_ml.so] 0x70fbd63b20!0x116b20 add x20, x20, x19; x20=0x73674114af x20=0x73674114af x19=0x2 -> x20=0x73674114b1 
[libmetasec_ml.so] 0x70fbd63b24!0x116b24 cbz x21, #0x70fbd63bf0; x21=0x73974899f0 
[libmetasec_ml.so] 0x70fbd63b28!0x116b28 mov x0, x21; x0=0x2 x21=0x73974899f0 -> x0=0x73974899f0 
[libmetasec_ml.so] 0x70fbd63b2c!0x116b2c bl #0x70fbc80b40; 
[libmetasec_ml.so] 0x70fbc80b40!0x33b40 adrp x16, #0x70fbec9000; x16=0x726ab76fd8 -> x16=0x70fbec9000 
[libmetasec_ml.so] 0x70fbc80b44!0x33b44 ldr x17, [x16, #0xa28]; x17=0x60000000 x16=0x70fbec9000 mem_r=0x70fbec9a28 -> x17=0x75402dab00 
[libmetasec_ml.so] 0x70fbc80b48!0x33b48 add x16, x16, #0xa28; x16=0x70fbec9000 x16=0x70fbec9000 -> x16=0x70fbec9a28 
[libmetasec_ml.so] 0x70fbc80b4c!0x33b4c br x17; x17=0x75402dab00 
call func: __strlen_aarch64(0x73974899f0)
args0: ANmaSxC375eFzynlNd2oEiJ_g
ret: 0x19
[libmetasec_ml.so] 0x70fbd63b30!0x116b30 mov x1, x20; x1=0x73674114af x20=0x73674114b1 -> x1=0x73674114b1 
[libmetasec_ml.so] 0x70fbd63b34!0x116b34 mov x22, x0; x22=0x72a7410df0 x0=0x19 -> x22=0x19 
[libmetasec_ml.so] 0x70fbd63b38!0x116b38 bl #0x70fbd64eb8; 
[libmetasec_ml.so] 0x70fbd64eb8!0x117eb8 cmp w0, #0x80; w0=0x19 -> w0=0x19 
[libmetasec_ml.so] 0x70fbd64ebc!0x117ebc b.lo #0x70fbd64f0c; 
[libmetasec_ml.so] 0x70fbd64f0c!0x117f0c mov w9, wzr; w9=0xfbe425d4 -> w9=0x0 
[libmetasec_ml.so] 0x70fbd64f10!0x117f10 b #0x70fbd64f2c; 
[libmetasec_ml.so] 0x70fbd64f2c!0x117f2c add w8, w9, #1; w8=0x1010101 w9=0x0 -> w8=0x1 
[libmetasec_ml.so] 0x70fbd64f30!0x117f30 strb w0, [x1, w9, uxtw]; w0=0x19 x1=0x73674114b1 w9=0x0 mem_w=0x73674114b1 
[libmetasec_ml.so] 0x70fbd64f34!0x117f34 mov x0, x8; x0=0x19 x8=0x1 -> x0=0x1 
[libmetasec_ml.so] 0x70fbd64f38!0x117f38 ret ; 
[libmetasec_ml.so] 0x70fbd63b3c!0x116b3c mov x23, x0; x23=0x2a45 x0=0x1 -> x23=0x1 
[libmetasec_ml.so] 0x70fbd63b40!0x116b40 add x0, x20, x0; x0=0x1 x20=0x73674114b1 x0=0x1 -> x0=0x73674114b2 
[libmetasec_ml.so] 0x70fbd63b44!0x116b44 mov x1, x21; x1=0x73674114b1 x21=0x73974899f0 -> x1=0x73974899f0 
[libmetasec_ml.so] 0x70fbd63b48!0x116b48 mov x2, x22; x2=0x5f4a69456f32644e x22=0x19 -> x2=0x19 
[libmetasec_ml.so] 0x70fbd63b4c!0x116b4c bl #0x70fbc80a20; 
[libmetasec_ml.so] 0x70fbc80a20!0x33a20 adrp x16, #0x70fbec9000; x16=0x70fbec9a28 -> x16=0x70fbec9000 
[libmetasec_ml.so] 0x70fbc80a24!0x33a24 ldr x17, [x16, #0x998]; x17=0x75402dab00 x16=0x70fbec9000 mem_r=0x70fbec9998 -> x17=0x75402d9c80 
[libmetasec_ml.so] 0x70fbc80a28!0x33a28 add x16, x16, #0x998; x16=0x70fbec9000 x16=0x70fbec9000 -> x16=0x70fbec9998 
[libmetasec_ml.so] 0x70fbc80a2c!0x33a2c br x17; x17=0x75402d9c80 
call func: __memcpy_aarch64_simd(0x73674114b2, 0x73974899f0, 0x19)
hexdump at address 0x73974899f0 with length 0x19:
73974899f0: 41 4e 6d 61 53 78 43 33 37 35 65 46 7a 79 6e 6c |ANmaSxC375eFzynl|
7397489a00: 4e 64 32 6f 45 69 4a 5f 67                      |Nd2oEiJ_g       |
ret: 0x73674114b2
[libmetasec_ml.so] 0x70fbd63b50!0x116b50 add x8, x23, x22; x8=0x1 x23=0x1 x22=0x19 -> x8=0x1a 
[libmetasec_ml.so] 0x70fbd63b54!0x116b54 b #0x70fbd63bf8; 
[libmetasec_ml.so] 0x70fbd63bf8!0x116bf8 add x0, x8, x19; x0=0x73674114b2 x8=0x1a x19=0x2 -> x0=0x1c 
[libmetasec_ml.so] 0x70fbd63bfc!0x116bfc ldp x29, x30, [sp, #0x30]; fp=0x70d87c2dc0 lr=0x70fbd63b50 sp=0x70d87c2d90 mem_r=0x70d87c2dc0 -> fp=0x70d87c2e40 lr=0x70fbd63754 
[libmetasec_ml.so] 0x70fbd63c00!0x116c00 ldp x20, x19, [sp, #0x20]; x20=0x73674114b1 x19=0x2 sp=0x70d87c2d90 mem_r=0x70d87c2db0 -> x20=0x72a7410d48 x19=0x48 
[libmetasec_ml.so] 0x70fbd63c04!0x116c04 ldp x22, x21, [sp, #0x10]; x22=0x19 x21=0x73974899f0 sp=0x70d87c2d90 mem_r=0x70d87c2da0 -> x22=0x72a7410df0 x21=0x9f 
[libmetasec_ml.so] 0x70fbd63c08!0x116c08 ldr x23, [sp], #0x40; x23=0x1 sp=0x70d87c2d90 mem_r=0x70d87c2d90 -> x23=0x2a45 
[libmetasec_ml.so] 0x70fbd63c0c!0x116c0c ret ; 
[libmetasec_ml.so] 0x70fbd63754!0x116754 mov x25, x0; x25=0x10 x0=0x1c -> x25=0x1c 
[libmetasec_ml.so] 0x70fbd63758!0x116758 b #0x70fbd63940; 
[libmetasec_ml.so] 0x70fbd63940!0x116940 add x21, x25, x21; x21=0x9f x25=0x1c x21=0x9f -> x21=0xbb 
[libmetasec_ml.so] 0x70fbd63944!0x116944 add x28, x28, #1; x28=0xf x28=0xf -> x28=0x10 
[libmetasec_ml.so] 0x70fbd63948!0x116948 b #0x70fbd635f0; 
[libmetasec_ml.so] 0x70fbd635f0!0x1165f0 ldr x8, [x20]; x8=0x1a x20=0x72a7410d48 mem_r=0x72a7410d48 -> x8=0x70fbebf080 
[libmetasec_ml.so] 0x70fbd635f4!0x1165f4 ldr w9, [x8, #0x30]; w9=0x0 x8=0x70fbebf080 mem_r=0x70fbebf0b0 -> w9=0x18 
[libmetasec_ml.so] 0x70fbd635f8!0x1165f8 cmp x28, x9; x28=0x10 x9=0x18 -> x28=0x10 
[libmetasec_ml.so] 0x70fbd635fc!0x1165fc b.hs #0x70fbd6397c; 
[libmetasec_ml.so] 0x70fbd63600!0x116600 ldr x8, [x8, #0x38]; x8=0x70fbebf080 x8=0x70fbebf080 mem_r=0x70fbebf0b8 -> x8=0x70fbec1178 
[libmetasec_ml.so] 0x70fbd63604!0x116604 nop ; 
[libmetasec_ml.so] 0x70fbd63608!0x116608 madd x24, x28, x19, x8; x24=0x70fbec15b0 x28=0x10 x19=0x48 x8=0x70fbec1178 -> x24=0x70fbec15f8 
[libmetasec_ml.so] 0x70fbd6360c!0x11660c ldr w9, [x24, #0x18]; w9=0x18 x24=0x70fbec15f8 mem_r=0x70fbec1610 -> w9=0xb0 
[libmetasec_ml.so] 0x70fbd63610!0x116610 ldr w11, [x24, #0xc]; w11=0x2e x24=0x70fbec15f8 mem_r=0x70fbec1604 -> w11=0x3 
[libmetasec_ml.so] 0x70fbd63614!0x116614 add x22, x20, x9; x22=0x72a7410df0 x20=0x72a7410d48 x9=0xb0 -> x22=0x72a7410df8 
[libmetasec_ml.so] 0x70fbd63618!0x116618 cbz w11, #0x70fbd63744; w11=0x3 
[libmetasec_ml.so] 0x70fbd6361c!0x11661c ldr w9, [x24, #0x14]; w9=0xb0 x24=0x70fbec15f8 mem_r=0x70fbec160c -> w9=0x0 
[libmetasec_ml.so] 0x70fbd63620!0x116620 cmp w11, #1; w11=0x3 -> w11=0x3 
[libmetasec_ml.so] 0x70fbd63624!0x116624 madd x10, x28, x19, x8; x10=0x70fbd63b10 x28=0x10 x19=0x48 x8=0x70fbec1178 -> x10=0x70fbec15f8 
[libmetasec_ml.so] 0x70fbd63628!0x116628 ccmp w11, #3, #4, ne; w11=0x3 
[libmetasec_ml.so] 0x70fbd6362c!0x11662c b.ne #0x70fbd63668; 
[libmetasec_ml.so] 0x70fbd63630!0x116630 ldr w10, [x10, #0x30]; w10=0xfbec15f8 x10=0x70fbec15f8 mem_r=0x70fbec1628 -> w10=0x0 
[libmetasec_ml.so] 0x70fbd63634!0x116634 tbnz w10, #2, #0x70fbd636a0; w10=0x0 
[libmetasec_ml.so] 0x70fbd63638!0x116638 cmp w11, #3; w11=0x3 -> w11=0x3 
[libmetasec_ml.so] 0x70fbd6363c!0x11663c b.eq #0x70fbd6372c; 
[libmetasec_ml.so] 0x70fbd6372c!0x11672c mov x0, x24; x0=0x1c x24=0x70fbec15f8 -> x0=0x70fbec15f8 
[libmetasec_ml.so] 0x70fbd63730!0x116730 mov x1, x22; x1=0x73974899f0 x22=0x72a7410df8 -> x1=0x72a7410df8 
[libmetasec_ml.so] 0x70fbd63734!0x116734 bl #0x70fbd64dc8; 
[libmetasec_ml.so] 0x70fbd64dc8!0x117dc8 ldr w8, [x0, #0x10]; w8=0xfbec1178 x0=0x70fbec15f8 mem_r=0x70fbec1608 -> w8=0x1 
[libmetasec_ml.so] 0x70fbd64dcc!0x117dcc cmp w8, #0x10; w8=0x1 -> w8=0x1 
[libmetasec_ml.so] 0x70fbd64dd0!0x117dd0 b.hi #0x70fbd64e30; 
[libmetasec_ml.so] 0x70fbd64dd4!0x117dd4 adrp x9, #0x70fbe42000; x9=0x0 -> x9=0x70fbe42000 
[libmetasec_ml.so] 0x70fbd64dd8!0x117dd8 add x9, x9, #0x623; x9=0x70fbe42000 x9=0x70fbe42000 -> x9=0x70fbe42623 
[libmetasec_ml.so] 0x70fbd64ddc!0x117ddc adr x10, #0x70fbd64dec; x10=0x0 -> x10=0x70fbd64dec 
[libmetasec_ml.so] 0x70fbd64de0!0x117de0 ldrb w11, [x9, x8]; w11=0x3 x9=0x70fbe42623 x8=0x1 mem_r=0x70fbe42624 -> w11=0x0 
[libmetasec_ml.so] 0x70fbd64de4!0x117de4 add x10, x10, x11, lsl #2; x10=0x70fbd64dec x10=0x70fbd64dec x11=0x0 -> x10=0x70fbd64dec 
[libmetasec_ml.so] 0x70fbd64de8!0x117de8 br x10; x10=0x70fbd64dec 
[libmetasec_ml.so] 0x70fbd64dec!0x117dec ldr w8, [x1]; w8=0x1 x1=0x72a7410df8 mem_r=0x72a7410df8 -> w8=0x6a923905 
[libmetasec_ml.so] 0x70fbd64df0!0x117df0 cmp w8, #0; w8=0x6a923905 -> w8=0x6a923905 
[libmetasec_ml.so] 0x70fbd64df4!0x117df4 b #0x70fbd64e00; 
[libmetasec_ml.so] 0x70fbd64e00!0x117e00 cset w0, eq; w0=0xfbec15f8 -> w0=0x0 
[libmetasec_ml.so] 0x70fbd64e04!0x117e04 ret ; 
[libmetasec_ml.so] 0x70fbd63738!0x116738 cbz w0, #0x70fbd63744; w0=0x0 
[libmetasec_ml.so] 0x70fbd63744!0x116744 add x2, x27, x21; x2=0x19 x27=0x7367411410 x21=0xbb -> x2=0x73674114cb 
[libmetasec_ml.so] 0x70fbd63748!0x116748 mov x0, x24; x0=0x0 x24=0x70fbec15f8 -> x0=0x70fbec15f8 
[libmetasec_ml.so] 0x70fbd6374c!0x11674c mov x1, x22; x1=0x72a7410df8 x22=0x72a7410df8 -> x1=0x72a7410df8 
[libmetasec_ml.so] 0x70fbd63750!0x116750 bl #0x70fbd63a04; 
[libmetasec_ml.so] 0x70fbd63a04!0x116a04 str x23, [sp, #-0x40]!; x23=0x2a45 sp=0x70d87c2dd0 mem_w=0x70d87c2d90 -> sp=0x70d87c2d90 
[libmetasec_ml.so] 0x70fbd63a08!0x116a08 stp x22, x21, [sp, #0x10]; x22=0x72a7410df8 x21=0xbb sp=0x70d87c2d90 mem_w=0x70d87c2da0 
[libmetasec_ml.so] 0x70fbd63a0c!0x116a0c stp x20, x19, [sp, #0x20]; x20=0x72a7410d48 x19=0x48 sp=0x70d87c2d90 mem_w=0x70d87c2db0 
[libmetasec_ml.so] 0x70fbd63a10!0x116a10 stp x29, x30, [sp, #0x30]; fp=0x70d87c2e40 lr=0x70fbd63754 sp=0x70d87c2d90 mem_w=0x70d87c2dc0 
[libmetasec_ml.so] 0x70fbd63a14!0x116a14 add x29, sp, #0x30; fp=0x70d87c2e40 sp=0x70d87c2d90 -> fp=0x70d87c2dc0 
[libmetasec_ml.so] 0x70fbd63a18!0x116a18 mov x19, x0; x19=0x48 x0=0x70fbec15f8 -> x19=0x70fbec15f8 
[libmetasec_ml.so] 0x70fbd63a1c!0x116a1c ldr w0, [x0, #8]; w0=0xfbec15f8 x0=0x70fbec15f8 mem_r=0x70fbec1600 -> w0=0x11 
[libmetasec_ml.so] 0x70fbd63a20!0x116a20 mov x21, x1; x21=0xbb x1=0x72a7410df8 -> x21=0x72a7410df8 
[libmetasec_ml.so] 0x70fbd63a24!0x116a24 mov x1, x2; x1=0x72a7410df8 x2=0x73674114cb -> x1=0x73674114cb 
[libmetasec_ml.so] 0x70fbd63a28!0x116a28 mov x20, x2; x20=0x72a7410d48 x2=0x73674114cb -> x20=0x73674114cb 
[libmetasec_ml.so] 0x70fbd63a2c!0x116a2c bl #0x70fbd64e38; 
[libmetasec_ml.so] 0x70fbd64e38!0x117e38 lsr w8, w0, #0x1d; w8=0x6a923905 w0=0x11 -> w8=0x0 
[libmetasec_ml.so] 0x70fbd64e3c!0x117e3c cbnz w8, #0x70fbd64e48; w8=0x0 
[libmetasec_ml.so] 0x70fbd64e40!0x117e40 lsl w0, w0, #3; w0=0x11 w0=0x11 -> w0=0x88 
[libmetasec_ml.so] 0x70fbd64e44!0x117e44 b #0x70fbd64eb8; 
[libmetasec_ml.so] 0x70fbd64eb8!0x117eb8 cmp w0, #0x80; w0=0x88 -> w0=0x88 
[libmetasec_ml.so] 0x70fbd64ebc!0x117ebc b.lo #0x70fbd64f0c; 
[libmetasec_ml.so] 0x70fbd64ec0!0x117ec0 orr w8, w0, #0x80; w8=0x0 w0=0x88 -> w8=0x88 
[libmetasec_ml.so] 0x70fbd64ec4!0x117ec4 cmp w0, #4, lsl #12; w0=0x88 -> w0=0x88 
[libmetasec_ml.so] 0x70fbd64ec8!0x117ec8 strb w8, [x1]; w8=0x88 x1=0x73674114cb mem_w=0x73674114cb 
[libmetasec_ml.so] 0x70fbd64ecc!0x117ecc lsr w8, w0, #7; w8=0x88 w0=0x88 -> w8=0x1 
[libmetasec_ml.so] 0x70fbd64ed0!0x117ed0 b.lo #0x70fbd64f14; 
[libmetasec_ml.so] 0x70fbd64f14!0x117f14 mov w9, #1; w9=0xfbe42623 -> w9=0x1 
[libmetasec_ml.so] 0x70fbd64f18!0x117f18 b #0x70fbd64f28; 
[libmetasec_ml.so] 0x70fbd64f28!0x117f28 mov w0, w8; w0=0x88 w8=0x1 -> w0=0x1 
[libmetasec_ml.so] 0x70fbd64f2c!0x117f2c add w8, w9, #1; w8=0x1 w9=0x1 -> w8=0x2 
[libmetasec_ml.so] 0x70fbd64f30!0x117f30 strb w0, [x1, w9, uxtw]; w0=0x1 x1=0x73674114cb w9=0x1 mem_w=0x73674114cc 
[libmetasec_ml.so] 0x70fbd64f34!0x117f34 mov x0, x8; x0=0x1 x8=0x2 -> x0=0x2 
[libmetasec_ml.so] 0x70fbd64f38!0x117f38 ret ; 
[libmetasec_ml.so] 0x70fbd63a30!0x116a30 ldr w8, [x19, #0x10]; w8=0x2 x19=0x70fbec15f8 mem_r=0x70fbec1608 -> w8=0x1 
[libmetasec_ml.so] 0x70fbd63a34!0x116a34 cmp w8, #0x10; w8=0x1 -> w8=0x1 
[libmetasec_ml.so] 0x70fbd63a38!0x116a38 b.hi #0x70fbd63abc; 
[libmetasec_ml.so] 0x70fbd63a3c!0x116a3c adrp x9, #0x70fbe42000; x9=0x1 -> x9=0x70fbe42000 
[libmetasec_ml.so] 0x70fbd63a40!0x116a40 add x9, x9, #0x5d4; x9=0x70fbe42000 x9=0x70fbe42000 -> x9=0x70fbe425d4 
[libmetasec_ml.so] 0x70fbd63a44!0x116a44 adr x10, #0x70fbd63a58; x10=0x70fbd64dec -> x10=0x70fbd63a58 
[libmetasec_ml.so] 0x70fbd63a48!0x116a48 ldrb w11, [x9, x8]; w11=0x0 x9=0x70fbe425d4 x8=0x1 mem_r=0x70fbe425d5 -> w11=0x1b 
[libmetasec_ml.so] 0x70fbd63a4c!0x116a4c add x10, x10, x11, lsl #2; x10=0x70fbd63a58 x10=0x70fbd63a58 x11=0x1b -> x10=0x70fbd63ac4 
[libmetasec_ml.so] 0x70fbd63a50!0x116a50 mov x19, x0; x19=0x70fbec15f8 x0=0x2 -> x19=0x2 
[libmetasec_ml.so] 0x70fbd63a54!0x116a54 br x10; x10=0x70fbd63ac4 
[libmetasec_ml.so] 0x70fbd63ac4!0x116ac4 ldr w0, [x21]; w0=0x2 x21=0x72a7410df8 mem_r=0x72a7410df8 -> w0=0x6a923905 
[libmetasec_ml.so] 0x70fbd63ac8!0x116ac8 add x1, x20, x19; x1=0x73674114cb x20=0x73674114cb x19=0x2 -> x1=0x73674114cd 
[libmetasec_ml.so] 0x70fbd63acc!0x116acc bl #0x70fbd64e54; 
[libmetasec_ml.so] 0x70fbd64e54!0x117e54 lsl w8, w0, #1; w8=0x1 w0=0x6a923905 -> w8=0xd524720a 
[libmetasec_ml.so] 0x70fbd64e58!0x117e58 eor w0, w8, w0, asr #31; w0=0x6a923905 w8=0xd524720a w0=0x6a923905 -> w0=0xd524720a 
[libmetasec_ml.so] 0x70fbd64e5c!0x117e5c b #0x70fbd64eb8; 
[libmetasec_ml.so] 0x70fbd64eb8!0x117eb8 cmp w0, #0x80; w0=0xd524720a -> w0=0xd524720a 
[libmetasec_ml.so] 0x70fbd64ebc!0x117ebc b.lo #0x70fbd64f0c; 
[libmetasec_ml.so] 0x70fbd64ec0!0x117ec0 orr w8, w0, #0x80; w8=0xd524720a w0=0xd524720a -> w8=0xd524728a 
[libmetasec_ml.so] 0x70fbd64ec4!0x117ec4 cmp w0, #4, lsl #12; w0=0xd524720a -> w0=0xd524720a 
[libmetasec_ml.so] 0x70fbd64ec8!0x117ec8 strb w8, [x1]; w8=0xd524728a x1=0x73674114cd mem_w=0x73674114cd 
[libmetasec_ml.so] 0x70fbd64ecc!0x117ecc lsr w8, w0, #7; w8=0xd524728a w0=0xd524720a -> w8=0x1aa48e4 
[libmetasec_ml.so] 0x70fbd64ed0!0x117ed0 b.lo #0x70fbd64f14; 
[libmetasec_ml.so] 0x70fbd64ed4!0x117ed4 orr w8, w8, #0x80; w8=0x1aa48e4 w8=0x1aa48e4 -> w8=0x1aa48e4 
[libmetasec_ml.so] 0x70fbd64ed8!0x117ed8 cmp w0, #0x200, lsl #12; w0=0xd524720a -> w0=0xd524720a 
[libmetasec_ml.so] 0x70fbd64edc!0x117edc strb w8, [x1, #1]; w8=0x1aa48e4 x1=0x73674114cd mem_w=0x73674114ce 
[libmetasec_ml.so] 0x70fbd64ee0!0x117ee0 lsr w8, w0, #0xe; w8=0x1aa48e4 w0=0xd524720a -> w8=0x35491 
[libmetasec_ml.so] 0x70fbd64ee4!0x117ee4 b.lo #0x70fbd64f1c; 
[libmetasec_ml.so] 0x70fbd64ee8!0x117ee8 orr w9, w8, #0x80; w9=0xfbe425d4 w8=0x35491 -> w9=0x35491 
[libmetasec_ml.so] 0x70fbd64eec!0x117eec lsr w8, w0, #0x15; w8=0x35491 w0=0xd524720a -> w8=0x6a9 
[libmetasec_ml.so] 0x70fbd64ef0!0x117ef0 lsr w0, w0, #0x1c; w0=0xd524720a w0=0xd524720a -> w0=0xd 
[libmetasec_ml.so] 0x70fbd64ef4!0x117ef4 strb w9, [x1, #2]; w9=0x35491 x1=0x73674114cd mem_w=0x73674114cf 
[libmetasec_ml.so] 0x70fbd64ef8!0x117ef8 cbz w0, #0x70fbd64f24; w0=0xd 
[libmetasec_ml.so] 0x70fbd64efc!0x117efc orr w8, w8, #0x80; w8=0x6a9 w8=0x6a9 -> w8=0x6a9 
[libmetasec_ml.so] 0x70fbd64f00!0x117f00 mov w9, #4; w9=0x35491 -> w9=0x4 
[libmetasec_ml.so] 0x70fbd64f04!0x117f04 strb w8, [x1, #3]; w8=0x6a9 x1=0x73674114cd mem_w=0x73674114d0 
[libmetasec_ml.so] 0x70fbd64f08!0x117f08 b #0x70fbd64f2c; 
[libmetasec_ml.so] 0x70fbd64f2c!0x117f2c add w8, w9, #1; w8=0x6a9 w9=0x4 -> w8=0x5 
[libmetasec_ml.so] 0x70fbd64f30!0x117f30 strb w0, [x1, w9, uxtw]; w0=0xd x1=0x73674114cd w9=0x4 mem_w=0x73674114d1 
[libmetasec_ml.so] 0x70fbd64f34!0x117f34 mov x0, x8; x0=0xd x8=0x5 -> x0=0x5 
[libmetasec_ml.so] 0x70fbd64f38!0x117f38 ret ; 
[libmetasec_ml.so] 0x70fbd63ad0!0x116ad0 b #0x70fbd63af0; 
[libmetasec_ml.so] 0x70fbd63af0!0x116af0 add x0, x0, x19; x0=0x5 x0=0x5 x19=0x2 -> x0=0x7 
[libmetasec_ml.so] 0x70fbd63af4!0x116af4 b #0x70fbd63bfc; 
[libmetasec_ml.so] 0x70fbd63bfc!0x116bfc ldp x29, x30, [sp, #0x30]; fp=0x70d87c2dc0 lr=0x70fbd63ad0 sp=0x70d87c2d90 mem_r=0x70d87c2dc0 -> fp=0x70d87c2e40 lr=0x70fbd63754 
[libmetasec_ml.so] 0x70fbd63c00!0x116c00 ldp x20, x19, [sp, #0x20]; x20=0x73674114cb x19=0x2 sp=0x70d87c2d90 mem_r=0x70d87c2db0 -> x20=0x72a7410d48 x19=0x48 
[libmetasec_ml.so] 0x70fbd63c04!0x116c04 ldp x22, x21, [sp, #0x10]; x22=0x72a7410df8 x21=0x72a7410df8 sp=0x70d87c2d90 mem_r=0x70d87c2da0 -> x22=0x72a7410df8 x21=0xbb 
[libmetasec_ml.so] 0x70fbd63c08!0x116c08 ldr x23, [sp], #0x40; x23=0x2a45 sp=0x70d87c2d90 mem_r=0x70d87c2d90 -> x23=0x2a45 
[libmetasec_ml.so] 0x70fbd63c0c!0x116c0c ret ; 
[libmetasec_ml.so] 0x70fbd63754!0x116754 mov x25, x0; x25=0x1c x0=0x7 -> x25=0x7 
[libmetasec_ml.so] 0x70fbd63758!0x116758 b #0x70fbd63940; 
[libmetasec_ml.so] 0x70fbd63940!0x116940 add x21, x25, x21; x21=0xbb x25=0x7 x21=0xbb -> x21=0xc2 
[libmetasec_ml.so] 0x70fbd63944!0x116944 add x28, x28, #1; x28=0x10 x28=0x10 -> x28=0x11 
[libmetasec_ml.so] 0x70fbd63948!0x116948 b #0x70fbd635f0; 
[libmetasec_ml.so] 0x70fbd635f0!0x1165f0 ldr x8, [x20]; x8=0x5 x20=0x72a7410d48 mem_r=0x72a7410d48 -> x8=0x70fbebf080 
[libmetasec_ml.so] 0x70fbd635f4!0x1165f4 ldr w9, [x8, #0x30]; w9=0x4 x8=0x70fbebf080 mem_r=0x70fbebf0b0 -> w9=0x18 
[libmetasec_ml.so] 0x70fbd635f8!0x1165f8 cmp x28, x9; x28=0x11 x9=0x18 -> x28=0x11 
[libmetasec_ml.so] 0x70fbd635fc!0x1165fc b.hs #0x70fbd6397c; 
[libmetasec_ml.so] 0x70fbd63600!0x116600 ldr x8, [x8, #0x38]; x8=0x70fbebf080 x8=0x70fbebf080 mem_r=0x70fbebf0b8 -> x8=0x70fbec1178 
[libmetasec_ml.so] 0x70fbd63604!0x116604 nop ; 
[libmetasec_ml.so] 0x70fbd63608!0x116608 madd x24, x28, x19, x8; x24=0x70fbec15f8 x28=0x11 x19=0x48 x8=0x70fbec1178 -> x24=0x70fbec1640 
[libmetasec_ml.so] 0x70fbd6360c!0x11660c ldr w9, [x24, #0x18]; w9=0x18 x24=0x70fbec1640 mem_r=0x70fbec1658 -> w9=0xb8 
[libmetasec_ml.so] 0x70fbd63610!0x116610 ldr w11, [x24, #0xc]; w11=0x1b x24=0x70fbec1640 mem_r=0x70fbec164c -> w11=0x3 
[libmetasec_ml.so] 0x70fbd63614!0x116614 add x22, x20, x9; x22=0x72a7410df8 x20=0x72a7410d48 x9=0xb8 -> x22=0x72a7410e00 
[libmetasec_ml.so] 0x70fbd63618!0x116618 cbz w11, #0x70fbd63744; w11=0x3 
[libmetasec_ml.so] 0x70fbd6361c!0x11661c ldr w9, [x24, #0x14]; w9=0xb8 x24=0x70fbec1640 mem_r=0x70fbec1654 -> w9=0x0 
[libmetasec_ml.so] 0x70fbd63620!0x116620 cmp w11, #1; w11=0x3 -> w11=0x3 
[libmetasec_ml.so] 0x70fbd63624!0x116624 madd x10, x28, x19, x8; x10=0x70fbd63ac4 x28=0x11 x19=0x48 x8=0x70fbec1178 -> x10=0x70fbec1640 
[libmetasec_ml.so] 0x70fbd63628!0x116628 ccmp w11, #3, #4, ne; w11=0x3 
[libmetasec_ml.so] 0x70fbd6362c!0x11662c b.ne #0x70fbd63668; 
[libmetasec_ml.so] 0x70fbd63630!0x116630 ldr w10, [x10, #0x30]; w10=0xfbec1640 x10=0x70fbec1640 mem_r=0x70fbec1670 -> w10=0x0 
[libmetasec_ml.so] 0x70fbd63634!0x116634 tbnz w10, #2, #0x70fbd636a0; w10=0x0 
[libmetasec_ml.so] 0x70fbd63638!0x116638 cmp w11, #3; w11=0x3 -> w11=0x3 
[libmetasec_ml.so] 0x70fbd6363c!0x11663c b.eq #0x70fbd6372c; 
[libmetasec_ml.so] 0x70fbd6372c!0x11672c mov x0, x24; x0=0x7 x24=0x70fbec1640 -> x0=0x70fbec1640 
[libmetasec_ml.so] 0x70fbd63730!0x116730 mov x1, x22; x1=0x73674114cd x22=0x72a7410e00 -> x1=0x72a7410e00 
[libmetasec_ml.so] 0x70fbd63734!0x116734 bl #0x70fbd64dc8; 
[libmetasec_ml.so] 0x70fbd64dc8!0x117dc8 ldr w8, [x0, #0x10]; w8=0xfbec1178 x0=0x70fbec1640 mem_r=0x70fbec1650 -> w8=0xf 
[libmetasec_ml.so] 0x70fbd64dcc!0x117dcc cmp w8, #0x10; w8=0xf -> w8=0xf 
[libmetasec_ml.so] 0x70fbd64dd0!0x117dd0 b.hi #0x70fbd64e30; 
[libmetasec_ml.so] 0x70fbd64dd4!0x117dd4 adrp x9, #0x70fbe42000; x9=0x0 -> x9=0x70fbe42000 
[libmetasec_ml.so] 0x70fbd64dd8!0x117dd8 add x9, x9, #0x623; x9=0x70fbe42000 x9=0x70fbe42000 -> x9=0x70fbe42623 
[libmetasec_ml.so] 0x70fbd64ddc!0x117ddc adr x10, #0x70fbd64dec; x10=0x0 -> x10=0x70fbd64dec 
[libmetasec_ml.so] 0x70fbd64de0!0x117de0 ldrb w11, [x9, x8]; w11=0x3 x9=0x70fbe42623 x8=0xf mem_r=0x70fbe42632 -> w11=0x3 
[libmetasec_ml.so] 0x70fbd64de4!0x117de4 add x10, x10, x11, lsl #2; x10=0x70fbd64dec x10=0x70fbd64dec x11=0x3 -> x10=0x70fbd64df8 
[libmetasec_ml.so] 0x70fbd64de8!0x117de8 br x10; x10=0x70fbd64df8 
[libmetasec_ml.so] 0x70fbd64df8!0x117df8 ldr x8, [x1]; x8=0xf x1=0x72a7410e00 mem_r=0x72a7410e00 -> x8=0x0 
[libmetasec_ml.so] 0x70fbd64dfc!0x117dfc cmp x8, #0; x8=0x0 -> x8=0x0 
[libmetasec_ml.so] 0x70fbd64e00!0x117e00 cset w0, eq; w0=0xfbec1640 -> w0=0x1 
[libmetasec_ml.so] 0x70fbd64e04!0x117e04 ret ; 
[libmetasec_ml.so] 0x70fbd63738!0x116738 cbz w0, #0x70fbd63744; w0=0x1 
[libmetasec_ml.so] 0x70fbd6373c!0x11673c mov x25, xzr; x25=0x7 -> x25=0x0 
[libmetasec_ml.so] 0x70fbd63740!0x116740 b #0x70fbd63940; 
[libmetasec_ml.so] 0x70fbd63940!0x116940 add x21, x25, x21; x21=0xc2 x25=0x0 x21=0xc2 -> x21=0xc2 
[libmetasec_ml.so] 0x70fbd63944!0x116944 add x28, x28, #1; x28=0x11 x28=0x11 -> x28=0x12 
[libmetasec_ml.so] 0x70fbd63948!0x116948 b #0x70fbd635f0; 
[libmetasec_ml.so] 0x70fbd635f0!0x1165f0 ldr x8, [x20]; x8=0x0 x20=0x72a7410d48 mem_r=0x72a7410d48 -> x8=0x70fbebf080 
[libmetasec_ml.so] 0x70fbd635f4!0x1165f4 ldr w9, [x8, #0x30]; w9=0xfbe42623 x8=0x70fbebf080 mem_r=0x70fbebf0b0 -> w9=0x18 
[libmetasec_ml.so] 0x70fbd635f8!0x1165f8 cmp x28, x9; x28=0x12 x9=0x18 -> x28=0x12 
[libmetasec_ml.so] 0x70fbd635fc!0x1165fc b.hs #0x70fbd6397c; 
[libmetasec_ml.so] 0x70fbd63600!0x116600 ldr x8, [x8, #0x38]; x8=0x70fbebf080 x8=0x70fbebf080 mem_r=0x70fbebf0b8 -> x8=0x70fbec1178 
[libmetasec_ml.so] 0x70fbd63604!0x116604 nop ; 
[libmetasec_ml.so] 0x70fbd63608!0x116608 madd x24, x28, x19, x8; x24=0x70fbec1640 x28=0x12 x19=0x48 x8=0x70fbec1178 -> x24=0x70fbec1688 
[libmetasec_ml.so] 0x70fbd6360c!0x11660c ldr w9, [x24, #0x18]; w9=0x18 x24=0x70fbec1688 mem_r=0x70fbec16a0 -> w9=0xc8 
[libmetasec_ml.so] 0x70fbd63610!0x116610 ldr w11, [x24, #0xc]; w11=0x3 x24=0x70fbec1688 mem_r=0x70fbec1694 -> w11=0x3 
[libmetasec_ml.so] 0x70fbd63614!0x116614 add x22, x20, x9; x22=0x72a7410e00 x20=0x72a7410d48 x9=0xc8 -> x22=0x72a7410e10 
[libmetasec_ml.so] 0x70fbd63618!0x116618 cbz w11, #0x70fbd63744; w11=0x3 
[libmetasec_ml.so] 0x70fbd6361c!0x11661c ldr w9, [x24, #0x14]; w9=0xc8 x24=0x70fbec1688 mem_r=0x70fbec169c -> w9=0x0 
[libmetasec_ml.so] 0x70fbd63620!0x116620 cmp w11, #1; w11=0x3 -> w11=0x3 
[libmetasec_ml.so] 0x70fbd63624!0x116624 madd x10, x28, x19, x8; x10=0x70fbd64df8 x28=0x12 x19=0x48 x8=0x70fbec1178 -> x10=0x70fbec1688 
[libmetasec_ml.so] 0x70fbd63628!0x116628 ccmp w11, #3, #4, ne; w11=0x3 
[libmetasec_ml.so] 0x70fbd6362c!0x11662c b.ne #0x70fbd63668; 
[libmetasec_ml.so] 0x70fbd63630!0x116630 ldr w10, [x10, #0x30]; w10=0xfbec1688 x10=0x70fbec1688 mem_r=0x70fbec16b8 -> w10=0x0 
[libmetasec_ml.so] 0x70fbd63634!0x116634 tbnz w10, #2, #0x70fbd636a0; w10=0x0 
[libmetasec_ml.so] 0x70fbd63638!0x116638 cmp w11, #3; w11=0x3 -> w11=0x3 
[libmetasec_ml.so] 0x70fbd6363c!0x11663c b.eq #0x70fbd6372c; 
[libmetasec_ml.so] 0x70fbd6372c!0x11672c mov x0, x24; x0=0x1 x24=0x70fbec1688 -> x0=0x70fbec1688 
[libmetasec_ml.so] 0x70fbd63730!0x116730 mov x1, x22; x1=0x72a7410e00 x22=0x72a7410e10 -> x1=0x72a7410e10 
[libmetasec_ml.so] 0x70fbd63734!0x116734 bl #0x70fbd64dc8; 
[libmetasec_ml.so] 0x70fbd64dc8!0x117dc8 ldr w8, [x0, #0x10]; w8=0xfbec1178 x0=0x70fbec1688 mem_r=0x70fbec1698 -> w8=0xf 
[libmetasec_ml.so] 0x70fbd64dcc!0x117dcc cmp w8, #0x10; w8=0xf -> w8=0xf 
[libmetasec_ml.so] 0x70fbd64dd0!0x117dd0 b.hi #0x70fbd64e30; 
[libmetasec_ml.so] 0x70fbd64dd4!0x117dd4 adrp x9, #0x70fbe42000; x9=0x0 -> x9=0x70fbe42000 
[libmetasec_ml.so] 0x70fbd64dd8!0x117dd8 add x9, x9, #0x623; x9=0x70fbe42000 x9=0x70fbe42000 -> x9=0x70fbe42623 
[libmetasec_ml.so] 0x70fbd64ddc!0x117ddc adr x10, #0x70fbd64dec; x10=0x0 -> x10=0x70fbd64dec 
[libmetasec_ml.so] 0x70fbd64de0!0x117de0 ldrb w11, [x9, x8]; w11=0x3 x9=0x70fbe42623 x8=0xf mem_r=0x70fbe42632 -> w11=0x3 
[libmetasec_ml.so] 0x70fbd64de4!0x117de4 add x10, x10, x11, lsl #2; x10=0x70fbd64dec x10=0x70fbd64dec x11=0x3 -> x10=0x70fbd64df8 
[libmetasec_ml.so] 0x70fbd64de8!0x117de8 br x10; x10=0x70fbd64df8 
[libmetasec_ml.so] 0x70fbd64df8!0x117df8 ldr x8, [x1]; x8=0xf x1=0x72a7410e10 mem_r=0x72a7410e10 -> x8=0x0 
[libmetasec_ml.so] 0x70fbd64dfc!0x117dfc cmp x8, #0; x8=0x0 -> x8=0x0 
[libmetasec_ml.so] 0x70fbd64e00!0x117e00 cset w0, eq; w0=0xfbec1688 -> w0=0x1 
[libmetasec_ml.so] 0x70fbd64e04!0x117e04 ret ; 
[libmetasec_ml.so] 0x70fbd63738!0x116738 cbz w0, #0x70fbd63744; w0=0x1 
[libmetasec_ml.so] 0x70fbd6373c!0x11673c mov x25, xzr; x25=0x0 -> x25=0x0 
[libmetasec_ml.so] 0x70fbd63740!0x116740 b #0x70fbd63940; 
[libmetasec_ml.so] 0x70fbd63940!0x116940 add x21, x25, x21; x21=0xc2 x25=0x0 x21=0xc2 -> x21=0xc2 
[libmetasec_ml.so] 0x70fbd63944!0x116944 add x28, x28, #1; x28=0x12 x28=0x12 -> x28=0x13 
[libmetasec_ml.so] 0x70fbd63948!0x116948 b #0x70fbd635f0; 
[libmetasec_ml.so] 0x70fbd635f0!0x1165f0 ldr x8, [x20]; x8=0x0 x20=0x72a7410d48 mem_r=0x72a7410d48 -> x8=0x70fbebf080 
[libmetasec_ml.so] 0x70fbd635f4!0x1165f4 ldr w9, [x8, #0x30]; w9=0xfbe42623 x8=0x70fbebf080 mem_r=0x70fbebf0b0 -> w9=0x18 
[libmetasec_ml.so] 0x70fbd635f8!0x1165f8 cmp x28, x9; x28=0x13 x9=0x18 -> x28=0x13 
[libmetasec_ml.so] 0x70fbd635fc!0x1165fc b.hs #0x70fbd6397c; 
[libmetasec_ml.so] 0x70fbd63600!0x116600 ldr x8, [x8, #0x38]; x8=0x70fbebf080 x8=0x70fbebf080 mem_r=0x70fbebf0b8 -> x8=0x70fbec1178 
[libmetasec_ml.so] 0x70fbd63604!0x116604 nop ; 
[libmetasec_ml.so] 0x70fbd63608!0x116608 madd x24, x28, x19, x8; x24=0x70fbec1688 x28=0x13 x19=0x48 x8=0x70fbec1178 -> x24=0x70fbec16d0 
[libmetasec_ml.so] 0x70fbd6360c!0x11660c ldr w9, [x24, #0x18]; w9=0x18 x24=0x70fbec16d0 mem_r=0x70fbec16e8 -> w9=0xd8 
[libmetasec_ml.so] 0x70fbd63610!0x116610 ldr w11, [x24, #0xc]; w11=0x3 x24=0x70fbec16d0 mem_r=0x70fbec16dc -> w11=0x3 
[libmetasec_ml.so] 0x70fbd63614!0x116614 add x22, x20, x9; x22=0x72a7410e10 x20=0x72a7410d48 x9=0xd8 -> x22=0x72a7410e20 
[libmetasec_ml.so] 0x70fbd63618!0x116618 cbz w11, #0x70fbd63744; w11=0x3 
[libmetasec_ml.so] 0x70fbd6361c!0x11661c ldr w9, [x24, #0x14]; w9=0xd8 x24=0x70fbec16d0 mem_r=0x70fbec16e4 -> w9=0x0 
[libmetasec_ml.so] 0x70fbd63620!0x116620 cmp w11, #1; w11=0x3 -> w11=0x3 
[libmetasec_ml.so] 0x70fbd63624!0x116624 madd x10, x28, x19, x8; x10=0x70fbd64df8 x28=0x13 x19=0x48 x8=0x70fbec1178 -> x10=0x70fbec16d0 
[libmetasec_ml.so] 0x70fbd63628!0x116628 ccmp w11, #3, #4, ne; w11=0x3 
[libmetasec_ml.so] 0x70fbd6362c!0x11662c b.ne #0x70fbd63668; 
[libmetasec_ml.so] 0x70fbd63630!0x116630 ldr w10, [x10, #0x30]; w10=0xfbec16d0 x10=0x70fbec16d0 mem_r=0x70fbec1700 -> w10=0x0 
[libmetasec_ml.so] 0x70fbd63634!0x116634 tbnz w10, #2, #0x70fbd636a0; w10=0x0 
[libmetasec_ml.so] 0x70fbd63638!0x116638 cmp w11, #3; w11=0x3 -> w11=0x3 
[libmetasec_ml.so] 0x70fbd6363c!0x11663c b.eq #0x70fbd6372c; 
[libmetasec_ml.so] 0x70fbd6372c!0x11672c mov x0, x24; x0=0x1 x24=0x70fbec16d0 -> x0=0x70fbec16d0 
[libmetasec_ml.so] 0x70fbd63730!0x116730 mov x1, x22; x1=0x72a7410e10 x22=0x72a7410e20 -> x1=0x72a7410e20 
[libmetasec_ml.so] 0x70fbd63734!0x116734 bl #0x70fbd64dc8; 
[libmetasec_ml.so] 0x70fbd64dc8!0x117dc8 ldr w8, [x0, #0x10]; w8=0xfbec1178 x0=0x70fbec16d0 mem_r=0x70fbec16e0 -> w8=0xe 
[libmetasec_ml.so] 0x70fbd64dcc!0x117dcc cmp w8, #0x10; w8=0xe -> w8=0xe 
[libmetasec_ml.so] 0x70fbd64dd0!0x117dd0 b.hi #0x70fbd64e30; 
[libmetasec_ml.so] 0x70fbd64dd4!0x117dd4 adrp x9, #0x70fbe42000; x9=0x0 -> x9=0x70fbe42000 
[libmetasec_ml.so] 0x70fbd64dd8!0x117dd8 add x9, x9, #0x623; x9=0x70fbe42000 x9=0x70fbe42000 -> x9=0x70fbe42623 
[libmetasec_ml.so] 0x70fbd64ddc!0x117ddc adr x10, #0x70fbd64dec; x10=0x0 -> x10=0x70fbd64dec 
[libmetasec_ml.so] 0x70fbd64de0!0x117de0 ldrb w11, [x9, x8]; w11=0x3 x9=0x70fbe42623 x8=0xe mem_r=0x70fbe42631 -> w11=0xd 
[libmetasec_ml.so] 0x70fbd64de4!0x117de4 add x10, x10, x11, lsl #2; x10=0x70fbd64dec x10=0x70fbd64dec x11=0xd -> x10=0x70fbd64e20 
[libmetasec_ml.so] 0x70fbd64de8!0x117de8 br x10; x10=0x70fbd64e20 
[libmetasec_ml.so] 0x70fbd64e20!0x117e20 ldr x8, [x1]; x8=0xe x1=0x72a7410e20 mem_r=0x72a7410e20 -> x8=0x70fbeecb13 
[libmetasec_ml.so] 0x70fbd64e24!0x117e24 cbz x8, #0x70fbd64e30; x8=0x70fbeecb13 
[libmetasec_ml.so] 0x70fbd64e28!0x117e28 ldrb w8, [x8]; w8=0xfbeecb13 x8=0x70fbeecb13 mem_r=0x70fbeecb13 -> w8=0x6e 
[libmetasec_ml.so] 0x70fbd64e2c!0x117e2c b #0x70fbd64df0; 
[libmetasec_ml.so] 0x70fbd64df0!0x117df0 cmp w8, #0; w8=0x6e -> w8=0x6e 
[libmetasec_ml.so] 0x70fbd64df4!0x117df4 b #0x70fbd64e00; 
[libmetasec_ml.so] 0x70fbd64e00!0x117e00 cset w0, eq; w0=0xfbec16d0 -> w0=0x0 
[libmetasec_ml.so] 0x70fbd64e04!0x117e04 ret ; 
[libmetasec_ml.so] 0x70fbd63738!0x116738 cbz w0, #0x70fbd63744; w0=0x0 
[libmetasec_ml.so] 0x70fbd63744!0x116744 add x2, x27, x21; x2=0x73674114cb x27=0x7367411410 x21=0xc2 -> x2=0x73674114d2 
[libmetasec_ml.so] 0x70fbd63748!0x116748 mov x0, x24; x0=0x0 x24=0x70fbec16d0 -> x0=0x70fbec16d0 
[libmetasec_ml.so] 0x70fbd6374c!0x11674c mov x1, x22; x1=0x72a7410e20 x22=0x72a7410e20 -> x1=0x72a7410e20 
[libmetasec_ml.so] 0x70fbd63750!0x116750 bl #0x70fbd63a04; 
[libmetasec_ml.so] 0x70fbd63a04!0x116a04 str x23, [sp, #-0x40]!; x23=0x2a45 sp=0x70d87c2dd0 mem_w=0x70d87c2d90 -> sp=0x70d87c2d90 
[libmetasec_ml.so] 0x70fbd63a08!0x116a08 stp x22, x21, [sp, #0x10]; x22=0x72a7410e20 x21=0xc2 sp=0x70d87c2d90 mem_w=0x70d87c2da0 
[libmetasec_ml.so] 0x70fbd63a0c!0x116a0c stp x20, x19, [sp, #0x20]; x20=0x72a7410d48 x19=0x48 sp=0x70d87c2d90 mem_w=0x70d87c2db0 
[libmetasec_ml.so] 0x70fbd63a10!0x116a10 stp x29, x30, [sp, #0x30]; fp=0x70d87c2e40 lr=0x70fbd63754 sp=0x70d87c2d90 mem_w=0x70d87c2dc0 
[libmetasec_ml.so] 0x70fbd63a14!0x116a14 add x29, sp, #0x30; fp=0x70d87c2e40 sp=0x70d87c2d90 -> fp=0x70d87c2dc0 
[libmetasec_ml.so] 0x70fbd63a18!0x116a18 mov x19, x0; x19=0x48 x0=0x70fbec16d0 -> x19=0x70fbec16d0 
[libmetasec_ml.so] 0x70fbd63a1c!0x116a1c ldr w0, [x0, #8]; w0=0xfbec16d0 x0=0x70fbec16d0 mem_r=0x70fbec16d8 -> w0=0x14 
[libmetasec_ml.so] 0x70fbd63a20!0x116a20 mov x21, x1; x21=0xc2 x1=0x72a7410e20 -> x21=0x72a7410e20 
[libmetasec_ml.so] 0x70fbd63a24!0x116a24 mov x1, x2; x1=0x72a7410e20 x2=0x73674114d2 -> x1=0x73674114d2 
[libmetasec_ml.so] 0x70fbd63a28!0x116a28 mov x20, x2; x20=0x72a7410d48 x2=0x73674114d2 -> x20=0x73674114d2 
[libmetasec_ml.so] 0x70fbd63a2c!0x116a2c bl #0x70fbd64e38; 
[libmetasec_ml.so] 0x70fbd64e38!0x117e38 lsr w8, w0, #0x1d; w8=0x6e w0=0x14 -> w8=0x0 
[libmetasec_ml.so] 0x70fbd64e3c!0x117e3c cbnz w8, #0x70fbd64e48; w8=0x0 
[libmetasec_ml.so] 0x70fbd64e40!0x117e40 lsl w0, w0, #3; w0=0x14 w0=0x14 -> w0=0xa0 
[libmetasec_ml.so] 0x70fbd64e44!0x117e44 b #0x70fbd64eb8; 
[libmetasec_ml.so] 0x70fbd64eb8!0x117eb8 cmp w0, #0x80; w0=0xa0 -> w0=0xa0 
[libmetasec_ml.so] 0x70fbd64ebc!0x117ebc b.lo #0x70fbd64f0c; 
[libmetasec_ml.so] 0x70fbd64ec0!0x117ec0 orr w8, w0, #0x80; w8=0x0 w0=0xa0 -> w8=0xa0 
[libmetasec_ml.so] 0x70fbd64ec4!0x117ec4 cmp w0, #4, lsl #12; w0=0xa0 -> w0=0xa0 
[libmetasec_ml.so] 0x70fbd64ec8!0x117ec8 strb w8, [x1]; w8=0xa0 x1=0x73674114d2 mem_w=0x73674114d2 
[libmetasec_ml.so] 0x70fbd64ecc!0x117ecc lsr w8, w0, #7; w8=0xa0 w0=0xa0 -> w8=0x1 
[libmetasec_ml.so] 0x70fbd64ed0!0x117ed0 b.lo #0x70fbd64f14; 
[libmetasec_ml.so] 0x70fbd64f14!0x117f14 mov w9, #1; w9=0xfbe42623 -> w9=0x1 
[libmetasec_ml.so] 0x70fbd64f18!0x117f18 b #0x70fbd64f28; 
[libmetasec_ml.so] 0x70fbd64f28!0x117f28 mov w0, w8; w0=0xa0 w8=0x1 -> w0=0x1 
[libmetasec_ml.so] 0x70fbd64f2c!0x117f2c add w8, w9, #1; w8=0x1 w9=0x1 -> w8=0x2 
[libmetasec_ml.so] 0x70fbd64f30!0x117f30 strb w0, [x1, w9, uxtw]; w0=0x1 x1=0x73674114d2 w9=0x1 mem_w=0x73674114d3 
[libmetasec_ml.so] 0x70fbd64f34!0x117f34 mov x0, x8; x0=0x1 x8=0x2 -> x0=0x2 
[libmetasec_ml.so] 0x70fbd64f38!0x117f38 ret ; 
[libmetasec_ml.so] 0x70fbd63a30!0x116a30 ldr w8, [x19, #0x10]; w8=0x2 x19=0x70fbec16d0 mem_r=0x70fbec16e0 -> w8=0xe 
[libmetasec_ml.so] 0x70fbd63a34!0x116a34 cmp w8, #0x10; w8=0xe -> w8=0xe 
[libmetasec_ml.so] 0x70fbd63a38!0x116a38 b.hi #0x70fbd63abc; 
[libmetasec_ml.so] 0x70fbd63a3c!0x116a3c adrp x9, #0x70fbe42000; x9=0x1 -> x9=0x70fbe42000 
[libmetasec_ml.so] 0x70fbd63a40!0x116a40 add x9, x9, #0x5d4; x9=0x70fbe42000 x9=0x70fbe42000 -> x9=0x70fbe425d4 
[libmetasec_ml.so] 0x70fbd63a44!0x116a44 adr x10, #0x70fbd63a58; x10=0x70fbd64e20 -> x10=0x70fbd63a58 
[libmetasec_ml.so] 0x70fbd63a48!0x116a48 ldrb w11, [x9, x8]; w11=0xd x9=0x70fbe425d4 x8=0xe mem_r=0x70fbe425e2 -> w11=0x2e 
[libmetasec_ml.so] 0x70fbd63a4c!0x116a4c add x10, x10, x11, lsl #2; x10=0x70fbd63a58 x10=0x70fbd63a58 x11=0x2e -> x10=0x70fbd63b10 
[libmetasec_ml.so] 0x70fbd63a50!0x116a50 mov x19, x0; x19=0x70fbec16d0 x0=0x2 -> x19=0x2 
[libmetasec_ml.so] 0x70fbd63a54!0x116a54 br x10; x10=0x70fbd63b10 
[libmetasec_ml.so] 0x70fbd63b10!0x116b10 ldrb w8, [x20]; w8=0xe x20=0x73674114d2 mem_r=0x73674114d2 -> w8=0xa0 
[libmetasec_ml.so] 0x70fbd63b14!0x116b14 orr w8, w8, #2; w8=0xa0 w8=0xa0 -> w8=0xa2 
[libmetasec_ml.so] 0x70fbd63b18!0x116b18 strb w8, [x20]; w8=0xa2 x20=0x73674114d2 mem_w=0x73674114d2 
[libmetasec_ml.so] 0x70fbd63b1c!0x116b1c ldr x21, [x21]; x21=0x72a7410e20 x21=0x72a7410e20 mem_r=0x72a7410e20 -> x21=0x70fbeecb13 
[libmetasec_ml.so] 0x70fbd63b20!0x116b20 add x20, x20, x19; x20=0x73674114d2 x20=0x73674114d2 x19=0x2 -> x20=0x73674114d4 
[libmetasec_ml.so] 0x70fbd63b24!0x116b24 cbz x21, #0x70fbd63bf0; x21=0x70fbeecb13 
[libmetasec_ml.so] 0x70fbd63b28!0x116b28 mov x0, x21; x0=0x2 x21=0x70fbeecb13 -> x0=0x70fbeecb13 
[libmetasec_ml.so] 0x70fbd63b2c!0x116b2c bl #0x70fbc80b40; 
[libmetasec_ml.so] 0x70fbc80b40!0x33b40 adrp x16, #0x70fbec9000; x16=0x70fbec9998 -> x16=0x70fbec9000 
[libmetasec_ml.so] 0x70fbc80b44!0x33b44 ldr x17, [x16, #0xa28]; x17=0x75402d9c80 x16=0x70fbec9000 mem_r=0x70fbec9a28 -> x17=0x75402dab00 
[libmetasec_ml.so] 0x70fbc80b48!0x33b48 add x16, x16, #0xa28; x16=0x70fbec9000 x16=0x70fbec9000 -> x16=0x70fbec9a28 
[libmetasec_ml.so] 0x70fbc80b4c!0x33b4c br x17; x17=0x75402dab00 
call func: __strlen_aarch64(0x70fbeecb13)
args0: none
ret: 0x4
[libmetasec_ml.so] 0x70fbd63b30!0x116b30 mov x1, x20; x1=0x73674114d2 x20=0x73674114d4 -> x1=0x73674114d4 
[libmetasec_ml.so] 0x70fbd63b34!0x116b34 mov x22, x0; x22=0x72a7410e20 x0=0x4 -> x22=0x4 
[libmetasec_ml.so] 0x70fbd63b38!0x116b38 bl #0x70fbd64eb8; 
[libmetasec_ml.so] 0x70fbd64eb8!0x117eb8 cmp w0, #0x80; w0=0x4 -> w0=0x4 
[libmetasec_ml.so] 0x70fbd64ebc!0x117ebc b.lo #0x70fbd64f0c; 
[libmetasec_ml.so] 0x70fbd64f0c!0x117f0c mov w9, wzr; w9=0xfbe425d4 -> w9=0x0 
[libmetasec_ml.so] 0x70fbd64f10!0x117f10 b #0x70fbd64f2c; 
[libmetasec_ml.so] 0x70fbd64f2c!0x117f2c add w8, w9, #1; w8=0x1010101 w9=0x0 -> w8=0x1 
[libmetasec_ml.so] 0x70fbd64f30!0x117f30 strb w0, [x1, w9, uxtw]; w0=0x4 x1=0x73674114d4 w9=0x0 mem_w=0x73674114d4 
[libmetasec_ml.so] 0x70fbd64f34!0x117f34 mov x0, x8; x0=0x4 x8=0x1 -> x0=0x1 
[libmetasec_ml.so] 0x70fbd64f38!0x117f38 ret ; 
[libmetasec_ml.so] 0x70fbd63b3c!0x116b3c mov x23, x0; x23=0x2a45 x0=0x1 -> x23=0x1 
[libmetasec_ml.so] 0x70fbd63b40!0x116b40 add x0, x20, x0; x0=0x1 x20=0x73674114d4 x0=0x1 -> x0=0x73674114d5 
[libmetasec_ml.so] 0x70fbd63b44!0x116b44 mov x1, x21; x1=0x73674114d4 x21=0x70fbeecb13 -> x1=0x70fbeecb13 
[libmetasec_ml.so] 0x70fbd63b48!0x116b48 mov x2, x22; x2=0x7d7bc300656e6f6e x22=0x4 -> x2=0x4 
[libmetasec_ml.so] 0x70fbd63b4c!0x116b4c bl #0x70fbc80a20; 
[libmetasec_ml.so] 0x70fbc80a20!0x33a20 adrp x16, #0x70fbec9000; x16=0x70fbec9a28 -> x16=0x70fbec9000 
[libmetasec_ml.so] 0x70fbc80a24!0x33a24 ldr x17, [x16, #0x998]; x17=0x75402dab00 x16=0x70fbec9000 mem_r=0x70fbec9998 -> x17=0x75402d9c80 
[libmetasec_ml.so] 0x70fbc80a28!0x33a28 add x16, x16, #0x998; x16=0x70fbec9000 x16=0x70fbec9000 -> x16=0x70fbec9998 
[libmetasec_ml.so] 0x70fbc80a2c!0x33a2c br x17; x17=0x75402d9c80 
call func: __memcpy_aarch64_simd(0x73674114d5, 0x70fbeecb13, 0x4)
hexdump at address 0x70fbeecb13 with length 0x4:
70fbeecb13: 6e 6f 6e 65                                     |none            |
ret: 0x73674114d5
[libmetasec_ml.so] 0x70fbd63b50!0x116b50 add x8, x23, x22; x8=0x656e6f6e x23=0x1 x22=0x4 -> x8=0x5 
[libmetasec_ml.so] 0x70fbd63b54!0x116b54 b #0x70fbd63bf8; 
[libmetasec_ml.so] 0x70fbd63bf8!0x116bf8 add x0, x8, x19; x0=0x73674114d5 x8=0x5 x19=0x2 -> x0=0x7 
[libmetasec_ml.so] 0x70fbd63bfc!0x116bfc ldp x29, x30, [sp, #0x30]; fp=0x70d87c2dc0 lr=0x70fbd63b50 sp=0x70d87c2d90 mem_r=0x70d87c2dc0 -> fp=0x70d87c2e40 lr=0x70fbd63754 
[libmetasec_ml.so] 0x70fbd63c00!0x116c00 ldp x20, x19, [sp, #0x20]; x20=0x73674114d4 x19=0x2 sp=0x70d87c2d90 mem_r=0x70d87c2db0 -> x20=0x72a7410d48 x19=0x48 
[libmetasec_ml.so] 0x70fbd63c04!0x116c04 ldp x22, x21, [sp, #0x10]; x22=0x4 x21=0x70fbeecb13 sp=0x70d87c2d90 mem_r=0x70d87c2da0 -> x22=0x72a7410e20 x21=0xc2 
[libmetasec_ml.so] 0x70fbd63c08!0x116c08 ldr x23, [sp], #0x40; x23=0x1 sp=0x70d87c2d90 mem_r=0x70d87c2d90 -> x23=0x2a45 
[libmetasec_ml.so] 0x70fbd63c0c!0x116c0c ret ; 
[libmetasec_ml.so] 0x70fbd63754!0x116754 mov x25, x0; x25=0x0 x0=0x7 -> x25=0x7 
[libmetasec_ml.so] 0x70fbd63758!0x116758 b #0x70fbd63940; 
[libmetasec_ml.so] 0x70fbd63940!0x116940 add x21, x25, x21; x21=0xc2 x25=0x7 x21=0xc2 -> x21=0xc9 
[libmetasec_ml.so] 0x70fbd63944!0x116944 add x28, x28, #1; x28=0x13 x28=0x13 -> x28=0x14 
[libmetasec_ml.so] 0x70fbd63948!0x116948 b #0x70fbd635f0; 
[libmetasec_ml.so] 0x70fbd635f0!0x1165f0 ldr x8, [x20]; x8=0x5 x20=0x72a7410d48 mem_r=0x72a7410d48 -> x8=0x70fbebf080 
[libmetasec_ml.so] 0x70fbd635f4!0x1165f4 ldr w9, [x8, #0x30]; w9=0x0 x8=0x70fbebf080 mem_r=0x70fbebf0b0 -> w9=0x18 
[libmetasec_ml.so] 0x70fbd635f8!0x1165f8 cmp x28, x9; x28=0x14 x9=0x18 -> x28=0x14 
[libmetasec_ml.so] 0x70fbd635fc!0x1165fc b.hs #0x70fbd6397c; 
[libmetasec_ml.so] 0x70fbd63600!0x116600 ldr x8, [x8, #0x38]; x8=0x70fbebf080 x8=0x70fbebf080 mem_r=0x70fbebf0b8 -> x8=0x70fbec1178 
[libmetasec_ml.so] 0x70fbd63604!0x116604 nop ; 
[libmetasec_ml.so] 0x70fbd63608!0x116608 madd x24, x28, x19, x8; x24=0x70fbec16d0 x28=0x14 x19=0x48 x8=0x70fbec1178 -> x24=0x70fbec1718 
[libmetasec_ml.so] 0x70fbd6360c!0x11660c ldr w9, [x24, #0x18]; w9=0x18 x24=0x70fbec1718 mem_r=0x70fbec1730 -> w9=0xe0 
[libmetasec_ml.so] 0x70fbd63610!0x116610 ldr w11, [x24, #0xc]; w11=0x2e x24=0x70fbec1718 mem_r=0x70fbec1724 -> w11=0x3 
[libmetasec_ml.so] 0x70fbd63614!0x116614 add x22, x20, x9; x22=0x72a7410e20 x20=0x72a7410d48 x9=0xe0 -> x22=0x72a7410e28 
[libmetasec_ml.so] 0x70fbd63618!0x116618 cbz w11, #0x70fbd63744; w11=0x3 
[libmetasec_ml.so] 0x70fbd6361c!0x11661c ldr w9, [x24, #0x14]; w9=0xe0 x24=0x70fbec1718 mem_r=0x70fbec172c -> w9=0x0 
[libmetasec_ml.so] 0x70fbd63620!0x116620 cmp w11, #1; w11=0x3 -> w11=0x3 
[libmetasec_ml.so] 0x70fbd63624!0x116624 madd x10, x28, x19, x8; x10=0x70fbd63b10 x28=0x14 x19=0x48 x8=0x70fbec1178 -> x10=0x70fbec1718 
[libmetasec_ml.so] 0x70fbd63628!0x116628 ccmp w11, #3, #4, ne; w11=0x3 
[libmetasec_ml.so] 0x70fbd6362c!0x11662c b.ne #0x70fbd63668; 
[libmetasec_ml.so] 0x70fbd63630!0x116630 ldr w10, [x10, #0x30]; w10=0xfbec1718 x10=0x70fbec1718 mem_r=0x70fbec1748 -> w10=0x0 
[libmetasec_ml.so] 0x70fbd63634!0x116634 tbnz w10, #2, #0x70fbd636a0; w10=0x0 
[libmetasec_ml.so] 0x70fbd63638!0x116638 cmp w11, #3; w11=0x3 -> w11=0x3 
[libmetasec_ml.so] 0x70fbd6363c!0x11663c b.eq #0x70fbd6372c; 
[libmetasec_ml.so] 0x70fbd6372c!0x11672c mov x0, x24; x0=0x7 x24=0x70fbec1718 -> x0=0x70fbec1718 
[libmetasec_ml.so] 0x70fbd63730!0x116730 mov x1, x22; x1=0x70fbeecb13 x22=0x72a7410e28 -> x1=0x72a7410e28 
[libmetasec_ml.so] 0x70fbd63734!0x116734 bl #0x70fbd64dc8; 
[libmetasec_ml.so] 0x70fbd64dc8!0x117dc8 ldr w8, [x0, #0x10]; w8=0xfbec1178 x0=0x70fbec1718 mem_r=0x70fbec1728 -> w8=0x1 
[libmetasec_ml.so] 0x70fbd64dcc!0x117dcc cmp w8, #0x10; w8=0x1 -> w8=0x1 
[libmetasec_ml.so] 0x70fbd64dd0!0x117dd0 b.hi #0x70fbd64e30; 
[libmetasec_ml.so] 0x70fbd64dd4!0x117dd4 adrp x9, #0x70fbe42000; x9=0x0 -> x9=0x70fbe42000 
[libmetasec_ml.so] 0x70fbd64dd8!0x117dd8 add x9, x9, #0x623; x9=0x70fbe42000 x9=0x70fbe42000 -> x9=0x70fbe42623 
[libmetasec_ml.so] 0x70fbd64ddc!0x117ddc adr x10, #0x70fbd64dec; x10=0x0 -> x10=0x70fbd64dec 
[libmetasec_ml.so] 0x70fbd64de0!0x117de0 ldrb w11, [x9, x8]; w11=0x3 x9=0x70fbe42623 x8=0x1 mem_r=0x70fbe42624 -> w11=0x0 
[libmetasec_ml.so] 0x70fbd64de4!0x117de4 add x10, x10, x11, lsl #2; x10=0x70fbd64dec x10=0x70fbd64dec x11=0x0 -> x10=0x70fbd64dec 
[libmetasec_ml.so] 0x70fbd64de8!0x117de8 br x10; x10=0x70fbd64dec 
[libmetasec_ml.so] 0x70fbd64dec!0x117dec ldr w8, [x1]; w8=0x1 x1=0x72a7410e28 mem_r=0x72a7410e28 -> w8=0x171 
[libmetasec_ml.so] 0x70fbd64df0!0x117df0 cmp w8, #0; w8=0x171 -> w8=0x171 
[libmetasec_ml.so] 0x70fbd64df4!0x117df4 b #0x70fbd64e00; 
[libmetasec_ml.so] 0x70fbd64e00!0x117e00 cset w0, eq; w0=0xfbec1718 -> w0=0x0 
[libmetasec_ml.so] 0x70fbd64e04!0x117e04 ret ; 
[libmetasec_ml.so] 0x70fbd63738!0x116738 cbz w0, #0x70fbd63744; w0=0x0 
[libmetasec_ml.so] 0x70fbd63744!0x116744 add x2, x27, x21; x2=0x4 x27=0x7367411410 x21=0xc9 -> x2=0x73674114d9 
[libmetasec_ml.so] 0x70fbd63748!0x116748 mov x0, x24; x0=0x0 x24=0x70fbec1718 -> x0=0x70fbec1718 
[libmetasec_ml.so] 0x70fbd6374c!0x11674c mov x1, x22; x1=0x72a7410e28 x22=0x72a7410e28 -> x1=0x72a7410e28 
[libmetasec_ml.so] 0x70fbd63750!0x116750 bl #0x70fbd63a04; 
[libmetasec_ml.so] 0x70fbd63a04!0x116a04 str x23, [sp, #-0x40]!; x23=0x2a45 sp=0x70d87c2dd0 mem_w=0x70d87c2d90 -> sp=0x70d87c2d90 
[libmetasec_ml.so] 0x70fbd63a08!0x116a08 stp x22, x21, [sp, #0x10]; x22=0x72a7410e28 x21=0xc9 sp=0x70d87c2d90 mem_w=0x70d87c2da0 
[libmetasec_ml.so] 0x70fbd63a0c!0x116a0c stp x20, x19, [sp, #0x20]; x20=0x72a7410d48 x19=0x48 sp=0x70d87c2d90 mem_w=0x70d87c2db0 
[libmetasec_ml.so] 0x70fbd63a10!0x116a10 stp x29, x30, [sp, #0x30]; fp=0x70d87c2e40 lr=0x70fbd63754 sp=0x70d87c2d90 mem_w=0x70d87c2dc0 
[libmetasec_ml.so] 0x70fbd63a14!0x116a14 add x29, sp, #0x30; fp=0x70d87c2e40 sp=0x70d87c2d90 -> fp=0x70d87c2dc0 
[libmetasec_ml.so] 0x70fbd63a18!0x116a18 mov x19, x0; x19=0x48 x0=0x70fbec1718 -> x19=0x70fbec1718 
[libmetasec_ml.so] 0x70fbd63a1c!0x116a1c ldr w0, [x0, #8]; w0=0xfbec1718 x0=0x70fbec1718 mem_r=0x70fbec1720 -> w0=0x15 
[libmetasec_ml.so] 0x70fbd63a20!0x116a20 mov x21, x1; x21=0xc9 x1=0x72a7410e28 -> x21=0x72a7410e28 
[libmetasec_ml.so] 0x70fbd63a24!0x116a24 mov x1, x2; x1=0x72a7410e28 x2=0x73674114d9 -> x1=0x73674114d9 
[libmetasec_ml.so] 0x70fbd63a28!0x116a28 mov x20, x2; x20=0x72a7410d48 x2=0x73674114d9 -> x20=0x73674114d9 
[libmetasec_ml.so] 0x70fbd63a2c!0x116a2c bl #0x70fbd64e38; 
[libmetasec_ml.so] 0x70fbd64e38!0x117e38 lsr w8, w0, #0x1d; w8=0x171 w0=0x15 -> w8=0x0 
[libmetasec_ml.so] 0x70fbd64e3c!0x117e3c cbnz w8, #0x70fbd64e48; w8=0x0 
[libmetasec_ml.so] 0x70fbd64e40!0x117e40 lsl w0, w0, #3; w0=0x15 w0=0x15 -> w0=0xa8 
[libmetasec_ml.so] 0x70fbd64e44!0x117e44 b #0x70fbd64eb8; 
[libmetasec_ml.so] 0x70fbd64eb8!0x117eb8 cmp w0, #0x80; w0=0xa8 -> w0=0xa8 
[libmetasec_ml.so] 0x70fbd64ebc!0x117ebc b.lo #0x70fbd64f0c; 
[libmetasec_ml.so] 0x70fbd64ec0!0x117ec0 orr w8, w0, #0x80; w8=0x0 w0=0xa8 -> w8=0xa8 
[libmetasec_ml.so] 0x70fbd64ec4!0x117ec4 cmp w0, #4, lsl #12; w0=0xa8 -> w0=0xa8 
[libmetasec_ml.so] 0x70fbd64ec8!0x117ec8 strb w8, [x1]; w8=0xa8 x1=0x73674114d9 mem_w=0x73674114d9 
[libmetasec_ml.so] 0x70fbd64ecc!0x117ecc lsr w8, w0, #7; w8=0xa8 w0=0xa8 -> w8=0x1 
[libmetasec_ml.so] 0x70fbd64ed0!0x117ed0 b.lo #0x70fbd64f14; 
[libmetasec_ml.so] 0x70fbd64f14!0x117f14 mov w9, #1; w9=0xfbe42623 -> w9=0x1 
[libmetasec_ml.so] 0x70fbd64f18!0x117f18 b #0x70fbd64f28; 
[libmetasec_ml.so] 0x70fbd64f28!0x117f28 mov w0, w8; w0=0xa8 w8=0x1 -> w0=0x1 
[libmetasec_ml.so] 0x70fbd64f2c!0x117f2c add w8, w9, #1; w8=0x1 w9=0x1 -> w8=0x2 
[libmetasec_ml.so] 0x70fbd64f30!0x117f30 strb w0, [x1, w9, uxtw]; w0=0x1 x1=0x73674114d9 w9=0x1 mem_w=0x73674114da 
[libmetasec_ml.so] 0x70fbd64f34!0x117f34 mov x0, x8; x0=0x1 x8=0x2 -> x0=0x2 
[libmetasec_ml.so] 0x70fbd64f38!0x117f38 ret ; 
[libmetasec_ml.so] 0x70fbd63a30!0x116a30 ldr w8, [x19, #0x10]; w8=0x2 x19=0x70fbec1718 mem_r=0x70fbec1728 -> w8=0x1 
[libmetasec_ml.so] 0x70fbd63a34!0x116a34 cmp w8, #0x10; w8=0x1 -> w8=0x1 
[libmetasec_ml.so] 0x70fbd63a38!0x116a38 b.hi #0x70fbd63abc; 
[libmetasec_ml.so] 0x70fbd63a3c!0x116a3c adrp x9, #0x70fbe42000; x9=0x1 -> x9=0x70fbe42000 
[libmetasec_ml.so] 0x70fbd63a40!0x116a40 add x9, x9, #0x5d4; x9=0x70fbe42000 x9=0x70fbe42000 -> x9=0x70fbe425d4 
[libmetasec_ml.so] 0x70fbd63a44!0x116a44 adr x10, #0x70fbd63a58; x10=0x70fbd64dec -> x10=0x70fbd63a58 
[libmetasec_ml.so] 0x70fbd63a48!0x116a48 ldrb w11, [x9, x8]; w11=0x0 x9=0x70fbe425d4 x8=0x1 mem_r=0x70fbe425d5 -> w11=0x1b 
[libmetasec_ml.so] 0x70fbd63a4c!0x116a4c add x10, x10, x11, lsl #2; x10=0x70fbd63a58 x10=0x70fbd63a58 x11=0x1b -> x10=0x70fbd63ac4 
[libmetasec_ml.so] 0x70fbd63a50!0x116a50 mov x19, x0; x19=0x70fbec1718 x0=0x2 -> x19=0x2 
[libmetasec_ml.so] 0x70fbd63a54!0x116a54 br x10; x10=0x70fbd63ac4 
[libmetasec_ml.so] 0x70fbd63ac4!0x116ac4 ldr w0, [x21]; w0=0x2 x21=0x72a7410e28 mem_r=0x72a7410e28 -> w0=0x171 
[libmetasec_ml.so] 0x70fbd63ac8!0x116ac8 add x1, x20, x19; x1=0x73674114d9 x20=0x73674114d9 x19=0x2 -> x1=0x73674114db 
[libmetasec_ml.so] 0x70fbd63acc!0x116acc bl #0x70fbd64e54; 
[libmetasec_ml.so] 0x70fbd64e54!0x117e54 lsl w8, w0, #1; w8=0x1 w0=0x171 -> w8=0x2e2 
[libmetasec_ml.so] 0x70fbd64e58!0x117e58 eor w0, w8, w0, asr #31; w0=0x171 w8=0x2e2 w0=0x171 -> w0=0x2e2 
[libmetasec_ml.so] 0x70fbd64e5c!0x117e5c b #0x70fbd64eb8; 
[libmetasec_ml.so] 0x70fbd64eb8!0x117eb8 cmp w0, #0x80; w0=0x2e2 -> w0=0x2e2 
[libmetasec_ml.so] 0x70fbd64ebc!0x117ebc b.lo #0x70fbd64f0c; 
[libmetasec_ml.so] 0x70fbd64ec0!0x117ec0 orr w8, w0, #0x80; w8=0x2e2 w0=0x2e2 -> w8=0x2e2 
[libmetasec_ml.so] 0x70fbd64ec4!0x117ec4 cmp w0, #4, lsl #12; w0=0x2e2 -> w0=0x2e2 
[libmetasec_ml.so] 0x70fbd64ec8!0x117ec8 strb w8, [x1]; w8=0x2e2 x1=0x73674114db mem_w=0x73674114db 
[libmetasec_ml.so] 0x70fbd64ecc!0x117ecc lsr w8, w0, #7; w8=0x2e2 w0=0x2e2 -> w8=0x5 
[libmetasec_ml.so] 0x70fbd64ed0!0x117ed0 b.lo #0x70fbd64f14; 
[libmetasec_ml.so] 0x70fbd64f14!0x117f14 mov w9, #1; w9=0xfbe425d4 -> w9=0x1 
[libmetasec_ml.so] 0x70fbd64f18!0x117f18 b #0x70fbd64f28; 
[libmetasec_ml.so] 0x70fbd64f28!0x117f28 mov w0, w8; w0=0x2e2 w8=0x5 -> w0=0x5 
[libmetasec_ml.so] 0x70fbd64f2c!0x117f2c add w8, w9, #1; w8=0x5 w9=0x1 -> w8=0x2 
[libmetasec_ml.so] 0x70fbd64f30!0x117f30 strb w0, [x1, w9, uxtw]; w0=0x5 x1=0x73674114db w9=0x1 mem_w=0x73674114dc 
[libmetasec_ml.so] 0x70fbd64f34!0x117f34 mov x0, x8; x0=0x5 x8=0x2 -> x0=0x2 
[libmetasec_ml.so] 0x70fbd64f38!0x117f38 ret ; 
[libmetasec_ml.so] 0x70fbd63ad0!0x116ad0 b #0x70fbd63af0; 
[libmetasec_ml.so] 0x70fbd63af0!0x116af0 add x0, x0, x19; x0=0x2 x0=0x2 x19=0x2 -> x0=0x4 
[libmetasec_ml.so] 0x70fbd63af4!0x116af4 b #0x70fbd63bfc; 
[libmetasec_ml.so] 0x70fbd63bfc!0x116bfc ldp x29, x30, [sp, #0x30]; fp=0x70d87c2dc0 lr=0x70fbd63ad0 sp=0x70d87c2d90 mem_r=0x70d87c2dc0 -> fp=0x70d87c2e40 lr=0x70fbd63754 
[libmetasec_ml.so] 0x70fbd63c00!0x116c00 ldp x20, x19, [sp, #0x20]; x20=0x73674114d9 x19=0x2 sp=0x70d87c2d90 mem_r=0x70d87c2db0 -> x20=0x72a7410d48 x19=0x48 
[libmetasec_ml.so] 0x70fbd63c04!0x116c04 ldp x22, x21, [sp, #0x10]; x22=0x72a7410e28 x21=0x72a7410e28 sp=0x70d87c2d90 mem_r=0x70d87c2da0 -> x22=0x72a7410e28 x21=0xc9 
[libmetasec_ml.so] 0x70fbd63c08!0x116c08 ldr x23, [sp], #0x40; x23=0x2a45 sp=0x70d87c2d90 mem_r=0x70d87c2d90 -> x23=0x2a45 
[libmetasec_ml.so] 0x70fbd63c0c!0x116c0c ret ; 
[libmetasec_ml.so] 0x70fbd63754!0x116754 mov x25, x0; x25=0x7 x0=0x4 -> x25=0x4 
[libmetasec_ml.so] 0x70fbd63758!0x116758 b #0x70fbd63940; 
[libmetasec_ml.so] 0x70fbd63940!0x116940 add x21, x25, x21; x21=0xc9 x25=0x4 x21=0xc9 -> x21=0xcd 
[libmetasec_ml.so] 0x70fbd63944!0x116944 add x28, x28, #1; x28=0x14 x28=0x14 -> x28=0x15 
[libmetasec_ml.so] 0x70fbd63948!0x116948 b #0x70fbd635f0; 
[libmetasec_ml.so] 0x70fbd635f0!0x1165f0 ldr x8, [x20]; x8=0x2 x20=0x72a7410d48 mem_r=0x72a7410d48 -> x8=0x70fbebf080 
[libmetasec_ml.so] 0x70fbd635f4!0x1165f4 ldr w9, [x8, #0x30]; w9=0x1 x8=0x70fbebf080 mem_r=0x70fbebf0b0 -> w9=0x18 
[libmetasec_ml.so] 0x70fbd635f8!0x1165f8 cmp x28, x9; x28=0x15 x9=0x18 -> x28=0x15 
[libmetasec_ml.so] 0x70fbd635fc!0x1165fc b.hs #0x70fbd6397c; 
[libmetasec_ml.so] 0x70fbd63600!0x116600 ldr x8, [x8, #0x38]; x8=0x70fbebf080 x8=0x70fbebf080 mem_r=0x70fbebf0b8 -> x8=0x70fbec1178 
[libmetasec_ml.so] 0x70fbd63604!0x116604 nop ; 
[libmetasec_ml.so] 0x70fbd63608!0x116608 madd x24, x28, x19, x8; x24=0x70fbec1718 x28=0x15 x19=0x48 x8=0x70fbec1178 -> x24=0x70fbec1760 
[libmetasec_ml.so] 0x70fbd6360c!0x11660c ldr w9, [x24, #0x18]; w9=0x18 x24=0x70fbec1760 mem_r=0x70fbec1778 -> w9=0xe4 
[libmetasec_ml.so] 0x70fbd63610!0x116610 ldr w11, [x24, #0xc]; w11=0x1b x24=0x70fbec1760 mem_r=0x70fbec176c -> w11=0x3 
[libmetasec_ml.so] 0x70fbd63614!0x116614 add x22, x20, x9; x22=0x72a7410e28 x20=0x72a7410d48 x9=0xe4 -> x22=0x72a7410e2c 
[libmetasec_ml.so] 0x70fbd63618!0x116618 cbz w11, #0x70fbd63744; w11=0x3 
[libmetasec_ml.so] 0x70fbd6361c!0x11661c ldr w9, [x24, #0x14]; w9=0xe4 x24=0x70fbec1760 mem_r=0x70fbec1774 -> w9=0x0 
[libmetasec_ml.so] 0x70fbd63620!0x116620 cmp w11, #1; w11=0x3 -> w11=0x3 
[libmetasec_ml.so] 0x70fbd63624!0x116624 madd x10, x28, x19, x8; x10=0x70fbd63ac4 x28=0x15 x19=0x48 x8=0x70fbec1178 -> x10=0x70fbec1760 
[libmetasec_ml.so] 0x70fbd63628!0x116628 ccmp w11, #3, #4, ne; w11=0x3 
[libmetasec_ml.so] 0x70fbd6362c!0x11662c b.ne #0x70fbd63668; 
[libmetasec_ml.so] 0x70fbd63630!0x116630 ldr w10, [x10, #0x30]; w10=0xfbec1760 x10=0x70fbec1760 mem_r=0x70fbec1790 -> w10=0x0 
[libmetasec_ml.so] 0x70fbd63634!0x116634 tbnz w10, #2, #0x70fbd636a0; w10=0x0 
[libmetasec_ml.so] 0x70fbd63638!0x116638 cmp w11, #3; w11=0x3 -> w11=0x3 
[libmetasec_ml.so] 0x70fbd6363c!0x11663c b.eq #0x70fbd6372c; 
[libmetasec_ml.so] 0x70fbd6372c!0x11672c mov x0, x24; x0=0x4 x24=0x70fbec1760 -> x0=0x70fbec1760 
[libmetasec_ml.so] 0x70fbd63730!0x116730 mov x1, x22; x1=0x73674114db x22=0x72a7410e2c -> x1=0x72a7410e2c 
[libmetasec_ml.so] 0x70fbd63734!0x116734 bl #0x70fbd64dc8; 
[libmetasec_ml.so] 0x70fbd64dc8!0x117dc8 ldr w8, [x0, #0x10]; w8=0xfbec1178 x0=0x70fbec1760 mem_r=0x70fbec1770 -> w8=0x1 
[libmetasec_ml.so] 0x70fbd64dcc!0x117dcc cmp w8, #0x10; w8=0x1 -> w8=0x1 
[libmetasec_ml.so] 0x70fbd64dd0!0x117dd0 b.hi #0x70fbd64e30; 
[libmetasec_ml.so] 0x70fbd64dd4!0x117dd4 adrp x9, #0x70fbe42000; x9=0x0 -> x9=0x70fbe42000 
[libmetasec_ml.so] 0x70fbd64dd8!0x117dd8 add x9, x9, #0x623; x9=0x70fbe42000 x9=0x70fbe42000 -> x9=0x70fbe42623 
[libmetasec_ml.so] 0x70fbd64ddc!0x117ddc adr x10, #0x70fbd64dec; x10=0x0 -> x10=0x70fbd64dec 
[libmetasec_ml.so] 0x70fbd64de0!0x117de0 ldrb w11, [x9, x8]; w11=0x3 x9=0x70fbe42623 x8=0x1 mem_r=0x70fbe42624 -> w11=0x0 
[libmetasec_ml.so] 0x70fbd64de4!0x117de4 add x10, x10, x11, lsl #2; x10=0x70fbd64dec x10=0x70fbd64dec x11=0x0 -> x10=0x70fbd64dec 
[libmetasec_ml.so] 0x70fbd64de8!0x117de8 br x10; x10=0x70fbd64dec 
[libmetasec_ml.so] 0x70fbd64dec!0x117dec ldr w8, [x1]; w8=0x1 x1=0x72a7410e2c mem_r=0x72a7410e2c -> w8=0x0 
[libmetasec_ml.so] 0x70fbd64df0!0x117df0 cmp w8, #0; w8=0x0 -> w8=0x0 
[libmetasec_ml.so] 0x70fbd64df4!0x117df4 b #0x70fbd64e00; 
[libmetasec_ml.so] 0x70fbd64e00!0x117e00 cset w0, eq; w0=0xfbec1760 -> w0=0x1 
[libmetasec_ml.so] 0x70fbd64e04!0x117e04 ret ; 
[libmetasec_ml.so] 0x70fbd63738!0x116738 cbz w0, #0x70fbd63744; w0=0x1 
[libmetasec_ml.so] 0x70fbd6373c!0x11673c mov x25, xzr; x25=0x4 -> x25=0x0 
[libmetasec_ml.so] 0x70fbd63740!0x116740 b #0x70fbd63940; 
[libmetasec_ml.so] 0x70fbd63940!0x116940 add x21, x25, x21; x21=0xcd x25=0x0 x21=0xcd -> x21=0xcd 
[libmetasec_ml.so] 0x70fbd63944!0x116944 add x28, x28, #1; x28=0x15 x28=0x15 -> x28=0x16 
[libmetasec_ml.so] 0x70fbd63948!0x116948 b #0x70fbd635f0; 
[libmetasec_ml.so] 0x70fbd635f0!0x1165f0 ldr x8, [x20]; x8=0x0 x20=0x72a7410d48 mem_r=0x72a7410d48 -> x8=0x70fbebf080 
[libmetasec_ml.so] 0x70fbd635f4!0x1165f4 ldr w9, [x8, #0x30]; w9=0xfbe42623 x8=0x70fbebf080 mem_r=0x70fbebf0b0 -> w9=0x18 
[libmetasec_ml.so] 0x70fbd635f8!0x1165f8 cmp x28, x9; x28=0x16 x9=0x18 -> x28=0x16 
[libmetasec_ml.so] 0x70fbd635fc!0x1165fc b.hs #0x70fbd6397c; 
[libmetasec_ml.so] 0x70fbd63600!0x116600 ldr x8, [x8, #0x38]; x8=0x70fbebf080 x8=0x70fbebf080 mem_r=0x70fbebf0b8 -> x8=0x70fbec1178 
[libmetasec_ml.so] 0x70fbd63604!0x116604 nop ; 
[libmetasec_ml.so] 0x70fbd63608!0x116608 madd x24, x28, x19, x8; x24=0x70fbec1760 x28=0x16 x19=0x48 x8=0x70fbec1178 -> x24=0x70fbec17a8 
[libmetasec_ml.so] 0x70fbd6360c!0x11660c ldr w9, [x24, #0x18]; w9=0x18 x24=0x70fbec17a8 mem_r=0x70fbec17c0 -> w9=0xe8 
[libmetasec_ml.so] 0x70fbd63610!0x116610 ldr w11, [x24, #0xc]; w11=0x0 x24=0x70fbec17a8 mem_r=0x70fbec17b4 -> w11=0x3 
[libmetasec_ml.so] 0x70fbd63614!0x116614 add x22, x20, x9; x22=0x72a7410e2c x20=0x72a7410d48 x9=0xe8 -> x22=0x72a7410e30 
[libmetasec_ml.so] 0x70fbd63618!0x116618 cbz w11, #0x70fbd63744; w11=0x3 
[libmetasec_ml.so] 0x70fbd6361c!0x11661c ldr w9, [x24, #0x14]; w9=0xe8 x24=0x70fbec17a8 mem_r=0x70fbec17bc -> w9=0x0 
[libmetasec_ml.so] 0x70fbd63620!0x116620 cmp w11, #1; w11=0x3 -> w11=0x3 
[libmetasec_ml.so] 0x70fbd63624!0x116624 madd x10, x28, x19, x8; x10=0x70fbd64dec x28=0x16 x19=0x48 x8=0x70fbec1178 -> x10=0x70fbec17a8 
[libmetasec_ml.so] 0x70fbd63628!0x116628 ccmp w11, #3, #4, ne; w11=0x3 
[libmetasec_ml.so] 0x70fbd6362c!0x11662c b.ne #0x70fbd63668; 
[libmetasec_ml.so] 0x70fbd63630!0x116630 ldr w10, [x10, #0x30]; w10=0xfbec17a8 x10=0x70fbec17a8 mem_r=0x70fbec17d8 -> w10=0x0 
[libmetasec_ml.so] 0x70fbd63634!0x116634 tbnz w10, #2, #0x70fbd636a0; w10=0x0 
[libmetasec_ml.so] 0x70fbd63638!0x116638 cmp w11, #3; w11=0x3 -> w11=0x3 
[libmetasec_ml.so] 0x70fbd6363c!0x11663c b.eq #0x70fbd6372c; 
[libmetasec_ml.so] 0x70fbd6372c!0x11672c mov x0, x24; x0=0x1 x24=0x70fbec17a8 -> x0=0x70fbec17a8 
[libmetasec_ml.so] 0x70fbd63730!0x116730 mov x1, x22; x1=0x72a7410e2c x22=0x72a7410e30 -> x1=0x72a7410e30 
[libmetasec_ml.so] 0x70fbd63734!0x116734 bl #0x70fbd64dc8; 
[libmetasec_ml.so] 0x70fbd64dc8!0x117dc8 ldr w8, [x0, #0x10]; w8=0xfbec1178 x0=0x70fbec17a8 mem_r=0x70fbec17b8 -> w8=0x10 
[libmetasec_ml.so] 0x70fbd64dcc!0x117dcc cmp w8, #0x10; w8=0x10 -> w8=0x10 
[libmetasec_ml.so] 0x70fbd64dd0!0x117dd0 b.hi #0x70fbd64e30; 
[libmetasec_ml.so] 0x70fbd64dd4!0x117dd4 adrp x9, #0x70fbe42000; x9=0x0 -> x9=0x70fbe42000 
[libmetasec_ml.so] 0x70fbd64dd8!0x117dd8 add x9, x9, #0x623; x9=0x70fbe42000 x9=0x70fbe42000 -> x9=0x70fbe42623 
[libmetasec_ml.so] 0x70fbd64ddc!0x117ddc adr x10, #0x70fbd64dec; x10=0x0 -> x10=0x70fbd64dec 
[libmetasec_ml.so] 0x70fbd64de0!0x117de0 ldrb w11, [x9, x8]; w11=0x3 x9=0x70fbe42623 x8=0x10 mem_r=0x70fbe42633 -> w11=0x3 
[libmetasec_ml.so] 0x70fbd64de4!0x117de4 add x10, x10, x11, lsl #2; x10=0x70fbd64dec x10=0x70fbd64dec x11=0x3 -> x10=0x70fbd64df8 
[libmetasec_ml.so] 0x70fbd64de8!0x117de8 br x10; x10=0x70fbd64df8 
[libmetasec_ml.so] 0x70fbd64df8!0x117df8 ldr x8, [x1]; x8=0x10 x1=0x72a7410e30 mem_r=0x72a7410e30 -> x8=0x72a7410b88 
[libmetasec_ml.so] 0x70fbd64dfc!0x117dfc cmp x8, #0; x8=0x72a7410b88 -> x8=0x72a7410b88 
[libmetasec_ml.so] 0x70fbd64e00!0x117e00 cset w0, eq; w0=0xfbec17a8 -> w0=0x0 
[libmetasec_ml.so] 0x70fbd64e04!0x117e04 ret ; 
[libmetasec_ml.so] 0x70fbd63738!0x116738 cbz w0, #0x70fbd63744; w0=0x0 
[libmetasec_ml.so] 0x70fbd63744!0x116744 add x2, x27, x21; x2=0x73674114d9 x27=0x7367411410 x21=0xcd -> x2=0x73674114dd 
[libmetasec_ml.so] 0x70fbd63748!0x116748 mov x0, x24; x0=0x0 x24=0x70fbec17a8 -> x0=0x70fbec17a8 
[libmetasec_ml.so] 0x70fbd6374c!0x11674c mov x1, x22; x1=0x72a7410e30 x22=0x72a7410e30 -> x1=0x72a7410e30 
[libmetasec_ml.so] 0x70fbd63750!0x116750 bl #0x70fbd63a04; 
[libmetasec_ml.so] 0x70fbd63a04!0x116a04 str x23, [sp, #-0x40]!; x23=0x2a45 sp=0x70d87c2dd0 mem_w=0x70d87c2d90 -> sp=0x70d87c2d90 
[libmetasec_ml.so] 0x70fbd63a08!0x116a08 stp x22, x21, [sp, #0x10]; x22=0x72a7410e30 x21=0xcd sp=0x70d87c2d90 mem_w=0x70d87c2da0 
[libmetasec_ml.so] 0x70fbd63a0c!0x116a0c stp x20, x19, [sp, #0x20]; x20=0x72a7410d48 x19=0x48 sp=0x70d87c2d90 mem_w=0x70d87c2db0 
[libmetasec_ml.so] 0x70fbd63a10!0x116a10 stp x29, x30, [sp, #0x30]; fp=0x70d87c2e40 lr=0x70fbd63754 sp=0x70d87c2d90 mem_w=0x70d87c2dc0 
[libmetasec_ml.so] 0x70fbd63a14!0x116a14 add x29, sp, #0x30; fp=0x70d87c2e40 sp=0x70d87c2d90 -> fp=0x70d87c2dc0 
[libmetasec_ml.so] 0x70fbd63a18!0x116a18 mov x19, x0; x19=0x48 x0=0x70fbec17a8 -> x19=0x70fbec17a8 
[libmetasec_ml.so] 0x70fbd63a1c!0x116a1c ldr w0, [x0, #8]; w0=0xfbec17a8 x0=0x70fbec17a8 mem_r=0x70fbec17b0 -> w0=0x17 
[libmetasec_ml.so] 0x70fbd63a20!0x116a20 mov x21, x1; x21=0xcd x1=0x72a7410e30 -> x21=0x72a7410e30 
[libmetasec_ml.so] 0x70fbd63a24!0x116a24 mov x1, x2; x1=0x72a7410e30 x2=0x73674114dd -> x1=0x73674114dd 
[libmetasec_ml.so] 0x70fbd63a28!0x116a28 mov x20, x2; x20=0x72a7410d48 x2=0x73674114dd -> x20=0x73674114dd 
[libmetasec_ml.so] 0x70fbd63a2c!0x116a2c bl #0x70fbd64e38; 
[libmetasec_ml.so] 0x70fbd64e38!0x117e38 lsr w8, w0, #0x1d; w8=0xa7410b88 w0=0x17 -> w8=0x0 
[libmetasec_ml.so] 0x70fbd64e3c!0x117e3c cbnz w8, #0x70fbd64e48; w8=0x0 
[libmetasec_ml.so] 0x70fbd64e40!0x117e40 lsl w0, w0, #3; w0=0x17 w0=0x17 -> w0=0xb8 
[libmetasec_ml.so] 0x70fbd64e44!0x117e44 b #0x70fbd64eb8; 
[libmetasec_ml.so] 0x70fbd64eb8!0x117eb8 cmp w0, #0x80; w0=0xb8 -> w0=0xb8 
[libmetasec_ml.so] 0x70fbd64ebc!0x117ebc b.lo #0x70fbd64f0c; 
[libmetasec_ml.so] 0x70fbd64ec0!0x117ec0 orr w8, w0, #0x80; w8=0x0 w0=0xb8 -> w8=0xb8 
[libmetasec_ml.so] 0x70fbd64ec4!0x117ec4 cmp w0, #4, lsl #12; w0=0xb8 -> w0=0xb8 
[libmetasec_ml.so] 0x70fbd64ec8!0x117ec8 strb w8, [x1]; w8=0xb8 x1=0x73674114dd mem_w=0x73674114dd 
[libmetasec_ml.so] 0x70fbd64ecc!0x117ecc lsr w8, w0, #7; w8=0xb8 w0=0xb8 -> w8=0x1 
[libmetasec_ml.so] 0x70fbd64ed0!0x117ed0 b.lo #0x70fbd64f14; 
[libmetasec_ml.so] 0x70fbd64f14!0x117f14 mov w9, #1; w9=0xfbe42623 -> w9=0x1 
[libmetasec_ml.so] 0x70fbd64f18!0x117f18 b #0x70fbd64f28; 
[libmetasec_ml.so] 0x70fbd64f28!0x117f28 mov w0, w8; w0=0xb8 w8=0x1 -> w0=0x1 
[libmetasec_ml.so] 0x70fbd64f2c!0x117f2c add w8, w9, #1; w8=0x1 w9=0x1 -> w8=0x2 
[libmetasec_ml.so] 0x70fbd64f30!0x117f30 strb w0, [x1, w9, uxtw]; w0=0x1 x1=0x73674114dd w9=0x1 mem_w=0x73674114de 
[libmetasec_ml.so] 0x70fbd64f34!0x117f34 mov x0, x8; x0=0x1 x8=0x2 -> x0=0x2 
[libmetasec_ml.so] 0x70fbd64f38!0x117f38 ret ; 
[libmetasec_ml.so] 0x70fbd63a30!0x116a30 ldr w8, [x19, #0x10]; w8=0x2 x19=0x70fbec17a8 mem_r=0x70fbec17b8 -> w8=0x10 
[libmetasec_ml.so] 0x70fbd63a34!0x116a34 cmp w8, #0x10; w8=0x10 -> w8=0x10 
[libmetasec_ml.so] 0x70fbd63a38!0x116a38 b.hi #0x70fbd63abc; 
[libmetasec_ml.so] 0x70fbd63a3c!0x116a3c adrp x9, #0x70fbe42000; x9=0x1 -> x9=0x70fbe42000 
[libmetasec_ml.so] 0x70fbd63a40!0x116a40 add x9, x9, #0x5d4; x9=0x70fbe42000 x9=0x70fbe42000 -> x9=0x70fbe425d4 
[libmetasec_ml.so] 0x70fbd63a44!0x116a44 adr x10, #0x70fbd63a58; x10=0x70fbd64df8 -> x10=0x70fbd63a58 
[libmetasec_ml.so] 0x70fbd63a48!0x116a48 ldrb w11, [x9, x8]; w11=0x3 x9=0x70fbe425d4 x8=0x10 mem_r=0x70fbe425e4 -> w11=0x50 
[libmetasec_ml.so] 0x70fbd63a4c!0x116a4c add x10, x10, x11, lsl #2; x10=0x70fbd63a58 x10=0x70fbd63a58 x11=0x50 -> x10=0x70fbd63b98 
[libmetasec_ml.so] 0x70fbd63a50!0x116a50 mov x19, x0; x19=0x70fbec17a8 x0=0x2 -> x19=0x2 
[libmetasec_ml.so] 0x70fbd63a54!0x116a54 br x10; x10=0x70fbd63b98 
[libmetasec_ml.so] 0x70fbd63b98!0x116b98 ldrb w8, [x20]; w8=0x10 x20=0x73674114dd mem_r=0x73674114dd -> w8=0xb8 
[libmetasec_ml.so] 0x70fbd63b9c!0x116b9c orr w8, w8, #2; w8=0xb8 w8=0xb8 -> w8=0xba 
[libmetasec_ml.so] 0x70fbd63ba0!0x116ba0 strb w8, [x20]; w8=0xba x20=0x73674114dd mem_w=0x73674114dd 
[libmetasec_ml.so] 0x70fbd63ba4!0x116ba4 ldr x0, [x21]; x0=0x2 x21=0x72a7410e30 mem_r=0x72a7410e30 -> x0=0x72a7410b88 
[libmetasec_ml.so] 0x70fbd63ba8!0x116ba8 add x20, x20, x19; x20=0x73674114dd x20=0x73674114dd x19=0x2 -> x20=0x73674114df 
[libmetasec_ml.so] 0x70fbd63bac!0x116bac cbz x0, #0x70fbd63bf0; x0=0x72a7410b88 
[libmetasec_ml.so] 0x70fbd63bb0!0x116bb0 add x22, x20, #1; x22=0x72a7410e30 x20=0x73674114df -> x22=0x73674114e0 
[libmetasec_ml.so] 0x70fbd63bb4!0x116bb4 mov x1, x22; x1=0x73674114dd x22=0x73674114e0 -> x1=0x73674114e0 
[libmetasec_ml.so] 0x70fbd63bb8!0x116bb8 bl #0x70fbd635b8; 
[libmetasec_ml.so] 0x70fbd635b8!0x1165b8 b #0x70fbf16000; 
[libmetasec_ml.so] 0x70fbd635cc!0x1165cc stp x20, x19, [sp, #0x60]; x20=0x73674114df x19=0x2 sp=0x70d87c2bb0 mem_w=0x70d87c2c10 
[libmetasec_ml.so] 0x70fbd635d0!0x1165d0 stp x29, x30, [sp, #0x70]; fp=0x70d87c2dc0 lr=0x70fbf160f0 sp=0x70d87c2bb0 mem_w=0x70d87c2c20 
[libmetasec_ml.so] 0x70fbd635d4!0x1165d4 add x29, sp, #0x70; fp=0x70d87c2dc0 sp=0x70d87c2bb0 -> fp=0x70d87c2c20 
[libmetasec_ml.so] 0x70fbd635d8!0x1165d8 mov x27, x1; x27=0x7367411410 x1=0x73674114e0 -> x27=0x73674114e0 
[libmetasec_ml.so] 0x70fbd635dc!0x1165dc mov x20, x0; x20=0x73674114df x0=0x72a7410b88 -> x20=0x72a7410b88 
[libmetasec_ml.so] 0x70fbd635e0!0x1165e0 mov x28, xzr; x28=0x16 -> x28=0x0 
[libmetasec_ml.so] 0x70fbd635e4!0x1165e4 mov x21, xzr; x21=0x72a7410e30 -> x21=0x0 
[libmetasec_ml.so] 0x70fbd635e8!0x1165e8 mov w19, #0x48; w19=0x2 -> w19=0x48 
[libmetasec_ml.so] 0x70fbd635ec!0x1165ec str x1, [sp, #0x18]; x1=0x73674114e0 sp=0x70d87c2bb0 mem_w=0x70d87c2bc8 
[libmetasec_ml.so] 0x70fbd635f0!0x1165f0 ldr x8, [x20]; x8=0xba x20=0x72a7410b88 mem_r=0x72a7410b88 -> x8=0x70fbebef10 
[libmetasec_ml.so] 0x70fbd635f4!0x1165f4 ldr w9, [x8, #0x30]; w9=0xfbe425d4 x8=0x70fbebef10 mem_r=0x70fbebef40 -> w9=0x17 
[libmetasec_ml.so] 0x70fbd635f8!0x1165f8 cmp x28, x9; x28=0x0 x9=0x17 -> x28=0x0 
[libmetasec_ml.so] 0x70fbd635fc!0x1165fc b.hs #0x70fbd6397c; 
[libmetasec_ml.so] 0x70fbd63600!0x116600 ldr x8, [x8, #0x38]; x8=0x70fbebef10 x8=0x70fbebef10 mem_r=0x70fbebef48 -> x8=0x70fbec0830 
[libmetasec_ml.so] 0x70fbd63604!0x116604 nop ; 
[libmetasec_ml.so] 0x70fbd63608!0x116608 madd x24, x28, x19, x8; x24=0x70fbec17a8 x28=0x0 x19=0x48 x8=0x70fbec0830 -> x24=0x70fbec0830 
[libmetasec_ml.so] 0x70fbd6360c!0x11660c ldr w9, [x24, #0x18]; w9=0x17 x24=0x70fbec0830 mem_r=0x70fbec0848 -> w9=0x18 
[libmetasec_ml.so] 0x70fbd63610!0x116610 ldr w11, [x24, #0xc]; w11=0x50 x24=0x70fbec0830 mem_r=0x70fbec083c -> w11=0x3 
[libmetasec_ml.so] 0x70fbd63614!0x116614 add x22, x20, x9; x22=0x73674114e0 x20=0x72a7410b88 x9=0x18 -> x22=0x72a7410ba0 
[libmetasec_ml.so] 0x70fbd63618!0x116618 cbz w11, #0x70fbd63744; w11=0x3 
[libmetasec_ml.so] 0x70fbd6361c!0x11661c ldr w9, [x24, #0x14]; w9=0x18 x24=0x70fbec0830 mem_r=0x70fbec0844 -> w9=0x0 
[libmetasec_ml.so] 0x70fbd63620!0x116620 cmp w11, #1; w11=0x3 -> w11=0x3 
[libmetasec_ml.so] 0x70fbd63624!0x116624 madd x10, x28, x19, x8; x10=0x70fbd63b98 x28=0x0 x19=0x48 x8=0x70fbec0830 -> x10=0x70fbec0830 
[libmetasec_ml.so] 0x70fbd63628!0x116628 ccmp w11, #3, #4, ne; w11=0x3 
[libmetasec_ml.so] 0x70fbd6362c!0x11662c b.ne #0x70fbd63668; 
[libmetasec_ml.so] 0x70fbd63630!0x116630 ldr w10, [x10, #0x30]; w10=0xfbec0830 x10=0x70fbec0830 mem_r=0x70fbec0860 -> w10=0x0 
[libmetasec_ml.so] 0x70fbd63634!0x116634 tbnz w10, #2, #0x70fbd636a0; w10=0x0 
[libmetasec_ml.so] 0x70fbd63638!0x116638 cmp w11, #3; w11=0x3 -> w11=0x3 
[libmetasec_ml.so] 0x70fbd6363c!0x11663c b.eq #0x70fbd6372c; 
[libmetasec_ml.so] 0x70fbd6372c!0x11672c mov x0, x24; x0=0x72a7410b88 x24=0x70fbec0830 -> x0=0x70fbec0830 
[libmetasec_ml.so] 0x70fbd63730!0x116730 mov x1, x22; x1=0x73674114e0 x22=0x72a7410ba0 -> x1=0x72a7410ba0 
[libmetasec_ml.so] 0x70fbd63734!0x116734 bl #0x70fbd64dc8; 
[libmetasec_ml.so] 0x70fbd64dc8!0x117dc8 ldr w8, [x0, #0x10]; w8=0xfbec0830 x0=0x70fbec0830 mem_r=0x70fbec0840 -> w8=0x1 
[libmetasec_ml.so] 0x70fbd64dcc!0x117dcc cmp w8, #0x10; w8=0x1 -> w8=0x1 
[libmetasec_ml.so] 0x70fbd64dd0!0x117dd0 b.hi #0x70fbd64e30; 
[libmetasec_ml.so] 0x70fbd64dd4!0x117dd4 adrp x9, #0x70fbe42000; x9=0x0 -> x9=0x70fbe42000 
[libmetasec_ml.so] 0x70fbd64dd8!0x117dd8 add x9, x9, #0x623; x9=0x70fbe42000 x9=0x70fbe42000 -> x9=0x70fbe42623 
[libmetasec_ml.so] 0x70fbd64ddc!0x117ddc adr x10, #0x70fbd64dec; x10=0x0 -> x10=0x70fbd64dec 
[libmetasec_ml.so] 0x70fbd64de0!0x117de0 ldrb w11, [x9, x8]; w11=0x3 x9=0x70fbe42623 x8=0x1 mem_r=0x70fbe42624 -> w11=0x0 
[libmetasec_ml.so] 0x70fbd64de4!0x117de4 add x10, x10, x11, lsl #2; x10=0x70fbd64dec x10=0x70fbd64dec x11=0x0 -> x10=0x70fbd64dec 
[libmetasec_ml.so] 0x70fbd64de8!0x117de8 br x10; x10=0x70fbd64dec 
[libmetasec_ml.so] 0x70fbd64dec!0x117dec ldr w8, [x1]; w8=0x1 x1=0x72a7410ba0 mem_r=0x72a7410ba0 -> w8=0x1 
[libmetasec_ml.so] 0x70fbd64df0!0x117df0 cmp w8, #0; w8=0x1 -> w8=0x1 
[libmetasec_ml.so] 0x70fbd64df4!0x117df4 b #0x70fbd64e00; 
[libmetasec_ml.so] 0x70fbd64e00!0x117e00 cset w0, eq; w0=0xfbec0830 -> w0=0x0 
[libmetasec_ml.so] 0x70fbd64e04!0x117e04 ret ; 
[libmetasec_ml.so] 0x70fbd63738!0x116738 cbz w0, #0x70fbd63744; w0=0x0 
[libmetasec_ml.so] 0x70fbd63744!0x116744 add x2, x27, x21; x2=0x73674114dd x27=0x73674114e0 x21=0x0 -> x2=0x73674114e0 
[libmetasec_ml.so] 0x70fbd63748!0x116748 mov x0, x24; x0=0x0 x24=0x70fbec0830 -> x0=0x70fbec0830 
[libmetasec_ml.so] 0x70fbd6374c!0x11674c mov x1, x22; x1=0x72a7410ba0 x22=0x72a7410ba0 -> x1=0x72a7410ba0 
[libmetasec_ml.so] 0x70fbd63750!0x116750 bl #0x70fbd63a04; 
[libmetasec_ml.so] 0x70fbd63a04!0x116a04 str x23, [sp, #-0x40]!; x23=0x2a45 sp=0x70d87c2bb0 mem_w=0x70d87c2b70 -> sp=0x70d87c2b70 
[libmetasec_ml.so] 0x70fbd63a08!0x116a08 stp x22, x21, [sp, #0x10]; x22=0x72a7410ba0 x21=0x0 sp=0x70d87c2b70 mem_w=0x70d87c2b80 
[libmetasec_ml.so] 0x70fbd63a0c!0x116a0c stp x20, x19, [sp, #0x20]; x20=0x72a7410b88 x19=0x48 sp=0x70d87c2b70 mem_w=0x70d87c2b90 
[libmetasec_ml.so] 0x70fbd63a10!0x116a10 stp x29, x30, [sp, #0x30]; fp=0x70d87c2c20 lr=0x70fbd63754 sp=0x70d87c2b70 mem_w=0x70d87c2ba0 
[libmetasec_ml.so] 0x70fbd63a14!0x116a14 add x29, sp, #0x30; fp=0x70d87c2c20 sp=0x70d87c2b70 -> fp=0x70d87c2ba0 
[libmetasec_ml.so] 0x70fbd63a18!0x116a18 mov x19, x0; x19=0x48 x0=0x70fbec0830 -> x19=0x70fbec0830 
[libmetasec_ml.so] 0x70fbd63a1c!0x116a1c ldr w0, [x0, #8]; w0=0xfbec0830 x0=0x70fbec0830 mem_r=0x70fbec0838 -> w0=0x1 
[libmetasec_ml.so] 0x70fbd63a20!0x116a20 mov x21, x1; x21=0x0 x1=0x72a7410ba0 -> x21=0x72a7410ba0 
[libmetasec_ml.so] 0x70fbd63a24!0x116a24 mov x1, x2; x1=0x72a7410ba0 x2=0x73674114e0 -> x1=0x73674114e0 
[libmetasec_ml.so] 0x70fbd63a28!0x116a28 mov x20, x2; x20=0x72a7410b88 x2=0x73674114e0 -> x20=0x73674114e0 
[libmetasec_ml.so] 0x70fbd63a2c!0x116a2c bl #0x70fbd64e38; 
[libmetasec_ml.so] 0x70fbd64e38!0x117e38 lsr w8, w0, #0x1d; w8=0x1 w0=0x1 -> w8=0x0 
[libmetasec_ml.so] 0x70fbd64e3c!0x117e3c cbnz w8, #0x70fbd64e48; w8=0x0 
[libmetasec_ml.so] 0x70fbd64e40!0x117e40 lsl w0, w0, #3; w0=0x1 w0=0x1 -> w0=0x8 
[libmetasec_ml.so] 0x70fbd64e44!0x117e44 b #0x70fbd64eb8; 
[libmetasec_ml.so] 0x70fbd64eb8!0x117eb8 cmp w0, #0x80; w0=0x8 -> w0=0x8 
[libmetasec_ml.so] 0x70fbd64ebc!0x117ebc b.lo #0x70fbd64f0c; 
[libmetasec_ml.so] 0x70fbd64f0c!0x117f0c mov w9, wzr; w9=0xfbe42623 -> w9=0x0 
[libmetasec_ml.so] 0x70fbd64f10!0x117f10 b #0x70fbd64f2c; 
[libmetasec_ml.so] 0x70fbd64f2c!0x117f2c add w8, w9, #1; w8=0x0 w9=0x0 -> w8=0x1 
[libmetasec_ml.so] 0x70fbd64f30!0x117f30 strb w0, [x1, w9, uxtw]; w0=0x8 x1=0x73674114e0 w9=0x0 mem_w=0x73674114e0 
[libmetasec_ml.so] 0x70fbd64f34!0x117f34 mov x0, x8; x0=0x8 x8=0x1 -> x0=0x1 
[libmetasec_ml.so] 0x70fbd64f38!0x117f38 ret ; 
[libmetasec_ml.so] 0x70fbd63a30!0x116a30 ldr w8, [x19, #0x10]; w8=0x1 x19=0x70fbec0830 mem_r=0x70fbec0840 -> w8=0x1 
[libmetasec_ml.so] 0x70fbd63a34!0x116a34 cmp w8, #0x10; w8=0x1 -> w8=0x1 
[libmetasec_ml.so] 0x70fbd63a38!0x116a38 b.hi #0x70fbd63abc; 
[libmetasec_ml.so] 0x70fbd63a3c!0x116a3c adrp x9, #0x70fbe42000; x9=0x0 -> x9=0x70fbe42000 
[libmetasec_ml.so] 0x70fbd63a40!0x116a40 add x9, x9, #0x5d4; x9=0x70fbe42000 x9=0x70fbe42000 -> x9=0x70fbe425d4 
[libmetasec_ml.so] 0x70fbd63a44!0x116a44 adr x10, #0x70fbd63a58; x10=0x70fbd64dec -> x10=0x70fbd63a58 
[libmetasec_ml.so] 0x70fbd63a48!0x116a48 ldrb w11, [x9, x8]; w11=0x0 x9=0x70fbe425d4 x8=0x1 mem_r=0x70fbe425d5 -> w11=0x1b 
[libmetasec_ml.so] 0x70fbd63a4c!0x116a4c add x10, x10, x11, lsl #2; x10=0x70fbd63a58 x10=0x70fbd63a58 x11=0x1b -> x10=0x70fbd63ac4 
[libmetasec_ml.so] 0x70fbd63a50!0x116a50 mov x19, x0; x19=0x70fbec0830 x0=0x1 -> x19=0x1 
[libmetasec_ml.so] 0x70fbd63a54!0x116a54 br x10; x10=0x70fbd63ac4 
[libmetasec_ml.so] 0x70fbd63ac4!0x116ac4 ldr w0, [x21]; w0=0x1 x21=0x72a7410ba0 mem_r=0x72a7410ba0 -> w0=0x1 
[libmetasec_ml.so] 0x70fbd63ac8!0x116ac8 add x1, x20, x19; x1=0x73674114e0 x20=0x73674114e0 x19=0x1 -> x1=0x73674114e1 
[libmetasec_ml.so] 0x70fbd63acc!0x116acc bl #0x70fbd64e54; 
[libmetasec_ml.so] 0x70fbd64e54!0x117e54 lsl w8, w0, #1; w8=0x1 w0=0x1 -> w8=0x2 
[libmetasec_ml.so] 0x70fbd64e58!0x117e58 eor w0, w8, w0, asr #31; w0=0x1 w8=0x2 w0=0x1 -> w0=0x2 
[libmetasec_ml.so] 0x70fbd64e5c!0x117e5c b #0x70fbd64eb8; 
[libmetasec_ml.so] 0x70fbd64eb8!0x117eb8 cmp w0, #0x80; w0=0x2 -> w0=0x2 
[libmetasec_ml.so] 0x70fbd64ebc!0x117ebc b.lo #0x70fbd64f0c; 
[libmetasec_ml.so] 0x70fbd64f0c!0x117f0c mov w9, wzr; w9=0xfbe425d4 -> w9=0x0 
[libmetasec_ml.so] 0x70fbd64f10!0x117f10 b #0x70fbd64f2c; 
[libmetasec_ml.so] 0x70fbd64f2c!0x117f2c add w8, w9, #1; w8=0x2 w9=0x0 -> w8=0x1 
[libmetasec_ml.so] 0x70fbd64f30!0x117f30 strb w0, [x1, w9, uxtw]; w0=0x2 x1=0x73674114e1 w9=0x0 mem_w=0x73674114e1 
[libmetasec_ml.so] 0x70fbd64f34!0x117f34 mov x0, x8; x0=0x2 x8=0x1 -> x0=0x1 
[libmetasec_ml.so] 0x70fbd64f38!0x117f38 ret ; 
[libmetasec_ml.so] 0x70fbd63ad0!0x116ad0 b #0x70fbd63af0; 
[libmetasec_ml.so] 0x70fbd63af0!0x116af0 add x0, x0, x19; x0=0x1 x0=0x1 x19=0x1 -> x0=0x2 
[libmetasec_ml.so] 0x70fbd63af4!0x116af4 b #0x70fbd63bfc; 
[libmetasec_ml.so] 0x70fbd63bfc!0x116bfc ldp x29, x30, [sp, #0x30]; fp=0x70d87c2ba0 lr=0x70fbd63ad0 sp=0x70d87c2b70 mem_r=0x70d87c2ba0 -> fp=0x70d87c2c20 lr=0x70fbd63754 
[libmetasec_ml.so] 0x70fbd63c00!0x116c00 ldp x20, x19, [sp, #0x20]; x20=0x73674114e0 x19=0x1 sp=0x70d87c2b70 mem_r=0x70d87c2b90 -> x20=0x72a7410b88 x19=0x48 
[libmetasec_ml.so] 0x70fbd63c04!0x116c04 ldp x22, x21, [sp, #0x10]; x22=0x72a7410ba0 x21=0x72a7410ba0 sp=0x70d87c2b70 mem_r=0x70d87c2b80 -> x22=0x72a7410ba0 x21=0x0 
[libmetasec_ml.so] 0x70fbd63c08!0x116c08 ldr x23, [sp], #0x40; x23=0x2a45 sp=0x70d87c2b70 mem_r=0x70d87c2b70 -> x23=0x2a45 
[libmetasec_ml.so] 0x70fbd63c0c!0x116c0c ret ; 
[libmetasec_ml.so] 0x70fbd63754!0x116754 mov x25, x0; x25=0x0 x0=0x2 -> x25=0x2 
[libmetasec_ml.so] 0x70fbd63758!0x116758 b #0x70fbd63940; 
[libmetasec_ml.so] 0x70fbd63940!0x116940 add x21, x25, x21; x21=0x0 x25=0x2 x21=0x0 -> x21=0x2 
[libmetasec_ml.so] 0x70fbd63944!0x116944 add x28, x28, #1; x28=0x0 x28=0x0 -> x28=0x1 
[libmetasec_ml.so] 0x70fbd63948!0x116948 b #0x70fbd635f0; 
[libmetasec_ml.so] 0x70fbd635f0!0x1165f0 ldr x8, [x20]; x8=0x1 x20=0x72a7410b88 mem_r=0x72a7410b88 -> x8=0x70fbebef10 
[libmetasec_ml.so] 0x70fbd635f4!0x1165f4 ldr w9, [x8, #0x30]; w9=0x0 x8=0x70fbebef10 mem_r=0x70fbebef40 -> w9=0x17 
[libmetasec_ml.so] 0x70fbd635f8!0x1165f8 cmp x28, x9; x28=0x1 x9=0x17 -> x28=0x1 
[libmetasec_ml.so] 0x70fbd635fc!0x1165fc b.hs #0x70fbd6397c; 
[libmetasec_ml.so] 0x70fbd63600!0x116600 ldr x8, [x8, #0x38]; x8=0x70fbebef10 x8=0x70fbebef10 mem_r=0x70fbebef48 -> x8=0x70fbec0830 
[libmetasec_ml.so] 0x70fbd63604!0x116604 nop ; 
[libmetasec_ml.so] 0x70fbd63608!0x116608 madd x24, x28, x19, x8; x24=0x70fbec0830 x28=0x1 x19=0x48 x8=0x70fbec0830 -> x24=0x70fbec0878 
[libmetasec_ml.so] 0x70fbd6360c!0x11660c ldr w9, [x24, #0x18]; w9=0x17 x24=0x70fbec0878 mem_r=0x70fbec0890 -> w9=0x20 
[libmetasec_ml.so] 0x70fbd63610!0x116610 ldr w11, [x24, #0xc]; w11=0x1b x24=0x70fbec0878 mem_r=0x70fbec0884 -> w11=0x3 
[libmetasec_ml.so] 0x70fbd63614!0x116614 add x22, x20, x9; x22=0x72a7410ba0 x20=0x72a7410b88 x9=0x20 -> x22=0x72a7410ba8 
[libmetasec_ml.so] 0x70fbd63618!0x116618 cbz w11, #0x70fbd63744; w11=0x3 
[libmetasec_ml.so] 0x70fbd6361c!0x11661c ldr w9, [x24, #0x14]; w9=0x20 x24=0x70fbec0878 mem_r=0x70fbec088c -> w9=0x0 
[libmetasec_ml.so] 0x70fbd63620!0x116620 cmp w11, #1; w11=0x3 -> w11=0x3 
[libmetasec_ml.so] 0x70fbd63624!0x116624 madd x10, x28, x19, x8; x10=0x70fbd63ac4 x28=0x1 x19=0x48 x8=0x70fbec0830 -> x10=0x70fbec0878 
[libmetasec_ml.so] 0x70fbd63628!0x116628 ccmp w11, #3, #4, ne; w11=0x3 
[libmetasec_ml.so] 0x70fbd6362c!0x11662c b.ne #0x70fbd63668; 
[libmetasec_ml.so] 0x70fbd63630!0x116630 ldr w10, [x10, #0x30]; w10=0xfbec0878 x10=0x70fbec0878 mem_r=0x70fbec08a8 -> w10=0x0 
[libmetasec_ml.so] 0x70fbd63634!0x116634 tbnz w10, #2, #0x70fbd636a0; w10=0x0 
[libmetasec_ml.so] 0x70fbd63638!0x116638 cmp w11, #3; w11=0x3 -> w11=0x3 
[libmetasec_ml.so] 0x70fbd6363c!0x11663c b.eq #0x70fbd6372c; 
[libmetasec_ml.so] 0x70fbd6372c!0x11672c mov x0, x24; x0=0x2 x24=0x70fbec0878 -> x0=0x70fbec0878 
[libmetasec_ml.so] 0x70fbd63730!0x116730 mov x1, x22; x1=0x73674114e1 x22=0x72a7410ba8 -> x1=0x72a7410ba8 
[libmetasec_ml.so] 0x70fbd63734!0x116734 bl #0x70fbd64dc8; 
[libmetasec_ml.so] 0x70fbd64dc8!0x117dc8 ldr w8, [x0, #0x10]; w8=0xfbec0830 x0=0x70fbec0878 mem_r=0x70fbec0888 -> w8=0x4 
[libmetasec_ml.so] 0x70fbd64dcc!0x117dcc cmp w8, #0x10; w8=0x4 -> w8=0x4 
[libmetasec_ml.so] 0x70fbd64dd0!0x117dd0 b.hi #0x70fbd64e30; 
[libmetasec_ml.so] 0x70fbd64dd4!0x117dd4 adrp x9, #0x70fbe42000; x9=0x0 -> x9=0x70fbe42000 
[libmetasec_ml.so] 0x70fbd64dd8!0x117dd8 add x9, x9, #0x623; x9=0x70fbe42000 x9=0x70fbe42000 -> x9=0x70fbe42623 
[libmetasec_ml.so] 0x70fbd64ddc!0x117ddc adr x10, #0x70fbd64dec; x10=0x0 -> x10=0x70fbd64dec 
[libmetasec_ml.so] 0x70fbd64de0!0x117de0 ldrb w11, [x9, x8]; w11=0x3 x9=0x70fbe42623 x8=0x4 mem_r=0x70fbe42627 -> w11=0x3 
[libmetasec_ml.so] 0x70fbd64de4!0x117de4 add x10, x10, x11, lsl #2; x10=0x70fbd64dec x10=0x70fbd64dec x11=0x3 -> x10=0x70fbd64df8 
[libmetasec_ml.so] 0x70fbd64de8!0x117de8 br x10; x10=0x70fbd64df8 
[libmetasec_ml.so] 0x70fbd64df8!0x117df8 ldr x8, [x1]; x8=0x4 x1=0x72a7410ba8 mem_r=0x72a7410ba8 -> x8=0x0 
[libmetasec_ml.so] 0x70fbd64dfc!0x117dfc cmp x8, #0; x8=0x0 -> x8=0x0 
[libmetasec_ml.so] 0x70fbd64e00!0x117e00 cset w0, eq; w0=0xfbec0878 -> w0=0x1 
[libmetasec_ml.so] 0x70fbd64e04!0x117e04 ret ; 
[libmetasec_ml.so] 0x70fbd63738!0x116738 cbz w0, #0x70fbd63744; w0=0x1 
[libmetasec_ml.so] 0x70fbd6373c!0x11673c mov x25, xzr; x25=0x2 -> x25=0x0 
[libmetasec_ml.so] 0x70fbd63740!0x116740 b #0x70fbd63940; 
[libmetasec_ml.so] 0x70fbd63940!0x116940 add x21, x25, x21; x21=0x2 x25=0x0 x21=0x2 -> x21=0x2 
[libmetasec_ml.so] 0x70fbd63944!0x116944 add x28, x28, #1; x28=0x1 x28=0x1 -> x28=0x2 
[libmetasec_ml.so] 0x70fbd63948!0x116948 b #0x70fbd635f0; 
[libmetasec_ml.so] 0x70fbd635f0!0x1165f0 ldr x8, [x20]; x8=0x0 x20=0x72a7410b88 mem_r=0x72a7410b88 -> x8=0x70fbebef10 
[libmetasec_ml.so] 0x70fbd635f4!0x1165f4 ldr w9, [x8, #0x30]; w9=0xfbe42623 x8=0x70fbebef10 mem_r=0x70fbebef40 -> w9=0x17 
[libmetasec_ml.so] 0x70fbd635f8!0x1165f8 cmp x28, x9; x28=0x2 x9=0x17 -> x28=0x2 
[libmetasec_ml.so] 0x70fbd635fc!0x1165fc b.hs #0x70fbd6397c; 
[libmetasec_ml.so] 0x70fbd63600!0x116600 ldr x8, [x8, #0x38]; x8=0x70fbebef10 x8=0x70fbebef10 mem_r=0x70fbebef48 -> x8=0x70fbec0830 
[libmetasec_ml.so] 0x70fbd63604!0x116604 nop ; 
[libmetasec_ml.so] 0x70fbd63608!0x116608 madd x24, x28, x19, x8; x24=0x70fbec0878 x28=0x2 x19=0x48 x8=0x70fbec0830 -> x24=0x70fbec08c0 
[libmetasec_ml.so] 0x70fbd6360c!0x11660c ldr w9, [x24, #0x18]; w9=0x17 x24=0x70fbec08c0 mem_r=0x70fbec08d8 -> w9=0x28 
[libmetasec_ml.so] 0x70fbd63610!0x116610 ldr w11, [x24, #0xc]; w11=0x3 x24=0x70fbec08c0 mem_r=0x70fbec08cc -> w11=0x3 
[libmetasec_ml.so] 0x70fbd63614!0x116614 add x22, x20, x9; x22=0x72a7410ba8 x20=0x72a7410b88 x9=0x28 -> x22=0x72a7410bb0 
[libmetasec_ml.so] 0x70fbd63618!0x116618 cbz w11, #0x70fbd63744; w11=0x3 
[libmetasec_ml.so] 0x70fbd6361c!0x11661c ldr w9, [x24, #0x14]; w9=0x28 x24=0x70fbec08c0 mem_r=0x70fbec08d4 -> w9=0x0 
[libmetasec_ml.so] 0x70fbd63620!0x116620 cmp w11, #1; w11=0x3 -> w11=0x3 
[libmetasec_ml.so] 0x70fbd63624!0x116624 madd x10, x28, x19, x8; x10=0x70fbd64df8 x28=0x2 x19=0x48 x8=0x70fbec0830 -> x10=0x70fbec08c0 
[libmetasec_ml.so] 0x70fbd63628!0x116628 ccmp w11, #3, #4, ne; w11=0x3 
[libmetasec_ml.so] 0x70fbd6362c!0x11662c b.ne #0x70fbd63668; 
[libmetasec_ml.so] 0x70fbd63630!0x116630 ldr w10, [x10, #0x30]; w10=0xfbec08c0 x10=0x70fbec08c0 mem_r=0x70fbec08f0 -> w10=0x0 
[libmetasec_ml.so] 0x70fbd63634!0x116634 tbnz w10, #2, #0x70fbd636a0; w10=0x0 
[libmetasec_ml.so] 0x70fbd63638!0x116638 cmp w11, #3; w11=0x3 -> w11=0x3 
[libmetasec_ml.so] 0x70fbd6363c!0x11663c b.eq #0x70fbd6372c; 
[libmetasec_ml.so] 0x70fbd6372c!0x11672c mov x0, x24; x0=0x1 x24=0x70fbec08c0 -> x0=0x70fbec08c0 
[libmetasec_ml.so] 0x70fbd63730!0x116730 mov x1, x22; x1=0x72a7410ba8 x22=0x72a7410bb0 -> x1=0x72a7410bb0 
[libmetasec_ml.so] 0x70fbd63734!0x116734 bl #0x70fbd64dc8; 
[libmetasec_ml.so] 0x70fbd64dc8!0x117dc8 ldr w8, [x0, #0x10]; w8=0xfbec0830 x0=0x70fbec08c0 mem_r=0x70fbec08d0 -> w8=0x4 
[libmetasec_ml.so] 0x70fbd64dcc!0x117dcc cmp w8, #0x10; w8=0x4 -> w8=0x4 
[libmetasec_ml.so] 0x70fbd64dd0!0x117dd0 b.hi #0x70fbd64e30; 
[libmetasec_ml.so] 0x70fbd64dd4!0x117dd4 adrp x9, #0x70fbe42000; x9=0x0 -> x9=0x70fbe42000 
[libmetasec_ml.so] 0x70fbd64dd8!0x117dd8 add x9, x9, #0x623; x9=0x70fbe42000 x9=0x70fbe42000 -> x9=0x70fbe42623 
[libmetasec_ml.so] 0x70fbd64ddc!0x117ddc adr x10, #0x70fbd64dec; x10=0x0 -> x10=0x70fbd64dec 
[libmetasec_ml.so] 0x70fbd64de0!0x117de0 ldrb w11, [x9, x8]; w11=0x3 x9=0x70fbe42623 x8=0x4 mem_r=0x70fbe42627 -> w11=0x3 
[libmetasec_ml.so] 0x70fbd64de4!0x117de4 add x10, x10, x11, lsl #2; x10=0x70fbd64dec x10=0x70fbd64dec x11=0x3 -> x10=0x70fbd64df8 
[libmetasec_ml.so] 0x70fbd64de8!0x117de8 br x10; x10=0x70fbd64df8 
[libmetasec_ml.so] 0x70fbd64df8!0x117df8 ldr x8, [x1]; x8=0x4 x1=0x72a7410bb0 mem_r=0x72a7410bb0 -> x8=0x0 
[libmetasec_ml.so] 0x70fbd64dfc!0x117dfc cmp x8, #0; x8=0x0 -> x8=0x0 
[libmetasec_ml.so] 0x70fbd64e00!0x117e00 cset w0, eq; w0=0xfbec08c0 -> w0=0x1 
[libmetasec_ml.so] 0x70fbd64e04!0x117e04 ret ; 
[libmetasec_ml.so] 0x70fbd63738!0x116738 cbz w0, #0x70fbd63744; w0=0x1 
[libmetasec_ml.so] 0x70fbd6373c!0x11673c mov x25, xzr; x25=0x0 -> x25=0x0 
[libmetasec_ml.so] 0x70fbd63740!0x116740 b #0x70fbd63940; 
[libmetasec_ml.so] 0x70fbd63940!0x116940 add x21, x25, x21; x21=0x2 x25=0x0 x21=0x2 -> x21=0x2 
[libmetasec_ml.so] 0x70fbd63944!0x116944 add x28, x28, #1; x28=0x2 x28=0x2 -> x28=0x3 
[libmetasec_ml.so] 0x70fbd63948!0x116948 b #0x70fbd635f0; 
[libmetasec_ml.so] 0x70fbd635f0!0x1165f0 ldr x8, [x20]; x8=0x0 x20=0x72a7410b88 mem_r=0x72a7410b88 -> x8=0x70fbebef10 
[libmetasec_ml.so] 0x70fbd635f4!0x1165f4 ldr w9, [x8, #0x30]; w9=0xfbe42623 x8=0x70fbebef10 mem_r=0x70fbebef40 -> w9=0x17 
[libmetasec_ml.so] 0x70fbd635f8!0x1165f8 cmp x28, x9; x28=0x3 x9=0x17 -> x28=0x3 
[libmetasec_ml.so] 0x70fbd635fc!0x1165fc b.hs #0x70fbd6397c; 
[libmetasec_ml.so] 0x70fbd63600!0x116600 ldr x8, [x8, #0x38]; x8=0x70fbebef10 x8=0x70fbebef10 mem_r=0x70fbebef48 -> x8=0x70fbec0830 
[libmetasec_ml.so] 0x70fbd63604!0x116604 nop ; 
[libmetasec_ml.so] 0x70fbd63608!0x116608 madd x24, x28, x19, x8; x24=0x70fbec08c0 x28=0x3 x19=0x48 x8=0x70fbec0830 -> x24=0x70fbec0908 
[libmetasec_ml.so] 0x70fbd6360c!0x11660c ldr w9, [x24, #0x18]; w9=0x17 x24=0x70fbec0908 mem_r=0x70fbec0920 -> w9=0x30 
[libmetasec_ml.so] 0x70fbd63610!0x116610 ldr w11, [x24, #0xc]; w11=0x3 x24=0x70fbec0908 mem_r=0x70fbec0914 -> w11=0x3 
[libmetasec_ml.so] 0x70fbd63614!0x116614 add x22, x20, x9; x22=0x72a7410bb0 x20=0x72a7410b88 x9=0x30 -> x22=0x72a7410bb8 
[libmetasec_ml.so] 0x70fbd63618!0x116618 cbz w11, #0x70fbd63744; w11=0x3 
[libmetasec_ml.so] 0x70fbd6361c!0x11661c ldr w9, [x24, #0x14]; w9=0x30 x24=0x70fbec0908 mem_r=0x70fbec091c -> w9=0x0 
[libmetasec_ml.so] 0x70fbd63620!0x116620 cmp w11, #1; w11=0x3 -> w11=0x3 
[libmetasec_ml.so] 0x70fbd63624!0x116624 madd x10, x28, x19, x8; x10=0x70fbd64df8 x28=0x3 x19=0x48 x8=0x70fbec0830 -> x10=0x70fbec0908 
[libmetasec_ml.so] 0x70fbd63628!0x116628 ccmp w11, #3, #4, ne; w11=0x3 
[libmetasec_ml.so] 0x70fbd6362c!0x11662c b.ne #0x70fbd63668; 
[libmetasec_ml.so] 0x70fbd63630!0x116630 ldr w10, [x10, #0x30]; w10=0xfbec0908 x10=0x70fbec0908 mem_r=0x70fbec0938 -> w10=0x0 
[libmetasec_ml.so] 0x70fbd63634!0x116634 tbnz w10, #2, #0x70fbd636a0; w10=0x0 
[libmetasec_ml.so] 0x70fbd63638!0x116638 cmp w11, #3; w11=0x3 -> w11=0x3 
[libmetasec_ml.so] 0x70fbd6363c!0x11663c b.eq #0x70fbd6372c; 
[libmetasec_ml.so] 0x70fbd6372c!0x11672c mov x0, x24; x0=0x1 x24=0x70fbec0908 -> x0=0x70fbec0908 
[libmetasec_ml.so] 0x70fbd63730!0x116730 mov x1, x22; x1=0x72a7410bb0 x22=0x72a7410bb8 -> x1=0x72a7410bb8 
[libmetasec_ml.so] 0x70fbd63734!0x116734 bl #0x70fbd64dc8; 
[libmetasec_ml.so] 0x70fbd64dc8!0x117dc8 ldr w8, [x0, #0x10]; w8=0xfbec0830 x0=0x70fbec0908 mem_r=0x70fbec0918 -> w8=0x1 
[libmetasec_ml.so] 0x70fbd64dcc!0x117dcc cmp w8, #0x10; w8=0x1 -> w8=0x1 
[libmetasec_ml.so] 0x70fbd64dd0!0x117dd0 b.hi #0x70fbd64e30; 
[libmetasec_ml.so] 0x70fbd64dd4!0x117dd4 adrp x9, #0x70fbe42000; x9=0x0 -> x9=0x70fbe42000 
[libmetasec_ml.so] 0x70fbd64dd8!0x117dd8 add x9, x9, #0x623; x9=0x70fbe42000 x9=0x70fbe42000 -> x9=0x70fbe42623 
[libmetasec_ml.so] 0x70fbd64ddc!0x117ddc adr x10, #0x70fbd64dec; x10=0x0 -> x10=0x70fbd64dec 
[libmetasec_ml.so] 0x70fbd64de0!0x117de0 ldrb w11, [x9, x8]; w11=0x3 x9=0x70fbe42623 x8=0x1 mem_r=0x70fbe42624 -> w11=0x0 
[libmetasec_ml.so] 0x70fbd64de4!0x117de4 add x10, x10, x11, lsl #2; x10=0x70fbd64dec x10=0x70fbd64dec x11=0x0 -> x10=0x70fbd64dec 
[libmetasec_ml.so] 0x70fbd64de8!0x117de8 br x10; x10=0x70fbd64dec 
[libmetasec_ml.so] 0x70fbd64dec!0x117dec ldr w8, [x1]; w8=0x1 x1=0x72a7410bb8 mem_r=0x72a7410bb8 -> w8=0x0 
[libmetasec_ml.so] 0x70fbd64df0!0x117df0 cmp w8, #0; w8=0x0 -> w8=0x0 
[libmetasec_ml.so] 0x70fbd64df4!0x117df4 b #0x70fbd64e00; 
[libmetasec_ml.so] 0x70fbd64e00!0x117e00 cset w0, eq; w0=0xfbec0908 -> w0=0x1 
[libmetasec_ml.so] 0x70fbd64e04!0x117e04 ret ; 
[libmetasec_ml.so] 0x70fbd63738!0x116738 cbz w0, #0x70fbd63744; w0=0x1 
[libmetasec_ml.so] 0x70fbd6373c!0x11673c mov x25, xzr; x25=0x0 -> x25=0x0 
[libmetasec_ml.so] 0x70fbd63740!0x116740 b #0x70fbd63940; 
[libmetasec_ml.so] 0x70fbd63940!0x116940 add x21, x25, x21; x21=0x2 x25=0x0 x21=0x2 -> x21=0x2 
[libmetasec_ml.so] 0x70fbd63944!0x116944 add x28, x28, #1; x28=0x3 x28=0x3 -> x28=0x4 
[libmetasec_ml.so] 0x70fbd63948!0x116948 b #0x70fbd635f0; 
[libmetasec_ml.so] 0x70fbd635f0!0x1165f0 ldr x8, [x20]; x8=0x0 x20=0x72a7410b88 mem_r=0x72a7410b88 -> x8=0x70fbebef10 
[libmetasec_ml.so] 0x70fbd635f4!0x1165f4 ldr w9, [x8, #0x30]; w9=0xfbe42623 x8=0x70fbebef10 mem_r=0x70fbebef40 -> w9=0x17 
[libmetasec_ml.so] 0x70fbd635f8!0x1165f8 cmp x28, x9; x28=0x4 x9=0x17 -> x28=0x4 
[libmetasec_ml.so] 0x70fbd635fc!0x1165fc b.hs #0x70fbd6397c; 
[libmetasec_ml.so] 0x70fbd63600!0x116600 ldr x8, [x8, #0x38]; x8=0x70fbebef10 x8=0x70fbebef10 mem_r=0x70fbebef48 -> x8=0x70fbec0830 
[libmetasec_ml.so] 0x70fbd63604!0x116604 nop ; 
[libmetasec_ml.so] 0x70fbd63608!0x116608 madd x24, x28, x19, x8; x24=0x70fbec0908 x28=0x4 x19=0x48 x8=0x70fbec0830 -> x24=0x70fbec0950 
[libmetasec_ml.so] 0x70fbd6360c!0x11660c ldr w9, [x24, #0x18]; w9=0x17 x24=0x70fbec0950 mem_r=0x70fbec0968 -> w9=0x34 
[libmetasec_ml.so] 0x70fbd63610!0x116610 ldr w11, [x24, #0xc]; w11=0x0 x24=0x70fbec0950 mem_r=0x70fbec095c -> w11=0x3 
[libmetasec_ml.so] 0x70fbd63614!0x116614 add x22, x20, x9; x22=0x72a7410bb8 x20=0x72a7410b88 x9=0x34 -> x22=0x72a7410bbc 
[libmetasec_ml.so] 0x70fbd63618!0x116618 cbz w11, #0x70fbd63744; w11=0x3 
[libmetasec_ml.so] 0x70fbd6361c!0x11661c ldr w9, [x24, #0x14]; w9=0x34 x24=0x70fbec0950 mem_r=0x70fbec0964 -> w9=0x0 
[libmetasec_ml.so] 0x70fbd63620!0x116620 cmp w11, #1; w11=0x3 -> w11=0x3 
[libmetasec_ml.so] 0x70fbd63624!0x116624 madd x10, x28, x19, x8; x10=0x70fbd64dec x28=0x4 x19=0x48 x8=0x70fbec0830 -> x10=0x70fbec0950 
[libmetasec_ml.so] 0x70fbd63628!0x116628 ccmp w11, #3, #4, ne; w11=0x3 
[libmetasec_ml.so] 0x70fbd6362c!0x11662c b.ne #0x70fbd63668; 
[libmetasec_ml.so] 0x70fbd63630!0x116630 ldr w10, [x10, #0x30]; w10=0xfbec0950 x10=0x70fbec0950 mem_r=0x70fbec0980 -> w10=0x0 
[libmetasec_ml.so] 0x70fbd63634!0x116634 tbnz w10, #2, #0x70fbd636a0; w10=0x0 
[libmetasec_ml.so] 0x70fbd63638!0x116638 cmp w11, #3; w11=0x3 -> w11=0x3 
[libmetasec_ml.so] 0x70fbd6363c!0x11663c b.eq #0x70fbd6372c; 
[libmetasec_ml.so] 0x70fbd6372c!0x11672c mov x0, x24; x0=0x1 x24=0x70fbec0950 -> x0=0x70fbec0950 
[libmetasec_ml.so] 0x70fbd63730!0x116730 mov x1, x22; x1=0x72a7410bb8 x22=0x72a7410bbc -> x1=0x72a7410bbc 
[libmetasec_ml.so] 0x70fbd63734!0x116734 bl #0x70fbd64dc8; 
[libmetasec_ml.so] 0x70fbd64dc8!0x117dc8 ldr w8, [x0, #0x10]; w8=0xfbec0830 x0=0x70fbec0950 mem_r=0x70fbec0960 -> w8=0x1 
[libmetasec_ml.so] 0x70fbd64dcc!0x117dcc cmp w8, #0x10; w8=0x1 -> w8=0x1 
[libmetasec_ml.so] 0x70fbd64dd0!0x117dd0 b.hi #0x70fbd64e30; 
[libmetasec_ml.so] 0x70fbd64dd4!0x117dd4 adrp x9, #0x70fbe42000; x9=0x0 -> x9=0x70fbe42000 
[libmetasec_ml.so] 0x70fbd64dd8!0x117dd8 add x9, x9, #0x623; x9=0x70fbe42000 x9=0x70fbe42000 -> x9=0x70fbe42623 
[libmetasec_ml.so] 0x70fbd64ddc!0x117ddc adr x10, #0x70fbd64dec; x10=0x0 -> x10=0x70fbd64dec 
[libmetasec_ml.so] 0x70fbd64de0!0x117de0 ldrb w11, [x9, x8]; w11=0x3 x9=0x70fbe42623 x8=0x1 mem_r=0x70fbe42624 -> w11=0x0 
[libmetasec_ml.so] 0x70fbd64de4!0x117de4 add x10, x10, x11, lsl #2; x10=0x70fbd64dec x10=0x70fbd64dec x11=0x0 -> x10=0x70fbd64dec 
[libmetasec_ml.so] 0x70fbd64de8!0x117de8 br x10; x10=0x70fbd64dec 
[libmetasec_ml.so] 0x70fbd64dec!0x117dec ldr w8, [x1]; w8=0x1 x1=0x72a7410bbc mem_r=0x72a7410bbc -> w8=0x0 
[libmetasec_ml.so] 0x70fbd64df0!0x117df0 cmp w8, #0; w8=0x0 -> w8=0x0 
[libmetasec_ml.so] 0x70fbd64df4!0x117df4 b #0x70fbd64e00; 
[libmetasec_ml.so] 0x70fbd64e00!0x117e00 cset w0, eq; w0=0xfbec0950 -> w0=0x1 
[libmetasec_ml.so] 0x70fbd64e04!0x117e04 ret ; 
[libmetasec_ml.so] 0x70fbd63738!0x116738 cbz w0, #0x70fbd63744; w0=0x1 
[libmetasec_ml.so] 0x70fbd6373c!0x11673c mov x25, xzr; x25=0x0 -> x25=0x0 
[libmetasec_ml.so] 0x70fbd63740!0x116740 b #0x70fbd63940; 
[libmetasec_ml.so] 0x70fbd63940!0x116940 add x21, x25, x21; x21=0x2 x25=0x0 x21=0x2 -> x21=0x2 
[libmetasec_ml.so] 0x70fbd63944!0x116944 add x28, x28, #1; x28=0x4 x28=0x4 -> x28=0x5 
[libmetasec_ml.so] 0x70fbd63948!0x116948 b #0x70fbd635f0; 
[libmetasec_ml.so] 0x70fbd635f0!0x1165f0 ldr x8, [x20]; x8=0x0 x20=0x72a7410b88 mem_r=0x72a7410b88 -> x8=0x70fbebef10 
[libmetasec_ml.so] 0x70fbd635f4!0x1165f4 ldr w9, [x8, #0x30]; w9=0xfbe42623 x8=0x70fbebef10 mem_r=0x70fbebef40 -> w9=0x17 
[libmetasec_ml.so] 0x70fbd635f8!0x1165f8 cmp x28, x9; x28=0x5 x9=0x17 -> x28=0x5 
[libmetasec_ml.so] 0x70fbd635fc!0x1165fc b.hs #0x70fbd6397c; 
[libmetasec_ml.so] 0x70fbd63600!0x116600 ldr x8, [x8, #0x38]; x8=0x70fbebef10 x8=0x70fbebef10 mem_r=0x70fbebef48 -> x8=0x70fbec0830 
[libmetasec_ml.so] 0x70fbd63604!0x116604 nop ; 
[libmetasec_ml.so] 0x70fbd63608!0x116608 madd x24, x28, x19, x8; x24=0x70fbec0950 x28=0x5 x19=0x48 x8=0x70fbec0830 -> x24=0x70fbec0998 
[libmetasec_ml.so] 0x70fbd6360c!0x11660c ldr w9, [x24, #0x18]; w9=0x17 x24=0x70fbec0998 mem_r=0x70fbec09b0 -> w9=0x38 
[libmetasec_ml.so] 0x70fbd63610!0x116610 ldr w11, [x24, #0xc]; w11=0x0 x24=0x70fbec0998 mem_r=0x70fbec09a4 -> w11=0x3 
[libmetasec_ml.so] 0x70fbd63614!0x116614 add x22, x20, x9; x22=0x72a7410bbc x20=0x72a7410b88 x9=0x38 -> x22=0x72a7410bc0 
[libmetasec_ml.so] 0x70fbd63618!0x116618 cbz w11, #0x70fbd63744; w11=0x3 
[libmetasec_ml.so] 0x70fbd6361c!0x11661c ldr w9, [x24, #0x14]; w9=0x38 x24=0x70fbec0998 mem_r=0x70fbec09ac -> w9=0x0 
[libmetasec_ml.so] 0x70fbd63620!0x116620 cmp w11, #1; w11=0x3 -> w11=0x3 
[libmetasec_ml.so] 0x70fbd63624!0x116624 madd x10, x28, x19, x8; x10=0x70fbd64dec x28=0x5 x19=0x48 x8=0x70fbec0830 -> x10=0x70fbec0998 
[libmetasec_ml.so] 0x70fbd63628!0x116628 ccmp w11, #3, #4, ne; w11=0x3 
[libmetasec_ml.so] 0x70fbd6362c!0x11662c b.ne #0x70fbd63668; 
[libmetasec_ml.so] 0x70fbd63630!0x116630 ldr w10, [x10, #0x30]; w10=0xfbec0998 x10=0x70fbec0998 mem_r=0x70fbec09c8 -> w10=0x0 
[libmetasec_ml.so] 0x70fbd63634!0x116634 tbnz w10, #2, #0x70fbd636a0; w10=0x0 
[libmetasec_ml.so] 0x70fbd63638!0x116638 cmp w11, #3; w11=0x3 -> w11=0x3 
[libmetasec_ml.so] 0x70fbd6363c!0x11663c b.eq #0x70fbd6372c; 
[libmetasec_ml.so] 0x70fbd6372c!0x11672c mov x0, x24; x0=0x1 x24=0x70fbec0998 -> x0=0x70fbec0998 
[libmetasec_ml.so] 0x70fbd63730!0x116730 mov x1, x22; x1=0x72a7410bbc x22=0x72a7410bc0 -> x1=0x72a7410bc0 
[libmetasec_ml.so] 0x70fbd63734!0x116734 bl #0x70fbd64dc8; 
[libmetasec_ml.so] 0x70fbd64dc8!0x117dc8 ldr w8, [x0, #0x10]; w8=0xfbec0830 x0=0x70fbec0998 mem_r=0x70fbec09a8 -> w8=0xe 
[libmetasec_ml.so] 0x70fbd64dcc!0x117dcc cmp w8, #0x10; w8=0xe -> w8=0xe 
[libmetasec_ml.so] 0x70fbd64dd0!0x117dd0 b.hi #0x70fbd64e30; 
[libmetasec_ml.so] 0x70fbd64dd4!0x117dd4 adrp x9, #0x70fbe42000; x9=0x0 -> x9=0x70fbe42000 
[libmetasec_ml.so] 0x70fbd64dd8!0x117dd8 add x9, x9, #0x623; x9=0x70fbe42000 x9=0x70fbe42000 -> x9=0x70fbe42623 
[libmetasec_ml.so] 0x70fbd64ddc!0x117ddc adr x10, #0x70fbd64dec; x10=0x0 -> x10=0x70fbd64dec 
[libmetasec_ml.so] 0x70fbd64de0!0x117de0 ldrb w11, [x9, x8]; w11=0x3 x9=0x70fbe42623 x8=0xe mem_r=0x70fbe42631 -> w11=0xd 
[libmetasec_ml.so] 0x70fbd64de4!0x117de4 add x10, x10, x11, lsl #2; x10=0x70fbd64dec x10=0x70fbd64dec x11=0xd -> x10=0x70fbd64e20 
[libmetasec_ml.so] 0x70fbd64de8!0x117de8 br x10; x10=0x70fbd64e20 
[libmetasec_ml.so] 0x70fbd64e20!0x117e20 ldr x8, [x1]; x8=0xe x1=0x72a7410bc0 mem_r=0x72a7410bc0 -> x8=0x74472b2910 
[libmetasec_ml.so] 0x70fbd64e24!0x117e24 cbz x8, #0x70fbd64e30; x8=0x74472b2910 
[libmetasec_ml.so] 0x70fbd64e28!0x117e28 ldrb w8, [x8]; w8=0x472b2910 x8=0x74472b2910 mem_r=0x74472b2910 -> w8=0x76 
[libmetasec_ml.so] 0x70fbd64e2c!0x117e2c b #0x70fbd64df0; 
[libmetasec_ml.so] 0x70fbd64df0!0x117df0 cmp w8, #0; w8=0x76 -> w8=0x76 
[libmetasec_ml.so] 0x70fbd64df4!0x117df4 b #0x70fbd64e00; 
[libmetasec_ml.so] 0x70fbd64e00!0x117e00 cset w0, eq; w0=0xfbec0998 -> w0=0x0 
[libmetasec_ml.so] 0x70fbd64e04!0x117e04 ret ; 
[libmetasec_ml.so] 0x70fbd63738!0x116738 cbz w0, #0x70fbd63744; w0=0x0 
[libmetasec_ml.so] 0x70fbd63744!0x116744 add x2, x27, x21; x2=0x73674114e0 x27=0x73674114e0 x21=0x2 -> x2=0x73674114e2 
[libmetasec_ml.so] 0x70fbd63748!0x116748 mov x0, x24; x0=0x0 x24=0x70fbec0998 -> x0=0x70fbec0998 
[libmetasec_ml.so] 0x70fbd6374c!0x11674c mov x1, x22; x1=0x72a7410bc0 x22=0x72a7410bc0 -> x1=0x72a7410bc0 
[libmetasec_ml.so] 0x70fbd63750!0x116750 bl #0x70fbd63a04; 
[libmetasec_ml.so] 0x70fbd63a04!0x116a04 str x23, [sp, #-0x40]!; x23=0x2a45 sp=0x70d87c2bb0 mem_w=0x70d87c2b70 -> sp=0x70d87c2b70 
[libmetasec_ml.so] 0x70fbd63a08!0x116a08 stp x22, x21, [sp, #0x10]; x22=0x72a7410bc0 x21=0x2 sp=0x70d87c2b70 mem_w=0x70d87c2b80 
[libmetasec_ml.so] 0x70fbd63a0c!0x116a0c stp x20, x19, [sp, #0x20]; x20=0x72a7410b88 x19=0x48 sp=0x70d87c2b70 mem_w=0x70d87c2b90 
[libmetasec_ml.so] 0x70fbd63a10!0x116a10 stp x29, x30, [sp, #0x30]; fp=0x70d87c2c20 lr=0x70fbd63754 sp=0x70d87c2b70 mem_w=0x70d87c2ba0 
[libmetasec_ml.so] 0x70fbd63a14!0x116a14 add x29, sp, #0x30; fp=0x70d87c2c20 sp=0x70d87c2b70 -> fp=0x70d87c2ba0 
[libmetasec_ml.so] 0x70fbd63a18!0x116a18 mov x19, x0; x19=0x48 x0=0x70fbec0998 -> x19=0x70fbec0998 
[libmetasec_ml.so] 0x70fbd63a1c!0x116a1c ldr w0, [x0, #8]; w0=0xfbec0998 x0=0x70fbec0998 mem_r=0x70fbec09a0 -> w0=0x6 
[libmetasec_ml.so] 0x70fbd63a20!0x116a20 mov x21, x1; x21=0x2 x1=0x72a7410bc0 -> x21=0x72a7410bc0 
[libmetasec_ml.so] 0x70fbd63a24!0x116a24 mov x1, x2; x1=0x72a7410bc0 x2=0x73674114e2 -> x1=0x73674114e2 
[libmetasec_ml.so] 0x70fbd63a28!0x116a28 mov x20, x2; x20=0x72a7410b88 x2=0x73674114e2 -> x20=0x73674114e2 
[libmetasec_ml.so] 0x70fbd63a2c!0x116a2c bl #0x70fbd64e38; 
[libmetasec_ml.so] 0x70fbd64e38!0x117e38 lsr w8, w0, #0x1d; w8=0x76 w0=0x6 -> w8=0x0 
[libmetasec_ml.so] 0x70fbd64e3c!0x117e3c cbnz w8, #0x70fbd64e48; w8=0x0 
[libmetasec_ml.so] 0x70fbd64e40!0x117e40 lsl w0, w0, #3; w0=0x6 w0=0x6 -> w0=0x30 
[libmetasec_ml.so] 0x70fbd64e44!0x117e44 b #0x70fbd64eb8; 
[libmetasec_ml.so] 0x70fbd64eb8!0x117eb8 cmp w0, #0x80; w0=0x30 -> w0=0x30 
[libmetasec_ml.so] 0x70fbd64ebc!0x117ebc b.lo #0x70fbd64f0c; 
[libmetasec_ml.so] 0x70fbd64f0c!0x117f0c mov w9, wzr; w9=0xfbe42623 -> w9=0x0 
[libmetasec_ml.so] 0x70fbd64f10!0x117f10 b #0x70fbd64f2c; 
[libmetasec_ml.so] 0x70fbd64f2c!0x117f2c add w8, w9, #1; w8=0x0 w9=0x0 -> w8=0x1 
[libmetasec_ml.so] 0x70fbd64f30!0x117f30 strb w0, [x1, w9, uxtw]; w0=0x30 x1=0x73674114e2 w9=0x0 mem_w=0x73674114e2 
[libmetasec_ml.so] 0x70fbd64f34!0x117f34 mov x0, x8; x0=0x30 x8=0x1 -> x0=0x1 
[libmetasec_ml.so] 0x70fbd64f38!0x117f38 ret ; 
[libmetasec_ml.so] 0x70fbd63a30!0x116a30 ldr w8, [x19, #0x10]; w8=0x1 x19=0x70fbec0998 mem_r=0x70fbec09a8 -> w8=0xe 
[libmetasec_ml.so] 0x70fbd63a34!0x116a34 cmp w8, #0x10; w8=0xe -> w8=0xe 
[libmetasec_ml.so] 0x70fbd63a38!0x116a38 b.hi #0x70fbd63abc; 
[libmetasec_ml.so] 0x70fbd63a3c!0x116a3c adrp x9, #0x70fbe42000; x9=0x0 -> x9=0x70fbe42000 
[libmetasec_ml.so] 0x70fbd63a40!0x116a40 add x9, x9, #0x5d4; x9=0x70fbe42000 x9=0x70fbe42000 -> x9=0x70fbe425d4 
[libmetasec_ml.so] 0x70fbd63a44!0x116a44 adr x10, #0x70fbd63a58; x10=0x70fbd64e20 -> x10=0x70fbd63a58 
[libmetasec_ml.so] 0x70fbd63a48!0x116a48 ldrb w11, [x9, x8]; w11=0xd x9=0x70fbe425d4 x8=0xe mem_r=0x70fbe425e2 -> w11=0x2e 
[libmetasec_ml.so] 0x70fbd63a4c!0x116a4c add x10, x10, x11, lsl #2; x10=0x70fbd63a58 x10=0x70fbd63a58 x11=0x2e -> x10=0x70fbd63b10 
[libmetasec_ml.so] 0x70fbd63a50!0x116a50 mov x19, x0; x19=0x70fbec0998 x0=0x1 -> x19=0x1 
[libmetasec_ml.so] 0x70fbd63a54!0x116a54 br x10; x10=0x70fbd63b10 
[libmetasec_ml.so] 0x70fbd63b10!0x116b10 ldrb w8, [x20]; w8=0xe x20=0x73674114e2 mem_r=0x73674114e2 -> w8=0x30 
[libmetasec_ml.so] 0x70fbd63b14!0x116b14 orr w8, w8, #2; w8=0x30 w8=0x30 -> w8=0x32 
[libmetasec_ml.so] 0x70fbd63b18!0x116b18 strb w8, [x20]; w8=0x32 x20=0x73674114e2 mem_w=0x73674114e2 
[libmetasec_ml.so] 0x70fbd63b1c!0x116b1c ldr x21, [x21]; x21=0x72a7410bc0 x21=0x72a7410bc0 mem_r=0x72a7410bc0 -> x21=0x74472b2910 
[libmetasec_ml.so] 0x70fbd63b20!0x116b20 add x20, x20, x19; x20=0x73674114e2 x20=0x73674114e2 x19=0x1 -> x20=0x73674114e3 
[libmetasec_ml.so] 0x70fbd63b24!0x116b24 cbz x21, #0x70fbd63bf0; x21=0x74472b2910 
[libmetasec_ml.so] 0x70fbd63b28!0x116b28 mov x0, x21; x0=0x1 x21=0x74472b2910 -> x0=0x74472b2910 
[libmetasec_ml.so] 0x70fbd63b2c!0x116b2c bl #0x70fbc80b40; 
[libmetasec_ml.so] 0x70fbc80b40!0x33b40 adrp x16, #0x70fbec9000; x16=0x72a51a5368 -> x16=0x70fbec9000 
[libmetasec_ml.so] 0x70fbc80b44!0x33b44 ldr x17, [x16, #0xa28]; x17=0x70fbd635cc x16=0x70fbec9000 mem_r=0x70fbec9a28 -> x17=0x75402dab00 
[libmetasec_ml.so] 0x70fbc80b48!0x33b48 add x16, x16, #0xa28; x16=0x70fbec9000 x16=0x70fbec9000 -> x16=0x70fbec9a28 
[libmetasec_ml.so] 0x70fbc80b4c!0x33b4c br x17; x17=0x75402dab00 
call func: __strlen_aarch64(0x74472b2910)
args0: v04.09.05
ret: 0x9
[libmetasec_ml.so] 0x70fbd63b30!0x116b30 mov x1, x20; x1=0x73674114e2 x20=0x73674114e3 -> x1=0x73674114e3 
[libmetasec_ml.so] 0x70fbd63b34!0x116b34 mov x22, x0; x22=0x72a7410bc0 x0=0x9 -> x22=0x9 
[libmetasec_ml.so] 0x70fbd63b38!0x116b38 bl #0x70fbd64eb8; 
[libmetasec_ml.so] 0x70fbd64eb8!0x117eb8 cmp w0, #0x80; w0=0x9 -> w0=0x9 
[libmetasec_ml.so] 0x70fbd64ebc!0x117ebc b.lo #0x70fbd64f0c; 
[libmetasec_ml.so] 0x70fbd64f0c!0x117f0c mov w9, wzr; w9=0xfbe425d4 -> w9=0x0 
[libmetasec_ml.so] 0x70fbd64f10!0x117f10 b #0x70fbd64f2c; 
[libmetasec_ml.so] 0x70fbd64f2c!0x117f2c add w8, w9, #1; w8=0x1010101 w9=0x0 -> w8=0x1 
[libmetasec_ml.so] 0x70fbd64f30!0x117f30 strb w0, [x1, w9, uxtw]; w0=0x9 x1=0x73674114e3 w9=0x0 mem_w=0x73674114e3 
[libmetasec_ml.so] 0x70fbd64f34!0x117f34 mov x0, x8; x0=0x9 x8=0x1 -> x0=0x1 
[libmetasec_ml.so] 0x70fbd64f38!0x117f38 ret ; 
[libmetasec_ml.so] 0x70fbd63b3c!0x116b3c mov x23, x0; x23=0x2a45 x0=0x1 -> x23=0x1 
[libmetasec_ml.so] 0x70fbd63b40!0x116b40 add x0, x20, x0; x0=0x1 x20=0x73674114e3 x0=0x1 -> x0=0x73674114e4 
[libmetasec_ml.so] 0x70fbd63b44!0x116b44 mov x1, x21; x1=0x73674114e3 x21=0x74472b2910 -> x1=0x74472b2910 
[libmetasec_ml.so] 0x70fbd63b48!0x116b48 mov x2, x22; x2=0x302e39302e343076 x22=0x9 -> x2=0x9 
[libmetasec_ml.so] 0x70fbd63b4c!0x116b4c bl #0x70fbc80a20; 
[libmetasec_ml.so] 0x70fbc80a20!0x33a20 adrp x16, #0x70fbec9000; x16=0x70fbec9a28 -> x16=0x70fbec9000 
[libmetasec_ml.so] 0x70fbc80a24!0x33a24 ldr x17, [x16, #0x998]; x17=0x75402dab00 x16=0x70fbec9000 mem_r=0x70fbec9998 -> x17=0x75402d9c80 
[libmetasec_ml.so] 0x70fbc80a28!0x33a28 add x16, x16, #0x998; x16=0x70fbec9000 x16=0x70fbec9000 -> x16=0x70fbec9998 
[libmetasec_ml.so] 0x70fbc80a2c!0x33a2c br x17; x17=0x75402d9c80 
call func: __memcpy_aarch64_simd(0x73674114e4, 0x74472b2910, 0x9)
hexdump at address 0x74472b2910 with length 0x9:
74472b2910: 76 30 34 2e 30 39 2e 30 35                      |v04.09.05       |
ret: 0x73674114e4
[libmetasec_ml.so] 0x70fbd63b50!0x116b50 add x8, x23, x22; x8=0x1 x23=0x1 x22=0x9 -> x8=0xa 
[libmetasec_ml.so] 0x70fbd63b54!0x116b54 b #0x70fbd63bf8; 
[libmetasec_ml.so] 0x70fbd63bf8!0x116bf8 add x0, x8, x19; x0=0x73674114e4 x8=0xa x19=0x1 -> x0=0xb 
[libmetasec_ml.so] 0x70fbd63bfc!0x116bfc ldp x29, x30, [sp, #0x30]; fp=0x70d87c2ba0 lr=0x70fbd63b50 sp=0x70d87c2b70 mem_r=0x70d87c2ba0 -> fp=0x70d87c2c20 lr=0x70fbd63754 
[libmetasec_ml.so] 0x70fbd63c00!0x116c00 ldp x20, x19, [sp, #0x20]; x20=0x73674114e3 x19=0x1 sp=0x70d87c2b70 mem_r=0x70d87c2b90 -> x20=0x72a7410b88 x19=0x48 
[libmetasec_ml.so] 0x70fbd63c04!0x116c04 ldp x22, x21, [sp, #0x10]; x22=0x9 x21=0x74472b2910 sp=0x70d87c2b70 mem_r=0x70d87c2b80 -> x22=0x72a7410bc0 x21=0x2 
[libmetasec_ml.so] 0x70fbd63c08!0x116c08 ldr x23, [sp], #0x40; x23=0x1 sp=0x70d87c2b70 mem_r=0x70d87c2b70 -> x23=0x2a45 
[libmetasec_ml.so] 0x70fbd63c0c!0x116c0c ret ; 
[libmetasec_ml.so] 0x70fbd63754!0x116754 mov x25, x0; x25=0x0 x0=0xb -> x25=0xb 
[libmetasec_ml.so] 0x70fbd63758!0x116758 b #0x70fbd63940; 
[libmetasec_ml.so] 0x70fbd63940!0x116940 add x21, x25, x21; x21=0x2 x25=0xb x21=0x2 -> x21=0xd 
[libmetasec_ml.so] 0x70fbd63944!0x116944 add x28, x28, #1; x28=0x5 x28=0x5 -> x28=0x6 
[libmetasec_ml.so] 0x70fbd63948!0x116948 b #0x70fbd635f0; 
[libmetasec_ml.so] 0x70fbd635f0!0x1165f0 ldr x8, [x20]; x8=0xa x20=0x72a7410b88 mem_r=0x72a7410b88 -> x8=0x70fbebef10 
[libmetasec_ml.so] 0x70fbd635f4!0x1165f4 ldr w9, [x8, #0x30]; w9=0x0 x8=0x70fbebef10 mem_r=0x70fbebef40 -> w9=0x17 
[libmetasec_ml.so] 0x70fbd635f8!0x1165f8 cmp x28, x9; x28=0x6 x9=0x17 -> x28=0x6 
[libmetasec_ml.so] 0x70fbd635fc!0x1165fc b.hs #0x70fbd6397c; 
[libmetasec_ml.so] 0x70fbd63600!0x116600 ldr x8, [x8, #0x38]; x8=0x70fbebef10 x8=0x70fbebef10 mem_r=0x70fbebef48 -> x8=0x70fbec0830 
[libmetasec_ml.so] 0x70fbd63604!0x116604 nop ; 
[libmetasec_ml.so] 0x70fbd63608!0x116608 madd x24, x28, x19, x8; x24=0x70fbec0998 x28=0x6 x19=0x48 x8=0x70fbec0830 -> x24=0x70fbec09e0 
[libmetasec_ml.so] 0x70fbd6360c!0x11660c ldr w9, [x24, #0x18]; w9=0x17 x24=0x70fbec09e0 mem_r=0x70fbec09f8 -> w9=0x40 
[libmetasec_ml.so] 0x70fbd63610!0x116610 ldr w11, [x24, #0xc]; w11=0x2e x24=0x70fbec09e0 mem_r=0x70fbec09ec -> w11=0x3 
[libmetasec_ml.so] 0x70fbd63614!0x116614 add x22, x20, x9; x22=0x72a7410bc0 x20=0x72a7410b88 x9=0x40 -> x22=0x72a7410bc8 
[libmetasec_ml.so] 0x70fbd63618!0x116618 cbz w11, #0x70fbd63744; w11=0x3 
[libmetasec_ml.so] 0x70fbd6361c!0x11661c ldr w9, [x24, #0x14]; w9=0x40 x24=0x70fbec09e0 mem_r=0x70fbec09f4 -> w9=0x0 
[libmetasec_ml.so] 0x70fbd63620!0x116620 cmp w11, #1; w11=0x3 -> w11=0x3 
[libmetasec_ml.so] 0x70fbd63624!0x116624 madd x10, x28, x19, x8; x10=0x70fbd63b10 x28=0x6 x19=0x48 x8=0x70fbec0830 -> x10=0x70fbec09e0 
[libmetasec_ml.so] 0x70fbd63628!0x116628 ccmp w11, #3, #4, ne; w11=0x3 
[libmetasec_ml.so] 0x70fbd6362c!0x11662c b.ne #0x70fbd63668; 
[libmetasec_ml.so] 0x70fbd63630!0x116630 ldr w10, [x10, #0x30]; w10=0xfbec09e0 x10=0x70fbec09e0 mem_r=0x70fbec0a10 -> w10=0x0 
[libmetasec_ml.so] 0x70fbd63634!0x116634 tbnz w10, #2, #0x70fbd636a0; w10=0x0 
[libmetasec_ml.so] 0x70fbd63638!0x116638 cmp w11, #3; w11=0x3 -> w11=0x3 
[libmetasec_ml.so] 0x70fbd6363c!0x11663c b.eq #0x70fbd6372c; 
[libmetasec_ml.so] 0x70fbd6372c!0x11672c mov x0, x24; x0=0xb x24=0x70fbec09e0 -> x0=0x70fbec09e0 
[libmetasec_ml.so] 0x70fbd63730!0x116730 mov x1, x22; x1=0x74472b2910 x22=0x72a7410bc8 -> x1=0x72a7410bc8 
[libmetasec_ml.so] 0x70fbd63734!0x116734 bl #0x70fbd64dc8; 
[libmetasec_ml.so] 0x70fbd64dc8!0x117dc8 ldr w8, [x0, #0x10]; w8=0xfbec0830 x0=0x70fbec09e0 mem_r=0x70fbec09f0 -> w8=0x1 
[libmetasec_ml.so] 0x70fbd64dcc!0x117dcc cmp w8, #0x10; w8=0x1 -> w8=0x1 
[libmetasec_ml.so] 0x70fbd64dd0!0x117dd0 b.hi #0x70fbd64e30; 
[libmetasec_ml.so] 0x70fbd64dd4!0x117dd4 adrp x9, #0x70fbe42000; x9=0x0 -> x9=0x70fbe42000 
[libmetasec_ml.so] 0x70fbd64dd8!0x117dd8 add x9, x9, #0x623; x9=0x70fbe42000 x9=0x70fbe42000 -> x9=0x70fbe42623 
[libmetasec_ml.so] 0x70fbd64ddc!0x117ddc adr x10, #0x70fbd64dec; x10=0x0 -> x10=0x70fbd64dec 
[libmetasec_ml.so] 0x70fbd64de0!0x117de0 ldrb w11, [x9, x8]; w11=0x3 x9=0x70fbe42623 x8=0x1 mem_r=0x70fbe42624 -> w11=0x0 
[libmetasec_ml.so] 0x70fbd64de4!0x117de4 add x10, x10, x11, lsl #2; x10=0x70fbd64dec x10=0x70fbd64dec x11=0x0 -> x10=0x70fbd64dec 
[libmetasec_ml.so] 0x70fbd64de8!0x117de8 br x10; x10=0x70fbd64dec 
[libmetasec_ml.so] 0x70fbd64dec!0x117dec ldr w8, [x1]; w8=0x1 x1=0x72a7410bc8 mem_r=0x72a7410bc8 -> w8=0x62f1 
[libmetasec_ml.so] 0x70fbd64df0!0x117df0 cmp w8, #0; w8=0x62f1 -> w8=0x62f1 
[libmetasec_ml.so] 0x70fbd64df4!0x117df4 b #0x70fbd64e00; 
[libmetasec_ml.so] 0x70fbd64e00!0x117e00 cset w0, eq; w0=0xfbec09e0 -> w0=0x0 
[libmetasec_ml.so] 0x70fbd64e04!0x117e04 ret ; 
[libmetasec_ml.so] 0x70fbd63738!0x116738 cbz w0, #0x70fbd63744; w0=0x0 
[libmetasec_ml.so] 0x70fbd63744!0x116744 add x2, x27, x21; x2=0x9 x27=0x73674114e0 x21=0xd -> x2=0x73674114ed 
[libmetasec_ml.so] 0x70fbd63748!0x116748 mov x0, x24; x0=0x0 x24=0x70fbec09e0 -> x0=0x70fbec09e0 
[libmetasec_ml.so] 0x70fbd6374c!0x11674c mov x1, x22; x1=0x72a7410bc8 x22=0x72a7410bc8 -> x1=0x72a7410bc8 
[libmetasec_ml.so] 0x70fbd63750!0x116750 bl #0x70fbd63a04; 
[libmetasec_ml.so] 0x70fbd63a04!0x116a04 str x23, [sp, #-0x40]!; x23=0x2a45 sp=0x70d87c2bb0 mem_w=0x70d87c2b70 -> sp=0x70d87c2b70 
[libmetasec_ml.so] 0x70fbd63a08!0x116a08 stp x22, x21, [sp, #0x10]; x22=0x72a7410bc8 x21=0xd sp=0x70d87c2b70 mem_w=0x70d87c2b80 
[libmetasec_ml.so] 0x70fbd63a0c!0x116a0c stp x20, x19, [sp, #0x20]; x20=0x72a7410b88 x19=0x48 sp=0x70d87c2b70 mem_w=0x70d87c2b90 
[libmetasec_ml.so] 0x70fbd63a10!0x116a10 stp x29, x30, [sp, #0x30]; fp=0x70d87c2c20 lr=0x70fbd63754 sp=0x70d87c2b70 mem_w=0x70d87c2ba0 
[libmetasec_ml.so] 0x70fbd63a14!0x116a14 add x29, sp, #0x30; fp=0x70d87c2c20 sp=0x70d87c2b70 -> fp=0x70d87c2ba0 
[libmetasec_ml.so] 0x70fbd63a18!0x116a18 mov x19, x0; x19=0x48 x0=0x70fbec09e0 -> x19=0x70fbec09e0 
[libmetasec_ml.so] 0x70fbd63a1c!0x116a1c ldr w0, [x0, #8]; w0=0xfbec09e0 x0=0x70fbec09e0 mem_r=0x70fbec09e8 -> w0=0x7 
[libmetasec_ml.so] 0x70fbd63a20!0x116a20 mov x21, x1; x21=0xd x1=0x72a7410bc8 -> x21=0x72a7410bc8 
[libmetasec_ml.so] 0x70fbd63a24!0x116a24 mov x1, x2; x1=0x72a7410bc8 x2=0x73674114ed -> x1=0x73674114ed 
[libmetasec_ml.so] 0x70fbd63a28!0x116a28 mov x20, x2; x20=0x72a7410b88 x2=0x73674114ed -> x20=0x73674114ed 
[libmetasec_ml.so] 0x70fbd63a2c!0x116a2c bl #0x70fbd64e38; 
[libmetasec_ml.so] 0x70fbd64e38!0x117e38 lsr w8, w0, #0x1d; w8=0x62f1 w0=0x7 -> w8=0x0 
[libmetasec_ml.so] 0x70fbd64e3c!0x117e3c cbnz w8, #0x70fbd64e48; w8=0x0 
[libmetasec_ml.so] 0x70fbd64e40!0x117e40 lsl w0, w0, #3; w0=0x7 w0=0x7 -> w0=0x38 
[libmetasec_ml.so] 0x70fbd64e44!0x117e44 b #0x70fbd64eb8; 
[libmetasec_ml.so] 0x70fbd64eb8!0x117eb8 cmp w0, #0x80; w0=0x38 -> w0=0x38 
[libmetasec_ml.so] 0x70fbd64ebc!0x117ebc b.lo #0x70fbd64f0c; 
[libmetasec_ml.so] 0x70fbd64f0c!0x117f0c mov w9, wzr; w9=0xfbe42623 -> w9=0x0 
[libmetasec_ml.so] 0x70fbd64f10!0x117f10 b #0x70fbd64f2c; 
[libmetasec_ml.so] 0x70fbd64f2c!0x117f2c add w8, w9, #1; w8=0x0 w9=0x0 -> w8=0x1 
[libmetasec_ml.so] 0x70fbd64f30!0x117f30 strb w0, [x1, w9, uxtw]; w0=0x38 x1=0x73674114ed w9=0x0 mem_w=0x73674114ed 
[libmetasec_ml.so] 0x70fbd64f34!0x117f34 mov x0, x8; x0=0x38 x8=0x1 -> x0=0x1 
[libmetasec_ml.so] 0x70fbd64f38!0x117f38 ret ; 
[libmetasec_ml.so] 0x70fbd63a30!0x116a30 ldr w8, [x19, #0x10]; w8=0x1 x19=0x70fbec09e0 mem_r=0x70fbec09f0 -> w8=0x1 
[libmetasec_ml.so] 0x70fbd63a34!0x116a34 cmp w8, #0x10; w8=0x1 -> w8=0x1 
[libmetasec_ml.so] 0x70fbd63a38!0x116a38 b.hi #0x70fbd63abc; 
[libmetasec_ml.so] 0x70fbd63a3c!0x116a3c adrp x9, #0x70fbe42000; x9=0x0 -> x9=0x70fbe42000 
[libmetasec_ml.so] 0x70fbd63a40!0x116a40 add x9, x9, #0x5d4; x9=0x70fbe42000 x9=0x70fbe42000 -> x9=0x70fbe425d4 
[libmetasec_ml.so] 0x70fbd63a44!0x116a44 adr x10, #0x70fbd63a58; x10=0x70fbd64dec -> x10=0x70fbd63a58 
[libmetasec_ml.so] 0x70fbd63a48!0x116a48 ldrb w11, [x9, x8]; w11=0x0 x9=0x70fbe425d4 x8=0x1 mem_r=0x70fbe425d5 -> w11=0x1b 
[libmetasec_ml.so] 0x70fbd63a4c!0x116a4c add x10, x10, x11, lsl #2; x10=0x70fbd63a58 x10=0x70fbd63a58 x11=0x1b -> x10=0x70fbd63ac4 
[libmetasec_ml.so] 0x70fbd63a50!0x116a50 mov x19, x0; x19=0x70fbec09e0 x0=0x1 -> x19=0x1 
[libmetasec_ml.so] 0x70fbd63a54!0x116a54 br x10; x10=0x70fbd63ac4 
[libmetasec_ml.so] 0x70fbd63ac4!0x116ac4 ldr w0, [x21]; w0=0x1 x21=0x72a7410bc8 mem_r=0x72a7410bc8 -> w0=0x62f1 
[libmetasec_ml.so] 0x70fbd63ac8!0x116ac8 add x1, x20, x19; x1=0x73674114ed x20=0x73674114ed x19=0x1 -> x1=0x73674114ee 
[libmetasec_ml.so] 0x70fbd63acc!0x116acc bl #0x70fbd64e54; 
[libmetasec_ml.so] 0x70fbd64e54!0x117e54 lsl w8, w0, #1; w8=0x1 w0=0x62f1 -> w8=0xc5e2 
[libmetasec_ml.so] 0x70fbd64e58!0x117e58 eor w0, w8, w0, asr #31; w0=0x62f1 w8=0xc5e2 w0=0x62f1 -> w0=0xc5e2 
[libmetasec_ml.so] 0x70fbd64e5c!0x117e5c b #0x70fbd64eb8; 
[libmetasec_ml.so] 0x70fbd64eb8!0x117eb8 cmp w0, #0x80; w0=0xc5e2 -> w0=0xc5e2 
[libmetasec_ml.so] 0x70fbd64ebc!0x117ebc b.lo #0x70fbd64f0c; 
[libmetasec_ml.so] 0x70fbd64ec0!0x117ec0 orr w8, w0, #0x80; w8=0xc5e2 w0=0xc5e2 -> w8=0xc5e2 
[libmetasec_ml.so] 0x70fbd64ec4!0x117ec4 cmp w0, #4, lsl #12; w0=0xc5e2 -> w0=0xc5e2 
[libmetasec_ml.so] 0x70fbd64ec8!0x117ec8 strb w8, [x1]; w8=0xc5e2 x1=0x73674114ee mem_w=0x73674114ee 
[libmetasec_ml.so] 0x70fbd64ecc!0x117ecc lsr w8, w0, #7; w8=0xc5e2 w0=0xc5e2 -> w8=0x18b 
[libmetasec_ml.so] 0x70fbd64ed0!0x117ed0 b.lo #0x70fbd64f14; 
[libmetasec_ml.so] 0x70fbd64ed4!0x117ed4 orr w8, w8, #0x80; w8=0x18b w8=0x18b -> w8=0x18b 
[libmetasec_ml.so] 0x70fbd64ed8!0x117ed8 cmp w0, #0x200, lsl #12; w0=0xc5e2 -> w0=0xc5e2 
[libmetasec_ml.so] 0x70fbd64edc!0x117edc strb w8, [x1, #1]; w8=0x18b x1=0x73674114ee mem_w=0x73674114ef 
[libmetasec_ml.so] 0x70fbd64ee0!0x117ee0 lsr w8, w0, #0xe; w8=0x18b w0=0xc5e2 -> w8=0x3 
[libmetasec_ml.so] 0x70fbd64ee4!0x117ee4 b.lo #0x70fbd64f1c; 
[libmetasec_ml.so] 0x70fbd64f1c!0x117f1c mov w9, #2; w9=0xfbe425d4 -> w9=0x2 
[libmetasec_ml.so] 0x70fbd64f20!0x117f20 b #0x70fbd64f28; 
[libmetasec_ml.so] 0x70fbd64f28!0x117f28 mov w0, w8; w0=0xc5e2 w8=0x3 -> w0=0x3 
[libmetasec_ml.so] 0x70fbd64f2c!0x117f2c add w8, w9, #1; w8=0x3 w9=0x2 -> w8=0x3 
[libmetasec_ml.so] 0x70fbd64f30!0x117f30 strb w0, [x1, w9, uxtw]; w0=0x3 x1=0x73674114ee w9=0x2 mem_w=0x73674114f0 
[libmetasec_ml.so] 0x70fbd64f34!0x117f34 mov x0, x8; x0=0x3 x8=0x3 -> x0=0x3 
[libmetasec_ml.so] 0x70fbd64f38!0x117f38 ret ; 
[libmetasec_ml.so] 0x70fbd63ad0!0x116ad0 b #0x70fbd63af0; 
[libmetasec_ml.so] 0x70fbd63af0!0x116af0 add x0, x0, x19; x0=0x3 x0=0x3 x19=0x1 -> x0=0x4 
[libmetasec_ml.so] 0x70fbd63af4!0x116af4 b #0x70fbd63bfc; 
[libmetasec_ml.so] 0x70fbd63bfc!0x116bfc ldp x29, x30, [sp, #0x30]; fp=0x70d87c2ba0 lr=0x70fbd63ad0 sp=0x70d87c2b70 mem_r=0x70d87c2ba0 -> fp=0x70d87c2c20 lr=0x70fbd63754 
[libmetasec_ml.so] 0x70fbd63c00!0x116c00 ldp x20, x19, [sp, #0x20]; x20=0x73674114ed x19=0x1 sp=0x70d87c2b70 mem_r=0x70d87c2b90 -> x20=0x72a7410b88 x19=0x48 
[libmetasec_ml.so] 0x70fbd63c04!0x116c04 ldp x22, x21, [sp, #0x10]; x22=0x72a7410bc8 x21=0x72a7410bc8 sp=0x70d87c2b70 mem_r=0x70d87c2b80 -> x22=0x72a7410bc8 x21=0xd 
[libmetasec_ml.so] 0x70fbd63c08!0x116c08 ldr x23, [sp], #0x40; x23=0x2a45 sp=0x70d87c2b70 mem_r=0x70d87c2b70 -> x23=0x2a45 
[libmetasec_ml.so] 0x70fbd63c0c!0x116c0c ret ; 
[libmetasec_ml.so] 0x70fbd63754!0x116754 mov x25, x0; x25=0xb x0=0x4 -> x25=0x4 
[libmetasec_ml.so] 0x70fbd63758!0x116758 b #0x70fbd63940; 
[libmetasec_ml.so] 0x70fbd63940!0x116940 add x21, x25, x21; x21=0xd x25=0x4 x21=0xd -> x21=0x11 
[libmetasec_ml.so] 0x70fbd63944!0x116944 add x28, x28, #1; x28=0x6 x28=0x6 -> x28=0x7 
[libmetasec_ml.so] 0x70fbd63948!0x116948 b #0x70fbd635f0; 
[libmetasec_ml.so] 0x70fbd635f0!0x1165f0 ldr x8, [x20]; x8=0x3 x20=0x72a7410b88 mem_r=0x72a7410b88 -> x8=0x70fbebef10 
[libmetasec_ml.so] 0x70fbd635f4!0x1165f4 ldr w9, [x8, #0x30]; w9=0x2 x8=0x70fbebef10 mem_r=0x70fbebef40 -> w9=0x17 
[libmetasec_ml.so] 0x70fbd635f8!0x1165f8 cmp x28, x9; x28=0x7 x9=0x17 -> x28=0x7 
[libmetasec_ml.so] 0x70fbd635fc!0x1165fc b.hs #0x70fbd6397c; 
[libmetasec_ml.so] 0x70fbd63600!0x116600 ldr x8, [x8, #0x38]; x8=0x70fbebef10 x8=0x70fbebef10 mem_r=0x70fbebef48 -> x8=0x70fbec0830 
[libmetasec_ml.so] 0x70fbd63604!0x116604 nop ; 
[libmetasec_ml.so] 0x70fbd63608!0x116608 madd x24, x28, x19, x8; x24=0x70fbec09e0 x28=0x7 x19=0x48 x8=0x70fbec0830 -> x24=0x70fbec0a28 
[libmetasec_ml.so] 0x70fbd6360c!0x11660c ldr w9, [x24, #0x18]; w9=0x17 x24=0x70fbec0a28 mem_r=0x70fbec0a40 -> w9=0x48 
[libmetasec_ml.so] 0x70fbd63610!0x116610 ldr w11, [x24, #0xc]; w11=0x1b x24=0x70fbec0a28 mem_r=0x70fbec0a34 -> w11=0x3 
[libmetasec_ml.so] 0x70fbd63614!0x116614 add x22, x20, x9; x22=0x72a7410bc8 x20=0x72a7410b88 x9=0x48 -> x22=0x72a7410bd0 
[libmetasec_ml.so] 0x70fbd63618!0x116618 cbz w11, #0x70fbd63744; w11=0x3 
[libmetasec_ml.so] 0x70fbd6361c!0x11661c ldr w9, [x24, #0x14]; w9=0x48 x24=0x70fbec0a28 mem_r=0x70fbec0a3c -> w9=0x0 
[libmetasec_ml.so] 0x70fbd63620!0x116620 cmp w11, #1; w11=0x3 -> w11=0x3 
[libmetasec_ml.so] 0x70fbd63624!0x116624 madd x10, x28, x19, x8; x10=0x70fbd63ac4 x28=0x7 x19=0x48 x8=0x70fbec0830 -> x10=0x70fbec0a28 
[libmetasec_ml.so] 0x70fbd63628!0x116628 ccmp w11, #3, #4, ne; w11=0x3 
[libmetasec_ml.so] 0x70fbd6362c!0x11662c b.ne #0x70fbd63668; 
[libmetasec_ml.so] 0x70fbd63630!0x116630 ldr w10, [x10, #0x30]; w10=0xfbec0a28 x10=0x70fbec0a28 mem_r=0x70fbec0a58 -> w10=0x0 
[libmetasec_ml.so] 0x70fbd63634!0x116634 tbnz w10, #2, #0x70fbd636a0; w10=0x0 
[libmetasec_ml.so] 0x70fbd63638!0x116638 cmp w11, #3; w11=0x3 -> w11=0x3 
[libmetasec_ml.so] 0x70fbd6363c!0x11663c b.eq #0x70fbd6372c; 
[libmetasec_ml.so] 0x70fbd6372c!0x11672c mov x0, x24; x0=0x4 x24=0x70fbec0a28 -> x0=0x70fbec0a28 
[libmetasec_ml.so] 0x70fbd63730!0x116730 mov x1, x22; x1=0x73674114ee x22=0x72a7410bd0 -> x1=0x72a7410bd0 
[libmetasec_ml.so] 0x70fbd63734!0x116734 bl #0x70fbd64dc8; 
[libmetasec_ml.so] 0x70fbd64dc8!0x117dc8 ldr w8, [x0, #0x10]; w8=0xfbec0830 x0=0x70fbec0a28 mem_r=0x70fbec0a38 -> w8=0xe 
[libmetasec_ml.so] 0x70fbd64dcc!0x117dcc cmp w8, #0x10; w8=0xe -> w8=0xe 
[libmetasec_ml.so] 0x70fbd64dd0!0x117dd0 b.hi #0x70fbd64e30; 
[libmetasec_ml.so] 0x70fbd64dd4!0x117dd4 adrp x9, #0x70fbe42000; x9=0x0 -> x9=0x70fbe42000 
[libmetasec_ml.so] 0x70fbd64dd8!0x117dd8 add x9, x9, #0x623; x9=0x70fbe42000 x9=0x70fbe42000 -> x9=0x70fbe42623 
[libmetasec_ml.so] 0x70fbd64ddc!0x117ddc adr x10, #0x70fbd64dec; x10=0x0 -> x10=0x70fbd64dec 
[libmetasec_ml.so] 0x70fbd64de0!0x117de0 ldrb w11, [x9, x8]; w11=0x3 x9=0x70fbe42623 x8=0xe mem_r=0x70fbe42631 -> w11=0xd 
[libmetasec_ml.so] 0x70fbd64de4!0x117de4 add x10, x10, x11, lsl #2; x10=0x70fbd64dec x10=0x70fbd64dec x11=0xd -> x10=0x70fbd64e20 
[libmetasec_ml.so] 0x70fbd64de8!0x117de8 br x10; x10=0x70fbd64e20 
[libmetasec_ml.so] 0x70fbd64e20!0x117e20 ldr x8, [x1]; x8=0xe x1=0x72a7410bd0 mem_r=0x72a7410bd0 -> x8=0x70fbe42645 
[libmetasec_ml.so] 0x70fbd64e24!0x117e24 cbz x8, #0x70fbd64e30; x8=0x70fbe42645 
[libmetasec_ml.so] 0x70fbd64e28!0x117e28 ldrb w8, [x8]; w8=0xfbe42645 x8=0x70fbe42645 mem_r=0x70fbe42645 -> w8=0x0 
[libmetasec_ml.so] 0x70fbd64e2c!0x117e2c b #0x70fbd64df0; 
[libmetasec_ml.so] 0x70fbd64df0!0x117df0 cmp w8, #0; w8=0x0 -> w8=0x0 
[libmetasec_ml.so] 0x70fbd64df4!0x117df4 b #0x70fbd64e00; 
[libmetasec_ml.so] 0x70fbd64e00!0x117e00 cset w0, eq; w0=0xfbec0a28 -> w0=0x1 
[libmetasec_ml.so] 0x70fbd64e04!0x117e04 ret ; 
[libmetasec_ml.so] 0x70fbd63738!0x116738 cbz w0, #0x70fbd63744; w0=0x1 
[libmetasec_ml.so] 0x70fbd6373c!0x11673c mov x25, xzr; x25=0x4 -> x25=0x0 
[libmetasec_ml.so] 0x70fbd63740!0x116740 b #0x70fbd63940; 
[libmetasec_ml.so] 0x70fbd63940!0x116940 add x21, x25, x21; x21=0x11 x25=0x0 x21=0x11 -> x21=0x11 
[libmetasec_ml.so] 0x70fbd63944!0x116944 add x28, x28, #1; x28=0x7 x28=0x7 -> x28=0x8 
[libmetasec_ml.so] 0x70fbd63948!0x116948 b #0x70fbd635f0; 
[libmetasec_ml.so] 0x70fbd635f0!0x1165f0 ldr x8, [x20]; x8=0x0 x20=0x72a7410b88 mem_r=0x72a7410b88 -> x8=0x70fbebef10 
[libmetasec_ml.so] 0x70fbd635f4!0x1165f4 ldr w9, [x8, #0x30]; w9=0xfbe42623 x8=0x70fbebef10 mem_r=0x70fbebef40 -> w9=0x17 
[libmetasec_ml.so] 0x70fbd635f8!0x1165f8 cmp x28, x9; x28=0x8 x9=0x17 -> x28=0x8 
[libmetasec_ml.so] 0x70fbd635fc!0x1165fc b.hs #0x70fbd6397c; 
[libmetasec_ml.so] 0x70fbd63600!0x116600 ldr x8, [x8, #0x38]; x8=0x70fbebef10 x8=0x70fbebef10 mem_r=0x70fbebef48 -> x8=0x70fbec0830 
[libmetasec_ml.so] 0x70fbd63604!0x116604 nop ; 
[libmetasec_ml.so] 0x70fbd63608!0x116608 madd x24, x28, x19, x8; x24=0x70fbec0a28 x28=0x8 x19=0x48 x8=0x70fbec0830 -> x24=0x70fbec0a70 
[libmetasec_ml.so] 0x70fbd6360c!0x11660c ldr w9, [x24, #0x18]; w9=0x17 x24=0x70fbec0a70 mem_r=0x70fbec0a88 -> w9=0x50 
[libmetasec_ml.so] 0x70fbd63610!0x116610 ldr w11, [x24, #0xc]; w11=0xd x24=0x70fbec0a70 mem_r=0x70fbec0a7c -> w11=0x3 
[libmetasec_ml.so] 0x70fbd63614!0x116614 add x22, x20, x9; x22=0x72a7410bd0 x20=0x72a7410b88 x9=0x50 -> x22=0x72a7410bd8 
[libmetasec_ml.so] 0x70fbd63618!0x116618 cbz w11, #0x70fbd63744; w11=0x3 
[libmetasec_ml.so] 0x70fbd6361c!0x11661c ldr w9, [x24, #0x14]; w9=0x50 x24=0x70fbec0a70 mem_r=0x70fbec0a84 -> w9=0x0 
[libmetasec_ml.so] 0x70fbd63620!0x116620 cmp w11, #1; w11=0x3 -> w11=0x3 
[libmetasec_ml.so] 0x70fbd63624!0x116624 madd x10, x28, x19, x8; x10=0x70fbd64e20 x28=0x8 x19=0x48 x8=0x70fbec0830 -> x10=0x70fbec0a70 
[libmetasec_ml.so] 0x70fbd63628!0x116628 ccmp w11, #3, #4, ne; w11=0x3 
[libmetasec_ml.so] 0x70fbd6362c!0x11662c b.ne #0x70fbd63668; 
[libmetasec_ml.so] 0x70fbd63630!0x116630 ldr w10, [x10, #0x30]; w10=0xfbec0a70 x10=0x70fbec0a70 mem_r=0x70fbec0aa0 -> w10=0x0 
[libmetasec_ml.so] 0x70fbd63634!0x116634 tbnz w10, #2, #0x70fbd636a0; w10=0x0 
[libmetasec_ml.so] 0x70fbd63638!0x116638 cmp w11, #3; w11=0x3 -> w11=0x3 
[libmetasec_ml.so] 0x70fbd6363c!0x11663c b.eq #0x70fbd6372c; 
[libmetasec_ml.so] 0x70fbd6372c!0x11672c mov x0, x24; x0=0x1 x24=0x70fbec0a70 -> x0=0x70fbec0a70 
[libmetasec_ml.so] 0x70fbd63730!0x116730 mov x1, x22; x1=0x72a7410bd0 x22=0x72a7410bd8 -> x1=0x72a7410bd8 
[libmetasec_ml.so] 0x70fbd63734!0x116734 bl #0x70fbd64dc8; 
[libmetasec_ml.so] 0x70fbd64dc8!0x117dc8 ldr w8, [x0, #0x10]; w8=0xfbec0830 x0=0x70fbec0a70 mem_r=0x70fbec0a80 -> w8=0xe 
[libmetasec_ml.so] 0x70fbd64dcc!0x117dcc cmp w8, #0x10; w8=0xe -> w8=0xe 
[libmetasec_ml.so] 0x70fbd64dd0!0x117dd0 b.hi #0x70fbd64e30; 
[libmetasec_ml.so] 0x70fbd64dd4!0x117dd4 adrp x9, #0x70fbe42000; x9=0x0 -> x9=0x70fbe42000 
[libmetasec_ml.so] 0x70fbd64dd8!0x117dd8 add x9, x9, #0x623; x9=0x70fbe42000 x9=0x70fbe42000 -> x9=0x70fbe42623 
[libmetasec_ml.so] 0x70fbd64ddc!0x117ddc adr x10, #0x70fbd64dec; x10=0x0 -> x10=0x70fbd64dec 
[libmetasec_ml.so] 0x70fbd64de0!0x117de0 ldrb w11, [x9, x8]; w11=0x3 x9=0x70fbe42623 x8=0xe mem_r=0x70fbe42631 -> w11=0xd 
[libmetasec_ml.so] 0x70fbd64de4!0x117de4 add x10, x10, x11, lsl #2; x10=0x70fbd64dec x10=0x70fbd64dec x11=0xd -> x10=0x70fbd64e20 
[libmetasec_ml.so] 0x70fbd64de8!0x117de8 br x10; x10=0x70fbd64e20 
[libmetasec_ml.so] 0x70fbd64e20!0x117e20 ldr x8, [x1]; x8=0xe x1=0x72a7410bd8 mem_r=0x72a7410bd8 -> x8=0x70fbe42645 
[libmetasec_ml.so] 0x70fbd64e24!0x117e24 cbz x8, #0x70fbd64e30; x8=0x70fbe42645 
[libmetasec_ml.so] 0x70fbd64e28!0x117e28 ldrb w8, [x8]; w8=0xfbe42645 x8=0x70fbe42645 mem_r=0x70fbe42645 -> w8=0x0 
[libmetasec_ml.so] 0x70fbd64e2c!0x117e2c b #0x70fbd64df0; 
[libmetasec_ml.so] 0x70fbd64df0!0x117df0 cmp w8, #0; w8=0x0 -> w8=0x0 
[libmetasec_ml.so] 0x70fbd64df4!0x117df4 b #0x70fbd64e00; 
[libmetasec_ml.so] 0x70fbd64e00!0x117e00 cset w0, eq; w0=0xfbec0a70 -> w0=0x1 
[libmetasec_ml.so] 0x70fbd64e04!0x117e04 ret ; 
[libmetasec_ml.so] 0x70fbd63738!0x116738 cbz w0, #0x70fbd63744; w0=0x1 
[libmetasec_ml.so] 0x70fbd6373c!0x11673c mov x25, xzr; x25=0x0 -> x25=0x0 
[libmetasec_ml.so] 0x70fbd63740!0x116740 b #0x70fbd63940; 
[libmetasec_ml.so] 0x70fbd63940!0x116940 add x21, x25, x21; x21=0x11 x25=0x0 x21=0x11 -> x21=0x11 
[libmetasec_ml.so] 0x70fbd63944!0x116944 add x28, x28, #1; x28=0x8 x28=0x8 -> x28=0x9 
[libmetasec_ml.so] 0x70fbd63948!0x116948 b #0x70fbd635f0; 
[libmetasec_ml.so] 0x70fbd635f0!0x1165f0 ldr x8, [x20]; x8=0x0 x20=0x72a7410b88 mem_r=0x72a7410b88 -> x8=0x70fbebef10 
[libmetasec_ml.so] 0x70fbd635f4!0x1165f4 ldr w9, [x8, #0x30]; w9=0xfbe42623 x8=0x70fbebef10 mem_r=0x70fbebef40 -> w9=0x17 
[libmetasec_ml.so] 0x70fbd635f8!0x1165f8 cmp x28, x9; x28=0x9 x9=0x17 -> x28=0x9 
[libmetasec_ml.so] 0x70fbd635fc!0x1165fc b.hs #0x70fbd6397c; 
[libmetasec_ml.so] 0x70fbd63600!0x116600 ldr x8, [x8, #0x38]; x8=0x70fbebef10 x8=0x70fbebef10 mem_r=0x70fbebef48 -> x8=0x70fbec0830 
[libmetasec_ml.so] 0x70fbd63604!0x116604 nop ; 
[libmetasec_ml.so] 0x70fbd63608!0x116608 madd x24, x28, x19, x8; x24=0x70fbec0a70 x28=0x9 x19=0x48 x8=0x70fbec0830 -> x24=0x70fbec0ab8 
[libmetasec_ml.so] 0x70fbd6360c!0x11660c ldr w9, [x24, #0x18]; w9=0x17 x24=0x70fbec0ab8 mem_r=0x70fbec0ad0 -> w9=0x58 
[libmetasec_ml.so] 0x70fbd63610!0x116610 ldr w11, [x24, #0xc]; w11=0xd x24=0x70fbec0ab8 mem_r=0x70fbec0ac4 -> w11=0x3 
[libmetasec_ml.so] 0x70fbd63614!0x116614 add x22, x20, x9; x22=0x72a7410bd8 x20=0x72a7410b88 x9=0x58 -> x22=0x72a7410be0 
[libmetasec_ml.so] 0x70fbd63618!0x116618 cbz w11, #0x70fbd63744; w11=0x3 
[libmetasec_ml.so] 0x70fbd6361c!0x11661c ldr w9, [x24, #0x14]; w9=0x58 x24=0x70fbec0ab8 mem_r=0x70fbec0acc -> w9=0x0 
[libmetasec_ml.so] 0x70fbd63620!0x116620 cmp w11, #1; w11=0x3 -> w11=0x3 
[libmetasec_ml.so] 0x70fbd63624!0x116624 madd x10, x28, x19, x8; x10=0x70fbd64e20 x28=0x9 x19=0x48 x8=0x70fbec0830 -> x10=0x70fbec0ab8 
[libmetasec_ml.so] 0x70fbd63628!0x116628 ccmp w11, #3, #4, ne; w11=0x3 
[libmetasec_ml.so] 0x70fbd6362c!0x11662c b.ne #0x70fbd63668; 
[libmetasec_ml.so] 0x70fbd63630!0x116630 ldr w10, [x10, #0x30]; w10=0xfbec0ab8 x10=0x70fbec0ab8 mem_r=0x70fbec0ae8 -> w10=0x0 
[libmetasec_ml.so] 0x70fbd63634!0x116634 tbnz w10, #2, #0x70fbd636a0; w10=0x0 
[libmetasec_ml.so] 0x70fbd63638!0x116638 cmp w11, #3; w11=0x3 -> w11=0x3 
[libmetasec_ml.so] 0x70fbd6363c!0x11663c b.eq #0x70fbd6372c; 
[libmetasec_ml.so] 0x70fbd6372c!0x11672c mov x0, x24; x0=0x1 x24=0x70fbec0ab8 -> x0=0x70fbec0ab8 
[libmetasec_ml.so] 0x70fbd63730!0x116730 mov x1, x22; x1=0x72a7410bd8 x22=0x72a7410be0 -> x1=0x72a7410be0 
[libmetasec_ml.so] 0x70fbd63734!0x116734 bl #0x70fbd64dc8; 
[libmetasec_ml.so] 0x70fbd64dc8!0x117dc8 ldr w8, [x0, #0x10]; w8=0xfbec0830 x0=0x70fbec0ab8 mem_r=0x70fbec0ac8 -> w8=0xe 
[libmetasec_ml.so] 0x70fbd64dcc!0x117dcc cmp w8, #0x10; w8=0xe -> w8=0xe 
[libmetasec_ml.so] 0x70fbd64dd0!0x117dd0 b.hi #0x70fbd64e30; 
[libmetasec_ml.so] 0x70fbd64dd4!0x117dd4 adrp x9, #0x70fbe42000; x9=0x0 -> x9=0x70fbe42000 
[libmetasec_ml.so] 0x70fbd64dd8!0x117dd8 add x9, x9, #0x623; x9=0x70fbe42000 x9=0x70fbe42000 -> x9=0x70fbe42623 
[libmetasec_ml.so] 0x70fbd64ddc!0x117ddc adr x10, #0x70fbd64dec; x10=0x0 -> x10=0x70fbd64dec 
[libmetasec_ml.so] 0x70fbd64de0!0x117de0 ldrb w11, [x9, x8]; w11=0x3 x9=0x70fbe42623 x8=0xe mem_r=0x70fbe42631 -> w11=0xd 
[libmetasec_ml.so] 0x70fbd64de4!0x117de4 add x10, x10, x11, lsl #2; x10=0x70fbd64dec x10=0x70fbd64dec x11=0xd -> x10=0x70fbd64e20 
[libmetasec_ml.so] 0x70fbd64de8!0x117de8 br x10; x10=0x70fbd64e20 
[libmetasec_ml.so] 0x70fbd64e20!0x117e20 ldr x8, [x1]; x8=0xe x1=0x72a7410be0 mem_r=0x72a7410be0 -> x8=0x70fbe42645 
[libmetasec_ml.so] 0x70fbd64e24!0x117e24 cbz x8, #0x70fbd64e30; x8=0x70fbe42645 
[libmetasec_ml.so] 0x70fbd64e28!0x117e28 ldrb w8, [x8]; w8=0xfbe42645 x8=0x70fbe42645 mem_r=0x70fbe42645 -> w8=0x0 
[libmetasec_ml.so] 0x70fbd64e2c!0x117e2c b #0x70fbd64df0; 
[libmetasec_ml.so] 0x70fbd64df0!0x117df0 cmp w8, #0; w8=0x0 -> w8=0x0 
[libmetasec_ml.so] 0x70fbd64df4!0x117df4 b #0x70fbd64e00; 
[libmetasec_ml.so] 0x70fbd64e00!0x117e00 cset w0, eq; w0=0xfbec0ab8 -> w0=0x1 
[libmetasec_ml.so] 0x70fbd64e04!0x117e04 ret ; 
[libmetasec_ml.so] 0x70fbd63738!0x116738 cbz w0, #0x70fbd63744; w0=0x1 
[libmetasec_ml.so] 0x70fbd6373c!0x11673c mov x25, xzr; x25=0x0 -> x25=0x0 
[libmetasec_ml.so] 0x70fbd63740!0x116740 b #0x70fbd63940; 
[libmetasec_ml.so] 0x70fbd63940!0x116940 add x21, x25, x21; x21=0x11 x25=0x0 x21=0x11 -> x21=0x11 
[libmetasec_ml.so] 0x70fbd63944!0x116944 add x28, x28, #1; x28=0x9 x28=0x9 -> x28=0xa 
[libmetasec_ml.so] 0x70fbd63948!0x116948 b #0x70fbd635f0; 
[libmetasec_ml.so] 0x70fbd635f0!0x1165f0 ldr x8, [x20]; x8=0x0 x20=0x72a7410b88 mem_r=0x72a7410b88 -> x8=0x70fbebef10 
[libmetasec_ml.so] 0x70fbd635f4!0x1165f4 ldr w9, [x8, #0x30]; w9=0xfbe42623 x8=0x70fbebef10 mem_r=0x70fbebef40 -> w9=0x17 
[libmetasec_ml.so] 0x70fbd635f8!0x1165f8 cmp x28, x9; x28=0xa x9=0x17 -> x28=0xa 
[libmetasec_ml.so] 0x70fbd635fc!0x1165fc b.hs #0x70fbd6397c; 
[libmetasec_ml.so] 0x70fbd63600!0x116600 ldr x8, [x8, #0x38]; x8=0x70fbebef10 x8=0x70fbebef10 mem_r=0x70fbebef48 -> x8=0x70fbec0830 
[libmetasec_ml.so] 0x70fbd63604!0x116604 nop ; 
[libmetasec_ml.so] 0x70fbd63608!0x116608 madd x24, x28, x19, x8; x24=0x70fbec0ab8 x28=0xa x19=0x48 x8=0x70fbec0830 -> x24=0x70fbec0b00 
[libmetasec_ml.so] 0x70fbd6360c!0x11660c ldr w9, [x24, #0x18]; w9=0x17 x24=0x70fbec0b00 mem_r=0x70fbec0b18 -> w9=0x60 
[libmetasec_ml.so] 0x70fbd63610!0x116610 ldr w11, [x24, #0xc]; w11=0xd x24=0x70fbec0b00 mem_r=0x70fbec0b0c -> w11=0x3 
[libmetasec_ml.so] 0x70fbd63614!0x116614 add x22, x20, x9; x22=0x72a7410be0 x20=0x72a7410b88 x9=0x60 -> x22=0x72a7410be8 
[libmetasec_ml.so] 0x70fbd63618!0x116618 cbz w11, #0x70fbd63744; w11=0x3 
[libmetasec_ml.so] 0x70fbd6361c!0x11661c ldr w9, [x24, #0x14]; w9=0x60 x24=0x70fbec0b00 mem_r=0x70fbec0b14 -> w9=0x0 
[libmetasec_ml.so] 0x70fbd63620!0x116620 cmp w11, #1; w11=0x3 -> w11=0x3 
[libmetasec_ml.so] 0x70fbd63624!0x116624 madd x10, x28, x19, x8; x10=0x70fbd64e20 x28=0xa x19=0x48 x8=0x70fbec0830 -> x10=0x70fbec0b00 
[libmetasec_ml.so] 0x70fbd63628!0x116628 ccmp w11, #3, #4, ne; w11=0x3 
[libmetasec_ml.so] 0x70fbd6362c!0x11662c b.ne #0x70fbd63668; 
[libmetasec_ml.so] 0x70fbd63630!0x116630 ldr w10, [x10, #0x30]; w10=0xfbec0b00 x10=0x70fbec0b00 mem_r=0x70fbec0b30 -> w10=0x0 
[libmetasec_ml.so] 0x70fbd63634!0x116634 tbnz w10, #2, #0x70fbd636a0; w10=0x0 
[libmetasec_ml.so] 0x70fbd63638!0x116638 cmp w11, #3; w11=0x3 -> w11=0x3 
[libmetasec_ml.so] 0x70fbd6363c!0x11663c b.eq #0x70fbd6372c; 
[libmetasec_ml.so] 0x70fbd6372c!0x11672c mov x0, x24; x0=0x1 x24=0x70fbec0b00 -> x0=0x70fbec0b00 
[libmetasec_ml.so] 0x70fbd63730!0x116730 mov x1, x22; x1=0x72a7410be0 x22=0x72a7410be8 -> x1=0x72a7410be8 
[libmetasec_ml.so] 0x70fbd63734!0x116734 bl #0x70fbd64dc8; 
[libmetasec_ml.so] 0x70fbd64dc8!0x117dc8 ldr w8, [x0, #0x10]; w8=0xfbec0830 x0=0x70fbec0b00 mem_r=0x70fbec0b10 -> w8=0xe 
[libmetasec_ml.so] 0x70fbd64dcc!0x117dcc cmp w8, #0x10; w8=0xe -> w8=0xe 
[libmetasec_ml.so] 0x70fbd64dd0!0x117dd0 b.hi #0x70fbd64e30; 
[libmetasec_ml.so] 0x70fbd64dd4!0x117dd4 adrp x9, #0x70fbe42000; x9=0x0 -> x9=0x70fbe42000 
[libmetasec_ml.so] 0x70fbd64dd8!0x117dd8 add x9, x9, #0x623; x9=0x70fbe42000 x9=0x70fbe42000 -> x9=0x70fbe42623 
[libmetasec_ml.so] 0x70fbd64ddc!0x117ddc adr x10, #0x70fbd64dec; x10=0x0 -> x10=0x70fbd64dec 
[libmetasec_ml.so] 0x70fbd64de0!0x117de0 ldrb w11, [x9, x8]; w11=0x3 x9=0x70fbe42623 x8=0xe mem_r=0x70fbe42631 -> w11=0xd 
[libmetasec_ml.so] 0x70fbd64de4!0x117de4 add x10, x10, x11, lsl #2; x10=0x70fbd64dec x10=0x70fbd64dec x11=0xd -> x10=0x70fbd64e20 
[libmetasec_ml.so] 0x70fbd64de8!0x117de8 br x10; x10=0x70fbd64e20 
[libmetasec_ml.so] 0x70fbd64e20!0x117e20 ldr x8, [x1]; x8=0xe x1=0x72a7410be8 mem_r=0x72a7410be8 -> x8=0x70fbe42645 
[libmetasec_ml.so] 0x70fbd64e24!0x117e24 cbz x8, #0x70fbd64e30; x8=0x70fbe42645 
[libmetasec_ml.so] 0x70fbd64e28!0x117e28 ldrb w8, [x8]; w8=0xfbe42645 x8=0x70fbe42645 mem_r=0x70fbe42645 -> w8=0x0 
[libmetasec_ml.so] 0x70fbd64e2c!0x117e2c b #0x70fbd64df0; 
[libmetasec_ml.so] 0x70fbd64df0!0x117df0 cmp w8, #0; w8=0x0 -> w8=0x0 
[libmetasec_ml.so] 0x70fbd64df4!0x117df4 b #0x70fbd64e00; 
[libmetasec_ml.so] 0x70fbd64e00!0x117e00 cset w0, eq; w0=0xfbec0b00 -> w0=0x1 
[libmetasec_ml.so] 0x70fbd64e04!0x117e04 ret ; 
[libmetasec_ml.so] 0x70fbd63738!0x116738 cbz w0, #0x70fbd63744; w0=0x1 
[libmetasec_ml.so] 0x70fbd6373c!0x11673c mov x25, xzr; x25=0x0 -> x25=0x0 
[libmetasec_ml.so] 0x70fbd63740!0x116740 b #0x70fbd63940; 
[libmetasec_ml.so] 0x70fbd63940!0x116940 add x21, x25, x21; x21=0x11 x25=0x0 x21=0x11 -> x21=0x11 
[libmetasec_ml.so] 0x70fbd63944!0x116944 add x28, x28, #1; x28=0xa x28=0xa -> x28=0xb 
[libmetasec_ml.so] 0x70fbd63948!0x116948 b #0x70fbd635f0; 
[libmetasec_ml.so] 0x70fbd635f0!0x1165f0 ldr x8, [x20]; x8=0x0 x20=0x72a7410b88 mem_r=0x72a7410b88 -> x8=0x70fbebef10 
[libmetasec_ml.so] 0x70fbd635f4!0x1165f4 ldr w9, [x8, #0x30]; w9=0xfbe42623 x8=0x70fbebef10 mem_r=0x70fbebef40 -> w9=0x17 
[libmetasec_ml.so] 0x70fbd635f8!0x1165f8 cmp x28, x9; x28=0xb x9=0x17 -> x28=0xb 
[libmetasec_ml.so] 0x70fbd635fc!0x1165fc b.hs #0x70fbd6397c; 
[libmetasec_ml.so] 0x70fbd63600!0x116600 ldr x8, [x8, #0x38]; x8=0x70fbebef10 x8=0x70fbebef10 mem_r=0x70fbebef48 -> x8=0x70fbec0830 
[libmetasec_ml.so] 0x70fbd63604!0x116604 nop ; 
[libmetasec_ml.so] 0x70fbd63608!0x116608 madd x24, x28, x19, x8; x24=0x70fbec0b00 x28=0xb x19=0x48 x8=0x70fbec0830 -> x24=0x70fbec0b48 
[libmetasec_ml.so] 0x70fbd6360c!0x11660c ldr w9, [x24, #0x18]; w9=0x17 x24=0x70fbec0b48 mem_r=0x70fbec0b60 -> w9=0x68 
[libmetasec_ml.so] 0x70fbd63610!0x116610 ldr w11, [x24, #0xc]; w11=0xd x24=0x70fbec0b48 mem_r=0x70fbec0b54 -> w11=0x3 
[libmetasec_ml.so] 0x70fbd63614!0x116614 add x22, x20, x9; x22=0x72a7410be8 x20=0x72a7410b88 x9=0x68 -> x22=0x72a7410bf0 
[libmetasec_ml.so] 0x70fbd63618!0x116618 cbz w11, #0x70fbd63744; w11=0x3 
[libmetasec_ml.so] 0x70fbd6361c!0x11661c ldr w9, [x24, #0x14]; w9=0x68 x24=0x70fbec0b48 mem_r=0x70fbec0b5c -> w9=0x0 
[libmetasec_ml.so] 0x70fbd63620!0x116620 cmp w11, #1; w11=0x3 -> w11=0x3 
[libmetasec_ml.so] 0x70fbd63624!0x116624 madd x10, x28, x19, x8; x10=0x70fbd64e20 x28=0xb x19=0x48 x8=0x70fbec0830 -> x10=0x70fbec0b48 
[libmetasec_ml.so] 0x70fbd63628!0x116628 ccmp w11, #3, #4, ne; w11=0x3 
[libmetasec_ml.so] 0x70fbd6362c!0x11662c b.ne #0x70fbd63668; 
[libmetasec_ml.so] 0x70fbd63630!0x116630 ldr w10, [x10, #0x30]; w10=0xfbec0b48 x10=0x70fbec0b48 mem_r=0x70fbec0b78 -> w10=0x0 
[libmetasec_ml.so] 0x70fbd63634!0x116634 tbnz w10, #2, #0x70fbd636a0; w10=0x0 
[libmetasec_ml.so] 0x70fbd63638!0x116638 cmp w11, #3; w11=0x3 -> w11=0x3 
[libmetasec_ml.so] 0x70fbd6363c!0x11663c b.eq #0x70fbd6372c; 
[libmetasec_ml.so] 0x70fbd6372c!0x11672c mov x0, x24; x0=0x1 x24=0x70fbec0b48 -> x0=0x70fbec0b48 
[libmetasec_ml.so] 0x70fbd63730!0x116730 mov x1, x22; x1=0x72a7410be8 x22=0x72a7410bf0 -> x1=0x72a7410bf0 
[libmetasec_ml.so] 0x70fbd63734!0x116734 bl #0x70fbd64dc8; 
[libmetasec_ml.so] 0x70fbd64dc8!0x117dc8 ldr w8, [x0, #0x10]; w8=0xfbec0830 x0=0x70fbec0b48 mem_r=0x70fbec0b58 -> w8=0x10 
[libmetasec_ml.so] 0x70fbd64dcc!0x117dcc cmp w8, #0x10; w8=0x10 -> w8=0x10 
[libmetasec_ml.so] 0x70fbd64dd0!0x117dd0 b.hi #0x70fbd64e30; 
[libmetasec_ml.so] 0x70fbd64dd4!0x117dd4 adrp x9, #0x70fbe42000; x9=0x0 -> x9=0x70fbe42000 
[libmetasec_ml.so] 0x70fbd64dd8!0x117dd8 add x9, x9, #0x623; x9=0x70fbe42000 x9=0x70fbe42000 -> x9=0x70fbe42623 
[libmetasec_ml.so] 0x70fbd64ddc!0x117ddc adr x10, #0x70fbd64dec; x10=0x0 -> x10=0x70fbd64dec 
[libmetasec_ml.so] 0x70fbd64de0!0x117de0 ldrb w11, [x9, x8]; w11=0x3 x9=0x70fbe42623 x8=0x10 mem_r=0x70fbe42633 -> w11=0x3 
[libmetasec_ml.so] 0x70fbd64de4!0x117de4 add x10, x10, x11, lsl #2; x10=0x70fbd64dec x10=0x70fbd64dec x11=0x3 -> x10=0x70fbd64df8 
[libmetasec_ml.so] 0x70fbd64de8!0x117de8 br x10; x10=0x70fbd64df8 
[libmetasec_ml.so] 0x70fbd64df8!0x117df8 ldr x8, [x1]; x8=0x10 x1=0x72a7410bf0 mem_r=0x72a7410bf0 -> x8=0x72a7410970 
[libmetasec_ml.so] 0x70fbd64dfc!0x117dfc cmp x8, #0; x8=0x72a7410970 -> x8=0x72a7410970 
[libmetasec_ml.so] 0x70fbd64e00!0x117e00 cset w0, eq; w0=0xfbec0b48 -> w0=0x0 
[libmetasec_ml.so] 0x70fbd64e04!0x117e04 ret ; 
[libmetasec_ml.so] 0x70fbd63738!0x116738 cbz w0, #0x70fbd63744; w0=0x0 
[libmetasec_ml.so] 0x70fbd63744!0x116744 add x2, x27, x21; x2=0x73674114ed x27=0x73674114e0 x21=0x11 -> x2=0x73674114f1 
[libmetasec_ml.so] 0x70fbd63748!0x116748 mov x0, x24; x0=0x0 x24=0x70fbec0b48 -> x0=0x70fbec0b48 
[libmetasec_ml.so] 0x70fbd6374c!0x11674c mov x1, x22; x1=0x72a7410bf0 x22=0x72a7410bf0 -> x1=0x72a7410bf0 
[libmetasec_ml.so] 0x70fbd63750!0x116750 bl #0x70fbd63a04; 
[libmetasec_ml.so] 0x70fbd63a04!0x116a04 str x23, [sp, #-0x40]!; x23=0x2a45 sp=0x70d87c2bb0 mem_w=0x70d87c2b70 -> sp=0x70d87c2b70 
[libmetasec_ml.so] 0x70fbd63a08!0x116a08 stp x22, x21, [sp, #0x10]; x22=0x72a7410bf0 x21=0x11 sp=0x70d87c2b70 mem_w=0x70d87c2b80 
[libmetasec_ml.so] 0x70fbd63a0c!0x116a0c stp x20, x19, [sp, #0x20]; x20=0x72a7410b88 x19=0x48 sp=0x70d87c2b70 mem_w=0x70d87c2b90 
[libmetasec_ml.so] 0x70fbd63a10!0x116a10 stp x29, x30, [sp, #0x30]; fp=0x70d87c2c20 lr=0x70fbd63754 sp=0x70d87c2b70 mem_w=0x70d87c2ba0 
[libmetasec_ml.so] 0x70fbd63a14!0x116a14 add x29, sp, #0x30; fp=0x70d87c2c20 sp=0x70d87c2b70 -> fp=0x70d87c2ba0 
[libmetasec_ml.so] 0x70fbd63a18!0x116a18 mov x19, x0; x19=0x48 x0=0x70fbec0b48 -> x19=0x70fbec0b48 
[libmetasec_ml.so] 0x70fbd63a1c!0x116a1c ldr w0, [x0, #8]; w0=0xfbec0b48 x0=0x70fbec0b48 mem_r=0x70fbec0b50 -> w0=0xc 
[libmetasec_ml.so] 0x70fbd63a20!0x116a20 mov x21, x1; x21=0x11 x1=0x72a7410bf0 -> x21=0x72a7410bf0 
[libmetasec_ml.so] 0x70fbd63a24!0x116a24 mov x1, x2; x1=0x72a7410bf0 x2=0x73674114f1 -> x1=0x73674114f1 
[libmetasec_ml.so] 0x70fbd63a28!0x116a28 mov x20, x2; x20=0x72a7410b88 x2=0x73674114f1 -> x20=0x73674114f1 
[libmetasec_ml.so] 0x70fbd63a2c!0x116a2c bl #0x70fbd64e38; 
[libmetasec_ml.so] 0x70fbd64e38!0x117e38 lsr w8, w0, #0x1d; w8=0xa7410970 w0=0xc -> w8=0x0 
[libmetasec_ml.so] 0x70fbd64e3c!0x117e3c cbnz w8, #0x70fbd64e48; w8=0x0 
[libmetasec_ml.so] 0x70fbd64e40!0x117e40 lsl w0, w0, #3; w0=0xc w0=0xc -> w0=0x60 
[libmetasec_ml.so] 0x70fbd64e44!0x117e44 b #0x70fbd64eb8; 
[libmetasec_ml.so] 0x70fbd64eb8!0x117eb8 cmp w0, #0x80; w0=0x60 -> w0=0x60 
[libmetasec_ml.so] 0x70fbd64ebc!0x117ebc b.lo #0x70fbd64f0c; 
[libmetasec_ml.so] 0x70fbd64f0c!0x117f0c mov w9, wzr; w9=0xfbe42623 -> w9=0x0 
[libmetasec_ml.so] 0x70fbd64f10!0x117f10 b #0x70fbd64f2c; 
[libmetasec_ml.so] 0x70fbd64f2c!0x117f2c add w8, w9, #1; w8=0x0 w9=0x0 -> w8=0x1 
[libmetasec_ml.so] 0x70fbd64f30!0x117f30 strb w0, [x1, w9, uxtw]; w0=0x60 x1=0x73674114f1 w9=0x0 mem_w=0x73674114f1 
[libmetasec_ml.so] 0x70fbd64f34!0x117f34 mov x0, x8; x0=0x60 x8=0x1 -> x0=0x1 
[libmetasec_ml.so] 0x70fbd64f38!0x117f38 ret ; 
[libmetasec_ml.so] 0x70fbd63a30!0x116a30 ldr w8, [x19, #0x10]; w8=0x1 x19=0x70fbec0b48 mem_r=0x70fbec0b58 -> w8=0x10 
[libmetasec_ml.so] 0x70fbd63a34!0x116a34 cmp w8, #0x10; w8=0x10 -> w8=0x10 
[libmetasec_ml.so] 0x70fbd63a38!0x116a38 b.hi #0x70fbd63abc; 
[libmetasec_ml.so] 0x70fbd63a3c!0x116a3c adrp x9, #0x70fbe42000; x9=0x0 -> x9=0x70fbe42000 
[libmetasec_ml.so] 0x70fbd63a40!0x116a40 add x9, x9, #0x5d4; x9=0x70fbe42000 x9=0x70fbe42000 -> x9=0x70fbe425d4 
[libmetasec_ml.so] 0x70fbd63a44!0x116a44 adr x10, #0x70fbd63a58; x10=0x70fbd64df8 -> x10=0x70fbd63a58 
[libmetasec_ml.so] 0x70fbd63a48!0x116a48 ldrb w11, [x9, x8]; w11=0x3 x9=0x70fbe425d4 x8=0x10 mem_r=0x70fbe425e4 -> w11=0x50 
[libmetasec_ml.so] 0x70fbd63a4c!0x116a4c add x10, x10, x11, lsl #2; x10=0x70fbd63a58 x10=0x70fbd63a58 x11=0x50 -> x10=0x70fbd63b98 
[libmetasec_ml.so] 0x70fbd63a50!0x116a50 mov x19, x0; x19=0x70fbec0b48 x0=0x1 -> x19=0x1 
[libmetasec_ml.so] 0x70fbd63a54!0x116a54 br x10; x10=0x70fbd63b98 
[libmetasec_ml.so] 0x70fbd63b98!0x116b98 ldrb w8, [x20]; w8=0x10 x20=0x73674114f1 mem_r=0x73674114f1 -> w8=0x60 
[libmetasec_ml.so] 0x70fbd63b9c!0x116b9c orr w8, w8, #2; w8=0x60 w8=0x60 -> w8=0x62 
[libmetasec_ml.so] 0x70fbd63ba0!0x116ba0 strb w8, [x20]; w8=0x62 x20=0x73674114f1 mem_w=0x73674114f1 
[libmetasec_ml.so] 0x70fbd63ba4!0x116ba4 ldr x0, [x21]; x0=0x1 x21=0x72a7410bf0 mem_r=0x72a7410bf0 -> x0=0x72a7410970 
[libmetasec_ml.so] 0x70fbd63ba8!0x116ba8 add x20, x20, x19; x20=0x73674114f1 x20=0x73674114f1 x19=0x1 -> x20=0x73674114f2 
[libmetasec_ml.so] 0x70fbd63bac!0x116bac cbz x0, #0x70fbd63bf0; x0=0x72a7410970 
[libmetasec_ml.so] 0x70fbd63bb0!0x116bb0 add x22, x20, #1; x22=0x72a7410bf0 x20=0x73674114f2 -> x22=0x73674114f3 
[libmetasec_ml.so] 0x70fbd63bb4!0x116bb4 mov x1, x22; x1=0x73674114f1 x22=0x73674114f3 -> x1=0x73674114f3 
[libmetasec_ml.so] 0x70fbd63bb8!0x116bb8 bl #0x70fbd635b8; 
[libmetasec_ml.so] 0x70fbd635b8!0x1165b8 b #0x70fbf16000; 
[libmetasec_ml.so] 0x70fbd635cc!0x1165cc stp x20, x19, [sp, #0x60]; x20=0x73674114f2 x19=0x1 sp=0x70d87c2990 mem_w=0x70d87c29f0 
[libmetasec_ml.so] 0x70fbd635d0!0x1165d0 stp x29, x30, [sp, #0x70]; fp=0x70d87c2ba0 lr=0x70fbf160f0 sp=0x70d87c2990 mem_w=0x70d87c2a00 
[libmetasec_ml.so] 0x70fbd635d4!0x1165d4 add x29, sp, #0x70; fp=0x70d87c2ba0 sp=0x70d87c2990 -> fp=0x70d87c2a00 
[libmetasec_ml.so] 0x70fbd635d8!0x1165d8 mov x27, x1; x27=0x73674114e0 x1=0x73674114f3 -> x27=0x73674114f3 
[libmetasec_ml.so] 0x70fbd635dc!0x1165dc mov x20, x0; x20=0x73674114f2 x0=0x72a7410970 -> x20=0x72a7410970 
[libmetasec_ml.so] 0x70fbd635e0!0x1165e0 mov x28, xzr; x28=0xb -> x28=0x0 
[libmetasec_ml.so] 0x70fbd635e4!0x1165e4 mov x21, xzr; x21=0x72a7410bf0 -> x21=0x0 
[libmetasec_ml.so] 0x70fbd635e8!0x1165e8 mov w19, #0x48; w19=0x1 -> w19=0x48 
[libmetasec_ml.so] 0x70fbd635ec!0x1165ec str x1, [sp, #0x18]; x1=0x73674114f3 sp=0x70d87c2990 mem_w=0x70d87c29a8 
[libmetasec_ml.so] 0x70fbd635f0!0x1165f0 ldr x8, [x20]; x8=0x62 x20=0x72a7410970 mem_r=0x72a7410970 -> x8=0x70fbebec78 
[libmetasec_ml.so] 0x70fbd635f4!0x1165f4 ldr w9, [x8, #0x30]; w9=0xfbe425d4 x8=0x70fbebec78 mem_r=0x70fbebeca8 -> w9=0x28 
[libmetasec_ml.so] 0x70fbd635f8!0x1165f8 cmp x28, x9; x28=0x0 x9=0x28 -> x28=0x0 
[libmetasec_ml.so] 0x70fbd635fc!0x1165fc b.hs #0x70fbd6397c; 
[libmetasec_ml.so] 0x70fbd63600!0x116600 ldr x8, [x8, #0x38]; x8=0x70fbebec78 x8=0x70fbebec78 mem_r=0x70fbebecb0 -> x8=0x70fbebf9d8 
[libmetasec_ml.so] 0x70fbd63604!0x116604 nop ; 
[libmetasec_ml.so] 0x70fbd63608!0x116608 madd x24, x28, x19, x8; x24=0x70fbec0b48 x28=0x0 x19=0x48 x8=0x70fbebf9d8 -> x24=0x70fbebf9d8 
[libmetasec_ml.so] 0x70fbd6360c!0x11660c ldr w9, [x24, #0x18]; w9=0x28 x24=0x70fbebf9d8 mem_r=0x70fbebf9f0 -> w9=0x18 
[libmetasec_ml.so] 0x70fbd63610!0x116610 ldr w11, [x24, #0xc]; w11=0x50 x24=0x70fbebf9d8 mem_r=0x70fbebf9e4 -> w11=0x3 
[libmetasec_ml.so] 0x70fbd63614!0x116614 add x22, x20, x9; x22=0x73674114f3 x20=0x72a7410970 x9=0x18 -> x22=0x72a7410988 
[libmetasec_ml.so] 0x70fbd63618!0x116618 cbz w11, #0x70fbd63744; w11=0x3 
[libmetasec_ml.so] 0x70fbd6361c!0x11661c ldr w9, [x24, #0x14]; w9=0x18 x24=0x70fbebf9d8 mem_r=0x70fbebf9ec -> w9=0x0 
[libmetasec_ml.so] 0x70fbd63620!0x116620 cmp w11, #1; w11=0x3 -> w11=0x3 
[libmetasec_ml.so] 0x70fbd63624!0x116624 madd x10, x28, x19, x8; x10=0x70fbd63b98 x28=0x0 x19=0x48 x8=0x70fbebf9d8 -> x10=0x70fbebf9d8 
[libmetasec_ml.so] 0x70fbd63628!0x116628 ccmp w11, #3, #4, ne; w11=0x3 
[libmetasec_ml.so] 0x70fbd6362c!0x11662c b.ne #0x70fbd63668; 
[libmetasec_ml.so] 0x70fbd63630!0x116630 ldr w10, [x10, #0x30]; w10=0xfbebf9d8 x10=0x70fbebf9d8 mem_r=0x70fbebfa08 -> w10=0x0 
[libmetasec_ml.so] 0x70fbd63634!0x116634 tbnz w10, #2, #0x70fbd636a0; w10=0x0 
[libmetasec_ml.so] 0x70fbd63638!0x116638 cmp w11, #3; w11=0x3 -> w11=0x3 
[libmetasec_ml.so] 0x70fbd6363c!0x11663c b.eq #0x70fbd6372c; 
[libmetasec_ml.so] 0x70fbd6372c!0x11672c mov x0, x24; x0=0x72a7410970 x24=0x70fbebf9d8 -> x0=0x70fbebf9d8 
[libmetasec_ml.so] 0x70fbd63730!0x116730 mov x1, x22; x1=0x73674114f3 x22=0x72a7410988 -> x1=0x72a7410988 
[libmetasec_ml.so] 0x70fbd63734!0x116734 bl #0x70fbd64dc8; 
[libmetasec_ml.so] 0x70fbd64dc8!0x117dc8 ldr w8, [x0, #0x10]; w8=0xfbebf9d8 x0=0x70fbebf9d8 mem_r=0x70fbebf9e8 -> w8=0x1 
[libmetasec_ml.so] 0x70fbd64dcc!0x117dcc cmp w8, #0x10; w8=0x1 -> w8=0x1 
[libmetasec_ml.so] 0x70fbd64dd0!0x117dd0 b.hi #0x70fbd64e30; 
[libmetasec_ml.so] 0x70fbd64dd4!0x117dd4 adrp x9, #0x70fbe42000; x9=0x0 -> x9=0x70fbe42000 
[libmetasec_ml.so] 0x70fbd64dd8!0x117dd8 add x9, x9, #0x623; x9=0x70fbe42000 x9=0x70fbe42000 -> x9=0x70fbe42623 
[libmetasec_ml.so] 0x70fbd64ddc!0x117ddc adr x10, #0x70fbd64dec; x10=0x0 -> x10=0x70fbd64dec 
[libmetasec_ml.so] 0x70fbd64de0!0x117de0 ldrb w11, [x9, x8]; w11=0x3 x9=0x70fbe42623 x8=0x1 mem_r=0x70fbe42624 -> w11=0x0 
[libmetasec_ml.so] 0x70fbd64de4!0x117de4 add x10, x10, x11, lsl #2; x10=0x70fbd64dec x10=0x70fbd64dec x11=0x0 -> x10=0x70fbd64dec 
[libmetasec_ml.so] 0x70fbd64de8!0x117de8 br x10; x10=0x70fbd64dec 
[libmetasec_ml.so] 0x70fbd64dec!0x117dec ldr w8, [x1]; w8=0x1 x1=0x72a7410988 mem_r=0x72a7410988 -> w8=0x1 
[libmetasec_ml.so] 0x70fbd64df0!0x117df0 cmp w8, #0; w8=0x1 -> w8=0x1 
[libmetasec_ml.so] 0x70fbd64df4!0x117df4 b #0x70fbd64e00; 
[libmetasec_ml.so] 0x70fbd64e00!0x117e00 cset w0, eq; w0=0xfbebf9d8 -> w0=0x0 
[libmetasec_ml.so] 0x70fbd64e04!0x117e04 ret ; 
[libmetasec_ml.so] 0x70fbd63738!0x116738 cbz w0, #0x70fbd63744; w0=0x0 
[libmetasec_ml.so] 0x70fbd63744!0x116744 add x2, x27, x21; x2=0x73674114f1 x27=0x73674114f3 x21=0x0 -> x2=0x73674114f3 
[libmetasec_ml.so] 0x70fbd63748!0x116748 mov x0, x24; x0=0x0 x24=0x70fbebf9d8 -> x0=0x70fbebf9d8 
[libmetasec_ml.so] 0x70fbd6374c!0x11674c mov x1, x22; x1=0x72a7410988 x22=0x72a7410988 -> x1=0x72a7410988 
[libmetasec_ml.so] 0x70fbd63750!0x116750 bl #0x70fbd63a04; 
[libmetasec_ml.so] 0x70fbd63a04!0x116a04 str x23, [sp, #-0x40]!; x23=0x2a45 sp=0x70d87c2990 mem_w=0x70d87c2950 -> sp=0x70d87c2950 
[libmetasec_ml.so] 0x70fbd63a08!0x116a08 stp x22, x21, [sp, #0x10]; x22=0x72a7410988 x21=0x0 sp=0x70d87c2950 mem_w=0x70d87c2960 
[libmetasec_ml.so] 0x70fbd63a0c!0x116a0c stp x20, x19, [sp, #0x20]; x20=0x72a7410970 x19=0x48 sp=0x70d87c2950 mem_w=0x70d87c2970 
[libmetasec_ml.so] 0x70fbd63a10!0x116a10 stp x29, x30, [sp, #0x30]; fp=0x70d87c2a00 lr=0x70fbd63754 sp=0x70d87c2950 mem_w=0x70d87c2980 
[libmetasec_ml.so] 0x70fbd63a14!0x116a14 add x29, sp, #0x30; fp=0x70d87c2a00 sp=0x70d87c2950 -> fp=0x70d87c2980 
[libmetasec_ml.so] 0x70fbd63a18!0x116a18 mov x19, x0; x19=0x48 x0=0x70fbebf9d8 -> x19=0x70fbebf9d8 
[libmetasec_ml.so] 0x70fbd63a1c!0x116a1c ldr w0, [x0, #8]; w0=0xfbebf9d8 x0=0x70fbebf9d8 mem_r=0x70fbebf9e0 -> w0=0x1 
[libmetasec_ml.so] 0x70fbd63a20!0x116a20 mov x21, x1; x21=0x0 x1=0x72a7410988 -> x21=0x72a7410988 
[libmetasec_ml.so] 0x70fbd63a24!0x116a24 mov x1, x2; x1=0x72a7410988 x2=0x73674114f3 -> x1=0x73674114f3 
[libmetasec_ml.so] 0x70fbd63a28!0x116a28 mov x20, x2; x20=0x72a7410970 x2=0x73674114f3 -> x20=0x73674114f3 
[libmetasec_ml.so] 0x70fbd63a2c!0x116a2c bl #0x70fbd64e38; 
[libmetasec_ml.so] 0x70fbd64e38!0x117e38 lsr w8, w0, #0x1d; w8=0x1 w0=0x1 -> w8=0x0 
[libmetasec_ml.so] 0x70fbd64e3c!0x117e3c cbnz w8, #0x70fbd64e48; w8=0x0 
[libmetasec_ml.so] 0x70fbd64e40!0x117e40 lsl w0, w0, #3; w0=0x1 w0=0x1 -> w0=0x8 
[libmetasec_ml.so] 0x70fbd64e44!0x117e44 b #0x70fbd64eb8; 
[libmetasec_ml.so] 0x70fbd64eb8!0x117eb8 cmp w0, #0x80; w0=0x8 -> w0=0x8 
[libmetasec_ml.so] 0x70fbd64ebc!0x117ebc b.lo #0x70fbd64f0c; 
[libmetasec_ml.so] 0x70fbd64f0c!0x117f0c mov w9, wzr; w9=0xfbe42623 -> w9=0x0 
[libmetasec_ml.so] 0x70fbd64f10!0x117f10 b #0x70fbd64f2c; 
[libmetasec_ml.so] 0x70fbd64f2c!0x117f2c add w8, w9, #1; w8=0x0 w9=0x0 -> w8=0x1 
[libmetasec_ml.so] 0x70fbd64f30!0x117f30 strb w0, [x1, w9, uxtw]; w0=0x8 x1=0x73674114f3 w9=0x0 mem_w=0x73674114f3 
[libmetasec_ml.so] 0x70fbd64f34!0x117f34 mov x0, x8; x0=0x8 x8=0x1 -> x0=0x1 
[libmetasec_ml.so] 0x70fbd64f38!0x117f38 ret ; 
[libmetasec_ml.so] 0x70fbd63a30!0x116a30 ldr w8, [x19, #0x10]; w8=0x1 x19=0x70fbebf9d8 mem_r=0x70fbebf9e8 -> w8=0x1 
[libmetasec_ml.so] 0x70fbd63a34!0x116a34 cmp w8, #0x10; w8=0x1 -> w8=0x1 
[libmetasec_ml.so] 0x70fbd63a38!0x116a38 b.hi #0x70fbd63abc; 
[libmetasec_ml.so] 0x70fbd63a3c!0x116a3c adrp x9, #0x70fbe42000; x9=0x0 -> x9=0x70fbe42000 
[libmetasec_ml.so] 0x70fbd63a40!0x116a40 add x9, x9, #0x5d4; x9=0x70fbe42000 x9=0x70fbe42000 -> x9=0x70fbe425d4 
[libmetasec_ml.so] 0x70fbd63a44!0x116a44 adr x10, #0x70fbd63a58; x10=0x70fbd64dec -> x10=0x70fbd63a58 
[libmetasec_ml.so] 0x70fbd63a48!0x116a48 ldrb w11, [x9, x8]; w11=0x0 x9=0x70fbe425d4 x8=0x1 mem_r=0x70fbe425d5 -> w11=0x1b 
[libmetasec_ml.so] 0x70fbd63a4c!0x116a4c add x10, x10, x11, lsl #2; x10=0x70fbd63a58 x10=0x70fbd63a58 x11=0x1b -> x10=0x70fbd63ac4 
[libmetasec_ml.so] 0x70fbd63a50!0x116a50 mov x19, x0; x19=0x70fbebf9d8 x0=0x1 -> x19=0x1 
[libmetasec_ml.so] 0x70fbd63a54!0x116a54 br x10; x10=0x70fbd63ac4 
[libmetasec_ml.so] 0x70fbd63ac4!0x116ac4 ldr w0, [x21]; w0=0x1 x21=0x72a7410988 mem_r=0x72a7410988 -> w0=0x1 
[libmetasec_ml.so] 0x70fbd63ac8!0x116ac8 add x1, x20, x19; x1=0x73674114f3 x20=0x73674114f3 x19=0x1 -> x1=0x73674114f4 
[libmetasec_ml.so] 0x70fbd63acc!0x116acc bl #0x70fbd64e54; 
[libmetasec_ml.so] 0x70fbd64e54!0x117e54 lsl w8, w0, #1; w8=0x1 w0=0x1 -> w8=0x2 
[libmetasec_ml.so] 0x70fbd64e58!0x117e58 eor w0, w8, w0, asr #31; w0=0x1 w8=0x2 w0=0x1 -> w0=0x2 
[libmetasec_ml.so] 0x70fbd64e5c!0x117e5c b #0x70fbd64eb8; 
[libmetasec_ml.so] 0x70fbd64eb8!0x117eb8 cmp w0, #0x80; w0=0x2 -> w0=0x2 
[libmetasec_ml.so] 0x70fbd64ebc!0x117ebc b.lo #0x70fbd64f0c; 
[libmetasec_ml.so] 0x70fbd64f0c!0x117f0c mov w9, wzr; w9=0xfbe425d4 -> w9=0x0 
[libmetasec_ml.so] 0x70fbd64f10!0x117f10 b #0x70fbd64f2c; 
[libmetasec_ml.so] 0x70fbd64f2c!0x117f2c add w8, w9, #1; w8=0x2 w9=0x0 -> w8=0x1 
[libmetasec_ml.so] 0x70fbd64f30!0x117f30 strb w0, [x1, w9, uxtw]; w0=0x2 x1=0x73674114f4 w9=0x0 mem_w=0x73674114f4 
[libmetasec_ml.so] 0x70fbd64f34!0x117f34 mov x0, x8; x0=0x2 x8=0x1 -> x0=0x1 
[libmetasec_ml.so] 0x70fbd64f38!0x117f38 ret ; 
[libmetasec_ml.so] 0x70fbd63ad0!0x116ad0 b #0x70fbd63af0; 
[libmetasec_ml.so] 0x70fbd63af0!0x116af0 add x0, x0, x19; x0=0x1 x0=0x1 x19=0x1 -> x0=0x2 
[libmetasec_ml.so] 0x70fbd63af4!0x116af4 b #0x70fbd63bfc; 
[libmetasec_ml.so] 0x70fbd63bfc!0x116bfc ldp x29, x30, [sp, #0x30]; fp=0x70d87c2980 lr=0x70fbd63ad0 sp=0x70d87c2950 mem_r=0x70d87c2980 -> fp=0x70d87c2a00 lr=0x70fbd63754 
[libmetasec_ml.so] 0x70fbd63c00!0x116c00 ldp x20, x19, [sp, #0x20]; x20=0x73674114f3 x19=0x1 sp=0x70d87c2950 mem_r=0x70d87c2970 -> x20=0x72a7410970 x19=0x48 
[libmetasec_ml.so] 0x70fbd63c04!0x116c04 ldp x22, x21, [sp, #0x10]; x22=0x72a7410988 x21=0x72a7410988 sp=0x70d87c2950 mem_r=0x70d87c2960 -> x22=0x72a7410988 x21=0x0 
[libmetasec_ml.so] 0x70fbd63c08!0x116c08 ldr x23, [sp], #0x40; x23=0x2a45 sp=0x70d87c2950 mem_r=0x70d87c2950 -> x23=0x2a45 
[libmetasec_ml.so] 0x70fbd63c0c!0x116c0c ret ; 
[libmetasec_ml.so] 0x70fbd63754!0x116754 mov x25, x0; x25=0x0 x0=0x2 -> x25=0x2 
[libmetasec_ml.so] 0x70fbd63758!0x116758 b #0x70fbd63940; 
[libmetasec_ml.so] 0x70fbd63940!0x116940 add x21, x25, x21; x21=0x0 x25=0x2 x21=0x0 -> x21=0x2 
[libmetasec_ml.so] 0x70fbd63944!0x116944 add x28, x28, #1; x28=0x0 x28=0x0 -> x28=0x1 
[libmetasec_ml.so] 0x70fbd63948!0x116948 b #0x70fbd635f0; 
[libmetasec_ml.so] 0x70fbd635f0!0x1165f0 ldr x8, [x20]; x8=0x1 x20=0x72a7410970 mem_r=0x72a7410970 -> x8=0x70fbebec78 
[libmetasec_ml.so] 0x70fbd635f4!0x1165f4 ldr w9, [x8, #0x30]; w9=0x0 x8=0x70fbebec78 mem_r=0x70fbebeca8 -> w9=0x28 
[libmetasec_ml.so] 0x70fbd635f8!0x1165f8 cmp x28, x9; x28=0x1 x9=0x28 -> x28=0x1 
[libmetasec_ml.so] 0x70fbd635fc!0x1165fc b.hs #0x70fbd6397c; 
[libmetasec_ml.so] 0x70fbd63600!0x116600 ldr x8, [x8, #0x38]; x8=0x70fbebec78 x8=0x70fbebec78 mem_r=0x70fbebecb0 -> x8=0x70fbebf9d8 
[libmetasec_ml.so] 0x70fbd63604!0x116604 nop ; 
[libmetasec_ml.so] 0x70fbd63608!0x116608 madd x24, x28, x19, x8; x24=0x70fbebf9d8 x28=0x1 x19=0x48 x8=0x70fbebf9d8 -> x24=0x70fbebfa20 
[libmetasec_ml.so] 0x70fbd6360c!0x11660c ldr w9, [x24, #0x18]; w9=0x28 x24=0x70fbebfa20 mem_r=0x70fbebfa38 -> w9=0x1c 
[libmetasec_ml.so] 0x70fbd63610!0x116610 ldr w11, [x24, #0xc]; w11=0x1b x24=0x70fbebfa20 mem_r=0x70fbebfa2c -> w11=0x3 
[libmetasec_ml.so] 0x70fbd63614!0x116614 add x22, x20, x9; x22=0x72a7410988 x20=0x72a7410970 x9=0x1c -> x22=0x72a741098c 
[libmetasec_ml.so] 0x70fbd63618!0x116618 cbz w11, #0x70fbd63744; w11=0x3 
[libmetasec_ml.so] 0x70fbd6361c!0x11661c ldr w9, [x24, #0x14]; w9=0x1c x24=0x70fbebfa20 mem_r=0x70fbebfa34 -> w9=0x0 
[libmetasec_ml.so] 0x70fbd63620!0x116620 cmp w11, #1; w11=0x3 -> w11=0x3 
[libmetasec_ml.so] 0x70fbd63624!0x116624 madd x10, x28, x19, x8; x10=0x70fbd63ac4 x28=0x1 x19=0x48 x8=0x70fbebf9d8 -> x10=0x70fbebfa20 
[libmetasec_ml.so] 0x70fbd63628!0x116628 ccmp w11, #3, #4, ne; w11=0x3 
[libmetasec_ml.so] 0x70fbd6362c!0x11662c b.ne #0x70fbd63668; 
[libmetasec_ml.so] 0x70fbd63630!0x116630 ldr w10, [x10, #0x30]; w10=0xfbebfa20 x10=0x70fbebfa20 mem_r=0x70fbebfa50 -> w10=0x0 
[libmetasec_ml.so] 0x70fbd63634!0x116634 tbnz w10, #2, #0x70fbd636a0; w10=0x0 
[libmetasec_ml.so] 0x70fbd63638!0x116638 cmp w11, #3; w11=0x3 -> w11=0x3 
[libmetasec_ml.so] 0x70fbd6363c!0x11663c b.eq #0x70fbd6372c; 
[libmetasec_ml.so] 0x70fbd6372c!0x11672c mov x0, x24; x0=0x2 x24=0x70fbebfa20 -> x0=0x70fbebfa20 
[libmetasec_ml.so] 0x70fbd63730!0x116730 mov x1, x22; x1=0x73674114f4 x22=0x72a741098c -> x1=0x72a741098c 
[libmetasec_ml.so] 0x70fbd63734!0x116734 bl #0x70fbd64dc8; 
[libmetasec_ml.so] 0x70fbd64dc8!0x117dc8 ldr w8, [x0, #0x10]; w8=0xfbebf9d8 x0=0x70fbebfa20 mem_r=0x70fbebfa30 -> w8=0x1 
[libmetasec_ml.so] 0x70fbd64dcc!0x117dcc cmp w8, #0x10; w8=0x1 -> w8=0x1 
[libmetasec_ml.so] 0x70fbd64dd0!0x117dd0 b.hi #0x70fbd64e30; 
[libmetasec_ml.so] 0x70fbd64dd4!0x117dd4 adrp x9, #0x70fbe42000; x9=0x0 -> x9=0x70fbe42000 
[libmetasec_ml.so] 0x70fbd64dd8!0x117dd8 add x9, x9, #0x623; x9=0x70fbe42000 x9=0x70fbe42000 -> x9=0x70fbe42623 
[libmetasec_ml.so] 0x70fbd64ddc!0x117ddc adr x10, #0x70fbd64dec; x10=0x0 -> x10=0x70fbd64dec 
[libmetasec_ml.so] 0x70fbd64de0!0x117de0 ldrb w11, [x9, x8]; w11=0x3 x9=0x70fbe42623 x8=0x1 mem_r=0x70fbe42624 -> w11=0x0 
[libmetasec_ml.so] 0x70fbd64de4!0x117de4 add x10, x10, x11, lsl #2; x10=0x70fbd64dec x10=0x70fbd64dec x11=0x0 -> x10=0x70fbd64dec 
[libmetasec_ml.so] 0x70fbd64de8!0x117de8 br x10; x10=0x70fbd64dec 
[libmetasec_ml.so] 0x70fbd64dec!0x117dec ldr w8, [x1]; w8=0x1 x1=0x72a741098c mem_r=0x72a741098c -> w8=0x0 
[libmetasec_ml.so] 0x70fbd64df0!0x117df0 cmp w8, #0; w8=0x0 -> w8=0x0 
[libmetasec_ml.so] 0x70fbd64df4!0x117df4 b #0x70fbd64e00; 
[libmetasec_ml.so] 0x70fbd64e00!0x117e00 cset w0, eq; w0=0xfbebfa20 -> w0=0x1 
[libmetasec_ml.so] 0x70fbd64e04!0x117e04 ret ; 
[libmetasec_ml.so] 0x70fbd63738!0x116738 cbz w0, #0x70fbd63744; w0=0x1 
[libmetasec_ml.so] 0x70fbd6373c!0x11673c mov x25, xzr; x25=0x2 -> x25=0x0 
[libmetasec_ml.so] 0x70fbd63740!0x116740 b #0x70fbd63940; 
[libmetasec_ml.so] 0x70fbd63940!0x116940 add x21, x25, x21; x21=0x2 x25=0x0 x21=0x2 -> x21=0x2 
[libmetasec_ml.so] 0x70fbd63944!0x116944 add x28, x28, #1; x28=0x1 x28=0x1 -> x28=0x2 
[libmetasec_ml.so] 0x70fbd63948!0x116948 b #0x70fbd635f0; 
[libmetasec_ml.so] 0x70fbd635f0!0x1165f0 ldr x8, [x20]; x8=0x0 x20=0x72a7410970 mem_r=0x72a7410970 -> x8=0x70fbebec78 
[libmetasec_ml.so] 0x70fbd635f4!0x1165f4 ldr w9, [x8, #0x30]; w9=0xfbe42623 x8=0x70fbebec78 mem_r=0x70fbebeca8 -> w9=0x28 
[libmetasec_ml.so] 0x70fbd635f8!0x1165f8 cmp x28, x9; x28=0x2 x9=0x28 -> x28=0x2 
[libmetasec_ml.so] 0x70fbd635fc!0x1165fc b.hs #0x70fbd6397c; 
[libmetasec_ml.so] 0x70fbd63600!0x116600 ldr x8, [x8, #0x38]; x8=0x70fbebec78 x8=0x70fbebec78 mem_r=0x70fbebecb0 -> x8=0x70fbebf9d8 
[libmetasec_ml.so] 0x70fbd63604!0x116604 nop ; 
[libmetasec_ml.so] 0x70fbd63608!0x116608 madd x24, x28, x19, x8; x24=0x70fbebfa20 x28=0x2 x19=0x48 x8=0x70fbebf9d8 -> x24=0x70fbebfa68 
[libmetasec_ml.so] 0x70fbd6360c!0x11660c ldr w9, [x24, #0x18]; w9=0x28 x24=0x70fbebfa68 mem_r=0x70fbebfa80 -> w9=0x20 
[libmetasec_ml.so] 0x70fbd63610!0x116610 ldr w11, [x24, #0xc]; w11=0x0 x24=0x70fbebfa68 mem_r=0x70fbebfa74 -> w11=0x3 
[libmetasec_ml.so] 0x70fbd63614!0x116614 add x22, x20, x9; x22=0x72a741098c x20=0x72a7410970 x9=0x20 -> x22=0x72a7410990 
[libmetasec_ml.so] 0x70fbd63618!0x116618 cbz w11, #0x70fbd63744; w11=0x3 
[libmetasec_ml.so] 0x70fbd6361c!0x11661c ldr w9, [x24, #0x14]; w9=0x20 x24=0x70fbebfa68 mem_r=0x70fbebfa7c -> w9=0x0 
[libmetasec_ml.so] 0x70fbd63620!0x116620 cmp w11, #1; w11=0x3 -> w11=0x3 
[libmetasec_ml.so] 0x70fbd63624!0x116624 madd x10, x28, x19, x8; x10=0x70fbd64dec x28=0x2 x19=0x48 x8=0x70fbebf9d8 -> x10=0x70fbebfa68 
[libmetasec_ml.so] 0x70fbd63628!0x116628 ccmp w11, #3, #4, ne; w11=0x3 
[libmetasec_ml.so] 0x70fbd6362c!0x11662c b.ne #0x70fbd63668; 
[libmetasec_ml.so] 0x70fbd63630!0x116630 ldr w10, [x10, #0x30]; w10=0xfbebfa68 x10=0x70fbebfa68 mem_r=0x70fbebfa98 -> w10=0x0 
[libmetasec_ml.so] 0x70fbd63634!0x116634 tbnz w10, #2, #0x70fbd636a0; w10=0x0 
[libmetasec_ml.so] 0x70fbd63638!0x116638 cmp w11, #3; w11=0x3 -> w11=0x3 
[libmetasec_ml.so] 0x70fbd6363c!0x11663c b.eq #0x70fbd6372c; 
[libmetasec_ml.so] 0x70fbd6372c!0x11672c mov x0, x24; x0=0x1 x24=0x70fbebfa68 -> x0=0x70fbebfa68 
[libmetasec_ml.so] 0x70fbd63730!0x116730 mov x1, x22; x1=0x72a741098c x22=0x72a7410990 -> x1=0x72a7410990 
[libmetasec_ml.so] 0x70fbd63734!0x116734 bl #0x70fbd64dc8; 
[libmetasec_ml.so] 0x70fbd64dc8!0x117dc8 ldr w8, [x0, #0x10]; w8=0xfbebf9d8 x0=0x70fbebfa68 mem_r=0x70fbebfa78 -> w8=0xe 
[libmetasec_ml.so] 0x70fbd64dcc!0x117dcc cmp w8, #0x10; w8=0xe -> w8=0xe 
[libmetasec_ml.so] 0x70fbd64dd0!0x117dd0 b.hi #0x70fbd64e30; 
[libmetasec_ml.so] 0x70fbd64dd4!0x117dd4 adrp x9, #0x70fbe42000; x9=0x0 -> x9=0x70fbe42000 
[libmetasec_ml.so] 0x70fbd64dd8!0x117dd8 add x9, x9, #0x623; x9=0x70fbe42000 x9=0x70fbe42000 -> x9=0x70fbe42623 
[libmetasec_ml.so] 0x70fbd64ddc!0x117ddc adr x10, #0x70fbd64dec; x10=0x0 -> x10=0x70fbd64dec 
[libmetasec_ml.so] 0x70fbd64de0!0x117de0 ldrb w11, [x9, x8]; w11=0x3 x9=0x70fbe42623 x8=0xe mem_r=0x70fbe42631 -> w11=0xd 
[libmetasec_ml.so] 0x70fbd64de4!0x117de4 add x10, x10, x11, lsl #2; x10=0x70fbd64dec x10=0x70fbd64dec x11=0xd -> x10=0x70fbd64e20 
[libmetasec_ml.so] 0x70fbd64de8!0x117de8 br x10; x10=0x70fbd64e20 
[libmetasec_ml.so] 0x70fbd64e20!0x117e20 ldr x8, [x1]; x8=0xe x1=0x72a7410990 mem_r=0x72a7410990 -> x8=0x74472c4070 
[libmetasec_ml.so] 0x70fbd64e24!0x117e24 cbz x8, #0x70fbd64e30; x8=0x74472c4070 
[libmetasec_ml.so] 0x70fbd64e28!0x117e28 ldrb w8, [x8]; w8=0x472c4070 x8=0x74472c4070 mem_r=0x74472c4070 -> w8=0x31 
[libmetasec_ml.so] 0x70fbd64e2c!0x117e2c b #0x70fbd64df0; 
[libmetasec_ml.so] 0x70fbd64df0!0x117df0 cmp w8, #0; w8=0x31 -> w8=0x31 
[libmetasec_ml.so] 0x70fbd64df4!0x117df4 b #0x70fbd64e00; 
[libmetasec_ml.so] 0x70fbd64e00!0x117e00 cset w0, eq; w0=0xfbebfa68 -> w0=0x0 
[libmetasec_ml.so] 0x70fbd64e04!0x117e04 ret ; 
[libmetasec_ml.so] 0x70fbd63738!0x116738 cbz w0, #0x70fbd63744; w0=0x0 
[libmetasec_ml.so] 0x70fbd63744!0x116744 add x2, x27, x21; x2=0x73674114f3 x27=0x73674114f3 x21=0x2 -> x2=0x73674114f5 
[libmetasec_ml.so] 0x70fbd63748!0x116748 mov x0, x24; x0=0x0 x24=0x70fbebfa68 -> x0=0x70fbebfa68 
[libmetasec_ml.so] 0x70fbd6374c!0x11674c mov x1, x22; x1=0x72a7410990 x22=0x72a7410990 -> x1=0x72a7410990 
[libmetasec_ml.so] 0x70fbd63750!0x116750 bl #0x70fbd63a04; 
[libmetasec_ml.so] 0x70fbd63a04!0x116a04 str x23, [sp, #-0x40]!; x23=0x2a45 sp=0x70d87c2990 mem_w=0x70d87c2950 -> sp=0x70d87c2950 
[libmetasec_ml.so] 0x70fbd63a08!0x116a08 stp x22, x21, [sp, #0x10]; x22=0x72a7410990 x21=0x2 sp=0x70d87c2950 mem_w=0x70d87c2960 
[libmetasec_ml.so] 0x70fbd63a0c!0x116a0c stp x20, x19, [sp, #0x20]; x20=0x72a7410970 x19=0x48 sp=0x70d87c2950 mem_w=0x70d87c2970 
[libmetasec_ml.so] 0x70fbd63a10!0x116a10 stp x29, x30, [sp, #0x30]; fp=0x70d87c2a00 lr=0x70fbd63754 sp=0x70d87c2950 mem_w=0x70d87c2980 
[libmetasec_ml.so] 0x70fbd63a14!0x116a14 add x29, sp, #0x30; fp=0x70d87c2a00 sp=0x70d87c2950 -> fp=0x70d87c2980 
[libmetasec_ml.so] 0x70fbd63a18!0x116a18 mov x19, x0; x19=0x48 x0=0x70fbebfa68 -> x19=0x70fbebfa68 
[libmetasec_ml.so] 0x70fbd63a1c!0x116a1c ldr w0, [x0, #8]; w0=0xfbebfa68 x0=0x70fbebfa68 mem_r=0x70fbebfa70 -> w0=0x3 
[libmetasec_ml.so] 0x70fbd63a20!0x116a20 mov x21, x1; x21=0x2 x1=0x72a7410990 -> x21=0x72a7410990 
[libmetasec_ml.so] 0x70fbd63a24!0x116a24 mov x1, x2; x1=0x72a7410990 x2=0x73674114f5 -> x1=0x73674114f5 
[libmetasec_ml.so] 0x70fbd63a28!0x116a28 mov x20, x2; x20=0x72a7410970 x2=0x73674114f5 -> x20=0x73674114f5 
[libmetasec_ml.so] 0x70fbd63a2c!0x116a2c bl #0x70fbd64e38; 
[libmetasec_ml.so] 0x70fbd64e38!0x117e38 lsr w8, w0, #0x1d; w8=0x31 w0=0x3 -> w8=0x0 
[libmetasec_ml.so] 0x70fbd64e3c!0x117e3c cbnz w8, #0x70fbd64e48; w8=0x0 
[libmetasec_ml.so] 0x70fbd64e40!0x117e40 lsl w0, w0, #3; w0=0x3 w0=0x3 -> w0=0x18 
[libmetasec_ml.so] 0x70fbd64e44!0x117e44 b #0x70fbd64eb8; 
[libmetasec_ml.so] 0x70fbd64eb8!0x117eb8 cmp w0, #0x80; w0=0x18 -> w0=0x18 
[libmetasec_ml.so] 0x70fbd64ebc!0x117ebc b.lo #0x70fbd64f0c; 
[libmetasec_ml.so] 0x70fbd64f0c!0x117f0c mov w9, wzr; w9=0xfbe42623 -> w9=0x0 
[libmetasec_ml.so] 0x70fbd64f10!0x117f10 b #0x70fbd64f2c; 
[libmetasec_ml.so] 0x70fbd64f2c!0x117f2c add w8, w9, #1; w8=0x0 w9=0x0 -> w8=0x1 
[libmetasec_ml.so] 0x70fbd64f30!0x117f30 strb w0, [x1, w9, uxtw]; w0=0x18 x1=0x73674114f5 w9=0x0 mem_w=0x73674114f5 
[libmetasec_ml.so] 0x70fbd64f34!0x117f34 mov x0, x8; x0=0x18 x8=0x1 -> x0=0x1 
[libmetasec_ml.so] 0x70fbd64f38!0x117f38 ret ; 
[libmetasec_ml.so] 0x70fbd63a30!0x116a30 ldr w8, [x19, #0x10]; w8=0x1 x19=0x70fbebfa68 mem_r=0x70fbebfa78 -> w8=0xe 
[libmetasec_ml.so] 0x70fbd63a34!0x116a34 cmp w8, #0x10; w8=0xe -> w8=0xe 
[libmetasec_ml.so] 0x70fbd63a38!0x116a38 b.hi #0x70fbd63abc; 
[libmetasec_ml.so] 0x70fbd63a3c!0x116a3c adrp x9, #0x70fbe42000; x9=0x0 -> x9=0x70fbe42000 
[libmetasec_ml.so] 0x70fbd63a40!0x116a40 add x9, x9, #0x5d4; x9=0x70fbe42000 x9=0x70fbe42000 -> x9=0x70fbe425d4 
[libmetasec_ml.so] 0x70fbd63a44!0x116a44 adr x10, #0x70fbd63a58; x10=0x70fbd64e20 -> x10=0x70fbd63a58 
[libmetasec_ml.so] 0x70fbd63a48!0x116a48 ldrb w11, [x9, x8]; w11=0xd x9=0x70fbe425d4 x8=0xe mem_r=0x70fbe425e2 -> w11=0x2e 
[libmetasec_ml.so] 0x70fbd63a4c!0x116a4c add x10, x10, x11, lsl #2; x10=0x70fbd63a58 x10=0x70fbd63a58 x11=0x2e -> x10=0x70fbd63b10 
[libmetasec_ml.so] 0x70fbd63a50!0x116a50 mov x19, x0; x19=0x70fbebfa68 x0=0x1 -> x19=0x1 
[libmetasec_ml.so] 0x70fbd63a54!0x116a54 br x10; x10=0x70fbd63b10 
[libmetasec_ml.so] 0x70fbd63b10!0x116b10 ldrb w8, [x20]; w8=0xe x20=0x73674114f5 mem_r=0x73674114f5 -> w8=0x18 
[libmetasec_ml.so] 0x70fbd63b14!0x116b14 orr w8, w8, #2; w8=0x18 w8=0x18 -> w8=0x1a 
[libmetasec_ml.so] 0x70fbd63b18!0x116b18 strb w8, [x20]; w8=0x1a x20=0x73674114f5 mem_w=0x73674114f5 
[libmetasec_ml.so] 0x70fbd63b1c!0x116b1c ldr x21, [x21]; x21=0x72a7410990 x21=0x72a7410990 mem_r=0x72a7410990 -> x21=0x74472c4070 
[libmetasec_ml.so] 0x70fbd63b20!0x116b20 add x20, x20, x19; x20=0x73674114f5 x20=0x73674114f5 x19=0x1 -> x20=0x73674114f6 
[libmetasec_ml.so] 0x70fbd63b24!0x116b24 cbz x21, #0x70fbd63bf0; x21=0x74472c4070 
[libmetasec_ml.so] 0x70fbd63b28!0x116b28 mov x0, x21; x0=0x1 x21=0x74472c4070 -> x0=0x74472c4070 
[libmetasec_ml.so] 0x70fbd63b2c!0x116b2c bl #0x70fbc80b40; 
[libmetasec_ml.so] 0x70fbc80b40!0x33b40 adrp x16, #0x70fbec9000; x16=0x72a51a5368 -> x16=0x70fbec9000 
[libmetasec_ml.so] 0x70fbc80b44!0x33b44 ldr x17, [x16, #0xa28]; x17=0x70fbd635cc x16=0x70fbec9000 mem_r=0x70fbec9a28 -> x17=0x75402dab00 
[libmetasec_ml.so] 0x70fbc80b48!0x33b48 add x16, x16, #0xa28; x16=0x70fbec9000 x16=0x70fbec9000 -> x16=0x70fbec9a28 
[libmetasec_ml.so] 0x70fbc80b4c!0x33b4c br x17; x17=0x75402dab00 
call func: __strlen_aarch64(0x74472c4070)
args0: 1128
ret: 0x4
[libmetasec_ml.so] 0x70fbd63b30!0x116b30 mov x1, x20; x1=0x73674114f5 x20=0x73674114f6 -> x1=0x73674114f6 
[libmetasec_ml.so] 0x70fbd63b34!0x116b34 mov x22, x0; x22=0x72a7410990 x0=0x4 -> x22=0x4 
[libmetasec_ml.so] 0x70fbd63b38!0x116b38 bl #0x70fbd64eb8; 
[libmetasec_ml.so] 0x70fbd64eb8!0x117eb8 cmp w0, #0x80; w0=0x4 -> w0=0x4 
[libmetasec_ml.so] 0x70fbd64ebc!0x117ebc b.lo #0x70fbd64f0c; 
[libmetasec_ml.so] 0x70fbd64f0c!0x117f0c mov w9, wzr; w9=0xfbe425d4 -> w9=0x0 
[libmetasec_ml.so] 0x70fbd64f10!0x117f10 b #0x70fbd64f2c; 
[libmetasec_ml.so] 0x70fbd64f2c!0x117f2c add w8, w9, #1; w8=0x1010101 w9=0x0 -> w8=0x1 
[libmetasec_ml.so] 0x70fbd64f30!0x117f30 strb w0, [x1, w9, uxtw]; w0=0x4 x1=0x73674114f6 w9=0x0 mem_w=0x73674114f6 
[libmetasec_ml.so] 0x70fbd64f34!0x117f34 mov x0, x8; x0=0x4 x8=0x1 -> x0=0x1 
[libmetasec_ml.so] 0x70fbd64f38!0x117f38 ret ; 
[libmetasec_ml.so] 0x70fbd63b3c!0x116b3c mov x23, x0; x23=0x2a45 x0=0x1 -> x23=0x1 
[libmetasec_ml.so] 0x70fbd63b40!0x116b40 add x0, x20, x0; x0=0x1 x20=0x73674114f6 x0=0x1 -> x0=0x73674114f7 
[libmetasec_ml.so] 0x70fbd63b44!0x116b44 mov x1, x21; x1=0x73674114f6 x21=0x74472c4070 -> x1=0x74472c4070 
[libmetasec_ml.so] 0x70fbd63b48!0x116b48 mov x2, x22; x2=0x38323131 x22=0x4 -> x2=0x4 
[libmetasec_ml.so] 0x70fbd63b4c!0x116b4c bl #0x70fbc80a20; 
[libmetasec_ml.so] 0x70fbc80a20!0x33a20 adrp x16, #0x70fbec9000; x16=0x70fbec9a28 -> x16=0x70fbec9000 
[libmetasec_ml.so] 0x70fbc80a24!0x33a24 ldr x17, [x16, #0x998]; x17=0x75402dab00 x16=0x70fbec9000 mem_r=0x70fbec9998 -> x17=0x75402d9c80 
[libmetasec_ml.so] 0x70fbc80a28!0x33a28 add x16, x16, #0x998; x16=0x70fbec9000 x16=0x70fbec9000 -> x16=0x70fbec9998 
[libmetasec_ml.so] 0x70fbc80a2c!0x33a2c br x17; x17=0x75402d9c80 
call func: __memcpy_aarch64_simd(0x73674114f7, 0x74472c4070, 0x4)
hexdump at address 0x74472c4070 with length 0x4:
74472c4070: 31 31 32 38                                     |1128            |
ret: 0x73674114f7
[libmetasec_ml.so] 0x70fbd63b50!0x116b50 add x8, x23, x22; x8=0x38323131 x23=0x1 x22=0x4 -> x8=0x5 
[libmetasec_ml.so] 0x70fbd63b54!0x116b54 b #0x70fbd63bf8; 
[libmetasec_ml.so] 0x70fbd63bf8!0x116bf8 add x0, x8, x19; x0=0x73674114f7 x8=0x5 x19=0x1 -> x0=0x6 
[libmetasec_ml.so] 0x70fbd63bfc!0x116bfc ldp x29, x30, [sp, #0x30]; fp=0x70d87c2980 lr=0x70fbd63b50 sp=0x70d87c2950 mem_r=0x70d87c2980 -> fp=0x70d87c2a00 lr=0x70fbd63754 
[libmetasec_ml.so] 0x70fbd63c00!0x116c00 ldp x20, x19, [sp, #0x20]; x20=0x73674114f6 x19=0x1 sp=0x70d87c2950 mem_r=0x70d87c2970 -> x20=0x72a7410970 x19=0x48 
[libmetasec_ml.so] 0x70fbd63c04!0x116c04 ldp x22, x21, [sp, #0x10]; x22=0x4 x21=0x74472c4070 sp=0x70d87c2950 mem_r=0x70d87c2960 -> x22=0x72a7410990 x21=0x2 
[libmetasec_ml.so] 0x70fbd63c08!0x116c08 ldr x23, [sp], #0x40; x23=0x1 sp=0x70d87c2950 mem_r=0x70d87c2950 -> x23=0x2a45 
[libmetasec_ml.so] 0x70fbd63c0c!0x116c0c ret ; 
[libmetasec_ml.so] 0x70fbd63754!0x116754 mov x25, x0; x25=0x0 x0=0x6 -> x25=0x6 
[libmetasec_ml.so] 0x70fbd63758!0x116758 b #0x70fbd63940; 
[libmetasec_ml.so] 0x70fbd63940!0x116940 add x21, x25, x21; x21=0x2 x25=0x6 x21=0x2 -> x21=0x8 
[libmetasec_ml.so] 0x70fbd63944!0x116944 add x28, x28, #1; x28=0x2 x28=0x2 -> x28=0x3 
[libmetasec_ml.so] 0x70fbd63948!0x116948 b #0x70fbd635f0; 
[libmetasec_ml.so] 0x70fbd635f0!0x1165f0 ldr x8, [x20]; x8=0x5 x20=0x72a7410970 mem_r=0x72a7410970 -> x8=0x70fbebec78 
[libmetasec_ml.so] 0x70fbd635f4!0x1165f4 ldr w9, [x8, #0x30]; w9=0x0 x8=0x70fbebec78 mem_r=0x70fbebeca8 -> w9=0x28 
[libmetasec_ml.so] 0x70fbd635f8!0x1165f8 cmp x28, x9; x28=0x3 x9=0x28 -> x28=0x3 
[libmetasec_ml.so] 0x70fbd635fc!0x1165fc b.hs #0x70fbd6397c; 
[libmetasec_ml.so] 0x70fbd63600!0x116600 ldr x8, [x8, #0x38]; x8=0x70fbebec78 x8=0x70fbebec78 mem_r=0x70fbebecb0 -> x8=0x70fbebf9d8 
[libmetasec_ml.so] 0x70fbd63604!0x116604 nop ; 
[libmetasec_ml.so] 0x70fbd63608!0x116608 madd x24, x28, x19, x8; x24=0x70fbebfa68 x28=0x3 x19=0x48 x8=0x70fbebf9d8 -> x24=0x70fbebfab0 
[libmetasec_ml.so] 0x70fbd6360c!0x11660c ldr w9, [x24, #0x18]; w9=0x28 x24=0x70fbebfab0 mem_r=0x70fbebfac8 -> w9=0x28 
[libmetasec_ml.so] 0x70fbd63610!0x116610 ldr w11, [x24, #0xc]; w11=0x2e x24=0x70fbebfab0 mem_r=0x70fbebfabc -> w11=0x3 
[libmetasec_ml.so] 0x70fbd63614!0x116614 add x22, x20, x9; x22=0x72a7410990 x20=0x72a7410970 x9=0x28 -> x22=0x72a7410998 
[libmetasec_ml.so] 0x70fbd63618!0x116618 cbz w11, #0x70fbd63744; w11=0x3 
[libmetasec_ml.so] 0x70fbd6361c!0x11661c ldr w9, [x24, #0x14]; w9=0x28 x24=0x70fbebfab0 mem_r=0x70fbebfac4 -> w9=0x0 
[libmetasec_ml.so] 0x70fbd63620!0x116620 cmp w11, #1; w11=0x3 -> w11=0x3 
[libmetasec_ml.so] 0x70fbd63624!0x116624 madd x10, x28, x19, x8; x10=0x70fbd63b10 x28=0x3 x19=0x48 x8=0x70fbebf9d8 -> x10=0x70fbebfab0 
[libmetasec_ml.so] 0x70fbd63628!0x116628 ccmp w11, #3, #4, ne; w11=0x3 
[libmetasec_ml.so] 0x70fbd6362c!0x11662c b.ne #0x70fbd63668; 
[libmetasec_ml.so] 0x70fbd63630!0x116630 ldr w10, [x10, #0x30]; w10=0xfbebfab0 x10=0x70fbebfab0 mem_r=0x70fbebfae0 -> w10=0x0 
[libmetasec_ml.so] 0x70fbd63634!0x116634 tbnz w10, #2, #0x70fbd636a0; w10=0x0 
[libmetasec_ml.so] 0x70fbd63638!0x116638 cmp w11, #3; w11=0x3 -> w11=0x3 
[libmetasec_ml.so] 0x70fbd6363c!0x11663c b.eq #0x70fbd6372c; 
[libmetasec_ml.so] 0x70fbd6372c!0x11672c mov x0, x24; x0=0x6 x24=0x70fbebfab0 -> x0=0x70fbebfab0 
[libmetasec_ml.so] 0x70fbd63730!0x116730 mov x1, x22; x1=0x74472c4070 x22=0x72a7410998 -> x1=0x72a7410998 
[libmetasec_ml.so] 0x70fbd63734!0x116734 bl #0x70fbd64dc8; 
[libmetasec_ml.so] 0x70fbd64dc8!0x117dc8 ldr w8, [x0, #0x10]; w8=0xfbebf9d8 x0=0x70fbebfab0 mem_r=0x70fbebfac0 -> w8=0xe 
[libmetasec_ml.so] 0x70fbd64dcc!0x117dcc cmp w8, #0x10; w8=0xe -> w8=0xe 
[libmetasec_ml.so] 0x70fbd64dd0!0x117dd0 b.hi #0x70fbd64e30; 
[libmetasec_ml.so] 0x70fbd64dd4!0x117dd4 adrp x9, #0x70fbe42000; x9=0x0 -> x9=0x70fbe42000 
[libmetasec_ml.so] 0x70fbd64dd8!0x117dd8 add x9, x9, #0x623; x9=0x70fbe42000 x9=0x70fbe42000 -> x9=0x70fbe42623 
[libmetasec_ml.so] 0x70fbd64ddc!0x117ddc adr x10, #0x70fbd64dec; x10=0x0 -> x10=0x70fbd64dec 
[libmetasec_ml.so] 0x70fbd64de0!0x117de0 ldrb w11, [x9, x8]; w11=0x3 x9=0x70fbe42623 x8=0xe mem_r=0x70fbe42631 -> w11=0xd 
[libmetasec_ml.so] 0x70fbd64de4!0x117de4 add x10, x10, x11, lsl #2; x10=0x70fbd64dec x10=0x70fbd64dec x11=0xd -> x10=0x70fbd64e20 
[libmetasec_ml.so] 0x70fbd64de8!0x117de8 br x10; x10=0x70fbd64e20 
[libmetasec_ml.so] 0x70fbd64e20!0x117e20 ldr x8, [x1]; x8=0xe x1=0x72a7410998 mem_r=0x72a7410998 -> x8=0x7397489990 
[libmetasec_ml.so] 0x70fbd64e24!0x117e24 cbz x8, #0x70fbd64e30; x8=0x7397489990 
[libmetasec_ml.so] 0x70fbd64e28!0x117e28 ldrb w8, [x8]; w8=0x97489990 x8=0x7397489990 mem_r=0x7397489990 -> w8=0x34 
[libmetasec_ml.so] 0x70fbd64e2c!0x117e2c b #0x70fbd64df0; 
[libmetasec_ml.so] 0x70fbd64df0!0x117df0 cmp w8, #0; w8=0x34 -> w8=0x34 
[libmetasec_ml.so] 0x70fbd64df4!0x117df4 b #0x70fbd64e00; 
[libmetasec_ml.so] 0x70fbd64e00!0x117e00 cset w0, eq; w0=0xfbebfab0 -> w0=0x0 
[libmetasec_ml.so] 0x70fbd64e04!0x117e04 ret ; 
[libmetasec_ml.so] 0x70fbd63738!0x116738 cbz w0, #0x70fbd63744; w0=0x0 
[libmetasec_ml.so] 0x70fbd63744!0x116744 add x2, x27, x21; x2=0x4 x27=0x73674114f3 x21=0x8 -> x2=0x73674114fb 
[libmetasec_ml.so] 0x70fbd63748!0x116748 mov x0, x24; x0=0x0 x24=0x70fbebfab0 -> x0=0x70fbebfab0 
[libmetasec_ml.so] 0x70fbd6374c!0x11674c mov x1, x22; x1=0x72a7410998 x22=0x72a7410998 -> x1=0x72a7410998 
[libmetasec_ml.so] 0x70fbd63750!0x116750 bl #0x70fbd63a04; 
[libmetasec_ml.so] 0x70fbd63a04!0x116a04 str x23, [sp, #-0x40]!; x23=0x2a45 sp=0x70d87c2990 mem_w=0x70d87c2950 -> sp=0x70d87c2950 
[libmetasec_ml.so] 0x70fbd63a08!0x116a08 stp x22, x21, [sp, #0x10]; x22=0x72a7410998 x21=0x8 sp=0x70d87c2950 mem_w=0x70d87c2960 
[libmetasec_ml.so] 0x70fbd63a0c!0x116a0c stp x20, x19, [sp, #0x20]; x20=0x72a7410970 x19=0x48 sp=0x70d87c2950 mem_w=0x70d87c2970 
[libmetasec_ml.so] 0x70fbd63a10!0x116a10 stp x29, x30, [sp, #0x30]; fp=0x70d87c2a00 lr=0x70fbd63754 sp=0x70d87c2950 mem_w=0x70d87c2980 
[libmetasec_ml.so] 0x70fbd63a14!0x116a14 add x29, sp, #0x30; fp=0x70d87c2a00 sp=0x70d87c2950 -> fp=0x70d87c2980 
[libmetasec_ml.so] 0x70fbd63a18!0x116a18 mov x19, x0; x19=0x48 x0=0x70fbebfab0 -> x19=0x70fbebfab0 
[libmetasec_ml.so] 0x70fbd63a1c!0x116a1c ldr w0, [x0, #8]; w0=0xfbebfab0 x0=0x70fbebfab0 mem_r=0x70fbebfab8 -> w0=0x4 
[libmetasec_ml.so] 0x70fbd63a20!0x116a20 mov x21, x1; x21=0x8 x1=0x72a7410998 -> x21=0x72a7410998 
[libmetasec_ml.so] 0x70fbd63a24!0x116a24 mov x1, x2; x1=0x72a7410998 x2=0x73674114fb -> x1=0x73674114fb 
[libmetasec_ml.so] 0x70fbd63a28!0x116a28 mov x20, x2; x20=0x72a7410970 x2=0x73674114fb -> x20=0x73674114fb 
[libmetasec_ml.so] 0x70fbd63a2c!0x116a2c bl #0x70fbd64e38; 
[libmetasec_ml.so] 0x70fbd64e38!0x117e38 lsr w8, w0, #0x1d; w8=0x34 w0=0x4 -> w8=0x0 
[libmetasec_ml.so] 0x70fbd64e3c!0x117e3c cbnz w8, #0x70fbd64e48; w8=0x0 
[libmetasec_ml.so] 0x70fbd64e40!0x117e40 lsl w0, w0, #3; w0=0x4 w0=0x4 -> w0=0x20 
[libmetasec_ml.so] 0x70fbd64e44!0x117e44 b #0x70fbd64eb8; 
[libmetasec_ml.so] 0x70fbd64eb8!0x117eb8 cmp w0, #0x80; w0=0x20 -> w0=0x20 
[libmetasec_ml.so] 0x70fbd64ebc!0x117ebc b.lo #0x70fbd64f0c; 
[libmetasec_ml.so] 0x70fbd64f0c!0x117f0c mov w9, wzr; w9=0xfbe42623 -> w9=0x0 
[libmetasec_ml.so] 0x70fbd64f10!0x117f10 b #0x70fbd64f2c; 
[libmetasec_ml.so] 0x70fbd64f2c!0x117f2c add w8, w9, #1; w8=0x0 w9=0x0 -> w8=0x1 
[libmetasec_ml.so] 0x70fbd64f30!0x117f30 strb w0, [x1, w9, uxtw]; w0=0x20 x1=0x73674114fb w9=0x0 mem_w=0x73674114fb 
[libmetasec_ml.so] 0x70fbd64f34!0x117f34 mov x0, x8; x0=0x20 x8=0x1 -> x0=0x1 
[libmetasec_ml.so] 0x70fbd64f38!0x117f38 ret ; 
[libmetasec_ml.so] 0x70fbd63a30!0x116a30 ldr w8, [x19, #0x10]; w8=0x1 x19=0x70fbebfab0 mem_r=0x70fbebfac0 -> w8=0xe 
[libmetasec_ml.so] 0x70fbd63a34!0x116a34 cmp w8, #0x10; w8=0xe -> w8=0xe 
[libmetasec_ml.so] 0x70fbd63a38!0x116a38 b.hi #0x70fbd63abc; 
[libmetasec_ml.so] 0x70fbd63a3c!0x116a3c adrp x9, #0x70fbe42000; x9=0x0 -> x9=0x70fbe42000 
[libmetasec_ml.so] 0x70fbd63a40!0x116a40 add x9, x9, #0x5d4; x9=0x70fbe42000 x9=0x70fbe42000 -> x9=0x70fbe425d4 
[libmetasec_ml.so] 0x70fbd63a44!0x116a44 adr x10, #0x70fbd63a58; x10=0x70fbd64e20 -> x10=0x70fbd63a58 
[libmetasec_ml.so] 0x70fbd63a48!0x116a48 ldrb w11, [x9, x8]; w11=0xd x9=0x70fbe425d4 x8=0xe mem_r=0x70fbe425e2 -> w11=0x2e 
[libmetasec_ml.so] 0x70fbd63a4c!0x116a4c add x10, x10, x11, lsl #2; x10=0x70fbd63a58 x10=0x70fbd63a58 x11=0x2e -> x10=0x70fbd63b10 
[libmetasec_ml.so] 0x70fbd63a50!0x116a50 mov x19, x0; x19=0x70fbebfab0 x0=0x1 -> x19=0x1 
[libmetasec_ml.so] 0x70fbd63a54!0x116a54 br x10; x10=0x70fbd63b10 
[libmetasec_ml.so] 0x70fbd63b10!0x116b10 ldrb w8, [x20]; w8=0xe x20=0x73674114fb mem_r=0x73674114fb -> w8=0x20 
[libmetasec_ml.so] 0x70fbd63b14!0x116b14 orr w8, w8, #2; w8=0x20 w8=0x20 -> w8=0x22 
[libmetasec_ml.so] 0x70fbd63b18!0x116b18 strb w8, [x20]; w8=0x22 x20=0x73674114fb mem_w=0x73674114fb 
[libmetasec_ml.so] 0x70fbd63b1c!0x116b1c ldr x21, [x21]; x21=0x72a7410998 x21=0x72a7410998 mem_r=0x72a7410998 -> x21=0x7397489990 
[libmetasec_ml.so] 0x70fbd63b20!0x116b20 add x20, x20, x19; x20=0x73674114fb x20=0x73674114fb x19=0x1 -> x20=0x73674114fc 
[libmetasec_ml.so] 0x70fbd63b24!0x116b24 cbz x21, #0x70fbd63bf0; x21=0x7397489990 
[libmetasec_ml.so] 0x70fbd63b28!0x116b28 mov x0, x21; x0=0x1 x21=0x7397489990 -> x0=0x7397489990 
[libmetasec_ml.so] 0x70fbd63b2c!0x116b2c bl #0x70fbc80b40; 
[libmetasec_ml.so] 0x70fbc80b40!0x33b40 adrp x16, #0x70fbec9000; x16=0x70fbec9998 -> x16=0x70fbec9000 
[libmetasec_ml.so] 0x70fbc80b44!0x33b44 ldr x17, [x16, #0xa28]; x17=0x75402d9c80 x16=0x70fbec9000 mem_r=0x70fbec9a28 -> x17=0x75402dab00 
[libmetasec_ml.so] 0x70fbc80b48!0x33b48 add x16, x16, #0xa28; x16=0x70fbec9000 x16=0x70fbec9000 -> x16=0x70fbec9a28 
[libmetasec_ml.so] 0x70fbc80b4c!0x33b4c br x17; x17=0x75402dab00 
call func: __strlen_aarch64(0x7397489990)
args0: 4087336283154583
ret: 0x10
[libmetasec_ml.so] 0x70fbd63b30!0x116b30 mov x1, x20; x1=0x73674114fb x20=0x73674114fc -> x1=0x73674114fc 
[libmetasec_ml.so] 0x70fbd63b34!0x116b34 mov x22, x0; x22=0x72a7410998 x0=0x10 -> x22=0x10 
[libmetasec_ml.so] 0x70fbd63b38!0x116b38 bl #0x70fbd64eb8; 
[libmetasec_ml.so] 0x70fbd64eb8!0x117eb8 cmp w0, #0x80; w0=0x10 -> w0=0x10 
[libmetasec_ml.so] 0x70fbd64ebc!0x117ebc b.lo #0x70fbd64f0c; 
[libmetasec_ml.so] 0x70fbd64f0c!0x117f0c mov w9, wzr; w9=0xfbe425d4 -> w9=0x0 
[libmetasec_ml.so] 0x70fbd64f10!0x117f10 b #0x70fbd64f2c; 
[libmetasec_ml.so] 0x70fbd64f2c!0x117f2c add w8, w9, #1; w8=0x1010101 w9=0x0 -> w8=0x1 
[libmetasec_ml.so] 0x70fbd64f30!0x117f30 strb w0, [x1, w9, uxtw]; w0=0x10 x1=0x73674114fc w9=0x0 mem_w=0x73674114fc 
[libmetasec_ml.so] 0x70fbd64f34!0x117f34 mov x0, x8; x0=0x10 x8=0x1 -> x0=0x1 
[libmetasec_ml.so] 0x70fbd64f38!0x117f38 ret ; 
[libmetasec_ml.so] 0x70fbd63b3c!0x116b3c mov x23, x0; x23=0x2a45 x0=0x1 -> x23=0x1 
[libmetasec_ml.so] 0x70fbd63b40!0x116b40 add x0, x20, x0; x0=0x1 x20=0x73674114fc x0=0x1 -> x0=0x73674114fd 
[libmetasec_ml.so] 0x70fbd63b44!0x116b44 mov x1, x21; x1=0x73674114fc x21=0x7397489990 -> x1=0x7397489990 
[libmetasec_ml.so] 0x70fbd63b48!0x116b48 mov x2, x22; x2=0x65737200006e9300 x22=0x10 -> x2=0x10 
[libmetasec_ml.so] 0x70fbd63b4c!0x116b4c bl #0x70fbc80a20; 
[libmetasec_ml.so] 0x70fbc80a20!0x33a20 adrp x16, #0x70fbec9000; x16=0x70fbec9a28 -> x16=0x70fbec9000 
[libmetasec_ml.so] 0x70fbc80a24!0x33a24 ldr x17, [x16, #0x998]; x17=0x75402dab00 x16=0x70fbec9000 mem_r=0x70fbec9998 -> x17=0x75402d9c80 
[libmetasec_ml.so] 0x70fbc80a28!0x33a28 add x16, x16, #0x998; x16=0x70fbec9000 x16=0x70fbec9000 -> x16=0x70fbec9998 
[libmetasec_ml.so] 0x70fbc80a2c!0x33a2c br x17; x17=0x75402d9c80 
call func: __memcpy_aarch64_simd(0x73674114fd, 0x7397489990, 0x10)
hexdump at address 0x7397489990 with length 0x10:
7397489990: 34 30 38 37 33 33 36 32 38 33 31 35 34 35 38 33 |4087336283154583|
ret: 0x73674114fd
[libmetasec_ml.so] 0x70fbd63b50!0x116b50 add x8, x23, x22; x8=0x1 x23=0x1 x22=0x10 -> x8=0x11 
[libmetasec_ml.so] 0x70fbd63b54!0x116b54 b #0x70fbd63bf8; 
[libmetasec_ml.so] 0x70fbd63bf8!0x116bf8 add x0, x8, x19; x0=0x73674114fd x8=0x11 x19=0x1 -> x0=0x12 
[libmetasec_ml.so] 0x70fbd63bfc!0x116bfc ldp x29, x30, [sp, #0x30]; fp=0x70d87c2980 lr=0x70fbd63b50 sp=0x70d87c2950 mem_r=0x70d87c2980 -> fp=0x70d87c2a00 lr=0x70fbd63754 
[libmetasec_ml.so] 0x70fbd63c00!0x116c00 ldp x20, x19, [sp, #0x20]; x20=0x73674114fc x19=0x1 sp=0x70d87c2950 mem_r=0x70d87c2970 -> x20=0x72a7410970 x19=0x48 
[libmetasec_ml.so] 0x70fbd63c04!0x116c04 ldp x22, x21, [sp, #0x10]; x22=0x10 x21=0x7397489990 sp=0x70d87c2950 mem_r=0x70d87c2960 -> x22=0x72a7410998 x21=0x8 
[libmetasec_ml.so] 0x70fbd63c08!0x116c08 ldr x23, [sp], #0x40; x23=0x1 sp=0x70d87c2950 mem_r=0x70d87c2950 -> x23=0x2a45 
[libmetasec_ml.so] 0x70fbd63c0c!0x116c0c ret ; 
[libmetasec_ml.so] 0x70fbd63754!0x116754 mov x25, x0; x25=0x6 x0=0x12 -> x25=0x12 
[libmetasec_ml.so] 0x70fbd63758!0x116758 b #0x70fbd63940; 
[libmetasec_ml.so] 0x70fbd63940!0x116940 add x21, x25, x21; x21=0x8 x25=0x12 x21=0x8 -> x21=0x1a 
[libmetasec_ml.so] 0x70fbd63944!0x116944 add x28, x28, #1; x28=0x3 x28=0x3 -> x28=0x4 
[libmetasec_ml.so] 0x70fbd63948!0x116948 b #0x70fbd635f0; 
[libmetasec_ml.so] 0x70fbd635f0!0x1165f0 ldr x8, [x20]; x8=0x11 x20=0x72a7410970 mem_r=0x72a7410970 -> x8=0x70fbebec78 
[libmetasec_ml.so] 0x70fbd635f4!0x1165f4 ldr w9, [x8, #0x30]; w9=0x0 x8=0x70fbebec78 mem_r=0x70fbebeca8 -> w9=0x28 
[libmetasec_ml.so] 0x70fbd635f8!0x1165f8 cmp x28, x9; x28=0x4 x9=0x28 -> x28=0x4 
[libmetasec_ml.so] 0x70fbd635fc!0x1165fc b.hs #0x70fbd6397c; 
[libmetasec_ml.so] 0x70fbd63600!0x116600 ldr x8, [x8, #0x38]; x8=0x70fbebec78 x8=0x70fbebec78 mem_r=0x70fbebecb0 -> x8=0x70fbebf9d8 
[libmetasec_ml.so] 0x70fbd63604!0x116604 nop ; 
[libmetasec_ml.so] 0x70fbd63608!0x116608 madd x24, x28, x19, x8; x24=0x70fbebfab0 x28=0x4 x19=0x48 x8=0x70fbebf9d8 -> x24=0x70fbebfaf8 
[libmetasec_ml.so] 0x70fbd6360c!0x11660c ldr w9, [x24, #0x18]; w9=0x28 x24=0x70fbebfaf8 mem_r=0x70fbebfb10 -> w9=0x30 
[libmetasec_ml.so] 0x70fbd63610!0x116610 ldr w11, [x24, #0xc]; w11=0x2e x24=0x70fbebfaf8 mem_r=0x70fbebfb04 -> w11=0x3 
[libmetasec_ml.so] 0x70fbd63614!0x116614 add x22, x20, x9; x22=0x72a7410998 x20=0x72a7410970 x9=0x30 -> x22=0x72a74109a0 
[libmetasec_ml.so] 0x70fbd63618!0x116618 cbz w11, #0x70fbd63744; w11=0x3 
[libmetasec_ml.so] 0x70fbd6361c!0x11661c ldr w9, [x24, #0x14]; w9=0x30 x24=0x70fbebfaf8 mem_r=0x70fbebfb0c -> w9=0x0 
[libmetasec_ml.so] 0x70fbd63620!0x116620 cmp w11, #1; w11=0x3 -> w11=0x3 
[libmetasec_ml.so] 0x70fbd63624!0x116624 madd x10, x28, x19, x8; x10=0x70fbd63b10 x28=0x4 x19=0x48 x8=0x70fbebf9d8 -> x10=0x70fbebfaf8 
[libmetasec_ml.so] 0x70fbd63628!0x116628 ccmp w11, #3, #4, ne; w11=0x3 
[libmetasec_ml.so] 0x70fbd6362c!0x11662c b.ne #0x70fbd63668; 
[libmetasec_ml.so] 0x70fbd63630!0x116630 ldr w10, [x10, #0x30]; w10=0xfbebfaf8 x10=0x70fbebfaf8 mem_r=0x70fbebfb28 -> w10=0x0 
[libmetasec_ml.so] 0x70fbd63634!0x116634 tbnz w10, #2, #0x70fbd636a0; w10=0x0 
[libmetasec_ml.so] 0x70fbd63638!0x116638 cmp w11, #3; w11=0x3 -> w11=0x3 
[libmetasec_ml.so] 0x70fbd6363c!0x11663c b.eq #0x70fbd6372c; 
[libmetasec_ml.so] 0x70fbd6372c!0x11672c mov x0, x24; x0=0x12 x24=0x70fbebfaf8 -> x0=0x70fbebfaf8 
[libmetasec_ml.so] 0x70fbd63730!0x116730 mov x1, x22; x1=0x7397489990 x22=0x72a74109a0 -> x1=0x72a74109a0 
[libmetasec_ml.so] 0x70fbd63734!0x116734 bl #0x70fbd64dc8; 
[libmetasec_ml.so] 0x70fbd64dc8!0x117dc8 ldr w8, [x0, #0x10]; w8=0xfbebf9d8 x0=0x70fbebfaf8 mem_r=0x70fbebfb08 -> w8=0xe 
[libmetasec_ml.so] 0x70fbd64dcc!0x117dcc cmp w8, #0x10; w8=0xe -> w8=0xe 
[libmetasec_ml.so] 0x70fbd64dd0!0x117dd0 b.hi #0x70fbd64e30; 
[libmetasec_ml.so] 0x70fbd64dd4!0x117dd4 adrp x9, #0x70fbe42000; x9=0x0 -> x9=0x70fbe42000 
[libmetasec_ml.so] 0x70fbd64dd8!0x117dd8 add x9, x9, #0x623; x9=0x70fbe42000 x9=0x70fbe42000 -> x9=0x70fbe42623 
[libmetasec_ml.so] 0x70fbd64ddc!0x117ddc adr x10, #0x70fbd64dec; x10=0x0 -> x10=0x70fbd64dec 
[libmetasec_ml.so] 0x70fbd64de0!0x117de0 ldrb w11, [x9, x8]; w11=0x3 x9=0x70fbe42623 x8=0xe mem_r=0x70fbe42631 -> w11=0xd 
[libmetasec_ml.so] 0x70fbd64de4!0x117de4 add x10, x10, x11, lsl #2; x10=0x70fbd64dec x10=0x70fbd64dec x11=0xd -> x10=0x70fbd64e20 
[libmetasec_ml.so] 0x70fbd64de8!0x117de8 br x10; x10=0x70fbd64e20 
[libmetasec_ml.so] 0x70fbd64e20!0x117e20 ldr x8, [x1]; x8=0xe x1=0x72a74109a0 mem_r=0x72a74109a0 -> x8=0x74472b3950 
[libmetasec_ml.so] 0x70fbd64e24!0x117e24 cbz x8, #0x70fbd64e30; x8=0x74472b3950 
[libmetasec_ml.so] 0x70fbd64e28!0x117e28 ldrb w8, [x8]; w8=0x472b3950 x8=0x74472b3950 mem_r=0x74472b3950 -> w8=0x21 
[libmetasec_ml.so] 0x70fbd64e2c!0x117e2c b #0x70fbd64df0; 
[libmetasec_ml.so] 0x70fbd64df0!0x117df0 cmp w8, #0; w8=0x21 -> w8=0x21 
[libmetasec_ml.so] 0x70fbd64df4!0x117df4 b #0x70fbd64e00; 
[libmetasec_ml.so] 0x70fbd64e00!0x117e00 cset w0, eq; w0=0xfbebfaf8 -> w0=0x0 
[libmetasec_ml.so] 0x70fbd64e04!0x117e04 ret ; 
[libmetasec_ml.so] 0x70fbd63738!0x116738 cbz w0, #0x70fbd63744; w0=0x0 
[libmetasec_ml.so] 0x70fbd63744!0x116744 add x2, x27, x21; x2=0x10 x27=0x73674114f3 x21=0x1a -> x2=0x736741150d 
[libmetasec_ml.so] 0x70fbd63748!0x116748 mov x0, x24; x0=0x0 x24=0x70fbebfaf8 -> x0=0x70fbebfaf8 
[libmetasec_ml.so] 0x70fbd6374c!0x11674c mov x1, x22; x1=0x72a74109a0 x22=0x72a74109a0 -> x1=0x72a74109a0 
[libmetasec_ml.so] 0x70fbd63750!0x116750 bl #0x70fbd63a04; 
[libmetasec_ml.so] 0x70fbd63a04!0x116a04 str x23, [sp, #-0x40]!; x23=0x2a45 sp=0x70d87c2990 mem_w=0x70d87c2950 -> sp=0x70d87c2950 
[libmetasec_ml.so] 0x70fbd63a08!0x116a08 stp x22, x21, [sp, #0x10]; x22=0x72a74109a0 x21=0x1a sp=0x70d87c2950 mem_w=0x70d87c2960 
[libmetasec_ml.so] 0x70fbd63a0c!0x116a0c stp x20, x19, [sp, #0x20]; x20=0x72a7410970 x19=0x48 sp=0x70d87c2950 mem_w=0x70d87c2970 
[libmetasec_ml.so] 0x70fbd63a10!0x116a10 stp x29, x30, [sp, #0x30]; fp=0x70d87c2a00 lr=0x70fbd63754 sp=0x70d87c2950 mem_w=0x70d87c2980 
[libmetasec_ml.so] 0x70fbd63a14!0x116a14 add x29, sp, #0x30; fp=0x70d87c2a00 sp=0x70d87c2950 -> fp=0x70d87c2980 
[libmetasec_ml.so] 0x70fbd63a18!0x116a18 mov x19, x0; x19=0x48 x0=0x70fbebfaf8 -> x19=0x70fbebfaf8 
[libmetasec_ml.so] 0x70fbd63a1c!0x116a1c ldr w0, [x0, #8]; w0=0xfbebfaf8 x0=0x70fbebfaf8 mem_r=0x70fbebfb00 -> w0=0x5 
[libmetasec_ml.so] 0x70fbd63a20!0x116a20 mov x21, x1; x21=0x1a x1=0x72a74109a0 -> x21=0x72a74109a0 
[libmetasec_ml.so] 0x70fbd63a24!0x116a24 mov x1, x2; x1=0x72a74109a0 x2=0x736741150d -> x1=0x736741150d 
[libmetasec_ml.so] 0x70fbd63a28!0x116a28 mov x20, x2; x20=0x72a7410970 x2=0x736741150d -> x20=0x736741150d 
[libmetasec_ml.so] 0x70fbd63a2c!0x116a2c bl #0x70fbd64e38; 
[libmetasec_ml.so] 0x70fbd64e38!0x117e38 lsr w8, w0, #0x1d; w8=0x21 w0=0x5 -> w8=0x0 
[libmetasec_ml.so] 0x70fbd64e3c!0x117e3c cbnz w8, #0x70fbd64e48; w8=0x0 
[libmetasec_ml.so] 0x70fbd64e40!0x117e40 lsl w0, w0, #3; w0=0x5 w0=0x5 -> w0=0x28 
[libmetasec_ml.so] 0x70fbd64e44!0x117e44 b #0x70fbd64eb8; 
[libmetasec_ml.so] 0x70fbd64eb8!0x117eb8 cmp w0, #0x80; w0=0x28 -> w0=0x28 
[libmetasec_ml.so] 0x70fbd64ebc!0x117ebc b.lo #0x70fbd64f0c; 
[libmetasec_ml.so] 0x70fbd64f0c!0x117f0c mov w9, wzr; w9=0xfbe42623 -> w9=0x0 
[libmetasec_ml.so] 0x70fbd64f10!0x117f10 b #0x70fbd64f2c; 
[libmetasec_ml.so] 0x70fbd64f2c!0x117f2c add w8, w9, #1; w8=0x0 w9=0x0 -> w8=0x1 
[libmetasec_ml.so] 0x70fbd64f30!0x117f30 strb w0, [x1, w9, uxtw]; w0=0x28 x1=0x736741150d w9=0x0 mem_w=0x736741150d 
[libmetasec_ml.so] 0x70fbd64f34!0x117f34 mov x0, x8; x0=0x28 x8=0x1 -> x0=0x1 
[libmetasec_ml.so] 0x70fbd64f38!0x117f38 ret ; 
[libmetasec_ml.so] 0x70fbd63a30!0x116a30 ldr w8, [x19, #0x10]; w8=0x1 x19=0x70fbebfaf8 mem_r=0x70fbebfb08 -> w8=0xe 
[libmetasec_ml.so] 0x70fbd63a34!0x116a34 cmp w8, #0x10; w8=0xe -> w8=0xe 
[libmetasec_ml.so] 0x70fbd63a38!0x116a38 b.hi #0x70fbd63abc; 
[libmetasec_ml.so] 0x70fbd63a3c!0x116a3c adrp x9, #0x70fbe42000; x9=0x0 -> x9=0x70fbe42000 
[libmetasec_ml.so] 0x70fbd63a40!0x116a40 add x9, x9, #0x5d4; x9=0x70fbe42000 x9=0x70fbe42000 -> x9=0x70fbe425d4 
[libmetasec_ml.so] 0x70fbd63a44!0x116a44 adr x10, #0x70fbd63a58; x10=0x70fbd64e20 -> x10=0x70fbd63a58 
[libmetasec_ml.so] 0x70fbd63a48!0x116a48 ldrb w11, [x9, x8]; w11=0xd x9=0x70fbe425d4 x8=0xe mem_r=0x70fbe425e2 -> w11=0x2e 
[libmetasec_ml.so] 0x70fbd63a4c!0x116a4c add x10, x10, x11, lsl #2; x10=0x70fbd63a58 x10=0x70fbd63a58 x11=0x2e -> x10=0x70fbd63b10 
[libmetasec_ml.so] 0x70fbd63a50!0x116a50 mov x19, x0; x19=0x70fbebfaf8 x0=0x1 -> x19=0x1 
[libmetasec_ml.so] 0x70fbd63a54!0x116a54 br x10; x10=0x70fbd63b10 
[libmetasec_ml.so] 0x70fbd63b10!0x116b10 ldrb w8, [x20]; w8=0xe x20=0x736741150d mem_r=0x736741150d -> w8=0x28 
[libmetasec_ml.so] 0x70fbd63b14!0x116b14 orr w8, w8, #2; w8=0x28 w8=0x28 -> w8=0x2a 
[libmetasec_ml.so] 0x70fbd63b18!0x116b18 strb w8, [x20]; w8=0x2a x20=0x736741150d mem_w=0x736741150d 
[libmetasec_ml.so] 0x70fbd63b1c!0x116b1c ldr x21, [x21]; x21=0x72a74109a0 x21=0x72a74109a0 mem_r=0x72a74109a0 -> x21=0x74472b3950 
[libmetasec_ml.so] 0x70fbd63b20!0x116b20 add x20, x20, x19; x20=0x736741150d x20=0x736741150d x19=0x1 -> x20=0x736741150e 
[libmetasec_ml.so] 0x70fbd63b24!0x116b24 cbz x21, #0x70fbd63bf0; x21=0x74472b3950 
[libmetasec_ml.so] 0x70fbd63b28!0x116b28 mov x0, x21; x0=0x1 x21=0x74472b3950 -> x0=0x74472b3950 
[libmetasec_ml.so] 0x70fbd63b2c!0x116b2c bl #0x70fbc80b40; 
[libmetasec_ml.so] 0x70fbc80b40!0x33b40 adrp x16, #0x70fbec9000; x16=0x70fbec9998 -> x16=0x70fbec9000 
[libmetasec_ml.so] 0x70fbc80b44!0x33b44 ldr x17, [x16, #0xa28]; x17=0x75402d9c80 x16=0x70fbec9000 mem_r=0x70fbec9a28 -> x17=0x75402dab00 
[libmetasec_ml.so] 0x70fbc80b48!0x33b48 add x16, x16, #0xa28; x16=0x70fbec9000 x16=0x70fbec9000 -> x16=0x70fbec9a28 
[libmetasec_ml.so] 0x70fbc80b4c!0x33b4c br x17; x17=0x75402dab00 
call func: __strlen_aarch64(0x74472b3950)
args0: !notset!
ret: 0x8
[libmetasec_ml.so] 0x70fbd63b30!0x116b30 mov x1, x20; x1=0x736741150d x20=0x736741150e -> x1=0x736741150e 
[libmetasec_ml.so] 0x70fbd63b34!0x116b34 mov x22, x0; x22=0x72a74109a0 x0=0x8 -> x22=0x8 
[libmetasec_ml.so] 0x70fbd63b38!0x116b38 bl #0x70fbd64eb8; 
[libmetasec_ml.so] 0x70fbd64eb8!0x117eb8 cmp w0, #0x80; w0=0x8 -> w0=0x8 
[libmetasec_ml.so] 0x70fbd64ebc!0x117ebc b.lo #0x70fbd64f0c; 
[libmetasec_ml.so] 0x70fbd64f0c!0x117f0c mov w9, wzr; w9=0xfbe425d4 -> w9=0x0 
[libmetasec_ml.so] 0x70fbd64f10!0x117f10 b #0x70fbd64f2c; 
[libmetasec_ml.so] 0x70fbd64f2c!0x117f2c add w8, w9, #1; w8=0x1010101 w9=0x0 -> w8=0x1 
[libmetasec_ml.so] 0x70fbd64f30!0x117f30 strb w0, [x1, w9, uxtw]; w0=0x8 x1=0x736741150e w9=0x0 mem_w=0x736741150e 
[libmetasec_ml.so] 0x70fbd64f34!0x117f34 mov x0, x8; x0=0x8 x8=0x1 -> x0=0x1 
[libmetasec_ml.so] 0x70fbd64f38!0x117f38 ret ; 
[libmetasec_ml.so] 0x70fbd63b3c!0x116b3c mov x23, x0; x23=0x2a45 x0=0x1 -> x23=0x1 
[libmetasec_ml.so] 0x70fbd63b40!0x116b40 add x0, x20, x0; x0=0x1 x20=0x736741150e x0=0x1 -> x0=0x736741150f 
[libmetasec_ml.so] 0x70fbd63b44!0x116b44 mov x1, x21; x1=0x736741150e x21=0x74472b3950 -> x1=0x74472b3950 
[libmetasec_ml.so] 0x70fbd63b48!0x116b48 mov x2, x22; x2=0x21746573746f6e21 x22=0x8 -> x2=0x8 
[libmetasec_ml.so] 0x70fbd63b4c!0x116b4c bl #0x70fbc80a20; 
[libmetasec_ml.so] 0x70fbc80a20!0x33a20 adrp x16, #0x70fbec9000; x16=0x70fbec9a28 -> x16=0x70fbec9000 
[libmetasec_ml.so] 0x70fbc80a24!0x33a24 ldr x17, [x16, #0x998]; x17=0x75402dab00 x16=0x70fbec9000 mem_r=0x70fbec9998 -> x17=0x75402d9c80 
[libmetasec_ml.so] 0x70fbc80a28!0x33a28 add x16, x16, #0x998; x16=0x70fbec9000 x16=0x70fbec9000 -> x16=0x70fbec9998 
[libmetasec_ml.so] 0x70fbc80a2c!0x33a2c br x17; x17=0x75402d9c80 
call func: __memcpy_aarch64_simd(0x736741150f, 0x74472b3950, 0x8)
hexdump at address 0x74472b3950 with length 0x8:
74472b3950: 21 6e 6f 74 73 65 74 21                         |!notset!        |
ret: 0x736741150f
[libmetasec_ml.so] 0x70fbd63b50!0x116b50 add x8, x23, x22; x8=0x1 x23=0x1 x22=0x8 -> x8=0x9 
[libmetasec_ml.so] 0x70fbd63b54!0x116b54 b #0x70fbd63bf8; 
[libmetasec_ml.so] 0x70fbd63bf8!0x116bf8 add x0, x8, x19; x0=0x736741150f x8=0x9 x19=0x1 -> x0=0xa 
[libmetasec_ml.so] 0x70fbd63bfc!0x116bfc ldp x29, x30, [sp, #0x30]; fp=0x70d87c2980 lr=0x70fbd63b50 sp=0x70d87c2950 mem_r=0x70d87c2980 -> fp=0x70d87c2a00 lr=0x70fbd63754 
[libmetasec_ml.so] 0x70fbd63c00!0x116c00 ldp x20, x19, [sp, #0x20]; x20=0x736741150e x19=0x1 sp=0x70d87c2950 mem_r=0x70d87c2970 -> x20=0x72a7410970 x19=0x48 
[libmetasec_ml.so] 0x70fbd63c04!0x116c04 ldp x22, x21, [sp, #0x10]; x22=0x8 x21=0x74472b3950 sp=0x70d87c2950 mem_r=0x70d87c2960 -> x22=0x72a74109a0 x21=0x1a 
[libmetasec_ml.so] 0x70fbd63c08!0x116c08 ldr x23, [sp], #0x40; x23=0x1 sp=0x70d87c2950 mem_r=0x70d87c2950 -> x23=0x2a45 
[libmetasec_ml.so] 0x70fbd63c0c!0x116c0c ret ; 
[libmetasec_ml.so] 0x70fbd63754!0x116754 mov x25, x0; x25=0x12 x0=0xa -> x25=0xa 
[libmetasec_ml.so] 0x70fbd63758!0x116758 b #0x70fbd63940; 
[libmetasec_ml.so] 0x70fbd63940!0x116940 add x21, x25, x21; x21=0x1a x25=0xa x21=0x1a -> x21=0x24 
[libmetasec_ml.so] 0x70fbd63944!0x116944 add x28, x28, #1; x28=0x4 x28=0x4 -> x28=0x5 
[libmetasec_ml.so] 0x70fbd63948!0x116948 b #0x70fbd635f0; 
[libmetasec_ml.so] 0x70fbd635f0!0x1165f0 ldr x8, [x20]; x8=0x9 x20=0x72a7410970 mem_r=0x72a7410970 -> x8=0x70fbebec78 
[libmetasec_ml.so] 0x70fbd635f4!0x1165f4 ldr w9, [x8, #0x30]; w9=0x0 x8=0x70fbebec78 mem_r=0x70fbebeca8 -> w9=0x28 
[libmetasec_ml.so] 0x70fbd635f8!0x1165f8 cmp x28, x9; x28=0x5 x9=0x28 -> x28=0x5 
[libmetasec_ml.so] 0x70fbd635fc!0x1165fc b.hs #0x70fbd6397c; 
[libmetasec_ml.so] 0x70fbd63600!0x116600 ldr x8, [x8, #0x38]; x8=0x70fbebec78 x8=0x70fbebec78 mem_r=0x70fbebecb0 -> x8=0x70fbebf9d8 
[libmetasec_ml.so] 0x70fbd63604!0x116604 nop ; 
[libmetasec_ml.so] 0x70fbd63608!0x116608 madd x24, x28, x19, x8; x24=0x70fbebfaf8 x28=0x5 x19=0x48 x8=0x70fbebf9d8 -> x24=0x70fbebfb40 
[libmetasec_ml.so] 0x70fbd6360c!0x11660c ldr w9, [x24, #0x18]; w9=0x28 x24=0x70fbebfb40 mem_r=0x70fbebfb58 -> w9=0x38 
[libmetasec_ml.so] 0x70fbd63610!0x116610 ldr w11, [x24, #0xc]; w11=0x2e x24=0x70fbebfb40 mem_r=0x70fbebfb4c -> w11=0x3 
[libmetasec_ml.so] 0x70fbd63614!0x116614 add x22, x20, x9; x22=0x72a74109a0 x20=0x72a7410970 x9=0x38 -> x22=0x72a74109a8 
[libmetasec_ml.so] 0x70fbd63618!0x116618 cbz w11, #0x70fbd63744; w11=0x3 
[libmetasec_ml.so] 0x70fbd6361c!0x11661c ldr w9, [x24, #0x14]; w9=0x38 x24=0x70fbebfb40 mem_r=0x70fbebfb54 -> w9=0x0 
[libmetasec_ml.so] 0x70fbd63620!0x116620 cmp w11, #1; w11=0x3 -> w11=0x3 
[libmetasec_ml.so] 0x70fbd63624!0x116624 madd x10, x28, x19, x8; x10=0x70fbd63b10 x28=0x5 x19=0x48 x8=0x70fbebf9d8 -> x10=0x70fbebfb40 
[libmetasec_ml.so] 0x70fbd63628!0x116628 ccmp w11, #3, #4, ne; w11=0x3 
[libmetasec_ml.so] 0x70fbd6362c!0x11662c b.ne #0x70fbd63668; 
[libmetasec_ml.so] 0x70fbd63630!0x116630 ldr w10, [x10, #0x30]; w10=0xfbebfb40 x10=0x70fbebfb40 mem_r=0x70fbebfb70 -> w10=0x0 
[libmetasec_ml.so] 0x70fbd63634!0x116634 tbnz w10, #2, #0x70fbd636a0; w10=0x0 
[libmetasec_ml.so] 0x70fbd63638!0x116638 cmp w11, #3; w11=0x3 -> w11=0x3 
[libmetasec_ml.so] 0x70fbd6363c!0x11663c b.eq #0x70fbd6372c; 
[libmetasec_ml.so] 0x70fbd6372c!0x11672c mov x0, x24; x0=0xa x24=0x70fbebfb40 -> x0=0x70fbebfb40 
[libmetasec_ml.so] 0x70fbd63730!0x116730 mov x1, x22; x1=0x74472b3950 x22=0x72a74109a8 -> x1=0x72a74109a8 
[libmetasec_ml.so] 0x70fbd63734!0x116734 bl #0x70fbd64dc8; 
[libmetasec_ml.so] 0x70fbd64dc8!0x117dc8 ldr w8, [x0, #0x10]; w8=0xfbebf9d8 x0=0x70fbebfb40 mem_r=0x70fbebfb50 -> w8=0xe 
[libmetasec_ml.so] 0x70fbd64dcc!0x117dcc cmp w8, #0x10; w8=0xe -> w8=0xe 
[libmetasec_ml.so] 0x70fbd64dd0!0x117dd0 b.hi #0x70fbd64e30; 
[libmetasec_ml.so] 0x70fbd64dd4!0x117dd4 adrp x9, #0x70fbe42000; x9=0x0 -> x9=0x70fbe42000 
[libmetasec_ml.so] 0x70fbd64dd8!0x117dd8 add x9, x9, #0x623; x9=0x70fbe42000 x9=0x70fbe42000 -> x9=0x70fbe42623 
[libmetasec_ml.so] 0x70fbd64ddc!0x117ddc adr x10, #0x70fbd64dec; x10=0x0 -> x10=0x70fbd64dec 
[libmetasec_ml.so] 0x70fbd64de0!0x117de0 ldrb w11, [x9, x8]; w11=0x3 x9=0x70fbe42623 x8=0xe mem_r=0x70fbe42631 -> w11=0xd 
[libmetasec_ml.so] 0x70fbd64de4!0x117de4 add x10, x10, x11, lsl #2; x10=0x70fbd64dec x10=0x70fbd64dec x11=0xd -> x10=0x70fbd64e20 
[libmetasec_ml.so] 0x70fbd64de8!0x117de8 br x10; x10=0x70fbd64e20 
[libmetasec_ml.so] 0x70fbd64e20!0x117e20 ldr x8, [x1]; x8=0xe x1=0x72a74109a8 mem_r=0x72a74109a8 -> x8=0x74472b36f0 
[libmetasec_ml.so] 0x70fbd64e24!0x117e24 cbz x8, #0x70fbd64e30; x8=0x74472b36f0 
[libmetasec_ml.so] 0x70fbd64e28!0x117e28 ldrb w8, [x8]; w8=0x472b36f0 x8=0x74472b36f0 mem_r=0x74472b36f0 -> w8=0x21 
[libmetasec_ml.so] 0x70fbd64e2c!0x117e2c b #0x70fbd64df0; 
[libmetasec_ml.so] 0x70fbd64df0!0x117df0 cmp w8, #0; w8=0x21 -> w8=0x21 
[libmetasec_ml.so] 0x70fbd64df4!0x117df4 b #0x70fbd64e00; 
[libmetasec_ml.so] 0x70fbd64e00!0x117e00 cset w0, eq; w0=0xfbebfb40 -> w0=0x0 
[libmetasec_ml.so] 0x70fbd64e04!0x117e04 ret ; 
[libmetasec_ml.so] 0x70fbd63738!0x116738 cbz w0, #0x70fbd63744; w0=0x0 
[libmetasec_ml.so] 0x70fbd63744!0x116744 add x2, x27, x21; x2=0x8 x27=0x73674114f3 x21=0x24 -> x2=0x7367411517 
[libmetasec_ml.so] 0x70fbd63748!0x116748 mov x0, x24; x0=0x0 x24=0x70fbebfb40 -> x0=0x70fbebfb40 
[libmetasec_ml.so] 0x70fbd6374c!0x11674c mov x1, x22; x1=0x72a74109a8 x22=0x72a74109a8 -> x1=0x72a74109a8 
[libmetasec_ml.so] 0x70fbd63750!0x116750 bl #0x70fbd63a04; 
[libmetasec_ml.so] 0x70fbd63a04!0x116a04 str x23, [sp, #-0x40]!; x23=0x2a45 sp=0x70d87c2990 mem_w=0x70d87c2950 -> sp=0x70d87c2950 
[libmetasec_ml.so] 0x70fbd63a08!0x116a08 stp x22, x21, [sp, #0x10]; x22=0x72a74109a8 x21=0x24 sp=0x70d87c2950 mem_w=0x70d87c2960 
[libmetasec_ml.so] 0x70fbd63a0c!0x116a0c stp x20, x19, [sp, #0x20]; x20=0x72a7410970 x19=0x48 sp=0x70d87c2950 mem_w=0x70d87c2970 
[libmetasec_ml.so] 0x70fbd63a10!0x116a10 stp x29, x30, [sp, #0x30]; fp=0x70d87c2a00 lr=0x70fbd63754 sp=0x70d87c2950 mem_w=0x70d87c2980 
[libmetasec_ml.so] 0x70fbd63a14!0x116a14 add x29, sp, #0x30; fp=0x70d87c2a00 sp=0x70d87c2950 -> fp=0x70d87c2980 
[libmetasec_ml.so] 0x70fbd63a18!0x116a18 mov x19, x0; x19=0x48 x0=0x70fbebfb40 -> x19=0x70fbebfb40 
[libmetasec_ml.so] 0x70fbd63a1c!0x116a1c ldr w0, [x0, #8]; w0=0xfbebfb40 x0=0x70fbebfb40 mem_r=0x70fbebfb48 -> w0=0x6 
[libmetasec_ml.so] 0x70fbd63a20!0x116a20 mov x21, x1; x21=0x24 x1=0x72a74109a8 -> x21=0x72a74109a8 
[libmetasec_ml.so] 0x70fbd63a24!0x116a24 mov x1, x2; x1=0x72a74109a8 x2=0x7367411517 -> x1=0x7367411517 
[libmetasec_ml.so] 0x70fbd63a28!0x116a28 mov x20, x2; x20=0x72a7410970 x2=0x7367411517 -> x20=0x7367411517 
[libmetasec_ml.so] 0x70fbd63a2c!0x116a2c bl #0x70fbd64e38; 
[libmetasec_ml.so] 0x70fbd64e38!0x117e38 lsr w8, w0, #0x1d; w8=0x21 w0=0x6 -> w8=0x0 
[libmetasec_ml.so] 0x70fbd64e3c!0x117e3c cbnz w8, #0x70fbd64e48; w8=0x0 
[libmetasec_ml.so] 0x70fbd64e40!0x117e40 lsl w0, w0, #3; w0=0x6 w0=0x6 -> w0=0x30 
[libmetasec_ml.so] 0x70fbd64e44!0x117e44 b #0x70fbd64eb8; 
[libmetasec_ml.so] 0x70fbd64eb8!0x117eb8 cmp w0, #0x80; w0=0x30 -> w0=0x30 
[libmetasec_ml.so] 0x70fbd64ebc!0x117ebc b.lo #0x70fbd64f0c; 
[libmetasec_ml.so] 0x70fbd64f0c!0x117f0c mov w9, wzr; w9=0xfbe42623 -> w9=0x0 
[libmetasec_ml.so] 0x70fbd64f10!0x117f10 b #0x70fbd64f2c; 
[libmetasec_ml.so] 0x70fbd64f2c!0x117f2c add w8, w9, #1; w8=0x0 w9=0x0 -> w8=0x1 
[libmetasec_ml.so] 0x70fbd64f30!0x117f30 strb w0, [x1, w9, uxtw]; w0=0x30 x1=0x7367411517 w9=0x0 mem_w=0x7367411517 
[libmetasec_ml.so] 0x70fbd64f34!0x117f34 mov x0, x8; x0=0x30 x8=0x1 -> x0=0x1 
[libmetasec_ml.so] 0x70fbd64f38!0x117f38 ret ; 
[libmetasec_ml.so] 0x70fbd63a30!0x116a30 ldr w8, [x19, #0x10]; w8=0x1 x19=0x70fbebfb40 mem_r=0x70fbebfb50 -> w8=0xe 
[libmetasec_ml.so] 0x70fbd63a34!0x116a34 cmp w8, #0x10; w8=0xe -> w8=0xe 
[libmetasec_ml.so] 0x70fbd63a38!0x116a38 b.hi #0x70fbd63abc; 
[libmetasec_ml.so] 0x70fbd63a3c!0x116a3c adrp x9, #0x70fbe42000; x9=0x0 -> x9=0x70fbe42000 
[libmetasec_ml.so] 0x70fbd63a40!0x116a40 add x9, x9, #0x5d4; x9=0x70fbe42000 x9=0x70fbe42000 -> x9=0x70fbe425d4 
[libmetasec_ml.so] 0x70fbd63a44!0x116a44 adr x10, #0x70fbd63a58; x10=0x70fbd64e20 -> x10=0x70fbd63a58 
[libmetasec_ml.so] 0x70fbd63a48!0x116a48 ldrb w11, [x9, x8]; w11=0xd x9=0x70fbe425d4 x8=0xe mem_r=0x70fbe425e2 -> w11=0x2e 
[libmetasec_ml.so] 0x70fbd63a4c!0x116a4c add x10, x10, x11, lsl #2; x10=0x70fbd63a58 x10=0x70fbd63a58 x11=0x2e -> x10=0x70fbd63b10 
[libmetasec_ml.so] 0x70fbd63a50!0x116a50 mov x19, x0; x19=0x70fbebfb40 x0=0x1 -> x19=0x1 
[libmetasec_ml.so] 0x70fbd63a54!0x116a54 br x10; x10=0x70fbd63b10 
[libmetasec_ml.so] 0x70fbd63b10!0x116b10 ldrb w8, [x20]; w8=0xe x20=0x7367411517 mem_r=0x7367411517 -> w8=0x30 
[libmetasec_ml.so] 0x70fbd63b14!0x116b14 orr w8, w8, #2; w8=0x30 w8=0x30 -> w8=0x32 
[libmetasec_ml.so] 0x70fbd63b18!0x116b18 strb w8, [x20]; w8=0x32 x20=0x7367411517 mem_w=0x7367411517 
[libmetasec_ml.so] 0x70fbd63b1c!0x116b1c ldr x21, [x21]; x21=0x72a74109a8 x21=0x72a74109a8 mem_r=0x72a74109a8 -> x21=0x74472b36f0 
[libmetasec_ml.so] 0x70fbd63b20!0x116b20 add x20, x20, x19; x20=0x7367411517 x20=0x7367411517 x19=0x1 -> x20=0x7367411518 
[libmetasec_ml.so] 0x70fbd63b24!0x116b24 cbz x21, #0x70fbd63bf0; x21=0x74472b36f0 
[libmetasec_ml.so] 0x70fbd63b28!0x116b28 mov x0, x21; x0=0x1 x21=0x74472b36f0 -> x0=0x74472b36f0 
[libmetasec_ml.so] 0x70fbd63b2c!0x116b2c bl #0x70fbc80b40; 
[libmetasec_ml.so] 0x70fbc80b40!0x33b40 adrp x16, #0x70fbec9000; x16=0x70fbec9998 -> x16=0x70fbec9000 
[libmetasec_ml.so] 0x70fbc80b44!0x33b44 ldr x17, [x16, #0xa28]; x17=0x75402d9c80 x16=0x70fbec9000 mem_r=0x70fbec9a28 -> x17=0x75402dab00 
[libmetasec_ml.so] 0x70fbc80b48!0x33b48 add x16, x16, #0xa28; x16=0x70fbec9000 x16=0x70fbec9000 -> x16=0x70fbec9a28 
[libmetasec_ml.so] 0x70fbc80b4c!0x33b4c br x17; x17=0x75402dab00 
call func: __strlen_aarch64(0x74472b36f0)
args0: !notset!
ret: 0x8
[libmetasec_ml.so] 0x70fbd63b30!0x116b30 mov x1, x20; x1=0x7367411517 x20=0x7367411518 -> x1=0x7367411518 
[libmetasec_ml.so] 0x70fbd63b34!0x116b34 mov x22, x0; x22=0x72a74109a8 x0=0x8 -> x22=0x8 
[libmetasec_ml.so] 0x70fbd63b38!0x116b38 bl #0x70fbd64eb8; 
[libmetasec_ml.so] 0x70fbd64eb8!0x117eb8 cmp w0, #0x80; w0=0x8 -> w0=0x8 
[libmetasec_ml.so] 0x70fbd64ebc!0x117ebc b.lo #0x70fbd64f0c; 
[libmetasec_ml.so] 0x70fbd64f0c!0x117f0c mov w9, wzr; w9=0xfbe425d4 -> w9=0x0 
[libmetasec_ml.so] 0x70fbd64f10!0x117f10 b #0x70fbd64f2c; 
[libmetasec_ml.so] 0x70fbd64f2c!0x117f2c add w8, w9, #1; w8=0x1010101 w9=0x0 -> w8=0x1 
[libmetasec_ml.so] 0x70fbd64f30!0x117f30 strb w0, [x1, w9, uxtw]; w0=0x8 x1=0x7367411518 w9=0x0 mem_w=0x7367411518 
[libmetasec_ml.so] 0x70fbd64f34!0x117f34 mov x0, x8; x0=0x8 x8=0x1 -> x0=0x1 
[libmetasec_ml.so] 0x70fbd64f38!0x117f38 ret ; 
[libmetasec_ml.so] 0x70fbd63b3c!0x116b3c mov x23, x0; x23=0x2a45 x0=0x1 -> x23=0x1 
[libmetasec_ml.so] 0x70fbd63b40!0x116b40 add x0, x20, x0; x0=0x1 x20=0x7367411518 x0=0x1 -> x0=0x7367411519 
[libmetasec_ml.so] 0x70fbd63b44!0x116b44 mov x1, x21; x1=0x7367411518 x21=0x74472b36f0 -> x1=0x74472b36f0 
[libmetasec_ml.so] 0x70fbd63b48!0x116b48 mov x2, x22; x2=0x21746573746f6e21 x22=0x8 -> x2=0x8 
[libmetasec_ml.so] 0x70fbd63b4c!0x116b4c bl #0x70fbc80a20; 
[libmetasec_ml.so] 0x70fbc80a20!0x33a20 adrp x16, #0x70fbec9000; x16=0x70fbec9a28 -> x16=0x70fbec9000 
[libmetasec_ml.so] 0x70fbc80a24!0x33a24 ldr x17, [x16, #0x998]; x17=0x75402dab00 x16=0x70fbec9000 mem_r=0x70fbec9998 -> x17=0x75402d9c80 
[libmetasec_ml.so] 0x70fbc80a28!0x33a28 add x16, x16, #0x998; x16=0x70fbec9000 x16=0x70fbec9000 -> x16=0x70fbec9998 
[libmetasec_ml.so] 0x70fbc80a2c!0x33a2c br x17; x17=0x75402d9c80 
call func: __memcpy_aarch64_simd(0x7367411519, 0x74472b36f0, 0x8)
hexdump at address 0x74472b36f0 with length 0x8:
74472b36f0: 21 6e 6f 74 73 65 74 21                         |!notset!        |
ret: 0x7367411519
[libmetasec_ml.so] 0x70fbd63b50!0x116b50 add x8, x23, x22; x8=0x1 x23=0x1 x22=0x8 -> x8=0x9 
[libmetasec_ml.so] 0x70fbd63b54!0x116b54 b #0x70fbd63bf8; 
[libmetasec_ml.so] 0x70fbd63bf8!0x116bf8 add x0, x8, x19; x0=0x7367411519 x8=0x9 x19=0x1 -> x0=0xa 
[libmetasec_ml.so] 0x70fbd63bfc!0x116bfc ldp x29, x30, [sp, #0x30]; fp=0x70d87c2980 lr=0x70fbd63b50 sp=0x70d87c2950 mem_r=0x70d87c2980 -> fp=0x70d87c2a00 lr=0x70fbd63754 
[libmetasec_ml.so] 0x70fbd63c00!0x116c00 ldp x20, x19, [sp, #0x20]; x20=0x7367411518 x19=0x1 sp=0x70d87c2950 mem_r=0x70d87c2970 -> x20=0x72a7410970 x19=0x48 
[libmetasec_ml.so] 0x70fbd63c04!0x116c04 ldp x22, x21, [sp, #0x10]; x22=0x8 x21=0x74472b36f0 sp=0x70d87c2950 mem_r=0x70d87c2960 -> x22=0x72a74109a8 x21=0x24 
[libmetasec_ml.so] 0x70fbd63c08!0x116c08 ldr x23, [sp], #0x40; x23=0x1 sp=0x70d87c2950 mem_r=0x70d87c2950 -> x23=0x2a45 
[libmetasec_ml.so] 0x70fbd63c0c!0x116c0c ret ; 
[libmetasec_ml.so] 0x70fbd63754!0x116754 mov x25, x0; x25=0xa x0=0xa -> x25=0xa 
[libmetasec_ml.so] 0x70fbd63758!0x116758 b #0x70fbd63940; 
[libmetasec_ml.so] 0x70fbd63940!0x116940 add x21, x25, x21; x21=0x24 x25=0xa x21=0x24 -> x21=0x2e 
[libmetasec_ml.so] 0x70fbd63944!0x116944 add x28, x28, #1; x28=0x5 x28=0x5 -> x28=0x6 
[libmetasec_ml.so] 0x70fbd63948!0x116948 b #0x70fbd635f0; 
[libmetasec_ml.so] 0x70fbd635f0!0x1165f0 ldr x8, [x20]; x8=0x9 x20=0x72a7410970 mem_r=0x72a7410970 -> x8=0x70fbebec78 
[libmetasec_ml.so] 0x70fbd635f4!0x1165f4 ldr w9, [x8, #0x30]; w9=0x0 x8=0x70fbebec78 mem_r=0x70fbebeca8 -> w9=0x28 
[libmetasec_ml.so] 0x70fbd635f8!0x1165f8 cmp x28, x9; x28=0x6 x9=0x28 -> x28=0x6 
[libmetasec_ml.so] 0x70fbd635fc!0x1165fc b.hs #0x70fbd6397c; 
[libmetasec_ml.so] 0x70fbd63600!0x116600 ldr x8, [x8, #0x38]; x8=0x70fbebec78 x8=0x70fbebec78 mem_r=0x70fbebecb0 -> x8=0x70fbebf9d8 
[libmetasec_ml.so] 0x70fbd63604!0x116604 nop ; 
[libmetasec_ml.so] 0x70fbd63608!0x116608 madd x24, x28, x19, x8; x24=0x70fbebfb40 x28=0x6 x19=0x48 x8=0x70fbebf9d8 -> x24=0x70fbebfb88 
[libmetasec_ml.so] 0x70fbd6360c!0x11660c ldr w9, [x24, #0x18]; w9=0x28 x24=0x70fbebfb88 mem_r=0x70fbebfba0 -> w9=0x40 
[libmetasec_ml.so] 0x70fbd63610!0x116610 ldr w11, [x24, #0xc]; w11=0x2e x24=0x70fbebfb88 mem_r=0x70fbebfb94 -> w11=0x3 
[libmetasec_ml.so] 0x70fbd63614!0x116614 add x22, x20, x9; x22=0x72a74109a8 x20=0x72a7410970 x9=0x40 -> x22=0x72a74109b0 
[libmetasec_ml.so] 0x70fbd63618!0x116618 cbz w11, #0x70fbd63744; w11=0x3 
[libmetasec_ml.so] 0x70fbd6361c!0x11661c ldr w9, [x24, #0x14]; w9=0x40 x24=0x70fbebfb88 mem_r=0x70fbebfb9c -> w9=0x0 
[libmetasec_ml.so] 0x70fbd63620!0x116620 cmp w11, #1; w11=0x3 -> w11=0x3 
[libmetasec_ml.so] 0x70fbd63624!0x116624 madd x10, x28, x19, x8; x10=0x70fbd63b10 x28=0x6 x19=0x48 x8=0x70fbebf9d8 -> x10=0x70fbebfb88 
[libmetasec_ml.so] 0x70fbd63628!0x116628 ccmp w11, #3, #4, ne; w11=0x3 
[libmetasec_ml.so] 0x70fbd6362c!0x11662c b.ne #0x70fbd63668; 
[libmetasec_ml.so] 0x70fbd63630!0x116630 ldr w10, [x10, #0x30]; w10=0xfbebfb88 x10=0x70fbebfb88 mem_r=0x70fbebfbb8 -> w10=0x0 
[libmetasec_ml.so] 0x70fbd63634!0x116634 tbnz w10, #2, #0x70fbd636a0; w10=0x0 
[libmetasec_ml.so] 0x70fbd63638!0x116638 cmp w11, #3; w11=0x3 -> w11=0x3 
[libmetasec_ml.so] 0x70fbd6363c!0x11663c b.eq #0x70fbd6372c; 
[libmetasec_ml.so] 0x70fbd6372c!0x11672c mov x0, x24; x0=0xa x24=0x70fbebfb88 -> x0=0x70fbebfb88 
[libmetasec_ml.so] 0x70fbd63730!0x116730 mov x1, x22; x1=0x74472b36f0 x22=0x72a74109b0 -> x1=0x72a74109b0 
[libmetasec_ml.so] 0x70fbd63734!0x116734 bl #0x70fbd64dc8; 
[libmetasec_ml.so] 0x70fbd64dc8!0x117dc8 ldr w8, [x0, #0x10]; w8=0xfbebf9d8 x0=0x70fbebfb88 mem_r=0x70fbebfb98 -> w8=0x1 
[libmetasec_ml.so] 0x70fbd64dcc!0x117dcc cmp w8, #0x10; w8=0x1 -> w8=0x1 
[libmetasec_ml.so] 0x70fbd64dd0!0x117dd0 b.hi #0x70fbd64e30; 
[libmetasec_ml.so] 0x70fbd64dd4!0x117dd4 adrp x9, #0x70fbe42000; x9=0x0 -> x9=0x70fbe42000 
[libmetasec_ml.so] 0x70fbd64dd8!0x117dd8 add x9, x9, #0x623; x9=0x70fbe42000 x9=0x70fbe42000 -> x9=0x70fbe42623 
[libmetasec_ml.so] 0x70fbd64ddc!0x117ddc adr x10, #0x70fbd64dec; x10=0x0 -> x10=0x70fbd64dec 
[libmetasec_ml.so] 0x70fbd64de0!0x117de0 ldrb w11, [x9, x8]; w11=0x3 x9=0x70fbe42623 x8=0x1 mem_r=0x70fbe42624 -> w11=0x0 
[libmetasec_ml.so] 0x70fbd64de4!0x117de4 add x10, x10, x11, lsl #2; x10=0x70fbd64dec x10=0x70fbd64dec x11=0x0 -> x10=0x70fbd64dec 
[libmetasec_ml.so] 0x70fbd64de8!0x117de8 br x10; x10=0x70fbd64dec 
[libmetasec_ml.so] 0x70fbd64dec!0x117dec ldr w8, [x1]; w8=0x1 x1=0x72a74109b0 mem_r=0x72a74109b0 -> w8=0xfff0bdc1 
[libmetasec_ml.so] 0x70fbd64df0!0x117df0 cmp w8, #0; w8=0xfff0bdc1 -> w8=0xfff0bdc1 
[libmetasec_ml.so] 0x70fbd64df4!0x117df4 b #0x70fbd64e00; 
[libmetasec_ml.so] 0x70fbd64e00!0x117e00 cset w0, eq; w0=0xfbebfb88 -> w0=0x0 
[libmetasec_ml.so] 0x70fbd64e04!0x117e04 ret ; 
[libmetasec_ml.so] 0x70fbd63738!0x116738 cbz w0, #0x70fbd63744; w0=0x0 
[libmetasec_ml.so] 0x70fbd63744!0x116744 add x2, x27, x21; x2=0x8 x27=0x73674114f3 x21=0x2e -> x2=0x7367411521 
[libmetasec_ml.so] 0x70fbd63748!0x116748 mov x0, x24; x0=0x0 x24=0x70fbebfb88 -> x0=0x70fbebfb88 
[libmetasec_ml.so] 0x70fbd6374c!0x11674c mov x1, x22; x1=0x72a74109b0 x22=0x72a74109b0 -> x1=0x72a74109b0 
[libmetasec_ml.so] 0x70fbd63750!0x116750 bl #0x70fbd63a04; 
[libmetasec_ml.so] 0x70fbd63a04!0x116a04 str x23, [sp, #-0x40]!; x23=0x2a45 sp=0x70d87c2990 mem_w=0x70d87c2950 -> sp=0x70d87c2950 
[libmetasec_ml.so] 0x70fbd63a08!0x116a08 stp x22, x21, [sp, #0x10]; x22=0x72a74109b0 x21=0x2e sp=0x70d87c2950 mem_w=0x70d87c2960 
[libmetasec_ml.so] 0x70fbd63a0c!0x116a0c stp x20, x19, [sp, #0x20]; x20=0x72a7410970 x19=0x48 sp=0x70d87c2950 mem_w=0x70d87c2970 
[libmetasec_ml.so] 0x70fbd63a10!0x116a10 stp x29, x30, [sp, #0x30]; fp=0x70d87c2a00 lr=0x70fbd63754 sp=0x70d87c2950 mem_w=0x70d87c2980 
[libmetasec_ml.so] 0x70fbd63a14!0x116a14 add x29, sp, #0x30; fp=0x70d87c2a00 sp=0x70d87c2950 -> fp=0x70d87c2980 
[libmetasec_ml.so] 0x70fbd63a18!0x116a18 mov x19, x0; x19=0x48 x0=0x70fbebfb88 -> x19=0x70fbebfb88 
[libmetasec_ml.so] 0x70fbd63a1c!0x116a1c ldr w0, [x0, #8]; w0=0xfbebfb88 x0=0x70fbebfb88 mem_r=0x70fbebfb90 -> w0=0x7 
[libmetasec_ml.so] 0x70fbd63a20!0x116a20 mov x21, x1; x21=0x2e x1=0x72a74109b0 -> x21=0x72a74109b0 
[libmetasec_ml.so] 0x70fbd63a24!0x116a24 mov x1, x2; x1=0x72a74109b0 x2=0x7367411521 -> x1=0x7367411521 
[libmetasec_ml.so] 0x70fbd63a28!0x116a28 mov x20, x2; x20=0x72a7410970 x2=0x7367411521 -> x20=0x7367411521 
[libmetasec_ml.so] 0x70fbd63a2c!0x116a2c bl #0x70fbd64e38; 
[libmetasec_ml.so] 0x70fbd64e38!0x117e38 lsr w8, w0, #0x1d; w8=0xfff0bdc1 w0=0x7 -> w8=0x0 
[libmetasec_ml.so] 0x70fbd64e3c!0x117e3c cbnz w8, #0x70fbd64e48; w8=0x0 
[libmetasec_ml.so] 0x70fbd64e40!0x117e40 lsl w0, w0, #3; w0=0x7 w0=0x7 -> w0=0x38 
[libmetasec_ml.so] 0x70fbd64e44!0x117e44 b #0x70fbd64eb8; 
[libmetasec_ml.so] 0x70fbd64eb8!0x117eb8 cmp w0, #0x80; w0=0x38 -> w0=0x38 
[libmetasec_ml.so] 0x70fbd64ebc!0x117ebc b.lo #0x70fbd64f0c; 
[libmetasec_ml.so] 0x70fbd64f0c!0x117f0c mov w9, wzr; w9=0xfbe42623 -> w9=0x0 
[libmetasec_ml.so] 0x70fbd64f10!0x117f10 b #0x70fbd64f2c; 
[libmetasec_ml.so] 0x70fbd64f2c!0x117f2c add w8, w9, #1; w8=0x0 w9=0x0 -> w8=0x1 
[libmetasec_ml.so] 0x70fbd64f30!0x117f30 strb w0, [x1, w9, uxtw]; w0=0x38 x1=0x7367411521 w9=0x0 mem_w=0x7367411521 
[libmetasec_ml.so] 0x70fbd64f34!0x117f34 mov x0, x8; x0=0x38 x8=0x1 -> x0=0x1 
[libmetasec_ml.so] 0x70fbd64f38!0x117f38 ret ; 
[libmetasec_ml.so] 0x70fbd63a30!0x116a30 ldr w8, [x19, #0x10]; w8=0x1 x19=0x70fbebfb88 mem_r=0x70fbebfb98 -> w8=0x1 
[libmetasec_ml.so] 0x70fbd63a34!0x116a34 cmp w8, #0x10; w8=0x1 -> w8=0x1 
[libmetasec_ml.so] 0x70fbd63a38!0x116a38 b.hi #0x70fbd63abc; 
[libmetasec_ml.so] 0x70fbd63a3c!0x116a3c adrp x9, #0x70fbe42000; x9=0x0 -> x9=0x70fbe42000 
[libmetasec_ml.so] 0x70fbd63a40!0x116a40 add x9, x9, #0x5d4; x9=0x70fbe42000 x9=0x70fbe42000 -> x9=0x70fbe425d4 
[libmetasec_ml.so] 0x70fbd63a44!0x116a44 adr x10, #0x70fbd63a58; x10=0x70fbd64dec -> x10=0x70fbd63a58 
[libmetasec_ml.so] 0x70fbd63a48!0x116a48 ldrb w11, [x9, x8]; w11=0x0 x9=0x70fbe425d4 x8=0x1 mem_r=0x70fbe425d5 -> w11=0x1b 
[libmetasec_ml.so] 0x70fbd63a4c!0x116a4c add x10, x10, x11, lsl #2; x10=0x70fbd63a58 x10=0x70fbd63a58 x11=0x1b -> x10=0x70fbd63ac4 
[libmetasec_ml.so] 0x70fbd63a50!0x116a50 mov x19, x0; x19=0x70fbebfb88 x0=0x1 -> x19=0x1 
[libmetasec_ml.so] 0x70fbd63a54!0x116a54 br x10; x10=0x70fbd63ac4 
[libmetasec_ml.so] 0x70fbd63ac4!0x116ac4 ldr w0, [x21]; w0=0x1 x21=0x72a74109b0 mem_r=0x72a74109b0 -> w0=0xfff0bdc1 
[libmetasec_ml.so] 0x70fbd63ac8!0x116ac8 add x1, x20, x19; x1=0x7367411521 x20=0x7367411521 x19=0x1 -> x1=0x7367411522 
[libmetasec_ml.so] 0x70fbd63acc!0x116acc bl #0x70fbd64e54; 
[libmetasec_ml.so] 0x70fbd64e54!0x117e54 lsl w8, w0, #1; w8=0x1 w0=0xfff0bdc1 -> w8=0xffe17b82 
[libmetasec_ml.so] 0x70fbd64e58!0x117e58 eor w0, w8, w0, asr #31; w0=0xfff0bdc1 w8=0xffe17b82 w0=0xfff0bdc1 -> w0=0x1e847d 
[libmetasec_ml.so] 0x70fbd64e5c!0x117e5c b #0x70fbd64eb8; 
[libmetasec_ml.so] 0x70fbd64eb8!0x117eb8 cmp w0, #0x80; w0=0x1e847d -> w0=0x1e847d 
[libmetasec_ml.so] 0x70fbd64ebc!0x117ebc b.lo #0x70fbd64f0c; 
[libmetasec_ml.so] 0x70fbd64ec0!0x117ec0 orr w8, w0, #0x80; w8=0xffe17b82 w0=0x1e847d -> w8=0x1e84fd 
[libmetasec_ml.so] 0x70fbd64ec4!0x117ec4 cmp w0, #4, lsl #12; w0=0x1e847d -> w0=0x1e847d 
[libmetasec_ml.so] 0x70fbd64ec8!0x117ec8 strb w8, [x1]; w8=0x1e84fd x1=0x7367411522 mem_w=0x7367411522 
[libmetasec_ml.so] 0x70fbd64ecc!0x117ecc lsr w8, w0, #7; w8=0x1e84fd w0=0x1e847d -> w8=0x3d08 
[libmetasec_ml.so] 0x70fbd64ed0!0x117ed0 b.lo #0x70fbd64f14; 
[libmetasec_ml.so] 0x70fbd64ed4!0x117ed4 orr w8, w8, #0x80; w8=0x3d08 w8=0x3d08 -> w8=0x3d88 
[libmetasec_ml.so] 0x70fbd64ed8!0x117ed8 cmp w0, #0x200, lsl #12; w0=0x1e847d -> w0=0x1e847d 
[libmetasec_ml.so] 0x70fbd64edc!0x117edc strb w8, [x1, #1]; w8=0x3d88 x1=0x7367411522 mem_w=0x7367411523 
[libmetasec_ml.so] 0x70fbd64ee0!0x117ee0 lsr w8, w0, #0xe; w8=0x3d88 w0=0x1e847d -> w8=0x7a 
[libmetasec_ml.so] 0x70fbd64ee4!0x117ee4 b.lo #0x70fbd64f1c; 
[libmetasec_ml.so] 0x70fbd64f1c!0x117f1c mov w9, #2; w9=0xfbe425d4 -> w9=0x2 
[libmetasec_ml.so] 0x70fbd64f20!0x117f20 b #0x70fbd64f28; 
[libmetasec_ml.so] 0x70fbd64f28!0x117f28 mov w0, w8; w0=0x1e847d w8=0x7a -> w0=0x7a 
[libmetasec_ml.so] 0x70fbd64f2c!0x117f2c add w8, w9, #1; w8=0x7a w9=0x2 -> w8=0x3 
[libmetasec_ml.so] 0x70fbd64f30!0x117f30 strb w0, [x1, w9, uxtw]; w0=0x7a x1=0x7367411522 w9=0x2 mem_w=0x7367411524 
[libmetasec_ml.so] 0x70fbd64f34!0x117f34 mov x0, x8; x0=0x7a x8=0x3 -> x0=0x3 
[libmetasec_ml.so] 0x70fbd64f38!0x117f38 ret ; 
[libmetasec_ml.so] 0x70fbd63ad0!0x116ad0 b #0x70fbd63af0; 
[libmetasec_ml.so] 0x70fbd63af0!0x116af0 add x0, x0, x19; x0=0x3 x0=0x3 x19=0x1 -> x0=0x4 
[libmetasec_ml.so] 0x70fbd63af4!0x116af4 b #0x70fbd63bfc; 
[libmetasec_ml.so] 0x70fbd63bfc!0x116bfc ldp x29, x30, [sp, #0x30]; fp=0x70d87c2980 lr=0x70fbd63ad0 sp=0x70d87c2950 mem_r=0x70d87c2980 -> fp=0x70d87c2a00 lr=0x70fbd63754 
[libmetasec_ml.so] 0x70fbd63c00!0x116c00 ldp x20, x19, [sp, #0x20]; x20=0x7367411521 x19=0x1 sp=0x70d87c2950 mem_r=0x70d87c2970 -> x20=0x72a7410970 x19=0x48 
[libmetasec_ml.so] 0x70fbd63c04!0x116c04 ldp x22, x21, [sp, #0x10]; x22=0x72a74109b0 x21=0x72a74109b0 sp=0x70d87c2950 mem_r=0x70d87c2960 -> x22=0x72a74109b0 x21=0x2e 
[libmetasec_ml.so] 0x70fbd63c08!0x116c08 ldr x23, [sp], #0x40; x23=0x2a45 sp=0x70d87c2950 mem_r=0x70d87c2950 -> x23=0x2a45 
[libmetasec_ml.so] 0x70fbd63c0c!0x116c0c ret ; 
[libmetasec_ml.so] 0x70fbd63754!0x116754 mov x25, x0; x25=0xa x0=0x4 -> x25=0x4 
[libmetasec_ml.so] 0x70fbd63758!0x116758 b #0x70fbd63940; 
[libmetasec_ml.so] 0x70fbd63940!0x116940 add x21, x25, x21; x21=0x2e x25=0x4 x21=0x2e -> x21=0x32 
[libmetasec_ml.so] 0x70fbd63944!0x116944 add x28, x28, #1; x28=0x6 x28=0x6 -> x28=0x7 
[libmetasec_ml.so] 0x70fbd63948!0x116948 b #0x70fbd635f0; 
[libmetasec_ml.so] 0x70fbd635f0!0x1165f0 ldr x8, [x20]; x8=0x3 x20=0x72a7410970 mem_r=0x72a7410970 -> x8=0x70fbebec78 
[libmetasec_ml.so] 0x70fbd635f4!0x1165f4 ldr w9, [x8, #0x30]; w9=0x2 x8=0x70fbebec78 mem_r=0x70fbebeca8 -> w9=0x28 
[libmetasec_ml.so] 0x70fbd635f8!0x1165f8 cmp x28, x9; x28=0x7 x9=0x28 -> x28=0x7 
[libmetasec_ml.so] 0x70fbd635fc!0x1165fc b.hs #0x70fbd6397c; 
[libmetasec_ml.so] 0x70fbd63600!0x116600 ldr x8, [x8, #0x38]; x8=0x70fbebec78 x8=0x70fbebec78 mem_r=0x70fbebecb0 -> x8=0x70fbebf9d8 
[libmetasec_ml.so] 0x70fbd63604!0x116604 nop ; 
[libmetasec_ml.so] 0x70fbd63608!0x116608 madd x24, x28, x19, x8; x24=0x70fbebfb88 x28=0x7 x19=0x48 x8=0x70fbebf9d8 -> x24=0x70fbebfbd0 
[libmetasec_ml.so] 0x70fbd6360c!0x11660c ldr w9, [x24, #0x18]; w9=0x28 x24=0x70fbebfbd0 mem_r=0x70fbebfbe8 -> w9=0x44 
[libmetasec_ml.so] 0x70fbd63610!0x116610 ldr w11, [x24, #0xc]; w11=0x1b x24=0x70fbebfbd0 mem_r=0x70fbebfbdc -> w11=0x3 
[libmetasec_ml.so] 0x70fbd63614!0x116614 add x22, x20, x9; x22=0x72a74109b0 x20=0x72a7410970 x9=0x44 -> x22=0x72a74109b4 
[libmetasec_ml.so] 0x70fbd63618!0x116618 cbz w11, #0x70fbd63744; w11=0x3 
[libmetasec_ml.so] 0x70fbd6361c!0x11661c ldr w9, [x24, #0x14]; w9=0x44 x24=0x70fbebfbd0 mem_r=0x70fbebfbe4 -> w9=0x0 
[libmetasec_ml.so] 0x70fbd63620!0x116620 cmp w11, #1; w11=0x3 -> w11=0x3 
[libmetasec_ml.so] 0x70fbd63624!0x116624 madd x10, x28, x19, x8; x10=0x70fbd63ac4 x28=0x7 x19=0x48 x8=0x70fbebf9d8 -> x10=0x70fbebfbd0 
[libmetasec_ml.so] 0x70fbd63628!0x116628 ccmp w11, #3, #4, ne; w11=0x3 
[libmetasec_ml.so] 0x70fbd6362c!0x11662c b.ne #0x70fbd63668; 
[libmetasec_ml.so] 0x70fbd63630!0x116630 ldr w10, [x10, #0x30]; w10=0xfbebfbd0 x10=0x70fbebfbd0 mem_r=0x70fbebfc00 -> w10=0x0 
[libmetasec_ml.so] 0x70fbd63634!0x116634 tbnz w10, #2, #0x70fbd636a0; w10=0x0 
[libmetasec_ml.so] 0x70fbd63638!0x116638 cmp w11, #3; w11=0x3 -> w11=0x3 
[libmetasec_ml.so] 0x70fbd6363c!0x11663c b.eq #0x70fbd6372c; 
[libmetasec_ml.so] 0x70fbd6372c!0x11672c mov x0, x24; x0=0x4 x24=0x70fbebfbd0 -> x0=0x70fbebfbd0 
[libmetasec_ml.so] 0x70fbd63730!0x116730 mov x1, x22; x1=0x7367411522 x22=0x72a74109b4 -> x1=0x72a74109b4 
[libmetasec_ml.so] 0x70fbd63734!0x116734 bl #0x70fbd64dc8; 
[libmetasec_ml.so] 0x70fbd64dc8!0x117dc8 ldr w8, [x0, #0x10]; w8=0xfbebf9d8 x0=0x70fbebfbd0 mem_r=0x70fbebfbe0 -> w8=0x1 
[libmetasec_ml.so] 0x70fbd64dcc!0x117dcc cmp w8, #0x10; w8=0x1 -> w8=0x1 
[libmetasec_ml.so] 0x70fbd64dd0!0x117dd0 b.hi #0x70fbd64e30; 
[libmetasec_ml.so] 0x70fbd64dd4!0x117dd4 adrp x9, #0x70fbe42000; x9=0x0 -> x9=0x70fbe42000 
[libmetasec_ml.so] 0x70fbd64dd8!0x117dd8 add x9, x9, #0x623; x9=0x70fbe42000 x9=0x70fbe42000 -> x9=0x70fbe42623 
[libmetasec_ml.so] 0x70fbd64ddc!0x117ddc adr x10, #0x70fbd64dec; x10=0x0 -> x10=0x70fbd64dec 
[libmetasec_ml.so] 0x70fbd64de0!0x117de0 ldrb w11, [x9, x8]; w11=0x3 x9=0x70fbe42623 x8=0x1 mem_r=0x70fbe42624 -> w11=0x0 
[libmetasec_ml.so] 0x70fbd64de4!0x117de4 add x10, x10, x11, lsl #2; x10=0x70fbd64dec x10=0x70fbd64dec x11=0x0 -> x10=0x70fbd64dec 
[libmetasec_ml.so] 0x70fbd64de8!0x117de8 br x10; x10=0x70fbd64dec 
[libmetasec_ml.so] 0x70fbd64dec!0x117dec ldr w8, [x1]; w8=0x1 x1=0x72a74109b4 mem_r=0x72a74109b4 -> w8=0xfff0bdc1 
[libmetasec_ml.so] 0x70fbd64df0!0x117df0 cmp w8, #0; w8=0xfff0bdc1 -> w8=0xfff0bdc1 
[libmetasec_ml.so] 0x70fbd64df4!0x117df4 b #0x70fbd64e00; 
[libmetasec_ml.so] 0x70fbd64e00!0x117e00 cset w0, eq; w0=0xfbebfbd0 -> w0=0x0 
[libmetasec_ml.so] 0x70fbd64e04!0x117e04 ret ; 
[libmetasec_ml.so] 0x70fbd63738!0x116738 cbz w0, #0x70fbd63744; w0=0x0 
[libmetasec_ml.so] 0x70fbd63744!0x116744 add x2, x27, x21; x2=0x7367411521 x27=0x73674114f3 x21=0x32 -> x2=0x7367411525 
[libmetasec_ml.so] 0x70fbd63748!0x116748 mov x0, x24; x0=0x0 x24=0x70fbebfbd0 -> x0=0x70fbebfbd0 
[libmetasec_ml.so] 0x70fbd6374c!0x11674c mov x1, x22; x1=0x72a74109b4 x22=0x72a74109b4 -> x1=0x72a74109b4 
[libmetasec_ml.so] 0x70fbd63750!0x116750 bl #0x70fbd63a04; 
[libmetasec_ml.so] 0x70fbd63a04!0x116a04 str x23, [sp, #-0x40]!; x23=0x2a45 sp=0x70d87c2990 mem_w=0x70d87c2950 -> sp=0x70d87c2950 
[libmetasec_ml.so] 0x70fbd63a08!0x116a08 stp x22, x21, [sp, #0x10]; x22=0x72a74109b4 x21=0x32 sp=0x70d87c2950 mem_w=0x70d87c2960 
[libmetasec_ml.so] 0x70fbd63a0c!0x116a0c stp x20, x19, [sp, #0x20]; x20=0x72a7410970 x19=0x48 sp=0x70d87c2950 mem_w=0x70d87c2970 
[libmetasec_ml.so] 0x70fbd63a10!0x116a10 stp x29, x30, [sp, #0x30]; fp=0x70d87c2a00 lr=0x70fbd63754 sp=0x70d87c2950 mem_w=0x70d87c2980 
[libmetasec_ml.so] 0x70fbd63a14!0x116a14 add x29, sp, #0x30; fp=0x70d87c2a00 sp=0x70d87c2950 -> fp=0x70d87c2980 
[libmetasec_ml.so] 0x70fbd63a18!0x116a18 mov x19, x0; x19=0x48 x0=0x70fbebfbd0 -> x19=0x70fbebfbd0 
[libmetasec_ml.so] 0x70fbd63a1c!0x116a1c ldr w0, [x0, #8]; w0=0xfbebfbd0 x0=0x70fbebfbd0 mem_r=0x70fbebfbd8 -> w0=0x8 
[libmetasec_ml.so] 0x70fbd63a20!0x116a20 mov x21, x1; x21=0x32 x1=0x72a74109b4 -> x21=0x72a74109b4 
[libmetasec_ml.so] 0x70fbd63a24!0x116a24 mov x1, x2; x1=0x72a74109b4 x2=0x7367411525 -> x1=0x7367411525 
[libmetasec_ml.so] 0x70fbd63a28!0x116a28 mov x20, x2; x20=0x72a7410970 x2=0x7367411525 -> x20=0x7367411525 
[libmetasec_ml.so] 0x70fbd63a2c!0x116a2c bl #0x70fbd64e38; 
[libmetasec_ml.so] 0x70fbd64e38!0x117e38 lsr w8, w0, #0x1d; w8=0xfff0bdc1 w0=0x8 -> w8=0x0 
[libmetasec_ml.so] 0x70fbd64e3c!0x117e3c cbnz w8, #0x70fbd64e48; w8=0x0 
[libmetasec_ml.so] 0x70fbd64e40!0x117e40 lsl w0, w0, #3; w0=0x8 w0=0x8 -> w0=0x40 
[libmetasec_ml.so] 0x70fbd64e44!0x117e44 b #0x70fbd64eb8; 
[libmetasec_ml.so] 0x70fbd64eb8!0x117eb8 cmp w0, #0x80; w0=0x40 -> w0=0x40 
[libmetasec_ml.so] 0x70fbd64ebc!0x117ebc b.lo #0x70fbd64f0c; 
[libmetasec_ml.so] 0x70fbd64f0c!0x117f0c mov w9, wzr; w9=0xfbe42623 -> w9=0x0 
[libmetasec_ml.so] 0x70fbd64f10!0x117f10 b #0x70fbd64f2c; 
[libmetasec_ml.so] 0x70fbd64f2c!0x117f2c add w8, w9, #1; w8=0x0 w9=0x0 -> w8=0x1 
[libmetasec_ml.so] 0x70fbd64f30!0x117f30 strb w0, [x1, w9, uxtw]; w0=0x40 x1=0x7367411525 w9=0x0 mem_w=0x7367411525 
[libmetasec_ml.so] 0x70fbd64f34!0x117f34 mov x0, x8; x0=0x40 x8=0x1 -> x0=0x1 
[libmetasec_ml.so] 0x70fbd64f38!0x117f38 ret ; 
[libmetasec_ml.so] 0x70fbd63a30!0x116a30 ldr w8, [x19, #0x10]; w8=0x1 x19=0x70fbebfbd0 mem_r=0x70fbebfbe0 -> w8=0x1 
[libmetasec_ml.so] 0x70fbd63a34!0x116a34 cmp w8, #0x10; w8=0x1 -> w8=0x1 
[libmetasec_ml.so] 0x70fbd63a38!0x116a38 b.hi #0x70fbd63abc; 
[libmetasec_ml.so] 0x70fbd63a3c!0x116a3c adrp x9, #0x70fbe42000; x9=0x0 -> x9=0x70fbe42000 
[libmetasec_ml.so] 0x70fbd63a40!0x116a40 add x9, x9, #0x5d4; x9=0x70fbe42000 x9=0x70fbe42000 -> x9=0x70fbe425d4 
[libmetasec_ml.so] 0x70fbd63a44!0x116a44 adr x10, #0x70fbd63a58; x10=0x70fbd64dec -> x10=0x70fbd63a58 
[libmetasec_ml.so] 0x70fbd63a48!0x116a48 ldrb w11, [x9, x8]; w11=0x0 x9=0x70fbe425d4 x8=0x1 mem_r=0x70fbe425d5 -> w11=0x1b 
[libmetasec_ml.so] 0x70fbd63a4c!0x116a4c add x10, x10, x11, lsl #2; x10=0x70fbd63a58 x10=0x70fbd63a58 x11=0x1b -> x10=0x70fbd63ac4 
[libmetasec_ml.so] 0x70fbd63a50!0x116a50 mov x19, x0; x19=0x70fbebfbd0 x0=0x1 -> x19=0x1 
[libmetasec_ml.so] 0x70fbd63a54!0x116a54 br x10; x10=0x70fbd63ac4 
[libmetasec_ml.so] 0x70fbd63ac4!0x116ac4 ldr w0, [x21]; w0=0x1 x21=0x72a74109b4 mem_r=0x72a74109b4 -> w0=0xfff0bdc1 
[libmetasec_ml.so] 0x70fbd63ac8!0x116ac8 add x1, x20, x19; x1=0x7367411525 x20=0x7367411525 x19=0x1 -> x1=0x7367411526 
[libmetasec_ml.so] 0x70fbd63acc!0x116acc bl #0x70fbd64e54; 
[libmetasec_ml.so] 0x70fbd64e54!0x117e54 lsl w8, w0, #1; w8=0x1 w0=0xfff0bdc1 -> w8=0xffe17b82 
[libmetasec_ml.so] 0x70fbd64e58!0x117e58 eor w0, w8, w0, asr #31; w0=0xfff0bdc1 w8=0xffe17b82 w0=0xfff0bdc1 -> w0=0x1e847d 
[libmetasec_ml.so] 0x70fbd64e5c!0x117e5c b #0x70fbd64eb8; 
[libmetasec_ml.so] 0x70fbd64eb8!0x117eb8 cmp w0, #0x80; w0=0x1e847d -> w0=0x1e847d 
[libmetasec_ml.so] 0x70fbd64ebc!0x117ebc b.lo #0x70fbd64f0c; 
[libmetasec_ml.so] 0x70fbd64ec0!0x117ec0 orr w8, w0, #0x80; w8=0xffe17b82 w0=0x1e847d -> w8=0x1e84fd 
[libmetasec_ml.so] 0x70fbd64ec4!0x117ec4 cmp w0, #4, lsl #12; w0=0x1e847d -> w0=0x1e847d 
[libmetasec_ml.so] 0x70fbd64ec8!0x117ec8 strb w8, [x1]; w8=0x1e84fd x1=0x7367411526 mem_w=0x7367411526 
[libmetasec_ml.so] 0x70fbd64ecc!0x117ecc lsr w8, w0, #7; w8=0x1e84fd w0=0x1e847d -> w8=0x3d08 
[libmetasec_ml.so] 0x70fbd64ed0!0x117ed0 b.lo #0x70fbd64f14; 
[libmetasec_ml.so] 0x70fbd64ed4!0x117ed4 orr w8, w8, #0x80; w8=0x3d08 w8=0x3d08 -> w8=0x3d88 
[libmetasec_ml.so] 0x70fbd64ed8!0x117ed8 cmp w0, #0x200, lsl #12; w0=0x1e847d -> w0=0x1e847d 
[libmetasec_ml.so] 0x70fbd64edc!0x117edc strb w8, [x1, #1]; w8=0x3d88 x1=0x7367411526 mem_w=0x7367411527 
[libmetasec_ml.so] 0x70fbd64ee0!0x117ee0 lsr w8, w0, #0xe; w8=0x3d88 w0=0x1e847d -> w8=0x7a 
[libmetasec_ml.so] 0x70fbd64ee4!0x117ee4 b.lo #0x70fbd64f1c; 
[libmetasec_ml.so] 0x70fbd64f1c!0x117f1c mov w9, #2; w9=0xfbe425d4 -> w9=0x2 
[libmetasec_ml.so] 0x70fbd64f20!0x117f20 b #0x70fbd64f28; 
[libmetasec_ml.so] 0x70fbd64f28!0x117f28 mov w0, w8; w0=0x1e847d w8=0x7a -> w0=0x7a 
[libmetasec_ml.so] 0x70fbd64f2c!0x117f2c add w8, w9, #1; w8=0x7a w9=0x2 -> w8=0x3 
[libmetasec_ml.so] 0x70fbd64f30!0x117f30 strb w0, [x1, w9, uxtw]; w0=0x7a x1=0x7367411526 w9=0x2 mem_w=0x7367411528 
[libmetasec_ml.so] 0x70fbd64f34!0x117f34 mov x0, x8; x0=0x7a x8=0x3 -> x0=0x3 
[libmetasec_ml.so] 0x70fbd64f38!0x117f38 ret ; 
[libmetasec_ml.so] 0x70fbd63ad0!0x116ad0 b #0x70fbd63af0; 
[libmetasec_ml.so] 0x70fbd63af0!0x116af0 add x0, x0, x19; x0=0x3 x0=0x3 x19=0x1 -> x0=0x4 
[libmetasec_ml.so] 0x70fbd63af4!0x116af4 b #0x70fbd63bfc; 
[libmetasec_ml.so] 0x70fbd63bfc!0x116bfc ldp x29, x30, [sp, #0x30]; fp=0x70d87c2980 lr=0x70fbd63ad0 sp=0x70d87c2950 mem_r=0x70d87c2980 -> fp=0x70d87c2a00 lr=0x70fbd63754 
[libmetasec_ml.so] 0x70fbd63c00!0x116c00 ldp x20, x19, [sp, #0x20]; x20=0x7367411525 x19=0x1 sp=0x70d87c2950 mem_r=0x70d87c2970 -> x20=0x72a7410970 x19=0x48 
[libmetasec_ml.so] 0x70fbd63c04!0x116c04 ldp x22, x21, [sp, #0x10]; x22=0x72a74109b4 x21=0x72a74109b4 sp=0x70d87c2950 mem_r=0x70d87c2960 -> x22=0x72a74109b4 x21=0x32 
[libmetasec_ml.so] 0x70fbd63c08!0x116c08 ldr x23, [sp], #0x40; x23=0x2a45 sp=0x70d87c2950 mem_r=0x70d87c2950 -> x23=0x2a45 
[libmetasec_ml.so] 0x70fbd63c0c!0x116c0c ret ; 
[libmetasec_ml.so] 0x70fbd63754!0x116754 mov x25, x0; x25=0x4 x0=0x4 -> x25=0x4 
[libmetasec_ml.so] 0x70fbd63758!0x116758 b #0x70fbd63940; 
[libmetasec_ml.so] 0x70fbd63940!0x116940 add x21, x25, x21; x21=0x32 x25=0x4 x21=0x32 -> x21=0x36 
[libmetasec_ml.so] 0x70fbd63944!0x116944 add x28, x28, #1; x28=0x7 x28=0x7 -> x28=0x8 
[libmetasec_ml.so] 0x70fbd63948!0x116948 b #0x70fbd635f0; 
[libmetasec_ml.so] 0x70fbd635f0!0x1165f0 ldr x8, [x20]; x8=0x3 x20=0x72a7410970 mem_r=0x72a7410970 -> x8=0x70fbebec78 
[libmetasec_ml.so] 0x70fbd635f4!0x1165f4 ldr w9, [x8, #0x30]; w9=0x2 x8=0x70fbebec78 mem_r=0x70fbebeca8 -> w9=0x28 
[libmetasec_ml.so] 0x70fbd635f8!0x1165f8 cmp x28, x9; x28=0x8 x9=0x28 -> x28=0x8 
[libmetasec_ml.so] 0x70fbd635fc!0x1165fc b.hs #0x70fbd6397c; 
[libmetasec_ml.so] 0x70fbd63600!0x116600 ldr x8, [x8, #0x38]; x8=0x70fbebec78 x8=0x70fbebec78 mem_r=0x70fbebecb0 -> x8=0x70fbebf9d8 
[libmetasec_ml.so] 0x70fbd63604!0x116604 nop ; 
[libmetasec_ml.so] 0x70fbd63608!0x116608 madd x24, x28, x19, x8; x24=0x70fbebfbd0 x28=0x8 x19=0x48 x8=0x70fbebf9d8 -> x24=0x70fbebfc18 
[libmetasec_ml.so] 0x70fbd6360c!0x11660c ldr w9, [x24, #0x18]; w9=0x28 x24=0x70fbebfc18 mem_r=0x70fbebfc30 -> w9=0x48 
[libmetasec_ml.so] 0x70fbd63610!0x116610 ldr w11, [x24, #0xc]; w11=0x1b x24=0x70fbebfc18 mem_r=0x70fbebfc24 -> w11=0x3 
[libmetasec_ml.so] 0x70fbd63614!0x116614 add x22, x20, x9; x22=0x72a74109b4 x20=0x72a7410970 x9=0x48 -> x22=0x72a74109b8 
[libmetasec_ml.so] 0x70fbd63618!0x116618 cbz w11, #0x70fbd63744; w11=0x3 
[libmetasec_ml.so] 0x70fbd6361c!0x11661c ldr w9, [x24, #0x14]; w9=0x48 x24=0x70fbebfc18 mem_r=0x70fbebfc2c -> w9=0x0 
[libmetasec_ml.so] 0x70fbd63620!0x116620 cmp w11, #1; w11=0x3 -> w11=0x3 
[libmetasec_ml.so] 0x70fbd63624!0x116624 madd x10, x28, x19, x8; x10=0x70fbd63ac4 x28=0x8 x19=0x48 x8=0x70fbebf9d8 -> x10=0x70fbebfc18 
[libmetasec_ml.so] 0x70fbd63628!0x116628 ccmp w11, #3, #4, ne; w11=0x3 
[libmetasec_ml.so] 0x70fbd6362c!0x11662c b.ne #0x70fbd63668; 
[libmetasec_ml.so] 0x70fbd63630!0x116630 ldr w10, [x10, #0x30]; w10=0xfbebfc18 x10=0x70fbebfc18 mem_r=0x70fbebfc48 -> w10=0x0 
[libmetasec_ml.so] 0x70fbd63634!0x116634 tbnz w10, #2, #0x70fbd636a0; w10=0x0 
[libmetasec_ml.so] 0x70fbd63638!0x116638 cmp w11, #3; w11=0x3 -> w11=0x3 
[libmetasec_ml.so] 0x70fbd6363c!0x11663c b.eq #0x70fbd6372c; 
[libmetasec_ml.so] 0x70fbd6372c!0x11672c mov x0, x24; x0=0x4 x24=0x70fbebfc18 -> x0=0x70fbebfc18 
[libmetasec_ml.so] 0x70fbd63730!0x116730 mov x1, x22; x1=0x7367411526 x22=0x72a74109b8 -> x1=0x72a74109b8 
[libmetasec_ml.so] 0x70fbd63734!0x116734 bl #0x70fbd64dc8; 
[libmetasec_ml.so] 0x70fbd64dc8!0x117dc8 ldr w8, [x0, #0x10]; w8=0xfbebf9d8 x0=0x70fbebfc18 mem_r=0x70fbebfc28 -> w8=0x1 
[libmetasec_ml.so] 0x70fbd64dcc!0x117dcc cmp w8, #0x10; w8=0x1 -> w8=0x1 
[libmetasec_ml.so] 0x70fbd64dd0!0x117dd0 b.hi #0x70fbd64e30; 
[libmetasec_ml.so] 0x70fbd64dd4!0x117dd4 adrp x9, #0x70fbe42000; x9=0x0 -> x9=0x70fbe42000 
[libmetasec_ml.so] 0x70fbd64dd8!0x117dd8 add x9, x9, #0x623; x9=0x70fbe42000 x9=0x70fbe42000 -> x9=0x70fbe42623 
[libmetasec_ml.so] 0x70fbd64ddc!0x117ddc adr x10, #0x70fbd64dec; x10=0x0 -> x10=0x70fbd64dec 
[libmetasec_ml.so] 0x70fbd64de0!0x117de0 ldrb w11, [x9, x8]; w11=0x3 x9=0x70fbe42623 x8=0x1 mem_r=0x70fbe42624 -> w11=0x0 
[libmetasec_ml.so] 0x70fbd64de4!0x117de4 add x10, x10, x11, lsl #2; x10=0x70fbd64dec x10=0x70fbd64dec x11=0x0 -> x10=0x70fbd64dec 
[libmetasec_ml.so] 0x70fbd64de8!0x117de8 br x10; x10=0x70fbd64dec 
[libmetasec_ml.so] 0x70fbd64dec!0x117dec ldr w8, [x1]; w8=0x1 x1=0x72a74109b8 mem_r=0x72a74109b8 -> w8=0xfff0bdc1 
[libmetasec_ml.so] 0x70fbd64df0!0x117df0 cmp w8, #0; w8=0xfff0bdc1 -> w8=0xfff0bdc1 
[libmetasec_ml.so] 0x70fbd64df4!0x117df4 b #0x70fbd64e00; 
[libmetasec_ml.so] 0x70fbd64e00!0x117e00 cset w0, eq; w0=0xfbebfc18 -> w0=0x0 
[libmetasec_ml.so] 0x70fbd64e04!0x117e04 ret ; 
[libmetasec_ml.so] 0x70fbd63738!0x116738 cbz w0, #0x70fbd63744; w0=0x0 
[libmetasec_ml.so] 0x70fbd63744!0x116744 add x2, x27, x21; x2=0x7367411525 x27=0x73674114f3 x21=0x36 -> x2=0x7367411529 
[libmetasec_ml.so] 0x70fbd63748!0x116748 mov x0, x24; x0=0x0 x24=0x70fbebfc18 -> x0=0x70fbebfc18 
[libmetasec_ml.so] 0x70fbd6374c!0x11674c mov x1, x22; x1=0x72a74109b8 x22=0x72a74109b8 -> x1=0x72a74109b8 
[libmetasec_ml.so] 0x70fbd63750!0x116750 bl #0x70fbd63a04; 
[libmetasec_ml.so] 0x70fbd63a04!0x116a04 str x23, [sp, #-0x40]!; x23=0x2a45 sp=0x70d87c2990 mem_w=0x70d87c2950 -> sp=0x70d87c2950 
[libmetasec_ml.so] 0x70fbd63a08!0x116a08 stp x22, x21, [sp, #0x10]; x22=0x72a74109b8 x21=0x36 sp=0x70d87c2950 mem_w=0x70d87c2960 
[libmetasec_ml.so] 0x70fbd63a0c!0x116a0c stp x20, x19, [sp, #0x20]; x20=0x72a7410970 x19=0x48 sp=0x70d87c2950 mem_w=0x70d87c2970 
[libmetasec_ml.so] 0x70fbd63a10!0x116a10 stp x29, x30, [sp, #0x30]; fp=0x70d87c2a00 lr=0x70fbd63754 sp=0x70d87c2950 mem_w=0x70d87c2980 
[libmetasec_ml.so] 0x70fbd63a14!0x116a14 add x29, sp, #0x30; fp=0x70d87c2a00 sp=0x70d87c2950 -> fp=0x70d87c2980 
[libmetasec_ml.so] 0x70fbd63a18!0x116a18 mov x19, x0; x19=0x48 x0=0x70fbebfc18 -> x19=0x70fbebfc18 
[libmetasec_ml.so] 0x70fbd63a1c!0x116a1c ldr w0, [x0, #8]; w0=0xfbebfc18 x0=0x70fbebfc18 mem_r=0x70fbebfc20 -> w0=0x9 
[libmetasec_ml.so] 0x70fbd63a20!0x116a20 mov x21, x1; x21=0x36 x1=0x72a74109b8 -> x21=0x72a74109b8 
[libmetasec_ml.so] 0x70fbd63a24!0x116a24 mov x1, x2; x1=0x72a74109b8 x2=0x7367411529 -> x1=0x7367411529 
[libmetasec_ml.so] 0x70fbd63a28!0x116a28 mov x20, x2; x20=0x72a7410970 x2=0x7367411529 -> x20=0x7367411529 
[libmetasec_ml.so] 0x70fbd63a2c!0x116a2c bl #0x70fbd64e38; 
[libmetasec_ml.so] 0x70fbd64e38!0x117e38 lsr w8, w0, #0x1d; w8=0xfff0bdc1 w0=0x9 -> w8=0x0 
[libmetasec_ml.so] 0x70fbd64e3c!0x117e3c cbnz w8, #0x70fbd64e48; w8=0x0 
[libmetasec_ml.so] 0x70fbd64e40!0x117e40 lsl w0, w0, #3; w0=0x9 w0=0x9 -> w0=0x48 
[libmetasec_ml.so] 0x70fbd64e44!0x117e44 b #0x70fbd64eb8; 
[libmetasec_ml.so] 0x70fbd64eb8!0x117eb8 cmp w0, #0x80; w0=0x48 -> w0=0x48 
[libmetasec_ml.so] 0x70fbd64ebc!0x117ebc b.lo #0x70fbd64f0c; 
[libmetasec_ml.so] 0x70fbd64f0c!0x117f0c mov w9, wzr; w9=0xfbe42623 -> w9=0x0 
[libmetasec_ml.so] 0x70fbd64f10!0x117f10 b #0x70fbd64f2c; 
[libmetasec_ml.so] 0x70fbd64f2c!0x117f2c add w8, w9, #1; w8=0x0 w9=0x0 -> w8=0x1 
[libmetasec_ml.so] 0x70fbd64f30!0x117f30 strb w0, [x1, w9, uxtw]; w0=0x48 x1=0x7367411529 w9=0x0 mem_w=0x7367411529 
[libmetasec_ml.so] 0x70fbd64f34!0x117f34 mov x0, x8; x0=0x48 x8=0x1 -> x0=0x1 
[libmetasec_ml.so] 0x70fbd64f38!0x117f38 ret ; 
[libmetasec_ml.so] 0x70fbd63a30!0x116a30 ldr w8, [x19, #0x10]; w8=0x1 x19=0x70fbebfc18 mem_r=0x70fbebfc28 -> w8=0x1 
[libmetasec_ml.so] 0x70fbd63a34!0x116a34 cmp w8, #0x10; w8=0x1 -> w8=0x1 
[libmetasec_ml.so] 0x70fbd63a38!0x116a38 b.hi #0x70fbd63abc; 
[libmetasec_ml.so] 0x70fbd63a3c!0x116a3c adrp x9, #0x70fbe42000; x9=0x0 -> x9=0x70fbe42000 
[libmetasec_ml.so] 0x70fbd63a40!0x116a40 add x9, x9, #0x5d4; x9=0x70fbe42000 x9=0x70fbe42000 -> x9=0x70fbe425d4 
[libmetasec_ml.so] 0x70fbd63a44!0x116a44 adr x10, #0x70fbd63a58; x10=0x70fbd64dec -> x10=0x70fbd63a58 
[libmetasec_ml.so] 0x70fbd63a48!0x116a48 ldrb w11, [x9, x8]; w11=0x0 x9=0x70fbe425d4 x8=0x1 mem_r=0x70fbe425d5 -> w11=0x1b 
[libmetasec_ml.so] 0x70fbd63a4c!0x116a4c add x10, x10, x11, lsl #2; x10=0x70fbd63a58 x10=0x70fbd63a58 x11=0x1b -> x10=0x70fbd63ac4 
[libmetasec_ml.so] 0x70fbd63a50!0x116a50 mov x19, x0; x19=0x70fbebfc18 x0=0x1 -> x19=0x1 
[libmetasec_ml.so] 0x70fbd63a54!0x116a54 br x10; x10=0x70fbd63ac4 
[libmetasec_ml.so] 0x70fbd63ac4!0x116ac4 ldr w0, [x21]; w0=0x1 x21=0x72a74109b8 mem_r=0x72a74109b8 -> w0=0xfff0bdc1 
[libmetasec_ml.so] 0x70fbd63ac8!0x116ac8 add x1, x20, x19; x1=0x7367411529 x20=0x7367411529 x19=0x1 -> x1=0x736741152a 
[libmetasec_ml.so] 0x70fbd63acc!0x116acc bl #0x70fbd64e54; 
[libmetasec_ml.so] 0x70fbd64e54!0x117e54 lsl w8, w0, #1; w8=0x1 w0=0xfff0bdc1 -> w8=0xffe17b82 
[libmetasec_ml.so] 0x70fbd64e58!0x117e58 eor w0, w8, w0, asr #31; w0=0xfff0bdc1 w8=0xffe17b82 w0=0xfff0bdc1 -> w0=0x1e847d 
[libmetasec_ml.so] 0x70fbd64e5c!0x117e5c b #0x70fbd64eb8; 
[libmetasec_ml.so] 0x70fbd64eb8!0x117eb8 cmp w0, #0x80; w0=0x1e847d -> w0=0x1e847d 
[libmetasec_ml.so] 0x70fbd64ebc!0x117ebc b.lo #0x70fbd64f0c; 
[libmetasec_ml.so] 0x70fbd64ec0!0x117ec0 orr w8, w0, #0x80; w8=0xffe17b82 w0=0x1e847d -> w8=0x1e84fd 
[libmetasec_ml.so] 0x70fbd64ec4!0x117ec4 cmp w0, #4, lsl #12; w0=0x1e847d -> w0=0x1e847d 
[libmetasec_ml.so] 0x70fbd64ec8!0x117ec8 strb w8, [x1]; w8=0x1e84fd x1=0x736741152a mem_w=0x736741152a 
[libmetasec_ml.so] 0x70fbd64ecc!0x117ecc lsr w8, w0, #7; w8=0x1e84fd w0=0x1e847d -> w8=0x3d08 
[libmetasec_ml.so] 0x70fbd64ed0!0x117ed0 b.lo #0x70fbd64f14; 
[libmetasec_ml.so] 0x70fbd64ed4!0x117ed4 orr w8, w8, #0x80; w8=0x3d08 w8=0x3d08 -> w8=0x3d88 
[libmetasec_ml.so] 0x70fbd64ed8!0x117ed8 cmp w0, #0x200, lsl #12; w0=0x1e847d -> w0=0x1e847d 
[libmetasec_ml.so] 0x70fbd64edc!0x117edc strb w8, [x1, #1]; w8=0x3d88 x1=0x736741152a mem_w=0x736741152b 
[libmetasec_ml.so] 0x70fbd64ee0!0x117ee0 lsr w8, w0, #0xe; w8=0x3d88 w0=0x1e847d -> w8=0x7a 
[libmetasec_ml.so] 0x70fbd64ee4!0x117ee4 b.lo #0x70fbd64f1c; 
[libmetasec_ml.so] 0x70fbd64f1c!0x117f1c mov w9, #2; w9=0xfbe425d4 -> w9=0x2 
[libmetasec_ml.so] 0x70fbd64f20!0x117f20 b #0x70fbd64f28; 
[libmetasec_ml.so] 0x70fbd64f28!0x117f28 mov w0, w8; w0=0x1e847d w8=0x7a -> w0=0x7a 
[libmetasec_ml.so] 0x70fbd64f2c!0x117f2c add w8, w9, #1; w8=0x7a w9=0x2 -> w8=0x3 
[libmetasec_ml.so] 0x70fbd64f30!0x117f30 strb w0, [x1, w9, uxtw]; w0=0x7a x1=0x736741152a w9=0x2 mem_w=0x736741152c 
[libmetasec_ml.so] 0x70fbd64f34!0x117f34 mov x0, x8; x0=0x7a x8=0x3 -> x0=0x3 
[libmetasec_ml.so] 0x70fbd64f38!0x117f38 ret ; 
[libmetasec_ml.so] 0x70fbd63ad0!0x116ad0 b #0x70fbd63af0; 
[libmetasec_ml.so] 0x70fbd63af0!0x116af0 add x0, x0, x19; x0=0x3 x0=0x3 x19=0x1 -> x0=0x4 
[libmetasec_ml.so] 0x70fbd63af4!0x116af4 b #0x70fbd63bfc; 
[libmetasec_ml.so] 0x70fbd63bfc!0x116bfc ldp x29, x30, [sp, #0x30]; fp=0x70d87c2980 lr=0x70fbd63ad0 sp=0x70d87c2950 mem_r=0x70d87c2980 -> fp=0x70d87c2a00 lr=0x70fbd63754 
[libmetasec_ml.so] 0x70fbd63c00!0x116c00 ldp x20, x19, [sp, #0x20]; x20=0x7367411529 x19=0x1 sp=0x70d87c2950 mem_r=0x70d87c2970 -> x20=0x72a7410970 x19=0x48 
[libmetasec_ml.so] 0x70fbd63c04!0x116c04 ldp x22, x21, [sp, #0x10]; x22=0x72a74109b8 x21=0x72a74109b8 sp=0x70d87c2950 mem_r=0x70d87c2960 -> x22=0x72a74109b8 x21=0x36 
[libmetasec_ml.so] 0x70fbd63c08!0x116c08 ldr x23, [sp], #0x40; x23=0x2a45 sp=0x70d87c2950 mem_r=0x70d87c2950 -> x23=0x2a45 
[libmetasec_ml.so] 0x70fbd63c0c!0x116c0c ret ; 
[libmetasec_ml.so] 0x70fbd63754!0x116754 mov x25, x0; x25=0x4 x0=0x4 -> x25=0x4 
[libmetasec_ml.so] 0x70fbd63758!0x116758 b #0x70fbd63940; 
[libmetasec_ml.so] 0x70fbd63940!0x116940 add x21, x25, x21; x21=0x36 x25=0x4 x21=0x36 -> x21=0x3a 
[libmetasec_ml.so] 0x70fbd63944!0x116944 add x28, x28, #1; x28=0x8 x28=0x8 -> x28=0x9 
[libmetasec_ml.so] 0x70fbd63948!0x116948 b #0x70fbd635f0; 
[libmetasec_ml.so] 0x70fbd635f0!0x1165f0 ldr x8, [x20]; x8=0x3 x20=0x72a7410970 mem_r=0x72a7410970 -> x8=0x70fbebec78 
[libmetasec_ml.so] 0x70fbd635f4!0x1165f4 ldr w9, [x8, #0x30]; w9=0x2 x8=0x70fbebec78 mem_r=0x70fbebeca8 -> w9=0x28 
[libmetasec_ml.so] 0x70fbd635f8!0x1165f8 cmp x28, x9; x28=0x9 x9=0x28 -> x28=0x9 
[libmetasec_ml.so] 0x70fbd635fc!0x1165fc b.hs #0x70fbd6397c; 
[libmetasec_ml.so] 0x70fbd63600!0x116600 ldr x8, [x8, #0x38]; x8=0x70fbebec78 x8=0x70fbebec78 mem_r=0x70fbebecb0 -> x8=0x70fbebf9d8 
[libmetasec_ml.so] 0x70fbd63604!0x116604 nop ; 
[libmetasec_ml.so] 0x70fbd63608!0x116608 madd x24, x28, x19, x8; x24=0x70fbebfc18 x28=0x9 x19=0x48 x8=0x70fbebf9d8 -> x24=0x70fbebfc60 
[libmetasec_ml.so] 0x70fbd6360c!0x11660c ldr w9, [x24, #0x18]; w9=0x28 x24=0x70fbebfc60 mem_r=0x70fbebfc78 -> w9=0x4c 
[libmetasec_ml.so] 0x70fbd63610!0x116610 ldr w11, [x24, #0xc]; w11=0x1b x24=0x70fbebfc60 mem_r=0x70fbebfc6c -> w11=0x3 
[libmetasec_ml.so] 0x70fbd63614!0x116614 add x22, x20, x9; x22=0x72a74109b8 x20=0x72a7410970 x9=0x4c -> x22=0x72a74109bc 
[libmetasec_ml.so] 0x70fbd63618!0x116618 cbz w11, #0x70fbd63744; w11=0x3 
[libmetasec_ml.so] 0x70fbd6361c!0x11661c ldr w9, [x24, #0x14]; w9=0x4c x24=0x70fbebfc60 mem_r=0x70fbebfc74 -> w9=0x0 
[libmetasec_ml.so] 0x70fbd63620!0x116620 cmp w11, #1; w11=0x3 -> w11=0x3 
[libmetasec_ml.so] 0x70fbd63624!0x116624 madd x10, x28, x19, x8; x10=0x70fbd63ac4 x28=0x9 x19=0x48 x8=0x70fbebf9d8 -> x10=0x70fbebfc60 
[libmetasec_ml.so] 0x70fbd63628!0x116628 ccmp w11, #3, #4, ne; w11=0x3 
[libmetasec_ml.so] 0x70fbd6362c!0x11662c b.ne #0x70fbd63668; 
[libmetasec_ml.so] 0x70fbd63630!0x116630 ldr w10, [x10, #0x30]; w10=0xfbebfc60 x10=0x70fbebfc60 mem_r=0x70fbebfc90 -> w10=0x0 
[libmetasec_ml.so] 0x70fbd63634!0x116634 tbnz w10, #2, #0x70fbd636a0; w10=0x0 
[libmetasec_ml.so] 0x70fbd63638!0x116638 cmp w11, #3; w11=0x3 -> w11=0x3 
[libmetasec_ml.so] 0x70fbd6363c!0x11663c b.eq #0x70fbd6372c; 
[libmetasec_ml.so] 0x70fbd6372c!0x11672c mov x0, x24; x0=0x4 x24=0x70fbebfc60 -> x0=0x70fbebfc60 
[libmetasec_ml.so] 0x70fbd63730!0x116730 mov x1, x22; x1=0x736741152a x22=0x72a74109bc -> x1=0x72a74109bc 
[libmetasec_ml.so] 0x70fbd63734!0x116734 bl #0x70fbd64dc8; 
[libmetasec_ml.so] 0x70fbd64dc8!0x117dc8 ldr w8, [x0, #0x10]; w8=0xfbebf9d8 x0=0x70fbebfc60 mem_r=0x70fbebfc70 -> w8=0x1 
[libmetasec_ml.so] 0x70fbd64dcc!0x117dcc cmp w8, #0x10; w8=0x1 -> w8=0x1 
[libmetasec_ml.so] 0x70fbd64dd0!0x117dd0 b.hi #0x70fbd64e30; 
[libmetasec_ml.so] 0x70fbd64dd4!0x117dd4 adrp x9, #0x70fbe42000; x9=0x0 -> x9=0x70fbe42000 
[libmetasec_ml.so] 0x70fbd64dd8!0x117dd8 add x9, x9, #0x623; x9=0x70fbe42000 x9=0x70fbe42000 -> x9=0x70fbe42623 
[libmetasec_ml.so] 0x70fbd64ddc!0x117ddc adr x10, #0x70fbd64dec; x10=0x0 -> x10=0x70fbd64dec 
[libmetasec_ml.so] 0x70fbd64de0!0x117de0 ldrb w11, [x9, x8]; w11=0x3 x9=0x70fbe42623 x8=0x1 mem_r=0x70fbe42624 -> w11=0x0 
[libmetasec_ml.so] 0x70fbd64de4!0x117de4 add x10, x10, x11, lsl #2; x10=0x70fbd64dec x10=0x70fbd64dec x11=0x0 -> x10=0x70fbd64dec 
[libmetasec_ml.so] 0x70fbd64de8!0x117de8 br x10; x10=0x70fbd64dec 
[libmetasec_ml.so] 0x70fbd64dec!0x117dec ldr w8, [x1]; w8=0x1 x1=0x72a74109bc mem_r=0x72a74109bc -> w8=0xfff0bdc1 
[libmetasec_ml.so] 0x70fbd64df0!0x117df0 cmp w8, #0; w8=0xfff0bdc1 -> w8=0xfff0bdc1 
[libmetasec_ml.so] 0x70fbd64df4!0x117df4 b #0x70fbd64e00; 
[libmetasec_ml.so] 0x70fbd64e00!0x117e00 cset w0, eq; w0=0xfbebfc60 -> w0=0x0 
[libmetasec_ml.so] 0x70fbd64e04!0x117e04 ret ; 
[libmetasec_ml.so] 0x70fbd63738!0x116738 cbz w0, #0x70fbd63744; w0=0x0 
[libmetasec_ml.so] 0x70fbd63744!0x116744 add x2, x27, x21; x2=0x7367411529 x27=0x73674114f3 x21=0x3a -> x2=0x736741152d 
[libmetasec_ml.so] 0x70fbd63748!0x116748 mov x0, x24; x0=0x0 x24=0x70fbebfc60 -> x0=0x70fbebfc60 
[libmetasec_ml.so] 0x70fbd6374c!0x11674c mov x1, x22; x1=0x72a74109bc x22=0x72a74109bc -> x1=0x72a74109bc 
[libmetasec_ml.so] 0x70fbd63750!0x116750 bl #0x70fbd63a04; 
[libmetasec_ml.so] 0x70fbd63a04!0x116a04 str x23, [sp, #-0x40]!; x23=0x2a45 sp=0x70d87c2990 mem_w=0x70d87c2950 -> sp=0x70d87c2950 
[libmetasec_ml.so] 0x70fbd63a08!0x116a08 stp x22, x21, [sp, #0x10]; x22=0x72a74109bc x21=0x3a sp=0x70d87c2950 mem_w=0x70d87c2960 
[libmetasec_ml.so] 0x70fbd63a0c!0x116a0c stp x20, x19, [sp, #0x20]; x20=0x72a7410970 x19=0x48 sp=0x70d87c2950 mem_w=0x70d87c2970 
[libmetasec_ml.so] 0x70fbd63a10!0x116a10 stp x29, x30, [sp, #0x30]; fp=0x70d87c2a00 lr=0x70fbd63754 sp=0x70d87c2950 mem_w=0x70d87c2980 
[libmetasec_ml.so] 0x70fbd63a14!0x116a14 add x29, sp, #0x30; fp=0x70d87c2a00 sp=0x70d87c2950 -> fp=0x70d87c2980 
[libmetasec_ml.so] 0x70fbd63a18!0x116a18 mov x19, x0; x19=0x48 x0=0x70fbebfc60 -> x19=0x70fbebfc60 
[libmetasec_ml.so] 0x70fbd63a1c!0x116a1c ldr w0, [x0, #8]; w0=0xfbebfc60 x0=0x70fbebfc60 mem_r=0x70fbebfc68 -> w0=0xa 
[libmetasec_ml.so] 0x70fbd63a20!0x116a20 mov x21, x1; x21=0x3a x1=0x72a74109bc -> x21=0x72a74109bc 
[libmetasec_ml.so] 0x70fbd63a24!0x116a24 mov x1, x2; x1=0x72a74109bc x2=0x736741152d -> x1=0x736741152d 
[libmetasec_ml.so] 0x70fbd63a28!0x116a28 mov x20, x2; x20=0x72a7410970 x2=0x736741152d -> x20=0x736741152d 
[libmetasec_ml.so] 0x70fbd63a2c!0x116a2c bl #0x70fbd64e38; 
[libmetasec_ml.so] 0x70fbd64e38!0x117e38 lsr w8, w0, #0x1d; w8=0xfff0bdc1 w0=0xa -> w8=0x0 
[libmetasec_ml.so] 0x70fbd64e3c!0x117e3c cbnz w8, #0x70fbd64e48; w8=0x0 
[libmetasec_ml.so] 0x70fbd64e40!0x117e40 lsl w0, w0, #3; w0=0xa w0=0xa -> w0=0x50 
[libmetasec_ml.so] 0x70fbd64e44!0x117e44 b #0x70fbd64eb8; 
[libmetasec_ml.so] 0x70fbd64eb8!0x117eb8 cmp w0, #0x80; w0=0x50 -> w0=0x50 
[libmetasec_ml.so] 0x70fbd64ebc!0x117ebc b.lo #0x70fbd64f0c; 
[libmetasec_ml.so] 0x70fbd64f0c!0x117f0c mov w9, wzr; w9=0xfbe42623 -> w9=0x0 
[libmetasec_ml.so] 0x70fbd64f10!0x117f10 b #0x70fbd64f2c; 
[libmetasec_ml.so] 0x70fbd64f2c!0x117f2c add w8, w9, #1; w8=0x0 w9=0x0 -> w8=0x1 
[libmetasec_ml.so] 0x70fbd64f30!0x117f30 strb w0, [x1, w9, uxtw]; w0=0x50 x1=0x736741152d w9=0x0 mem_w=0x736741152d 
[libmetasec_ml.so] 0x70fbd64f34!0x117f34 mov x0, x8; x0=0x50 x8=0x1 -> x0=0x1 
[libmetasec_ml.so] 0x70fbd64f38!0x117f38 ret ; 
[libmetasec_ml.so] 0x70fbd63a30!0x116a30 ldr w8, [x19, #0x10]; w8=0x1 x19=0x70fbebfc60 mem_r=0x70fbebfc70 -> w8=0x1 
[libmetasec_ml.so] 0x70fbd63a34!0x116a34 cmp w8, #0x10; w8=0x1 -> w8=0x1 
[libmetasec_ml.so] 0x70fbd63a38!0x116a38 b.hi #0x70fbd63abc; 
[libmetasec_ml.so] 0x70fbd63a3c!0x116a3c adrp x9, #0x70fbe42000; x9=0x0 -> x9=0x70fbe42000 
[libmetasec_ml.so] 0x70fbd63a40!0x116a40 add x9, x9, #0x5d4; x9=0x70fbe42000 x9=0x70fbe42000 -> x9=0x70fbe425d4 
[libmetasec_ml.so] 0x70fbd63a44!0x116a44 adr x10, #0x70fbd63a58; x10=0x70fbd64dec -> x10=0x70fbd63a58 
[libmetasec_ml.so] 0x70fbd63a48!0x116a48 ldrb w11, [x9, x8]; w11=0x0 x9=0x70fbe425d4 x8=0x1 mem_r=0x70fbe425d5 -> w11=0x1b 
[libmetasec_ml.so] 0x70fbd63a4c!0x116a4c add x10, x10, x11, lsl #2; x10=0x70fbd63a58 x10=0x70fbd63a58 x11=0x1b -> x10=0x70fbd63ac4 
[libmetasec_ml.so] 0x70fbd63a50!0x116a50 mov x19, x0; x19=0x70fbebfc60 x0=0x1 -> x19=0x1 
[libmetasec_ml.so] 0x70fbd63a54!0x116a54 br x10; x10=0x70fbd63ac4 
[libmetasec_ml.so] 0x70fbd63ac4!0x116ac4 ldr w0, [x21]; w0=0x1 x21=0x72a74109bc mem_r=0x72a74109bc -> w0=0xfff0bdc1 
[libmetasec_ml.so] 0x70fbd63ac8!0x116ac8 add x1, x20, x19; x1=0x736741152d x20=0x736741152d x19=0x1 -> x1=0x736741152e 
[libmetasec_ml.so] 0x70fbd63acc!0x116acc bl #0x70fbd64e54; 
[libmetasec_ml.so] 0x70fbd64e54!0x117e54 lsl w8, w0, #1; w8=0x1 w0=0xfff0bdc1 -> w8=0xffe17b82 
[libmetasec_ml.so] 0x70fbd64e58!0x117e58 eor w0, w8, w0, asr #31; w0=0xfff0bdc1 w8=0xffe17b82 w0=0xfff0bdc1 -> w0=0x1e847d 
[libmetasec_ml.so] 0x70fbd64e5c!0x117e5c b #0x70fbd64eb8; 
[libmetasec_ml.so] 0x70fbd64eb8!0x117eb8 cmp w0, #0x80; w0=0x1e847d -> w0=0x1e847d 
[libmetasec_ml.so] 0x70fbd64ebc!0x117ebc b.lo #0x70fbd64f0c; 
[libmetasec_ml.so] 0x70fbd64ec0!0x117ec0 orr w8, w0, #0x80; w8=0xffe17b82 w0=0x1e847d -> w8=0x1e84fd 
[libmetasec_ml.so] 0x70fbd64ec4!0x117ec4 cmp w0, #4, lsl #12; w0=0x1e847d -> w0=0x1e847d 
[libmetasec_ml.so] 0x70fbd64ec8!0x117ec8 strb w8, [x1]; w8=0x1e84fd x1=0x736741152e mem_w=0x736741152e 
[libmetasec_ml.so] 0x70fbd64ecc!0x117ecc lsr w8, w0, #7; w8=0x1e84fd w0=0x1e847d -> w8=0x3d08 
[libmetasec_ml.so] 0x70fbd64ed0!0x117ed0 b.lo #0x70fbd64f14; 
[libmetasec_ml.so] 0x70fbd64ed4!0x117ed4 orr w8, w8, #0x80; w8=0x3d08 w8=0x3d08 -> w8=0x3d88 
[libmetasec_ml.so] 0x70fbd64ed8!0x117ed8 cmp w0, #0x200, lsl #12; w0=0x1e847d -> w0=0x1e847d 
[libmetasec_ml.so] 0x70fbd64edc!0x117edc strb w8, [x1, #1]; w8=0x3d88 x1=0x736741152e mem_w=0x736741152f 
[libmetasec_ml.so] 0x70fbd64ee0!0x117ee0 lsr w8, w0, #0xe; w8=0x3d88 w0=0x1e847d -> w8=0x7a 
[libmetasec_ml.so] 0x70fbd64ee4!0x117ee4 b.lo #0x70fbd64f1c; 
[libmetasec_ml.so] 0x70fbd64f1c!0x117f1c mov w9, #2; w9=0xfbe425d4 -> w9=0x2 
[libmetasec_ml.so] 0x70fbd64f20!0x117f20 b #0x70fbd64f28; 
[libmetasec_ml.so] 0x70fbd64f28!0x117f28 mov w0, w8; w0=0x1e847d w8=0x7a -> w0=0x7a 
[libmetasec_ml.so] 0x70fbd64f2c!0x117f2c add w8, w9, #1; w8=0x7a w9=0x2 -> w8=0x3 
[libmetasec_ml.so] 0x70fbd64f30!0x117f30 strb w0, [x1, w9, uxtw]; w0=0x7a x1=0x736741152e w9=0x2 mem_w=0x7367411530 
[libmetasec_ml.so] 0x70fbd64f34!0x117f34 mov x0, x8; x0=0x7a x8=0x3 -> x0=0x3 
[libmetasec_ml.so] 0x70fbd64f38!0x117f38 ret ; 
[libmetasec_ml.so] 0x70fbd63ad0!0x116ad0 b #0x70fbd63af0; 
[libmetasec_ml.so] 0x70fbd63af0!0x116af0 add x0, x0, x19; x0=0x3 x0=0x3 x19=0x1 -> x0=0x4 
[libmetasec_ml.so] 0x70fbd63af4!0x116af4 b #0x70fbd63bfc; 
[libmetasec_ml.so] 0x70fbd63bfc!0x116bfc ldp x29, x30, [sp, #0x30]; fp=0x70d87c2980 lr=0x70fbd63ad0 sp=0x70d87c2950 mem_r=0x70d87c2980 -> fp=0x70d87c2a00 lr=0x70fbd63754 
[libmetasec_ml.so] 0x70fbd63c00!0x116c00 ldp x20, x19, [sp, #0x20]; x20=0x736741152d x19=0x1 sp=0x70d87c2950 mem_r=0x70d87c2970 -> x20=0x72a7410970 x19=0x48 
[libmetasec_ml.so] 0x70fbd63c04!0x116c04 ldp x22, x21, [sp, #0x10]; x22=0x72a74109bc x21=0x72a74109bc sp=0x70d87c2950 mem_r=0x70d87c2960 -> x22=0x72a74109bc x21=0x3a 
[libmetasec_ml.so] 0x70fbd63c08!0x116c08 ldr x23, [sp], #0x40; x23=0x2a45 sp=0x70d87c2950 mem_r=0x70d87c2950 -> x23=0x2a45 
[libmetasec_ml.so] 0x70fbd63c0c!0x116c0c ret ; 
[libmetasec_ml.so] 0x70fbd63754!0x116754 mov x25, x0; x25=0x4 x0=0x4 -> x25=0x4 
[libmetasec_ml.so] 0x70fbd63758!0x116758 b #0x70fbd63940; 
[libmetasec_ml.so] 0x70fbd63940!0x116940 add x21, x25, x21; x21=0x3a x25=0x4 x21=0x3a -> x21=0x3e 
[libmetasec_ml.so] 0x70fbd63944!0x116944 add x28, x28, #1; x28=0x9 x28=0x9 -> x28=0xa 
[libmetasec_ml.so] 0x70fbd63948!0x116948 b #0x70fbd635f0; 
[libmetasec_ml.so] 0x70fbd635f0!0x1165f0 ldr x8, [x20]; x8=0x3 x20=0x72a7410970 mem_r=0x72a7410970 -> x8=0x70fbebec78 
[libmetasec_ml.so] 0x70fbd635f4!0x1165f4 ldr w9, [x8, #0x30]; w9=0x2 x8=0x70fbebec78 mem_r=0x70fbebeca8 -> w9=0x28 
[libmetasec_ml.so] 0x70fbd635f8!0x1165f8 cmp x28, x9; x28=0xa x9=0x28 -> x28=0xa 
[libmetasec_ml.so] 0x70fbd635fc!0x1165fc b.hs #0x70fbd6397c; 
[libmetasec_ml.so] 0x70fbd63600!0x116600 ldr x8, [x8, #0x38]; x8=0x70fbebec78 x8=0x70fbebec78 mem_r=0x70fbebecb0 -> x8=0x70fbebf9d8 
[libmetasec_ml.so] 0x70fbd63604!0x116604 nop ; 
[libmetasec_ml.so] 0x70fbd63608!0x116608 madd x24, x28, x19, x8; x24=0x70fbebfc60 x28=0xa x19=0x48 x8=0x70fbebf9d8 -> x24=0x70fbebfca8 
[libmetasec_ml.so] 0x70fbd6360c!0x11660c ldr w9, [x24, #0x18]; w9=0x28 x24=0x70fbebfca8 mem_r=0x70fbebfcc0 -> w9=0x50 
[libmetasec_ml.so] 0x70fbd63610!0x116610 ldr w11, [x24, #0xc]; w11=0x1b x24=0x70fbebfca8 mem_r=0x70fbebfcb4 -> w11=0x3 
[libmetasec_ml.so] 0x70fbd63614!0x116614 add x22, x20, x9; x22=0x72a74109bc x20=0x72a7410970 x9=0x50 -> x22=0x72a74109c0 
[libmetasec_ml.so] 0x70fbd63618!0x116618 cbz w11, #0x70fbd63744; w11=0x3 
[libmetasec_ml.so] 0x70fbd6361c!0x11661c ldr w9, [x24, #0x14]; w9=0x50 x24=0x70fbebfca8 mem_r=0x70fbebfcbc -> w9=0x0 
[libmetasec_ml.so] 0x70fbd63620!0x116620 cmp w11, #1; w11=0x3 -> w11=0x3 
[libmetasec_ml.so] 0x70fbd63624!0x116624 madd x10, x28, x19, x8; x10=0x70fbd63ac4 x28=0xa x19=0x48 x8=0x70fbebf9d8 -> x10=0x70fbebfca8 
[libmetasec_ml.so] 0x70fbd63628!0x116628 ccmp w11, #3, #4, ne; w11=0x3 
[libmetasec_ml.so] 0x70fbd6362c!0x11662c b.ne #0x70fbd63668; 
[libmetasec_ml.so] 0x70fbd63630!0x116630 ldr w10, [x10, #0x30]; w10=0xfbebfca8 x10=0x70fbebfca8 mem_r=0x70fbebfcd8 -> w10=0x0 
[libmetasec_ml.so] 0x70fbd63634!0x116634 tbnz w10, #2, #0x70fbd636a0; w10=0x0 
[libmetasec_ml.so] 0x70fbd63638!0x116638 cmp w11, #3; w11=0x3 -> w11=0x3 
[libmetasec_ml.so] 0x70fbd6363c!0x11663c b.eq #0x70fbd6372c; 
[libmetasec_ml.so] 0x70fbd6372c!0x11672c mov x0, x24; x0=0x4 x24=0x70fbebfca8 -> x0=0x70fbebfca8 
[libmetasec_ml.so] 0x70fbd63730!0x116730 mov x1, x22; x1=0x736741152e x22=0x72a74109c0 -> x1=0x72a74109c0 
[libmetasec_ml.so] 0x70fbd63734!0x116734 bl #0x70fbd64dc8; 
[libmetasec_ml.so] 0x70fbd64dc8!0x117dc8 ldr w8, [x0, #0x10]; w8=0xfbebf9d8 x0=0x70fbebfca8 mem_r=0x70fbebfcb8 -> w8=0xe 
[libmetasec_ml.so] 0x70fbd64dcc!0x117dcc cmp w8, #0x10; w8=0xe -> w8=0xe 
[libmetasec_ml.so] 0x70fbd64dd0!0x117dd0 b.hi #0x70fbd64e30; 
[libmetasec_ml.so] 0x70fbd64dd4!0x117dd4 adrp x9, #0x70fbe42000; x9=0x0 -> x9=0x70fbe42000 
[libmetasec_ml.so] 0x70fbd64dd8!0x117dd8 add x9, x9, #0x623; x9=0x70fbe42000 x9=0x70fbe42000 -> x9=0x70fbe42623 
[libmetasec_ml.so] 0x70fbd64ddc!0x117ddc adr x10, #0x70fbd64dec; x10=0x0 -> x10=0x70fbd64dec 
[libmetasec_ml.so] 0x70fbd64de0!0x117de0 ldrb w11, [x9, x8]; w11=0x3 x9=0x70fbe42623 x8=0xe mem_r=0x70fbe42631 -> w11=0xd 
[libmetasec_ml.so] 0x70fbd64de4!0x117de4 add x10, x10, x11, lsl #2; x10=0x70fbd64dec x10=0x70fbd64dec x11=0xd -> x10=0x70fbd64e20 
[libmetasec_ml.so] 0x70fbd64de8!0x117de8 br x10; x10=0x70fbd64e20 
[libmetasec_ml.so] 0x70fbd64e20!0x117e20 ldr x8, [x1]; x8=0xe x1=0x72a74109c0 mem_r=0x72a74109c0 -> x8=0x74472b37f0 
[libmetasec_ml.so] 0x70fbd64e24!0x117e24 cbz x8, #0x70fbd64e30; x8=0x74472b37f0 
[libmetasec_ml.so] 0x70fbd64e28!0x117e28 ldrb w8, [x8]; w8=0x472b37f0 x8=0x74472b37f0 mem_r=0x74472b37f0 -> w8=0x21 
[libmetasec_ml.so] 0x70fbd64e2c!0x117e2c b #0x70fbd64df0; 
[libmetasec_ml.so] 0x70fbd64df0!0x117df0 cmp w8, #0; w8=0x21 -> w8=0x21 
[libmetasec_ml.so] 0x70fbd64df4!0x117df4 b #0x70fbd64e00; 
[libmetasec_ml.so] 0x70fbd64e00!0x117e00 cset w0, eq; w0=0xfbebfca8 -> w0=0x0 
[libmetasec_ml.so] 0x70fbd64e04!0x117e04 ret ; 
[libmetasec_ml.so] 0x70fbd63738!0x116738 cbz w0, #0x70fbd63744; w0=0x0 
[libmetasec_ml.so] 0x70fbd63744!0x116744 add x2, x27, x21; x2=0x736741152d x27=0x73674114f3 x21=0x3e -> x2=0x7367411531 
[libmetasec_ml.so] 0x70fbd63748!0x116748 mov x0, x24; x0=0x0 x24=0x70fbebfca8 -> x0=0x70fbebfca8 
[libmetasec_ml.so] 0x70fbd6374c!0x11674c mov x1, x22; x1=0x72a74109c0 x22=0x72a74109c0 -> x1=0x72a74109c0 
[libmetasec_ml.so] 0x70fbd63750!0x116750 bl #0x70fbd63a04; 
[libmetasec_ml.so] 0x70fbd63a04!0x116a04 str x23, [sp, #-0x40]!; x23=0x2a45 sp=0x70d87c2990 mem_w=0x70d87c2950 -> sp=0x70d87c2950 
[libmetasec_ml.so] 0x70fbd63a08!0x116a08 stp x22, x21, [sp, #0x10]; x22=0x72a74109c0 x21=0x3e sp=0x70d87c2950 mem_w=0x70d87c2960 
[libmetasec_ml.so] 0x70fbd63a0c!0x116a0c stp x20, x19, [sp, #0x20]; x20=0x72a7410970 x19=0x48 sp=0x70d87c2950 mem_w=0x70d87c2970 
[libmetasec_ml.so] 0x70fbd63a10!0x116a10 stp x29, x30, [sp, #0x30]; fp=0x70d87c2a00 lr=0x70fbd63754 sp=0x70d87c2950 mem_w=0x70d87c2980 
[libmetasec_ml.so] 0x70fbd63a14!0x116a14 add x29, sp, #0x30; fp=0x70d87c2a00 sp=0x70d87c2950 -> fp=0x70d87c2980 
[libmetasec_ml.so] 0x70fbd63a18!0x116a18 mov x19, x0; x19=0x48 x0=0x70fbebfca8 -> x19=0x70fbebfca8 
[libmetasec_ml.so] 0x70fbd63a1c!0x116a1c ldr w0, [x0, #8]; w0=0xfbebfca8 x0=0x70fbebfca8 mem_r=0x70fbebfcb0 -> w0=0xb 
[libmetasec_ml.so] 0x70fbd63a20!0x116a20 mov x21, x1; x21=0x3e x1=0x72a74109c0 -> x21=0x72a74109c0 
[libmetasec_ml.so] 0x70fbd63a24!0x116a24 mov x1, x2; x1=0x72a74109c0 x2=0x7367411531 -> x1=0x7367411531 
[libmetasec_ml.so] 0x70fbd63a28!0x116a28 mov x20, x2; x20=0x72a7410970 x2=0x7367411531 -> x20=0x7367411531 
[libmetasec_ml.so] 0x70fbd63a2c!0x116a2c bl #0x70fbd64e38; 
[libmetasec_ml.so] 0x70fbd64e38!0x117e38 lsr w8, w0, #0x1d; w8=0x21 w0=0xb -> w8=0x0 
[libmetasec_ml.so] 0x70fbd64e3c!0x117e3c cbnz w8, #0x70fbd64e48; w8=0x0 
[libmetasec_ml.so] 0x70fbd64e40!0x117e40 lsl w0, w0, #3; w0=0xb w0=0xb -> w0=0x58 
[libmetasec_ml.so] 0x70fbd64e44!0x117e44 b #0x70fbd64eb8; 
[libmetasec_ml.so] 0x70fbd64eb8!0x117eb8 cmp w0, #0x80; w0=0x58 -> w0=0x58 
[libmetasec_ml.so] 0x70fbd64ebc!0x117ebc b.lo #0x70fbd64f0c; 
[libmetasec_ml.so] 0x70fbd64f0c!0x117f0c mov w9, wzr; w9=0xfbe42623 -> w9=0x0 
[libmetasec_ml.so] 0x70fbd64f10!0x117f10 b #0x70fbd64f2c; 
[libmetasec_ml.so] 0x70fbd64f2c!0x117f2c add w8, w9, #1; w8=0x0 w9=0x0 -> w8=0x1 
[libmetasec_ml.so] 0x70fbd64f30!0x117f30 strb w0, [x1, w9, uxtw]; w0=0x58 x1=0x7367411531 w9=0x0 mem_w=0x7367411531 
[libmetasec_ml.so] 0x70fbd64f34!0x117f34 mov x0, x8; x0=0x58 x8=0x1 -> x0=0x1 
[libmetasec_ml.so] 0x70fbd64f38!0x117f38 ret ; 
[libmetasec_ml.so] 0x70fbd63a30!0x116a30 ldr w8, [x19, #0x10]; w8=0x1 x19=0x70fbebfca8 mem_r=0x70fbebfcb8 -> w8=0xe 
[libmetasec_ml.so] 0x70fbd63a34!0x116a34 cmp w8, #0x10; w8=0xe -> w8=0xe 
[libmetasec_ml.so] 0x70fbd63a38!0x116a38 b.hi #0x70fbd63abc; 
[libmetasec_ml.so] 0x70fbd63a3c!0x116a3c adrp x9, #0x70fbe42000; x9=0x0 -> x9=0x70fbe42000 
[libmetasec_ml.so] 0x70fbd63a40!0x116a40 add x9, x9, #0x5d4; x9=0x70fbe42000 x9=0x70fbe42000 -> x9=0x70fbe425d4 
[libmetasec_ml.so] 0x70fbd63a44!0x116a44 adr x10, #0x70fbd63a58; x10=0x70fbd64e20 -> x10=0x70fbd63a58 
[libmetasec_ml.so] 0x70fbd63a48!0x116a48 ldrb w11, [x9, x8]; w11=0xd x9=0x70fbe425d4 x8=0xe mem_r=0x70fbe425e2 -> w11=0x2e 
[libmetasec_ml.so] 0x70fbd63a4c!0x116a4c add x10, x10, x11, lsl #2; x10=0x70fbd63a58 x10=0x70fbd63a58 x11=0x2e -> x10=0x70fbd63b10 
[libmetasec_ml.so] 0x70fbd63a50!0x116a50 mov x19, x0; x19=0x70fbebfca8 x0=0x1 -> x19=0x1 
[libmetasec_ml.so] 0x70fbd63a54!0x116a54 br x10; x10=0x70fbd63b10 
[libmetasec_ml.so] 0x70fbd63b10!0x116b10 ldrb w8, [x20]; w8=0xe x20=0x7367411531 mem_r=0x7367411531 -> w8=0x58 
[libmetasec_ml.so] 0x70fbd63b14!0x116b14 orr w8, w8, #2; w8=0x58 w8=0x58 -> w8=0x5a 
[libmetasec_ml.so] 0x70fbd63b18!0x116b18 strb w8, [x20]; w8=0x5a x20=0x7367411531 mem_w=0x7367411531 
[libmetasec_ml.so] 0x70fbd63b1c!0x116b1c ldr x21, [x21]; x21=0x72a74109c0 x21=0x72a74109c0 mem_r=0x72a74109c0 -> x21=0x74472b37f0 
[libmetasec_ml.so] 0x70fbd63b20!0x116b20 add x20, x20, x19; x20=0x7367411531 x20=0x7367411531 x19=0x1 -> x20=0x7367411532 
[libmetasec_ml.so] 0x70fbd63b24!0x116b24 cbz x21, #0x70fbd63bf0; x21=0x74472b37f0 
[libmetasec_ml.so] 0x70fbd63b28!0x116b28 mov x0, x21; x0=0x1 x21=0x74472b37f0 -> x0=0x74472b37f0 
[libmetasec_ml.so] 0x70fbd63b2c!0x116b2c bl #0x70fbc80b40; 
[libmetasec_ml.so] 0x70fbc80b40!0x33b40 adrp x16, #0x70fbec9000; x16=0x70fbec9998 -> x16=0x70fbec9000 
[libmetasec_ml.so] 0x70fbc80b44!0x33b44 ldr x17, [x16, #0xa28]; x17=0x75402d9c80 x16=0x70fbec9000 mem_r=0x70fbec9a28 -> x17=0x75402dab00 
[libmetasec_ml.so] 0x70fbc80b48!0x33b48 add x16, x16, #0xa28; x16=0x70fbec9000 x16=0x70fbec9000 -> x16=0x70fbec9a28 
[libmetasec_ml.so] 0x70fbc80b4c!0x33b4c br x17; x17=0x75402dab00 
call func: __strlen_aarch64(0x74472b37f0)
args0: !notset!
ret: 0x8
[libmetasec_ml.so] 0x70fbd63b30!0x116b30 mov x1, x20; x1=0x7367411531 x20=0x7367411532 -> x1=0x7367411532 
[libmetasec_ml.so] 0x70fbd63b34!0x116b34 mov x22, x0; x22=0x72a74109c0 x0=0x8 -> x22=0x8 
[libmetasec_ml.so] 0x70fbd63b38!0x116b38 bl #0x70fbd64eb8; 
[libmetasec_ml.so] 0x70fbd64eb8!0x117eb8 cmp w0, #0x80; w0=0x8 -> w0=0x8 
[libmetasec_ml.so] 0x70fbd64ebc!0x117ebc b.lo #0x70fbd64f0c; 
[libmetasec_ml.so] 0x70fbd64f0c!0x117f0c mov w9, wzr; w9=0xfbe425d4 -> w9=0x0 
[libmetasec_ml.so] 0x70fbd64f10!0x117f10 b #0x70fbd64f2c; 
[libmetasec_ml.so] 0x70fbd64f2c!0x117f2c add w8, w9, #1; w8=0x1010101 w9=0x0 -> w8=0x1 
[libmetasec_ml.so] 0x70fbd64f30!0x117f30 strb w0, [x1, w9, uxtw]; w0=0x8 x1=0x7367411532 w9=0x0 mem_w=0x7367411532 
[libmetasec_ml.so] 0x70fbd64f34!0x117f34 mov x0, x8; x0=0x8 x8=0x1 -> x0=0x1 
[libmetasec_ml.so] 0x70fbd64f38!0x117f38 ret ; 
[libmetasec_ml.so] 0x70fbd63b3c!0x116b3c mov x23, x0; x23=0x2a45 x0=0x1 -> x23=0x1 
[libmetasec_ml.so] 0x70fbd63b40!0x116b40 add x0, x20, x0; x0=0x1 x20=0x7367411532 x0=0x1 -> x0=0x7367411533 
[libmetasec_ml.so] 0x70fbd63b44!0x116b44 mov x1, x21; x1=0x7367411532 x21=0x74472b37f0 -> x1=0x74472b37f0 
[libmetasec_ml.so] 0x70fbd63b48!0x116b48 mov x2, x22; x2=0x21746573746f6e21 x22=0x8 -> x2=0x8 
[libmetasec_ml.so] 0x70fbd63b4c!0x116b4c bl #0x70fbc80a20; 
[libmetasec_ml.so] 0x70fbc80a20!0x33a20 adrp x16, #0x70fbec9000; x16=0x70fbec9a28 -> x16=0x70fbec9000 
[libmetasec_ml.so] 0x70fbc80a24!0x33a24 ldr x17, [x16, #0x998]; x17=0x75402dab00 x16=0x70fbec9000 mem_r=0x70fbec9998 -> x17=0x75402d9c80 
[libmetasec_ml.so] 0x70fbc80a28!0x33a28 add x16, x16, #0x998; x16=0x70fbec9000 x16=0x70fbec9000 -> x16=0x70fbec9998 
[libmetasec_ml.so] 0x70fbc80a2c!0x33a2c br x17; x17=0x75402d9c80 
call func: __memcpy_aarch64_simd(0x7367411533, 0x74472b37f0, 0x8)
hexdump at address 0x74472b37f0 with length 0x8:
74472b37f0: 21 6e 6f 74 73 65 74 21                         |!notset!        |
ret: 0x7367411533
[libmetasec_ml.so] 0x70fbd63b50!0x116b50 add x8, x23, x22; x8=0x1 x23=0x1 x22=0x8 -> x8=0x9 
[libmetasec_ml.so] 0x70fbd63b54!0x116b54 b #0x70fbd63bf8; 
[libmetasec_ml.so] 0x70fbd63bf8!0x116bf8 add x0, x8, x19; x0=0x7367411533 x8=0x9 x19=0x1 -> x0=0xa 
[libmetasec_ml.so] 0x70fbd63bfc!0x116bfc ldp x29, x30, [sp, #0x30]; fp=0x70d87c2980 lr=0x70fbd63b50 sp=0x70d87c2950 mem_r=0x70d87c2980 -> fp=0x70d87c2a00 lr=0x70fbd63754 
[libmetasec_ml.so] 0x70fbd63c00!0x116c00 ldp x20, x19, [sp, #0x20]; x20=0x7367411532 x19=0x1 sp=0x70d87c2950 mem_r=0x70d87c2970 -> x20=0x72a7410970 x19=0x48 
[libmetasec_ml.so] 0x70fbd63c04!0x116c04 ldp x22, x21, [sp, #0x10]; x22=0x8 x21=0x74472b37f0 sp=0x70d87c2950 mem_r=0x70d87c2960 -> x22=0x72a74109c0 x21=0x3e 
[libmetasec_ml.so] 0x70fbd63c08!0x116c08 ldr x23, [sp], #0x40; x23=0x1 sp=0x70d87c2950 mem_r=0x70d87c2950 -> x23=0x2a45 
[libmetasec_ml.so] 0x70fbd63c0c!0x116c0c ret ; 
[libmetasec_ml.so] 0x70fbd63754!0x116754 mov x25, x0; x25=0x4 x0=0xa -> x25=0xa 
[libmetasec_ml.so] 0x70fbd63758!0x116758 b #0x70fbd63940; 
[libmetasec_ml.so] 0x70fbd63940!0x116940 add x21, x25, x21; x21=0x3e x25=0xa x21=0x3e -> x21=0x48 
[libmetasec_ml.so] 0x70fbd63944!0x116944 add x28, x28, #1; x28=0xa x28=0xa -> x28=0xb 
[libmetasec_ml.so] 0x70fbd63948!0x116948 b #0x70fbd635f0; 
[libmetasec_ml.so] 0x70fbd635f0!0x1165f0 ldr x8, [x20]; x8=0x9 x20=0x72a7410970 mem_r=0x72a7410970 -> x8=0x70fbebec78 
[libmetasec_ml.so] 0x70fbd635f4!0x1165f4 ldr w9, [x8, #0x30]; w9=0x0 x8=0x70fbebec78 mem_r=0x70fbebeca8 -> w9=0x28 
[libmetasec_ml.so] 0x70fbd635f8!0x1165f8 cmp x28, x9; x28=0xb x9=0x28 -> x28=0xb 
[libmetasec_ml.so] 0x70fbd635fc!0x1165fc b.hs #0x70fbd6397c; 
[libmetasec_ml.so] 0x70fbd63600!0x116600 ldr x8, [x8, #0x38]; x8=0x70fbebec78 x8=0x70fbebec78 mem_r=0x70fbebecb0 -> x8=0x70fbebf9d8 
[libmetasec_ml.so] 0x70fbd63604!0x116604 nop ; 
[libmetasec_ml.so] 0x70fbd63608!0x116608 madd x24, x28, x19, x8; x24=0x70fbebfca8 x28=0xb x19=0x48 x8=0x70fbebf9d8 -> x24=0x70fbebfcf0 
[libmetasec_ml.so] 0x70fbd6360c!0x11660c ldr w9, [x24, #0x18]; w9=0x28 x24=0x70fbebfcf0 mem_r=0x70fbebfd08 -> w9=0x58 
[libmetasec_ml.so] 0x70fbd63610!0x116610 ldr w11, [x24, #0xc]; w11=0x2e x24=0x70fbebfcf0 mem_r=0x70fbebfcfc -> w11=0x3 
[libmetasec_ml.so] 0x70fbd63614!0x116614 add x22, x20, x9; x22=0x72a74109c0 x20=0x72a7410970 x9=0x58 -> x22=0x72a74109c8 
[libmetasec_ml.so] 0x70fbd63618!0x116618 cbz w11, #0x70fbd63744; w11=0x3 
[libmetasec_ml.so] 0x70fbd6361c!0x11661c ldr w9, [x24, #0x14]; w9=0x58 x24=0x70fbebfcf0 mem_r=0x70fbebfd04 -> w9=0x0 
[libmetasec_ml.so] 0x70fbd63620!0x116620 cmp w11, #1; w11=0x3 -> w11=0x3 
[libmetasec_ml.so] 0x70fbd63624!0x116624 madd x10, x28, x19, x8; x10=0x70fbd63b10 x28=0xb x19=0x48 x8=0x70fbebf9d8 -> x10=0x70fbebfcf0 
[libmetasec_ml.so] 0x70fbd63628!0x116628 ccmp w11, #3, #4, ne; w11=0x3 
[libmetasec_ml.so] 0x70fbd6362c!0x11662c b.ne #0x70fbd63668; 
[libmetasec_ml.so] 0x70fbd63630!0x116630 ldr w10, [x10, #0x30]; w10=0xfbebfcf0 x10=0x70fbebfcf0 mem_r=0x70fbebfd20 -> w10=0x0 
[libmetasec_ml.so] 0x70fbd63634!0x116634 tbnz w10, #2, #0x70fbd636a0; w10=0x0 
[libmetasec_ml.so] 0x70fbd63638!0x116638 cmp w11, #3; w11=0x3 -> w11=0x3 
[libmetasec_ml.so] 0x70fbd6363c!0x11663c b.eq #0x70fbd6372c; 
[libmetasec_ml.so] 0x70fbd6372c!0x11672c mov x0, x24; x0=0xa x24=0x70fbebfcf0 -> x0=0x70fbebfcf0 
[libmetasec_ml.so] 0x70fbd63730!0x116730 mov x1, x22; x1=0x74472b37f0 x22=0x72a74109c8 -> x1=0x72a74109c8 
[libmetasec_ml.so] 0x70fbd63734!0x116734 bl #0x70fbd64dc8; 
[libmetasec_ml.so] 0x70fbd64dc8!0x117dc8 ldr w8, [x0, #0x10]; w8=0xfbebf9d8 x0=0x70fbebfcf0 mem_r=0x70fbebfd00 -> w8=0xe 
[libmetasec_ml.so] 0x70fbd64dcc!0x117dcc cmp w8, #0x10; w8=0xe -> w8=0xe 
[libmetasec_ml.so] 0x70fbd64dd0!0x117dd0 b.hi #0x70fbd64e30; 
[libmetasec_ml.so] 0x70fbd64dd4!0x117dd4 adrp x9, #0x70fbe42000; x9=0x0 -> x9=0x70fbe42000 
[libmetasec_ml.so] 0x70fbd64dd8!0x117dd8 add x9, x9, #0x623; x9=0x70fbe42000 x9=0x70fbe42000 -> x9=0x70fbe42623 
[libmetasec_ml.so] 0x70fbd64ddc!0x117ddc adr x10, #0x70fbd64dec; x10=0x0 -> x10=0x70fbd64dec 
[libmetasec_ml.so] 0x70fbd64de0!0x117de0 ldrb w11, [x9, x8]; w11=0x3 x9=0x70fbe42623 x8=0xe mem_r=0x70fbe42631 -> w11=0xd 
[libmetasec_ml.so] 0x70fbd64de4!0x117de4 add x10, x10, x11, lsl #2; x10=0x70fbd64dec x10=0x70fbd64dec x11=0xd -> x10=0x70fbd64e20 
[libmetasec_ml.so] 0x70fbd64de8!0x117de8 br x10; x10=0x70fbd64e20 
[libmetasec_ml.so] 0x70fbd64e20!0x117e20 ldr x8, [x1]; x8=0xe x1=0x72a74109c8 mem_r=0x72a74109c8 -> x8=0x74472b3a50 
[libmetasec_ml.so] 0x70fbd64e24!0x117e24 cbz x8, #0x70fbd64e30; x8=0x74472b3a50 
[libmetasec_ml.so] 0x70fbd64e28!0x117e28 ldrb w8, [x8]; w8=0x472b3a50 x8=0x74472b3a50 mem_r=0x74472b3a50 -> w8=0x21 
[libmetasec_ml.so] 0x70fbd64e2c!0x117e2c b #0x70fbd64df0; 
[libmetasec_ml.so] 0x70fbd64df0!0x117df0 cmp w8, #0; w8=0x21 -> w8=0x21 
[libmetasec_ml.so] 0x70fbd64df4!0x117df4 b #0x70fbd64e00; 
[libmetasec_ml.so] 0x70fbd64e00!0x117e00 cset w0, eq; w0=0xfbebfcf0 -> w0=0x0 
[libmetasec_ml.so] 0x70fbd64e04!0x117e04 ret ; 
[libmetasec_ml.so] 0x70fbd63738!0x116738 cbz w0, #0x70fbd63744; w0=0x0 
[libmetasec_ml.so] 0x70fbd63744!0x116744 add x2, x27, x21; x2=0x8 x27=0x73674114f3 x21=0x48 -> x2=0x736741153b 
[libmetasec_ml.so] 0x70fbd63748!0x116748 mov x0, x24; x0=0x0 x24=0x70fbebfcf0 -> x0=0x70fbebfcf0 
[libmetasec_ml.so] 0x70fbd6374c!0x11674c mov x1, x22; x1=0x72a74109c8 x22=0x72a74109c8 -> x1=0x72a74109c8 
[libmetasec_ml.so] 0x70fbd63750!0x116750 bl #0x70fbd63a04; 
[libmetasec_ml.so] 0x70fbd63a04!0x116a04 str x23, [sp, #-0x40]!; x23=0x2a45 sp=0x70d87c2990 mem_w=0x70d87c2950 -> sp=0x70d87c2950 
[libmetasec_ml.so] 0x70fbd63a08!0x116a08 stp x22, x21, [sp, #0x10]; x22=0x72a74109c8 x21=0x48 sp=0x70d87c2950 mem_w=0x70d87c2960 
[libmetasec_ml.so] 0x70fbd63a0c!0x116a0c stp x20, x19, [sp, #0x20]; x20=0x72a7410970 x19=0x48 sp=0x70d87c2950 mem_w=0x70d87c2970 
[libmetasec_ml.so] 0x70fbd63a10!0x116a10 stp x29, x30, [sp, #0x30]; fp=0x70d87c2a00 lr=0x70fbd63754 sp=0x70d87c2950 mem_w=0x70d87c2980 
[libmetasec_ml.so] 0x70fbd63a14!0x116a14 add x29, sp, #0x30; fp=0x70d87c2a00 sp=0x70d87c2950 -> fp=0x70d87c2980 
[libmetasec_ml.so] 0x70fbd63a18!0x116a18 mov x19, x0; x19=0x48 x0=0x70fbebfcf0 -> x19=0x70fbebfcf0 
[libmetasec_ml.so] 0x70fbd63a1c!0x116a1c ldr w0, [x0, #8]; w0=0xfbebfcf0 x0=0x70fbebfcf0 mem_r=0x70fbebfcf8 -> w0=0xc 
[libmetasec_ml.so] 0x70fbd63a20!0x116a20 mov x21, x1; x21=0x48 x1=0x72a74109c8 -> x21=0x72a74109c8 
[libmetasec_ml.so] 0x70fbd63a24!0x116a24 mov x1, x2; x1=0x72a74109c8 x2=0x736741153b -> x1=0x736741153b 
[libmetasec_ml.so] 0x70fbd63a28!0x116a28 mov x20, x2; x20=0x72a7410970 x2=0x736741153b -> x20=0x736741153b 
[libmetasec_ml.so] 0x70fbd63a2c!0x116a2c bl #0x70fbd64e38; 
[libmetasec_ml.so] 0x70fbd64e38!0x117e38 lsr w8, w0, #0x1d; w8=0x21 w0=0xc -> w8=0x0 
[libmetasec_ml.so] 0x70fbd64e3c!0x117e3c cbnz w8, #0x70fbd64e48; w8=0x0 
[libmetasec_ml.so] 0x70fbd64e40!0x117e40 lsl w0, w0, #3; w0=0xc w0=0xc -> w0=0x60 
[libmetasec_ml.so] 0x70fbd64e44!0x117e44 b #0x70fbd64eb8; 
[libmetasec_ml.so] 0x70fbd64eb8!0x117eb8 cmp w0, #0x80; w0=0x60 -> w0=0x60 
[libmetasec_ml.so] 0x70fbd64ebc!0x117ebc b.lo #0x70fbd64f0c; 
[libmetasec_ml.so] 0x70fbd64f0c!0x117f0c mov w9, wzr; w9=0xfbe42623 -> w9=0x0 
[libmetasec_ml.so] 0x70fbd64f10!0x117f10 b #0x70fbd64f2c; 
[libmetasec_ml.so] 0x70fbd64f2c!0x117f2c add w8, w9, #1; w8=0x0 w9=0x0 -> w8=0x1 
[libmetasec_ml.so] 0x70fbd64f30!0x117f30 strb w0, [x1, w9, uxtw]; w0=0x60 x1=0x736741153b w9=0x0 mem_w=0x736741153b 
[libmetasec_ml.so] 0x70fbd64f34!0x117f34 mov x0, x8; x0=0x60 x8=0x1 -> x0=0x1 
[libmetasec_ml.so] 0x70fbd64f38!0x117f38 ret ; 
[libmetasec_ml.so] 0x70fbd63a30!0x116a30 ldr w8, [x19, #0x10]; w8=0x1 x19=0x70fbebfcf0 mem_r=0x70fbebfd00 -> w8=0xe 
[libmetasec_ml.so] 0x70fbd63a34!0x116a34 cmp w8, #0x10; w8=0xe -> w8=0xe 
[libmetasec_ml.so] 0x70fbd63a38!0x116a38 b.hi #0x70fbd63abc; 
[libmetasec_ml.so] 0x70fbd63a3c!0x116a3c adrp x9, #0x70fbe42000; x9=0x0 -> x9=0x70fbe42000 
[libmetasec_ml.so] 0x70fbd63a40!0x116a40 add x9, x9, #0x5d4; x9=0x70fbe42000 x9=0x70fbe42000 -> x9=0x70fbe425d4 
[libmetasec_ml.so] 0x70fbd63a44!0x116a44 adr x10, #0x70fbd63a58; x10=0x70fbd64e20 -> x10=0x70fbd63a58 
[libmetasec_ml.so] 0x70fbd63a48!0x116a48 ldrb w11, [x9, x8]; w11=0xd x9=0x70fbe425d4 x8=0xe mem_r=0x70fbe425e2 -> w11=0x2e 
[libmetasec_ml.so] 0x70fbd63a4c!0x116a4c add x10, x10, x11, lsl #2; x10=0x70fbd63a58 x10=0x70fbd63a58 x11=0x2e -> x10=0x70fbd63b10 
[libmetasec_ml.so] 0x70fbd63a50!0x116a50 mov x19, x0; x19=0x70fbebfcf0 x0=0x1 -> x19=0x1 
[libmetasec_ml.so] 0x70fbd63a54!0x116a54 br x10; x10=0x70fbd63b10 
[libmetasec_ml.so] 0x70fbd63b10!0x116b10 ldrb w8, [x20]; w8=0xe x20=0x736741153b mem_r=0x736741153b -> w8=0x60 
[libmetasec_ml.so] 0x70fbd63b14!0x116b14 orr w8, w8, #2; w8=0x60 w8=0x60 -> w8=0x62 
[libmetasec_ml.so] 0x70fbd63b18!0x116b18 strb w8, [x20]; w8=0x62 x20=0x736741153b mem_w=0x736741153b 
[libmetasec_ml.so] 0x70fbd63b1c!0x116b1c ldr x21, [x21]; x21=0x72a74109c8 x21=0x72a74109c8 mem_r=0x72a74109c8 -> x21=0x74472b3a50 
[libmetasec_ml.so] 0x70fbd63b20!0x116b20 add x20, x20, x19; x20=0x736741153b x20=0x736741153b x19=0x1 -> x20=0x736741153c 
[libmetasec_ml.so] 0x70fbd63b24!0x116b24 cbz x21, #0x70fbd63bf0; x21=0x74472b3a50 
[libmetasec_ml.so] 0x70fbd63b28!0x116b28 mov x0, x21; x0=0x1 x21=0x74472b3a50 -> x0=0x74472b3a50 
[libmetasec_ml.so] 0x70fbd63b2c!0x116b2c bl #0x70fbc80b40; 
[libmetasec_ml.so] 0x70fbc80b40!0x33b40 adrp x16, #0x70fbec9000; x16=0x70fbec9998 -> x16=0x70fbec9000 
[libmetasec_ml.so] 0x70fbc80b44!0x33b44 ldr x17, [x16, #0xa28]; x17=0x75402d9c80 x16=0x70fbec9000 mem_r=0x70fbec9a28 -> x17=0x75402dab00 
[libmetasec_ml.so] 0x70fbc80b48!0x33b48 add x16, x16, #0xa28; x16=0x70fbec9000 x16=0x70fbec9000 -> x16=0x70fbec9a28 
[libmetasec_ml.so] 0x70fbc80b4c!0x33b4c br x17; x17=0x75402dab00 
call func: __strlen_aarch64(0x74472b3a50)
args0: !notset!
ret: 0x8
[libmetasec_ml.so] 0x70fbd63b30!0x116b30 mov x1, x20; x1=0x736741153b x20=0x736741153c -> x1=0x736741153c 
[libmetasec_ml.so] 0x70fbd63b34!0x116b34 mov x22, x0; x22=0x72a74109c8 x0=0x8 -> x22=0x8 
[libmetasec_ml.so] 0x70fbd63b38!0x116b38 bl #0x70fbd64eb8; 
[libmetasec_ml.so] 0x70fbd64eb8!0x117eb8 cmp w0, #0x80; w0=0x8 -> w0=0x8 
[libmetasec_ml.so] 0x70fbd64ebc!0x117ebc b.lo #0x70fbd64f0c; 
[libmetasec_ml.so] 0x70fbd64f0c!0x117f0c mov w9, wzr; w9=0xfbe425d4 -> w9=0x0 
[libmetasec_ml.so] 0x70fbd64f10!0x117f10 b #0x70fbd64f2c; 
[libmetasec_ml.so] 0x70fbd64f2c!0x117f2c add w8, w9, #1; w8=0x1010101 w9=0x0 -> w8=0x1 
[libmetasec_ml.so] 0x70fbd64f30!0x117f30 strb w0, [x1, w9, uxtw]; w0=0x8 x1=0x736741153c w9=0x0 mem_w=0x736741153c 
[libmetasec_ml.so] 0x70fbd64f34!0x117f34 mov x0, x8; x0=0x8 x8=0x1 -> x0=0x1 
[libmetasec_ml.so] 0x70fbd64f38!0x117f38 ret ; 
[libmetasec_ml.so] 0x70fbd63b3c!0x116b3c mov x23, x0; x23=0x2a45 x0=0x1 -> x23=0x1 
[libmetasec_ml.so] 0x70fbd63b40!0x116b40 add x0, x20, x0; x0=0x1 x20=0x736741153c x0=0x1 -> x0=0x736741153d 
[libmetasec_ml.so] 0x70fbd63b44!0x116b44 mov x1, x21; x1=0x736741153c x21=0x74472b3a50 -> x1=0x74472b3a50 
[libmetasec_ml.so] 0x70fbd63b48!0x116b48 mov x2, x22; x2=0x21746573746f6e21 x22=0x8 -> x2=0x8 
[libmetasec_ml.so] 0x70fbd63b4c!0x116b4c bl #0x70fbc80a20; 
[libmetasec_ml.so] 0x70fbc80a20!0x33a20 adrp x16, #0x70fbec9000; x16=0x70fbec9a28 -> x16=0x70fbec9000 
[libmetasec_ml.so] 0x70fbc80a24!0x33a24 ldr x17, [x16, #0x998]; x17=0x75402dab00 x16=0x70fbec9000 mem_r=0x70fbec9998 -> x17=0x75402d9c80 
[libmetasec_ml.so] 0x70fbc80a28!0x33a28 add x16, x16, #0x998; x16=0x70fbec9000 x16=0x70fbec9000 -> x16=0x70fbec9998 
[libmetasec_ml.so] 0x70fbc80a2c!0x33a2c br x17; x17=0x75402d9c80 
call func: __memcpy_aarch64_simd(0x736741153d, 0x74472b3a50, 0x8)
hexdump at address 0x74472b3a50 with length 0x8:
74472b3a50: 21 6e 6f 74 73 65 74 21                         |!notset!        |
ret: 0x736741153d
[libmetasec_ml.so] 0x70fbd63b50!0x116b50 add x8, x23, x22; x8=0x1 x23=0x1 x22=0x8 -> x8=0x9 
[libmetasec_ml.so] 0x70fbd63b54!0x116b54 b #0x70fbd63bf8; 
[libmetasec_ml.so] 0x70fbd63bf8!0x116bf8 add x0, x8, x19; x0=0x736741153d x8=0x9 x19=0x1 -> x0=0xa 
[libmetasec_ml.so] 0x70fbd63bfc!0x116bfc ldp x29, x30, [sp, #0x30]; fp=0x70d87c2980 lr=0x70fbd63b50 sp=0x70d87c2950 mem_r=0x70d87c2980 -> fp=0x70d87c2a00 lr=0x70fbd63754 
[libmetasec_ml.so] 0x70fbd63c00!0x116c00 ldp x20, x19, [sp, #0x20]; x20=0x736741153c x19=0x1 sp=0x70d87c2950 mem_r=0x70d87c2970 -> x20=0x72a7410970 x19=0x48 
[libmetasec_ml.so] 0x70fbd63c04!0x116c04 ldp x22, x21, [sp, #0x10]; x22=0x8 x21=0x74472b3a50 sp=0x70d87c2950 mem_r=0x70d87c2960 -> x22=0x72a74109c8 x21=0x48 
[libmetasec_ml.so] 0x70fbd63c08!0x116c08 ldr x23, [sp], #0x40; x23=0x1 sp=0x70d87c2950 mem_r=0x70d87c2950 -> x23=0x2a45 
[libmetasec_ml.so] 0x70fbd63c0c!0x116c0c ret ; 
[libmetasec_ml.so] 0x70fbd63754!0x116754 mov x25, x0; x25=0xa x0=0xa -> x25=0xa 
[libmetasec_ml.so] 0x70fbd63758!0x116758 b #0x70fbd63940; 
[libmetasec_ml.so] 0x70fbd63940!0x116940 add x21, x25, x21; x21=0x48 x25=0xa x21=0x48 -> x21=0x52 
[libmetasec_ml.so] 0x70fbd63944!0x116944 add x28, x28, #1; x28=0xb x28=0xb -> x28=0xc 
[libmetasec_ml.so] 0x70fbd63948!0x116948 b #0x70fbd635f0; 
[libmetasec_ml.so] 0x70fbd635f0!0x1165f0 ldr x8, [x20]; x8=0x9 x20=0x72a7410970 mem_r=0x72a7410970 -> x8=0x70fbebec78 
[libmetasec_ml.so] 0x70fbd635f4!0x1165f4 ldr w9, [x8, #0x30]; w9=0x0 x8=0x70fbebec78 mem_r=0x70fbebeca8 -> w9=0x28 
[libmetasec_ml.so] 0x70fbd635f8!0x1165f8 cmp x28, x9; x28=0xc x9=0x28 -> x28=0xc 
[libmetasec_ml.so] 0x70fbd635fc!0x1165fc b.hs #0x70fbd6397c; 
[libmetasec_ml.so] 0x70fbd63600!0x116600 ldr x8, [x8, #0x38]; x8=0x70fbebec78 x8=0x70fbebec78 mem_r=0x70fbebecb0 -> x8=0x70fbebf9d8 
[libmetasec_ml.so] 0x70fbd63604!0x116604 nop ; 
[libmetasec_ml.so] 0x70fbd63608!0x116608 madd x24, x28, x19, x8; x24=0x70fbebfcf0 x28=0xc x19=0x48 x8=0x70fbebf9d8 -> x24=0x70fbebfd38 
[libmetasec_ml.so] 0x70fbd6360c!0x11660c ldr w9, [x24, #0x18]; w9=0x28 x24=0x70fbebfd38 mem_r=0x70fbebfd50 -> w9=0x60 
[libmetasec_ml.so] 0x70fbd63610!0x116610 ldr w11, [x24, #0xc]; w11=0x2e x24=0x70fbebfd38 mem_r=0x70fbebfd44 -> w11=0x3 
[libmetasec_ml.so] 0x70fbd63614!0x116614 add x22, x20, x9; x22=0x72a74109c8 x20=0x72a7410970 x9=0x60 -> x22=0x72a74109d0 
[libmetasec_ml.so] 0x70fbd63618!0x116618 cbz w11, #0x70fbd63744; w11=0x3 
[libmetasec_ml.so] 0x70fbd6361c!0x11661c ldr w9, [x24, #0x14]; w9=0x60 x24=0x70fbebfd38 mem_r=0x70fbebfd4c -> w9=0x0 
[libmetasec_ml.so] 0x70fbd63620!0x116620 cmp w11, #1; w11=0x3 -> w11=0x3 
[libmetasec_ml.so] 0x70fbd63624!0x116624 madd x10, x28, x19, x8; x10=0x70fbd63b10 x28=0xc x19=0x48 x8=0x70fbebf9d8 -> x10=0x70fbebfd38 
[libmetasec_ml.so] 0x70fbd63628!0x116628 ccmp w11, #3, #4, ne; w11=0x3 
[libmetasec_ml.so] 0x70fbd6362c!0x11662c b.ne #0x70fbd63668; 
[libmetasec_ml.so] 0x70fbd63630!0x116630 ldr w10, [x10, #0x30]; w10=0xfbebfd38 x10=0x70fbebfd38 mem_r=0x70fbebfd68 -> w10=0x0 
[libmetasec_ml.so] 0x70fbd63634!0x116634 tbnz w10, #2, #0x70fbd636a0; w10=0x0 
[libmetasec_ml.so] 0x70fbd63638!0x116638 cmp w11, #3; w11=0x3 -> w11=0x3 
[libmetasec_ml.so] 0x70fbd6363c!0x11663c b.eq #0x70fbd6372c; 
[libmetasec_ml.so] 0x70fbd6372c!0x11672c mov x0, x24; x0=0xa x24=0x70fbebfd38 -> x0=0x70fbebfd38 
[libmetasec_ml.so] 0x70fbd63730!0x116730 mov x1, x22; x1=0x74472b3a50 x22=0x72a74109d0 -> x1=0x72a74109d0 
[libmetasec_ml.so] 0x70fbd63734!0x116734 bl #0x70fbd64dc8; 
[libmetasec_ml.so] 0x70fbd64dc8!0x117dc8 ldr w8, [x0, #0x10]; w8=0xfbebf9d8 x0=0x70fbebfd38 mem_r=0x70fbebfd48 -> w8=0xe 
[libmetasec_ml.so] 0x70fbd64dcc!0x117dcc cmp w8, #0x10; w8=0xe -> w8=0xe 
[libmetasec_ml.so] 0x70fbd64dd0!0x117dd0 b.hi #0x70fbd64e30; 
[libmetasec_ml.so] 0x70fbd64dd4!0x117dd4 adrp x9, #0x70fbe42000; x9=0x0 -> x9=0x70fbe42000 
[libmetasec_ml.so] 0x70fbd64dd8!0x117dd8 add x9, x9, #0x623; x9=0x70fbe42000 x9=0x70fbe42000 -> x9=0x70fbe42623 
[libmetasec_ml.so] 0x70fbd64ddc!0x117ddc adr x10, #0x70fbd64dec; x10=0x0 -> x10=0x70fbd64dec 
[libmetasec_ml.so] 0x70fbd64de0!0x117de0 ldrb w11, [x9, x8]; w11=0x3 x9=0x70fbe42623 x8=0xe mem_r=0x70fbe42631 -> w11=0xd 
[libmetasec_ml.so] 0x70fbd64de4!0x117de4 add x10, x10, x11, lsl #2; x10=0x70fbd64dec x10=0x70fbd64dec x11=0xd -> x10=0x70fbd64e20 
[libmetasec_ml.so] 0x70fbd64de8!0x117de8 br x10; x10=0x70fbd64e20 
[libmetasec_ml.so] 0x70fbd64e20!0x117e20 ldr x8, [x1]; x8=0xe x1=0x72a74109d0 mem_r=0x72a74109d0 -> x8=0x74472b3830 
[libmetasec_ml.so] 0x70fbd64e24!0x117e24 cbz x8, #0x70fbd64e30; x8=0x74472b3830 
[libmetasec_ml.so] 0x70fbd64e28!0x117e28 ldrb w8, [x8]; w8=0x472b3830 x8=0x74472b3830 mem_r=0x74472b3830 -> w8=0x21 
[libmetasec_ml.so] 0x70fbd64e2c!0x117e2c b #0x70fbd64df0; 
[libmetasec_ml.so] 0x70fbd64df0!0x117df0 cmp w8, #0; w8=0x21 -> w8=0x21 
[libmetasec_ml.so] 0x70fbd64df4!0x117df4 b #0x70fbd64e00; 
[libmetasec_ml.so] 0x70fbd64e00!0x117e00 cset w0, eq; w0=0xfbebfd38 -> w0=0x0 
[libmetasec_ml.so] 0x70fbd64e04!0x117e04 ret ; 
[libmetasec_ml.so] 0x70fbd63738!0x116738 cbz w0, #0x70fbd63744; w0=0x0 
[libmetasec_ml.so] 0x70fbd63744!0x116744 add x2, x27, x21; x2=0x8 x27=0x73674114f3 x21=0x52 -> x2=0x7367411545 
[libmetasec_ml.so] 0x70fbd63748!0x116748 mov x0, x24; x0=0x0 x24=0x70fbebfd38 -> x0=0x70fbebfd38 
[libmetasec_ml.so] 0x70fbd6374c!0x11674c mov x1, x22; x1=0x72a74109d0 x22=0x72a74109d0 -> x1=0x72a74109d0 
[libmetasec_ml.so] 0x70fbd63750!0x116750 bl #0x70fbd63a04; 
[libmetasec_ml.so] 0x70fbd63a04!0x116a04 str x23, [sp, #-0x40]!; x23=0x2a45 sp=0x70d87c2990 mem_w=0x70d87c2950 -> sp=0x70d87c2950 
[libmetasec_ml.so] 0x70fbd63a08!0x116a08 stp x22, x21, [sp, #0x10]; x22=0x72a74109d0 x21=0x52 sp=0x70d87c2950 mem_w=0x70d87c2960 
[libmetasec_ml.so] 0x70fbd63a0c!0x116a0c stp x20, x19, [sp, #0x20]; x20=0x72a7410970 x19=0x48 sp=0x70d87c2950 mem_w=0x70d87c2970 
[libmetasec_ml.so] 0x70fbd63a10!0x116a10 stp x29, x30, [sp, #0x30]; fp=0x70d87c2a00 lr=0x70fbd63754 sp=0x70d87c2950 mem_w=0x70d87c2980 
[libmetasec_ml.so] 0x70fbd63a14!0x116a14 add x29, sp, #0x30; fp=0x70d87c2a00 sp=0x70d87c2950 -> fp=0x70d87c2980 
[libmetasec_ml.so] 0x70fbd63a18!0x116a18 mov x19, x0; x19=0x48 x0=0x70fbebfd38 -> x19=0x70fbebfd38 
[libmetasec_ml.so] 0x70fbd63a1c!0x116a1c ldr w0, [x0, #8]; w0=0xfbebfd38 x0=0x70fbebfd38 mem_r=0x70fbebfd40 -> w0=0xd 
[libmetasec_ml.so] 0x70fbd63a20!0x116a20 mov x21, x1; x21=0x52 x1=0x72a74109d0 -> x21=0x72a74109d0 
[libmetasec_ml.so] 0x70fbd63a24!0x116a24 mov x1, x2; x1=0x72a74109d0 x2=0x7367411545 -> x1=0x7367411545 
[libmetasec_ml.so] 0x70fbd63a28!0x116a28 mov x20, x2; x20=0x72a7410970 x2=0x7367411545 -> x20=0x7367411545 
[libmetasec_ml.so] 0x70fbd63a2c!0x116a2c bl #0x70fbd64e38; 
[libmetasec_ml.so] 0x70fbd64e38!0x117e38 lsr w8, w0, #0x1d; w8=0x21 w0=0xd -> w8=0x0 
[libmetasec_ml.so] 0x70fbd64e3c!0x117e3c cbnz w8, #0x70fbd64e48; w8=0x0 
[libmetasec_ml.so] 0x70fbd64e40!0x117e40 lsl w0, w0, #3; w0=0xd w0=0xd -> w0=0x68 
[libmetasec_ml.so] 0x70fbd64e44!0x117e44 b #0x70fbd64eb8; 
[libmetasec_ml.so] 0x70fbd64eb8!0x117eb8 cmp w0, #0x80; w0=0x68 -> w0=0x68 
[libmetasec_ml.so] 0x70fbd64ebc!0x117ebc b.lo #0x70fbd64f0c; 
[libmetasec_ml.so] 0x70fbd64f0c!0x117f0c mov w9, wzr; w9=0xfbe42623 -> w9=0x0 
[libmetasec_ml.so] 0x70fbd64f10!0x117f10 b #0x70fbd64f2c; 
[libmetasec_ml.so] 0x70fbd64f2c!0x117f2c add w8, w9, #1; w8=0x0 w9=0x0 -> w8=0x1 
[libmetasec_ml.so] 0x70fbd64f30!0x117f30 strb w0, [x1, w9, uxtw]; w0=0x68 x1=0x7367411545 w9=0x0 mem_w=0x7367411545 
[libmetasec_ml.so] 0x70fbd64f34!0x117f34 mov x0, x8; x0=0x68 x8=0x1 -> x0=0x1 
[libmetasec_ml.so] 0x70fbd64f38!0x117f38 ret ; 
[libmetasec_ml.so] 0x70fbd63a30!0x116a30 ldr w8, [x19, #0x10]; w8=0x1 x19=0x70fbebfd38 mem_r=0x70fbebfd48 -> w8=0xe 
[libmetasec_ml.so] 0x70fbd63a34!0x116a34 cmp w8, #0x10; w8=0xe -> w8=0xe 
[libmetasec_ml.so] 0x70fbd63a38!0x116a38 b.hi #0x70fbd63abc; 
[libmetasec_ml.so] 0x70fbd63a3c!0x116a3c adrp x9, #0x70fbe42000; x9=0x0 -> x9=0x70fbe42000 
[libmetasec_ml.so] 0x70fbd63a40!0x116a40 add x9, x9, #0x5d4; x9=0x70fbe42000 x9=0x70fbe42000 -> x9=0x70fbe425d4 
[libmetasec_ml.so] 0x70fbd63a44!0x116a44 adr x10, #0x70fbd63a58; x10=0x70fbd64e20 -> x10=0x70fbd63a58 
[libmetasec_ml.so] 0x70fbd63a48!0x116a48 ldrb w11, [x9, x8]; w11=0xd x9=0x70fbe425d4 x8=0xe mem_r=0x70fbe425e2 -> w11=0x2e 
[libmetasec_ml.so] 0x70fbd63a4c!0x116a4c add x10, x10, x11, lsl #2; x10=0x70fbd63a58 x10=0x70fbd63a58 x11=0x2e -> x10=0x70fbd63b10 
[libmetasec_ml.so] 0x70fbd63a50!0x116a50 mov x19, x0; x19=0x70fbebfd38 x0=0x1 -> x19=0x1 
[libmetasec_ml.so] 0x70fbd63a54!0x116a54 br x10; x10=0x70fbd63b10 
[libmetasec_ml.so] 0x70fbd63b10!0x116b10 ldrb w8, [x20]; w8=0xe x20=0x7367411545 mem_r=0x7367411545 -> w8=0x68 
[libmetasec_ml.so] 0x70fbd63b14!0x116b14 orr w8, w8, #2; w8=0x68 w8=0x68 -> w8=0x6a 
[libmetasec_ml.so] 0x70fbd63b18!0x116b18 strb w8, [x20]; w8=0x6a x20=0x7367411545 mem_w=0x7367411545 
[libmetasec_ml.so] 0x70fbd63b1c!0x116b1c ldr x21, [x21]; x21=0x72a74109d0 x21=0x72a74109d0 mem_r=0x72a74109d0 -> x21=0x74472b3830 
[libmetasec_ml.so] 0x70fbd63b20!0x116b20 add x20, x20, x19; x20=0x7367411545 x20=0x7367411545 x19=0x1 -> x20=0x7367411546 
[libmetasec_ml.so] 0x70fbd63b24!0x116b24 cbz x21, #0x70fbd63bf0; x21=0x74472b3830 
[libmetasec_ml.so] 0x70fbd63b28!0x116b28 mov x0, x21; x0=0x1 x21=0x74472b3830 -> x0=0x74472b3830 
[libmetasec_ml.so] 0x70fbd63b2c!0x116b2c bl #0x70fbc80b40; 
[libmetasec_ml.so] 0x70fbc80b40!0x33b40 adrp x16, #0x70fbec9000; x16=0x70fbec9998 -> x16=0x70fbec9000 
[libmetasec_ml.so] 0x70fbc80b44!0x33b44 ldr x17, [x16, #0xa28]; x17=0x75402d9c80 x16=0x70fbec9000 mem_r=0x70fbec9a28 -> x17=0x75402dab00 
[libmetasec_ml.so] 0x70fbc80b48!0x33b48 add x16, x16, #0xa28; x16=0x70fbec9000 x16=0x70fbec9000 -> x16=0x70fbec9a28 
[libmetasec_ml.so] 0x70fbc80b4c!0x33b4c br x17; x17=0x75402dab00 
call func: __strlen_aarch64(0x74472b3830)
args0: !notset!
ret: 0x8
[libmetasec_ml.so] 0x70fbd63b30!0x116b30 mov x1, x20; x1=0x7367411545 x20=0x7367411546 -> x1=0x7367411546 
[libmetasec_ml.so] 0x70fbd63b34!0x116b34 mov x22, x0; x22=0x72a74109d0 x0=0x8 -> x22=0x8 
[libmetasec_ml.so] 0x70fbd63b38!0x116b38 bl #0x70fbd64eb8; 
[libmetasec_ml.so] 0x70fbd64eb8!0x117eb8 cmp w0, #0x80; w0=0x8 -> w0=0x8 
[libmetasec_ml.so] 0x70fbd64ebc!0x117ebc b.lo #0x70fbd64f0c; 
[libmetasec_ml.so] 0x70fbd64f0c!0x117f0c mov w9, wzr; w9=0xfbe425d4 -> w9=0x0 
[libmetasec_ml.so] 0x70fbd64f10!0x117f10 b #0x70fbd64f2c; 
[libmetasec_ml.so] 0x70fbd64f2c!0x117f2c add w8, w9, #1; w8=0x1010101 w9=0x0 -> w8=0x1 
[libmetasec_ml.so] 0x70fbd64f30!0x117f30 strb w0, [x1, w9, uxtw]; w0=0x8 x1=0x7367411546 w9=0x0 mem_w=0x7367411546 
[libmetasec_ml.so] 0x70fbd64f34!0x117f34 mov x0, x8; x0=0x8 x8=0x1 -> x0=0x1 
[libmetasec_ml.so] 0x70fbd64f38!0x117f38 ret ; 
[libmetasec_ml.so] 0x70fbd63b3c!0x116b3c mov x23, x0; x23=0x2a45 x0=0x1 -> x23=0x1 
[libmetasec_ml.so] 0x70fbd63b40!0x116b40 add x0, x20, x0; x0=0x1 x20=0x7367411546 x0=0x1 -> x0=0x7367411547 
[libmetasec_ml.so] 0x70fbd63b44!0x116b44 mov x1, x21; x1=0x7367411546 x21=0x74472b3830 -> x1=0x74472b3830 
[libmetasec_ml.so] 0x70fbd63b48!0x116b48 mov x2, x22; x2=0x21746573746f6e21 x22=0x8 -> x2=0x8 
[libmetasec_ml.so] 0x70fbd63b4c!0x116b4c bl #0x70fbc80a20; 
[libmetasec_ml.so] 0x70fbc80a20!0x33a20 adrp x16, #0x70fbec9000; x16=0x70fbec9a28 -> x16=0x70fbec9000 
[libmetasec_ml.so] 0x70fbc80a24!0x33a24 ldr x17, [x16, #0x998]; x17=0x75402dab00 x16=0x70fbec9000 mem_r=0x70fbec9998 -> x17=0x75402d9c80 
[libmetasec_ml.so] 0x70fbc80a28!0x33a28 add x16, x16, #0x998; x16=0x70fbec9000 x16=0x70fbec9000 -> x16=0x70fbec9998 
[libmetasec_ml.so] 0x70fbc80a2c!0x33a2c br x17; x17=0x75402d9c80 
call func: __memcpy_aarch64_simd(0x7367411547, 0x74472b3830, 0x8)
hexdump at address 0x74472b3830 with length 0x8:
74472b3830: 21 6e 6f 74 73 65 74 21                         |!notset!        |
ret: 0x7367411547
[libmetasec_ml.so] 0x70fbd63b50!0x116b50 add x8, x23, x22; x8=0x1 x23=0x1 x22=0x8 -> x8=0x9 
[libmetasec_ml.so] 0x70fbd63b54!0x116b54 b #0x70fbd63bf8; 
[libmetasec_ml.so] 0x70fbd63bf8!0x116bf8 add x0, x8, x19; x0=0x7367411547 x8=0x9 x19=0x1 -> x0=0xa 
[libmetasec_ml.so] 0x70fbd63bfc!0x116bfc ldp x29, x30, [sp, #0x30]; fp=0x70d87c2980 lr=0x70fbd63b50 sp=0x70d87c2950 mem_r=0x70d87c2980 -> fp=0x70d87c2a00 lr=0x70fbd63754 
[libmetasec_ml.so] 0x70fbd63c00!0x116c00 ldp x20, x19, [sp, #0x20]; x20=0x7367411546 x19=0x1 sp=0x70d87c2950 mem_r=0x70d87c2970 -> x20=0x72a7410970 x19=0x48 
[libmetasec_ml.so] 0x70fbd63c04!0x116c04 ldp x22, x21, [sp, #0x10]; x22=0x8 x21=0x74472b3830 sp=0x70d87c2950 mem_r=0x70d87c2960 -> x22=0x72a74109d0 x21=0x52 
[libmetasec_ml.so] 0x70fbd63c08!0x116c08 ldr x23, [sp], #0x40; x23=0x1 sp=0x70d87c2950 mem_r=0x70d87c2950 -> x23=0x2a45 
[libmetasec_ml.so] 0x70fbd63c0c!0x116c0c ret ; 
[libmetasec_ml.so] 0x70fbd63754!0x116754 mov x25, x0; x25=0xa x0=0xa -> x25=0xa 
[libmetasec_ml.so] 0x70fbd63758!0x116758 b #0x70fbd63940; 
[libmetasec_ml.so] 0x70fbd63940!0x116940 add x21, x25, x21; x21=0x52 x25=0xa x21=0x52 -> x21=0x5c 
[libmetasec_ml.so] 0x70fbd63944!0x116944 add x28, x28, #1; x28=0xc x28=0xc -> x28=0xd 
[libmetasec_ml.so] 0x70fbd63948!0x116948 b #0x70fbd635f0; 
[libmetasec_ml.so] 0x70fbd635f0!0x1165f0 ldr x8, [x20]; x8=0x9 x20=0x72a7410970 mem_r=0x72a7410970 -> x8=0x70fbebec78 
[libmetasec_ml.so] 0x70fbd635f4!0x1165f4 ldr w9, [x8, #0x30]; w9=0x0 x8=0x70fbebec78 mem_r=0x70fbebeca8 -> w9=0x28 
[libmetasec_ml.so] 0x70fbd635f8!0x1165f8 cmp x28, x9; x28=0xd x9=0x28 -> x28=0xd 
[libmetasec_ml.so] 0x70fbd635fc!0x1165fc b.hs #0x70fbd6397c; 
[libmetasec_ml.so] 0x70fbd63600!0x116600 ldr x8, [x8, #0x38]; x8=0x70fbebec78 x8=0x70fbebec78 mem_r=0x70fbebecb0 -> x8=0x70fbebf9d8 
[libmetasec_ml.so] 0x70fbd63604!0x116604 nop ; 
[libmetasec_ml.so] 0x70fbd63608!0x116608 madd x24, x28, x19, x8; x24=0x70fbebfd38 x28=0xd x19=0x48 x8=0x70fbebf9d8 -> x24=0x70fbebfd80 
[libmetasec_ml.so] 0x70fbd6360c!0x11660c ldr w9, [x24, #0x18]; w9=0x28 x24=0x70fbebfd80 mem_r=0x70fbebfd98 -> w9=0x68 
[libmetasec_ml.so] 0x70fbd63610!0x116610 ldr w11, [x24, #0xc]; w11=0x2e x24=0x70fbebfd80 mem_r=0x70fbebfd8c -> w11=0x3 
[libmetasec_ml.so] 0x70fbd63614!0x116614 add x22, x20, x9; x22=0x72a74109d0 x20=0x72a7410970 x9=0x68 -> x22=0x72a74109d8 
[libmetasec_ml.so] 0x70fbd63618!0x116618 cbz w11, #0x70fbd63744; w11=0x3 
[libmetasec_ml.so] 0x70fbd6361c!0x11661c ldr w9, [x24, #0x14]; w9=0x68 x24=0x70fbebfd80 mem_r=0x70fbebfd94 -> w9=0x0 
[libmetasec_ml.so] 0x70fbd63620!0x116620 cmp w11, #1; w11=0x3 -> w11=0x3 
[libmetasec_ml.so] 0x70fbd63624!0x116624 madd x10, x28, x19, x8; x10=0x70fbd63b10 x28=0xd x19=0x48 x8=0x70fbebf9d8 -> x10=0x70fbebfd80 
[libmetasec_ml.so] 0x70fbd63628!0x116628 ccmp w11, #3, #4, ne; w11=0x3 
[libmetasec_ml.so] 0x70fbd6362c!0x11662c b.ne #0x70fbd63668; 
[libmetasec_ml.so] 0x70fbd63630!0x116630 ldr w10, [x10, #0x30]; w10=0xfbebfd80 x10=0x70fbebfd80 mem_r=0x70fbebfdb0 -> w10=0x0 
[libmetasec_ml.so] 0x70fbd63634!0x116634 tbnz w10, #2, #0x70fbd636a0; w10=0x0 
[libmetasec_ml.so] 0x70fbd63638!0x116638 cmp w11, #3; w11=0x3 -> w11=0x3 
[libmetasec_ml.so] 0x70fbd6363c!0x11663c b.eq #0x70fbd6372c; 
[libmetasec_ml.so] 0x70fbd6372c!0x11672c mov x0, x24; x0=0xa x24=0x70fbebfd80 -> x0=0x70fbebfd80 
[libmetasec_ml.so] 0x70fbd63730!0x116730 mov x1, x22; x1=0x74472b3830 x22=0x72a74109d8 -> x1=0x72a74109d8 
[libmetasec_ml.so] 0x70fbd63734!0x116734 bl #0x70fbd64dc8; 
[libmetasec_ml.so] 0x70fbd64dc8!0x117dc8 ldr w8, [x0, #0x10]; w8=0xfbebf9d8 x0=0x70fbebfd80 mem_r=0x70fbebfd90 -> w8=0x1 
[libmetasec_ml.so] 0x70fbd64dcc!0x117dcc cmp w8, #0x10; w8=0x1 -> w8=0x1 
[libmetasec_ml.so] 0x70fbd64dd0!0x117dd0 b.hi #0x70fbd64e30; 
[libmetasec_ml.so] 0x70fbd64dd4!0x117dd4 adrp x9, #0x70fbe42000; x9=0x0 -> x9=0x70fbe42000 
[libmetasec_ml.so] 0x70fbd64dd8!0x117dd8 add x9, x9, #0x623; x9=0x70fbe42000 x9=0x70fbe42000 -> x9=0x70fbe42623 
[libmetasec_ml.so] 0x70fbd64ddc!0x117ddc adr x10, #0x70fbd64dec; x10=0x0 -> x10=0x70fbd64dec 
[libmetasec_ml.so] 0x70fbd64de0!0x117de0 ldrb w11, [x9, x8]; w11=0x3 x9=0x70fbe42623 x8=0x1 mem_r=0x70fbe42624 -> w11=0x0 
[libmetasec_ml.so] 0x70fbd64de4!0x117de4 add x10, x10, x11, lsl #2; x10=0x70fbd64dec x10=0x70fbd64dec x11=0x0 -> x10=0x70fbd64dec 
[libmetasec_ml.so] 0x70fbd64de8!0x117de8 br x10; x10=0x70fbd64dec 
[libmetasec_ml.so] 0x70fbd64dec!0x117dec ldr w8, [x1]; w8=0x1 x1=0x72a74109d8 mem_r=0x72a74109d8 -> w8=0xfff0bdc1 
[libmetasec_ml.so] 0x70fbd64df0!0x117df0 cmp w8, #0; w8=0xfff0bdc1 -> w8=0xfff0bdc1 
[libmetasec_ml.so] 0x70fbd64df4!0x117df4 b #0x70fbd64e00; 
[libmetasec_ml.so] 0x70fbd64e00!0x117e00 cset w0, eq; w0=0xfbebfd80 -> w0=0x0 
[libmetasec_ml.so] 0x70fbd64e04!0x117e04 ret ; 
[libmetasec_ml.so] 0x70fbd63738!0x116738 cbz w0, #0x70fbd63744; w0=0x0 
[libmetasec_ml.so] 0x70fbd63744!0x116744 add x2, x27, x21; x2=0x8 x27=0x73674114f3 x21=0x5c -> x2=0x736741154f 
[libmetasec_ml.so] 0x70fbd63748!0x116748 mov x0, x24; x0=0x0 x24=0x70fbebfd80 -> x0=0x70fbebfd80 
[libmetasec_ml.so] 0x70fbd6374c!0x11674c mov x1, x22; x1=0x72a74109d8 x22=0x72a74109d8 -> x1=0x72a74109d8 
[libmetasec_ml.so] 0x70fbd63750!0x116750 bl #0x70fbd63a04; 
[libmetasec_ml.so] 0x70fbd63a04!0x116a04 str x23, [sp, #-0x40]!; x23=0x2a45 sp=0x70d87c2990 mem_w=0x70d87c2950 -> sp=0x70d87c2950 
[libmetasec_ml.so] 0x70fbd63a08!0x116a08 stp x22, x21, [sp, #0x10]; x22=0x72a74109d8 x21=0x5c sp=0x70d87c2950 mem_w=0x70d87c2960 
[libmetasec_ml.so] 0x70fbd63a0c!0x116a0c stp x20, x19, [sp, #0x20]; x20=0x72a7410970 x19=0x48 sp=0x70d87c2950 mem_w=0x70d87c2970 
[libmetasec_ml.so] 0x70fbd63a10!0x116a10 stp x29, x30, [sp, #0x30]; fp=0x70d87c2a00 lr=0x70fbd63754 sp=0x70d87c2950 mem_w=0x70d87c2980 
[libmetasec_ml.so] 0x70fbd63a14!0x116a14 add x29, sp, #0x30; fp=0x70d87c2a00 sp=0x70d87c2950 -> fp=0x70d87c2980 
[libmetasec_ml.so] 0x70fbd63a18!0x116a18 mov x19, x0; x19=0x48 x0=0x70fbebfd80 -> x19=0x70fbebfd80 
[libmetasec_ml.so] 0x70fbd63a1c!0x116a1c ldr w0, [x0, #8]; w0=0xfbebfd80 x0=0x70fbebfd80 mem_r=0x70fbebfd88 -> w0=0xe 
[libmetasec_ml.so] 0x70fbd63a20!0x116a20 mov x21, x1; x21=0x5c x1=0x72a74109d8 -> x21=0x72a74109d8 
[libmetasec_ml.so] 0x70fbd63a24!0x116a24 mov x1, x2; x1=0x72a74109d8 x2=0x736741154f -> x1=0x736741154f 
[libmetasec_ml.so] 0x70fbd63a28!0x116a28 mov x20, x2; x20=0x72a7410970 x2=0x736741154f -> x20=0x736741154f 
[libmetasec_ml.so] 0x70fbd63a2c!0x116a2c bl #0x70fbd64e38; 
[libmetasec_ml.so] 0x70fbd64e38!0x117e38 lsr w8, w0, #0x1d; w8=0xfff0bdc1 w0=0xe -> w8=0x0 
[libmetasec_ml.so] 0x70fbd64e3c!0x117e3c cbnz w8, #0x70fbd64e48; w8=0x0 
[libmetasec_ml.so] 0x70fbd64e40!0x117e40 lsl w0, w0, #3; w0=0xe w0=0xe -> w0=0x70 
[libmetasec_ml.so] 0x70fbd64e44!0x117e44 b #0x70fbd64eb8; 
[libmetasec_ml.so] 0x70fbd64eb8!0x117eb8 cmp w0, #0x80; w0=0x70 -> w0=0x70 
[libmetasec_ml.so] 0x70fbd64ebc!0x117ebc b.lo #0x70fbd64f0c; 
[libmetasec_ml.so] 0x70fbd64f0c!0x117f0c mov w9, wzr; w9=0xfbe42623 -> w9=0x0 
[libmetasec_ml.so] 0x70fbd64f10!0x117f10 b #0x70fbd64f2c; 
[libmetasec_ml.so] 0x70fbd64f2c!0x117f2c add w8, w9, #1; w8=0x0 w9=0x0 -> w8=0x1 
[libmetasec_ml.so] 0x70fbd64f30!0x117f30 strb w0, [x1, w9, uxtw]; w0=0x70 x1=0x736741154f w9=0x0 mem_w=0x736741154f 
[libmetasec_ml.so] 0x70fbd64f34!0x117f34 mov x0, x8; x0=0x70 x8=0x1 -> x0=0x1 
[libmetasec_ml.so] 0x70fbd64f38!0x117f38 ret ; 
[libmetasec_ml.so] 0x70fbd63a30!0x116a30 ldr w8, [x19, #0x10]; w8=0x1 x19=0x70fbebfd80 mem_r=0x70fbebfd90 -> w8=0x1 
[libmetasec_ml.so] 0x70fbd63a34!0x116a34 cmp w8, #0x10; w8=0x1 -> w8=0x1 
[libmetasec_ml.so] 0x70fbd63a38!0x116a38 b.hi #0x70fbd63abc; 
[libmetasec_ml.so] 0x70fbd63a3c!0x116a3c adrp x9, #0x70fbe42000; x9=0x0 -> x9=0x70fbe42000 
[libmetasec_ml.so] 0x70fbd63a40!0x116a40 add x9, x9, #0x5d4; x9=0x70fbe42000 x9=0x70fbe42000 -> x9=0x70fbe425d4 
[libmetasec_ml.so] 0x70fbd63a44!0x116a44 adr x10, #0x70fbd63a58; x10=0x70fbd64dec -> x10=0x70fbd63a58 
[libmetasec_ml.so] 0x70fbd63a48!0x116a48 ldrb w11, [x9, x8]; w11=0x0 x9=0x70fbe425d4 x8=0x1 mem_r=0x70fbe425d5 -> w11=0x1b 
[libmetasec_ml.so] 0x70fbd63a4c!0x116a4c add x10, x10, x11, lsl #2; x10=0x70fbd63a58 x10=0x70fbd63a58 x11=0x1b -> x10=0x70fbd63ac4 
[libmetasec_ml.so] 0x70fbd63a50!0x116a50 mov x19, x0; x19=0x70fbebfd80 x0=0x1 -> x19=0x1 
[libmetasec_ml.so] 0x70fbd63a54!0x116a54 br x10; x10=0x70fbd63ac4 
[libmetasec_ml.so] 0x70fbd63ac4!0x116ac4 ldr w0, [x21]; w0=0x1 x21=0x72a74109d8 mem_r=0x72a74109d8 -> w0=0xfff0bdc1 
[libmetasec_ml.so] 0x70fbd63ac8!0x116ac8 add x1, x20, x19; x1=0x736741154f x20=0x736741154f x19=0x1 -> x1=0x7367411550 
[libmetasec_ml.so] 0x70fbd63acc!0x116acc bl #0x70fbd64e54; 
[libmetasec_ml.so] 0x70fbd64e54!0x117e54 lsl w8, w0, #1; w8=0x1 w0=0xfff0bdc1 -> w8=0xffe17b82 
[libmetasec_ml.so] 0x70fbd64e58!0x117e58 eor w0, w8, w0, asr #31; w0=0xfff0bdc1 w8=0xffe17b82 w0=0xfff0bdc1 -> w0=0x1e847d 
[libmetasec_ml.so] 0x70fbd64e5c!0x117e5c b #0x70fbd64eb8; 
[libmetasec_ml.so] 0x70fbd64eb8!0x117eb8 cmp w0, #0x80; w0=0x1e847d -> w0=0x1e847d 
[libmetasec_ml.so] 0x70fbd64ebc!0x117ebc b.lo #0x70fbd64f0c; 
[libmetasec_ml.so] 0x70fbd64ec0!0x117ec0 orr w8, w0, #0x80; w8=0xffe17b82 w0=0x1e847d -> w8=0x1e84fd 
[libmetasec_ml.so] 0x70fbd64ec4!0x117ec4 cmp w0, #4, lsl #12; w0=0x1e847d -> w0=0x1e847d 
[libmetasec_ml.so] 0x70fbd64ec8!0x117ec8 strb w8, [x1]; w8=0x1e84fd x1=0x7367411550 mem_w=0x7367411550 
[libmetasec_ml.so] 0x70fbd64ecc!0x117ecc lsr w8, w0, #7; w8=0x1e84fd w0=0x1e847d -> w8=0x3d08 
[libmetasec_ml.so] 0x70fbd64ed0!0x117ed0 b.lo #0x70fbd64f14; 
[libmetasec_ml.so] 0x70fbd64ed4!0x117ed4 orr w8, w8, #0x80; w8=0x3d08 w8=0x3d08 -> w8=0x3d88 
[libmetasec_ml.so] 0x70fbd64ed8!0x117ed8 cmp w0, #0x200, lsl #12; w0=0x1e847d -> w0=0x1e847d 
[libmetasec_ml.so] 0x70fbd64edc!0x117edc strb w8, [x1, #1]; w8=0x3d88 x1=0x7367411550 mem_w=0x7367411551 
[libmetasec_ml.so] 0x70fbd64ee0!0x117ee0 lsr w8, w0, #0xe; w8=0x3d88 w0=0x1e847d -> w8=0x7a 
[libmetasec_ml.so] 0x70fbd64ee4!0x117ee4 b.lo #0x70fbd64f1c; 
[libmetasec_ml.so] 0x70fbd64f1c!0x117f1c mov w9, #2; w9=0xfbe425d4 -> w9=0x2 
[libmetasec_ml.so] 0x70fbd64f20!0x117f20 b #0x70fbd64f28; 
[libmetasec_ml.so] 0x70fbd64f28!0x117f28 mov w0, w8; w0=0x1e847d w8=0x7a -> w0=0x7a 
[libmetasec_ml.so] 0x70fbd64f2c!0x117f2c add w8, w9, #1; w8=0x7a w9=0x2 -> w8=0x3 
[libmetasec_ml.so] 0x70fbd64f30!0x117f30 strb w0, [x1, w9, uxtw]; w0=0x7a x1=0x7367411550 w9=0x2 mem_w=0x7367411552 
[libmetasec_ml.so] 0x70fbd64f34!0x117f34 mov x0, x8; x0=0x7a x8=0x3 -> x0=0x3 
[libmetasec_ml.so] 0x70fbd64f38!0x117f38 ret ; 
[libmetasec_ml.so] 0x70fbd63ad0!0x116ad0 b #0x70fbd63af0; 
[libmetasec_ml.so] 0x70fbd63af0!0x116af0 add x0, x0, x19; x0=0x3 x0=0x3 x19=0x1 -> x0=0x4 
[libmetasec_ml.so] 0x70fbd63af4!0x116af4 b #0x70fbd63bfc; 
[libmetasec_ml.so] 0x70fbd63bfc!0x116bfc ldp x29, x30, [sp, #0x30]; fp=0x70d87c2980 lr=0x70fbd63ad0 sp=0x70d87c2950 mem_r=0x70d87c2980 -> fp=0x70d87c2a00 lr=0x70fbd63754 
[libmetasec_ml.so] 0x70fbd63c00!0x116c00 ldp x20, x19, [sp, #0x20]; x20=0x736741154f x19=0x1 sp=0x70d87c2950 mem_r=0x70d87c2970 -> x20=0x72a7410970 x19=0x48 
[libmetasec_ml.so] 0x70fbd63c04!0x116c04 ldp x22, x21, [sp, #0x10]; x22=0x72a74109d8 x21=0x72a74109d8 sp=0x70d87c2950 mem_r=0x70d87c2960 -> x22=0x72a74109d8 x21=0x5c 
[libmetasec_ml.so] 0x70fbd63c08!0x116c08 ldr x23, [sp], #0x40; x23=0x2a45 sp=0x70d87c2950 mem_r=0x70d87c2950 -> x23=0x2a45 
[libmetasec_ml.so] 0x70fbd63c0c!0x116c0c ret ; 
[libmetasec_ml.so] 0x70fbd63754!0x116754 mov x25, x0; x25=0xa x0=0x4 -> x25=0x4 
[libmetasec_ml.so] 0x70fbd63758!0x116758 b #0x70fbd63940; 
[libmetasec_ml.so] 0x70fbd63940!0x116940 add x21, x25, x21; x21=0x5c x25=0x4 x21=0x5c -> x21=0x60 
[libmetasec_ml.so] 0x70fbd63944!0x116944 add x28, x28, #1; x28=0xd x28=0xd -> x28=0xe 
[libmetasec_ml.so] 0x70fbd63948!0x116948 b #0x70fbd635f0; 
[libmetasec_ml.so] 0x70fbd635f0!0x1165f0 ldr x8, [x20]; x8=0x3 x20=0x72a7410970 mem_r=0x72a7410970 -> x8=0x70fbebec78 
[libmetasec_ml.so] 0x70fbd635f4!0x1165f4 ldr w9, [x8, #0x30]; w9=0x2 x8=0x70fbebec78 mem_r=0x70fbebeca8 -> w9=0x28 
[libmetasec_ml.so] 0x70fbd635f8!0x1165f8 cmp x28, x9; x28=0xe x9=0x28 -> x28=0xe 
[libmetasec_ml.so] 0x70fbd635fc!0x1165fc b.hs #0x70fbd6397c; 
[libmetasec_ml.so] 0x70fbd63600!0x116600 ldr x8, [x8, #0x38]; x8=0x70fbebec78 x8=0x70fbebec78 mem_r=0x70fbebecb0 -> x8=0x70fbebf9d8 
[libmetasec_ml.so] 0x70fbd63604!0x116604 nop ; 
[libmetasec_ml.so] 0x70fbd63608!0x116608 madd x24, x28, x19, x8; x24=0x70fbebfd80 x28=0xe x19=0x48 x8=0x70fbebf9d8 -> x24=0x70fbebfdc8 
[libmetasec_ml.so] 0x70fbd6360c!0x11660c ldr w9, [x24, #0x18]; w9=0x28 x24=0x70fbebfdc8 mem_r=0x70fbebfde0 -> w9=0x70 
[libmetasec_ml.so] 0x70fbd63610!0x116610 ldr w11, [x24, #0xc]; w11=0x1b x24=0x70fbebfdc8 mem_r=0x70fbebfdd4 -> w11=0x3 
[libmetasec_ml.so] 0x70fbd63614!0x116614 add x22, x20, x9; x22=0x72a74109d8 x20=0x72a7410970 x9=0x70 -> x22=0x72a74109e0 
[libmetasec_ml.so] 0x70fbd63618!0x116618 cbz w11, #0x70fbd63744; w11=0x3 
[libmetasec_ml.so] 0x70fbd6361c!0x11661c ldr w9, [x24, #0x14]; w9=0x70 x24=0x70fbebfdc8 mem_r=0x70fbebfddc -> w9=0x0 
[libmetasec_ml.so] 0x70fbd63620!0x116620 cmp w11, #1; w11=0x3 -> w11=0x3 
[libmetasec_ml.so] 0x70fbd63624!0x116624 madd x10, x28, x19, x8; x10=0x70fbd63ac4 x28=0xe x19=0x48 x8=0x70fbebf9d8 -> x10=0x70fbebfdc8 
[libmetasec_ml.so] 0x70fbd63628!0x116628 ccmp w11, #3, #4, ne; w11=0x3 
[libmetasec_ml.so] 0x70fbd6362c!0x11662c b.ne #0x70fbd63668; 
[libmetasec_ml.so] 0x70fbd63630!0x116630 ldr w10, [x10, #0x30]; w10=0xfbebfdc8 x10=0x70fbebfdc8 mem_r=0x70fbebfdf8 -> w10=0x0 
[libmetasec_ml.so] 0x70fbd63634!0x116634 tbnz w10, #2, #0x70fbd636a0; w10=0x0 
[libmetasec_ml.so] 0x70fbd63638!0x116638 cmp w11, #3; w11=0x3 -> w11=0x3 
[libmetasec_ml.so] 0x70fbd6363c!0x11663c b.eq #0x70fbd6372c; 
[libmetasec_ml.so] 0x70fbd6372c!0x11672c mov x0, x24; x0=0x4 x24=0x70fbebfdc8 -> x0=0x70fbebfdc8 
[libmetasec_ml.so] 0x70fbd63730!0x116730 mov x1, x22; x1=0x7367411550 x22=0x72a74109e0 -> x1=0x72a74109e0 
[libmetasec_ml.so] 0x70fbd63734!0x116734 bl #0x70fbd64dc8; 
[libmetasec_ml.so] 0x70fbd64dc8!0x117dc8 ldr w8, [x0, #0x10]; w8=0xfbebf9d8 x0=0x70fbebfdc8 mem_r=0x70fbebfdd8 -> w8=0xe 
[libmetasec_ml.so] 0x70fbd64dcc!0x117dcc cmp w8, #0x10; w8=0xe -> w8=0xe 
[libmetasec_ml.so] 0x70fbd64dd0!0x117dd0 b.hi #0x70fbd64e30; 
[libmetasec_ml.so] 0x70fbd64dd4!0x117dd4 adrp x9, #0x70fbe42000; x9=0x0 -> x9=0x70fbe42000 
[libmetasec_ml.so] 0x70fbd64dd8!0x117dd8 add x9, x9, #0x623; x9=0x70fbe42000 x9=0x70fbe42000 -> x9=0x70fbe42623 
[libmetasec_ml.so] 0x70fbd64ddc!0x117ddc adr x10, #0x70fbd64dec; x10=0x0 -> x10=0x70fbd64dec 
[libmetasec_ml.so] 0x70fbd64de0!0x117de0 ldrb w11, [x9, x8]; w11=0x3 x9=0x70fbe42623 x8=0xe mem_r=0x70fbe42631 -> w11=0xd 
[libmetasec_ml.so] 0x70fbd64de4!0x117de4 add x10, x10, x11, lsl #2; x10=0x70fbd64dec x10=0x70fbd64dec x11=0xd -> x10=0x70fbd64e20 
[libmetasec_ml.so] 0x70fbd64de8!0x117de8 br x10; x10=0x70fbd64e20 
[libmetasec_ml.so] 0x70fbd64e20!0x117e20 ldr x8, [x1]; x8=0xe x1=0x72a74109e0 mem_r=0x72a74109e0 -> x8=0x74472b3690 
[libmetasec_ml.so] 0x70fbd64e24!0x117e24 cbz x8, #0x70fbd64e30; x8=0x74472b3690 
[libmetasec_ml.so] 0x70fbd64e28!0x117e28 ldrb w8, [x8]; w8=0x472b3690 x8=0x74472b3690 mem_r=0x74472b3690 -> w8=0x21 
[libmetasec_ml.so] 0x70fbd64e2c!0x117e2c b #0x70fbd64df0; 
[libmetasec_ml.so] 0x70fbd64df0!0x117df0 cmp w8, #0; w8=0x21 -> w8=0x21 
[libmetasec_ml.so] 0x70fbd64df4!0x117df4 b #0x70fbd64e00; 
[libmetasec_ml.so] 0x70fbd64e00!0x117e00 cset w0, eq; w0=0xfbebfdc8 -> w0=0x0 
[libmetasec_ml.so] 0x70fbd64e04!0x117e04 ret ; 
[libmetasec_ml.so] 0x70fbd63738!0x116738 cbz w0, #0x70fbd63744; w0=0x0 
[libmetasec_ml.so] 0x70fbd63744!0x116744 add x2, x27, x21; x2=0x736741154f x27=0x73674114f3 x21=0x60 -> x2=0x7367411553 
[libmetasec_ml.so] 0x70fbd63748!0x116748 mov x0, x24; x0=0x0 x24=0x70fbebfdc8 -> x0=0x70fbebfdc8 
[libmetasec_ml.so] 0x70fbd6374c!0x11674c mov x1, x22; x1=0x72a74109e0 x22=0x72a74109e0 -> x1=0x72a74109e0 
[libmetasec_ml.so] 0x70fbd63750!0x116750 bl #0x70fbd63a04; 
[libmetasec_ml.so] 0x70fbd63a04!0x116a04 str x23, [sp, #-0x40]!; x23=0x2a45 sp=0x70d87c2990 mem_w=0x70d87c2950 -> sp=0x70d87c2950 
[libmetasec_ml.so] 0x70fbd63a08!0x116a08 stp x22, x21, [sp, #0x10]; x22=0x72a74109e0 x21=0x60 sp=0x70d87c2950 mem_w=0x70d87c2960 
[libmetasec_ml.so] 0x70fbd63a0c!0x116a0c stp x20, x19, [sp, #0x20]; x20=0x72a7410970 x19=0x48 sp=0x70d87c2950 mem_w=0x70d87c2970 
[libmetasec_ml.so] 0x70fbd63a10!0x116a10 stp x29, x30, [sp, #0x30]; fp=0x70d87c2a00 lr=0x70fbd63754 sp=0x70d87c2950 mem_w=0x70d87c2980 
[libmetasec_ml.so] 0x70fbd63a14!0x116a14 add x29, sp, #0x30; fp=0x70d87c2a00 sp=0x70d87c2950 -> fp=0x70d87c2980 
[libmetasec_ml.so] 0x70fbd63a18!0x116a18 mov x19, x0; x19=0x48 x0=0x70fbebfdc8 -> x19=0x70fbebfdc8 
[libmetasec_ml.so] 0x70fbd63a1c!0x116a1c ldr w0, [x0, #8]; w0=0xfbebfdc8 x0=0x70fbebfdc8 mem_r=0x70fbebfdd0 -> w0=0xf 
[libmetasec_ml.so] 0x70fbd63a20!0x116a20 mov x21, x1; x21=0x60 x1=0x72a74109e0 -> x21=0x72a74109e0 
[libmetasec_ml.so] 0x70fbd63a24!0x116a24 mov x1, x2; x1=0x72a74109e0 x2=0x7367411553 -> x1=0x7367411553 
[libmetasec_ml.so] 0x70fbd63a28!0x116a28 mov x20, x2; x20=0x72a7410970 x2=0x7367411553 -> x20=0x7367411553 
[libmetasec_ml.so] 0x70fbd63a2c!0x116a2c bl #0x70fbd64e38; 
[libmetasec_ml.so] 0x70fbd64e38!0x117e38 lsr w8, w0, #0x1d; w8=0x21 w0=0xf -> w8=0x0 
[libmetasec_ml.so] 0x70fbd64e3c!0x117e3c cbnz w8, #0x70fbd64e48; w8=0x0 
[libmetasec_ml.so] 0x70fbd64e40!0x117e40 lsl w0, w0, #3; w0=0xf w0=0xf -> w0=0x78 
[libmetasec_ml.so] 0x70fbd64e44!0x117e44 b #0x70fbd64eb8; 
[libmetasec_ml.so] 0x70fbd64eb8!0x117eb8 cmp w0, #0x80; w0=0x78 -> w0=0x78 
[libmetasec_ml.so] 0x70fbd64ebc!0x117ebc b.lo #0x70fbd64f0c; 
[libmetasec_ml.so] 0x70fbd64f0c!0x117f0c mov w9, wzr; w9=0xfbe42623 -> w9=0x0 
[libmetasec_ml.so] 0x70fbd64f10!0x117f10 b #0x70fbd64f2c; 
[libmetasec_ml.so] 0x70fbd64f2c!0x117f2c add w8, w9, #1; w8=0x0 w9=0x0 -> w8=0x1 
[libmetasec_ml.so] 0x70fbd64f30!0x117f30 strb w0, [x1, w9, uxtw]; w0=0x78 x1=0x7367411553 w9=0x0 mem_w=0x7367411553 
[libmetasec_ml.so] 0x70fbd64f34!0x117f34 mov x0, x8; x0=0x78 x8=0x1 -> x0=0x1 
[libmetasec_ml.so] 0x70fbd64f38!0x117f38 ret ; 
[libmetasec_ml.so] 0x70fbd63a30!0x116a30 ldr w8, [x19, #0x10]; w8=0x1 x19=0x70fbebfdc8 mem_r=0x70fbebfdd8 -> w8=0xe 
[libmetasec_ml.so] 0x70fbd63a34!0x116a34 cmp w8, #0x10; w8=0xe -> w8=0xe 
[libmetasec_ml.so] 0x70fbd63a38!0x116a38 b.hi #0x70fbd63abc; 
[libmetasec_ml.so] 0x70fbd63a3c!0x116a3c adrp x9, #0x70fbe42000; x9=0x0 -> x9=0x70fbe42000 
[libmetasec_ml.so] 0x70fbd63a40!0x116a40 add x9, x9, #0x5d4; x9=0x70fbe42000 x9=0x70fbe42000 -> x9=0x70fbe425d4 
[libmetasec_ml.so] 0x70fbd63a44!0x116a44 adr x10, #0x70fbd63a58; x10=0x70fbd64e20 -> x10=0x70fbd63a58 
[libmetasec_ml.so] 0x70fbd63a48!0x116a48 ldrb w11, [x9, x8]; w11=0xd x9=0x70fbe425d4 x8=0xe mem_r=0x70fbe425e2 -> w11=0x2e 
[libmetasec_ml.so] 0x70fbd63a4c!0x116a4c add x10, x10, x11, lsl #2; x10=0x70fbd63a58 x10=0x70fbd63a58 x11=0x2e -> x10=0x70fbd63b10 
[libmetasec_ml.so] 0x70fbd63a50!0x116a50 mov x19, x0; x19=0x70fbebfdc8 x0=0x1 -> x19=0x1 
[libmetasec_ml.so] 0x70fbd63a54!0x116a54 br x10; x10=0x70fbd63b10 
[libmetasec_ml.so] 0x70fbd63b10!0x116b10 ldrb w8, [x20]; w8=0xe x20=0x7367411553 mem_r=0x7367411553 -> w8=0x78 
[libmetasec_ml.so] 0x70fbd63b14!0x116b14 orr w8, w8, #2; w8=0x78 w8=0x78 -> w8=0x7a 
[libmetasec_ml.so] 0x70fbd63b18!0x116b18 strb w8, [x20]; w8=0x7a x20=0x7367411553 mem_w=0x7367411553 
[libmetasec_ml.so] 0x70fbd63b1c!0x116b1c ldr x21, [x21]; x21=0x72a74109e0 x21=0x72a74109e0 mem_r=0x72a74109e0 -> x21=0x74472b3690 
[libmetasec_ml.so] 0x70fbd63b20!0x116b20 add x20, x20, x19; x20=0x7367411553 x20=0x7367411553 x19=0x1 -> x20=0x7367411554 
[libmetasec_ml.so] 0x70fbd63b24!0x116b24 cbz x21, #0x70fbd63bf0; x21=0x74472b3690 
[libmetasec_ml.so] 0x70fbd63b28!0x116b28 mov x0, x21; x0=0x1 x21=0x74472b3690 -> x0=0x74472b3690 
[libmetasec_ml.so] 0x70fbd63b2c!0x116b2c bl #0x70fbc80b40; 
[libmetasec_ml.so] 0x70fbc80b40!0x33b40 adrp x16, #0x70fbec9000; x16=0x70fbec9998 -> x16=0x70fbec9000 
[libmetasec_ml.so] 0x70fbc80b44!0x33b44 ldr x17, [x16, #0xa28]; x17=0x75402d9c80 x16=0x70fbec9000 mem_r=0x70fbec9a28 -> x17=0x75402dab00 
[libmetasec_ml.so] 0x70fbc80b48!0x33b48 add x16, x16, #0xa28; x16=0x70fbec9000 x16=0x70fbec9000 -> x16=0x70fbec9a28 
[libmetasec_ml.so] 0x70fbc80b4c!0x33b4c br x17; x17=0x75402dab00 
call func: __strlen_aarch64(0x74472b3690)
args0: !notset!
ret: 0x8
[libmetasec_ml.so] 0x70fbd63b30!0x116b30 mov x1, x20; x1=0x7367411553 x20=0x7367411554 -> x1=0x7367411554 
[libmetasec_ml.so] 0x70fbd63b34!0x116b34 mov x22, x0; x22=0x72a74109e0 x0=0x8 -> x22=0x8 
[libmetasec_ml.so] 0x70fbd63b38!0x116b38 bl #0x70fbd64eb8; 
[libmetasec_ml.so] 0x70fbd64eb8!0x117eb8 cmp w0, #0x80; w0=0x8 -> w0=0x8 
[libmetasec_ml.so] 0x70fbd64ebc!0x117ebc b.lo #0x70fbd64f0c; 
[libmetasec_ml.so] 0x70fbd64f0c!0x117f0c mov w9, wzr; w9=0xfbe425d4 -> w9=0x0 
[libmetasec_ml.so] 0x70fbd64f10!0x117f10 b #0x70fbd64f2c; 
[libmetasec_ml.so] 0x70fbd64f2c!0x117f2c add w8, w9, #1; w8=0x1010101 w9=0x0 -> w8=0x1 
[libmetasec_ml.so] 0x70fbd64f30!0x117f30 strb w0, [x1, w9, uxtw]; w0=0x8 x1=0x7367411554 w9=0x0 mem_w=0x7367411554 
[libmetasec_ml.so] 0x70fbd64f34!0x117f34 mov x0, x8; x0=0x8 x8=0x1 -> x0=0x1 
[libmetasec_ml.so] 0x70fbd64f38!0x117f38 ret ; 
[libmetasec_ml.so] 0x70fbd63b3c!0x116b3c mov x23, x0; x23=0x2a45 x0=0x1 -> x23=0x1 
[libmetasec_ml.so] 0x70fbd63b40!0x116b40 add x0, x20, x0; x0=0x1 x20=0x7367411554 x0=0x1 -> x0=0x7367411555 
[libmetasec_ml.so] 0x70fbd63b44!0x116b44 mov x1, x21; x1=0x7367411554 x21=0x74472b3690 -> x1=0x74472b3690 
[libmetasec_ml.so] 0x70fbd63b48!0x116b48 mov x2, x22; x2=0x21746573746f6e21 x22=0x8 -> x2=0x8 
[libmetasec_ml.so] 0x70fbd63b4c!0x116b4c bl #0x70fbc80a20; 
[libmetasec_ml.so] 0x70fbc80a20!0x33a20 adrp x16, #0x70fbec9000; x16=0x70fbec9a28 -> x16=0x70fbec9000 
[libmetasec_ml.so] 0x70fbc80a24!0x33a24 ldr x17, [x16, #0x998]; x17=0x75402dab00 x16=0x70fbec9000 mem_r=0x70fbec9998 -> x17=0x75402d9c80 
[libmetasec_ml.so] 0x70fbc80a28!0x33a28 add x16, x16, #0x998; x16=0x70fbec9000 x16=0x70fbec9000 -> x16=0x70fbec9998 
[libmetasec_ml.so] 0x70fbc80a2c!0x33a2c br x17; x17=0x75402d9c80 
call func: __memcpy_aarch64_simd(0x7367411555, 0x74472b3690, 0x8)
hexdump at address 0x74472b3690 with length 0x8:
74472b3690: 21 6e 6f 74 73 65 74 21                         |!notset!        |
ret: 0x7367411555
[libmetasec_ml.so] 0x70fbd63b50!0x116b50 add x8, x23, x22; x8=0x1 x23=0x1 x22=0x8 -> x8=0x9 
[libmetasec_ml.so] 0x70fbd63b54!0x116b54 b #0x70fbd63bf8; 
[libmetasec_ml.so] 0x70fbd63bf8!0x116bf8 add x0, x8, x19; x0=0x7367411555 x8=0x9 x19=0x1 -> x0=0xa 
[libmetasec_ml.so] 0x70fbd63bfc!0x116bfc ldp x29, x30, [sp, #0x30]; fp=0x70d87c2980 lr=0x70fbd63b50 sp=0x70d87c2950 mem_r=0x70d87c2980 -> fp=0x70d87c2a00 lr=0x70fbd63754 
[libmetasec_ml.so] 0x70fbd63c00!0x116c00 ldp x20, x19, [sp, #0x20]; x20=0x7367411554 x19=0x1 sp=0x70d87c2950 mem_r=0x70d87c2970 -> x20=0x72a7410970 x19=0x48 
[libmetasec_ml.so] 0x70fbd63c04!0x116c04 ldp x22, x21, [sp, #0x10]; x22=0x8 x21=0x74472b3690 sp=0x70d87c2950 mem_r=0x70d87c2960 -> x22=0x72a74109e0 x21=0x60 
[libmetasec_ml.so] 0x70fbd63c08!0x116c08 ldr x23, [sp], #0x40; x23=0x1 sp=0x70d87c2950 mem_r=0x70d87c2950 -> x23=0x2a45 
[libmetasec_ml.so] 0x70fbd63c0c!0x116c0c ret ; 
[libmetasec_ml.so] 0x70fbd63754!0x116754 mov x25, x0; x25=0x4 x0=0xa -> x25=0xa 
[libmetasec_ml.so] 0x70fbd63758!0x116758 b #0x70fbd63940; 
[libmetasec_ml.so] 0x70fbd63940!0x116940 add x21, x25, x21; x21=0x60 x25=0xa x21=0x60 -> x21=0x6a 
[libmetasec_ml.so] 0x70fbd63944!0x116944 add x28, x28, #1; x28=0xe x28=0xe -> x28=0xf 
[libmetasec_ml.so] 0x70fbd63948!0x116948 b #0x70fbd635f0; 
[libmetasec_ml.so] 0x70fbd635f0!0x1165f0 ldr x8, [x20]; x8=0x9 x20=0x72a7410970 mem_r=0x72a7410970 -> x8=0x70fbebec78 
[libmetasec_ml.so] 0x70fbd635f4!0x1165f4 ldr w9, [x8, #0x30]; w9=0x0 x8=0x70fbebec78 mem_r=0x70fbebeca8 -> w9=0x28 
[libmetasec_ml.so] 0x70fbd635f8!0x1165f8 cmp x28, x9; x28=0xf x9=0x28 -> x28=0xf 
[libmetasec_ml.so] 0x70fbd635fc!0x1165fc b.hs #0x70fbd6397c; 
[libmetasec_ml.so] 0x70fbd63600!0x116600 ldr x8, [x8, #0x38]; x8=0x70fbebec78 x8=0x70fbebec78 mem_r=0x70fbebecb0 -> x8=0x70fbebf9d8 
[libmetasec_ml.so] 0x70fbd63604!0x116604 nop ; 
[libmetasec_ml.so] 0x70fbd63608!0x116608 madd x24, x28, x19, x8; x24=0x70fbebfdc8 x28=0xf x19=0x48 x8=0x70fbebf9d8 -> x24=0x70fbebfe10 
[libmetasec_ml.so] 0x70fbd6360c!0x11660c ldr w9, [x24, #0x18]; w9=0x28 x24=0x70fbebfe10 mem_r=0x70fbebfe28 -> w9=0x78 
[libmetasec_ml.so] 0x70fbd63610!0x116610 ldr w11, [x24, #0xc]; w11=0x2e x24=0x70fbebfe10 mem_r=0x70fbebfe1c -> w11=0x3 
[libmetasec_ml.so] 0x70fbd63614!0x116614 add x22, x20, x9; x22=0x72a74109e0 x20=0x72a7410970 x9=0x78 -> x22=0x72a74109e8 
[libmetasec_ml.so] 0x70fbd63618!0x116618 cbz w11, #0x70fbd63744; w11=0x3 
[libmetasec_ml.so] 0x70fbd6361c!0x11661c ldr w9, [x24, #0x14]; w9=0x78 x24=0x70fbebfe10 mem_r=0x70fbebfe24 -> w9=0x0 
[libmetasec_ml.so] 0x70fbd63620!0x116620 cmp w11, #1; w11=0x3 -> w11=0x3 
[libmetasec_ml.so] 0x70fbd63624!0x116624 madd x10, x28, x19, x8; x10=0x70fbd63b10 x28=0xf x19=0x48 x8=0x70fbebf9d8 -> x10=0x70fbebfe10 
[libmetasec_ml.so] 0x70fbd63628!0x116628 ccmp w11, #3, #4, ne; w11=0x3 
[libmetasec_ml.so] 0x70fbd6362c!0x11662c b.ne #0x70fbd63668; 
[libmetasec_ml.so] 0x70fbd63630!0x116630 ldr w10, [x10, #0x30]; w10=0xfbebfe10 x10=0x70fbebfe10 mem_r=0x70fbebfe40 -> w10=0x0 
[libmetasec_ml.so] 0x70fbd63634!0x116634 tbnz w10, #2, #0x70fbd636a0; w10=0x0 
[libmetasec_ml.so] 0x70fbd63638!0x116638 cmp w11, #3; w11=0x3 -> w11=0x3 
[libmetasec_ml.so] 0x70fbd6363c!0x11663c b.eq #0x70fbd6372c; 
[libmetasec_ml.so] 0x70fbd6372c!0x11672c mov x0, x24; x0=0xa x24=0x70fbebfe10 -> x0=0x70fbebfe10 
[libmetasec_ml.so] 0x70fbd63730!0x116730 mov x1, x22; x1=0x74472b3690 x22=0x72a74109e8 -> x1=0x72a74109e8 
[libmetasec_ml.so] 0x70fbd63734!0x116734 bl #0x70fbd64dc8; 
[libmetasec_ml.so] 0x70fbd64dc8!0x117dc8 ldr w8, [x0, #0x10]; w8=0xfbebf9d8 x0=0x70fbebfe10 mem_r=0x70fbebfe20 -> w8=0xa 
[libmetasec_ml.so] 0x70fbd64dcc!0x117dcc cmp w8, #0x10; w8=0xa -> w8=0xa 
[libmetasec_ml.so] 0x70fbd64dd0!0x117dd0 b.hi #0x70fbd64e30; 
[libmetasec_ml.so] 0x70fbd64dd4!0x117dd4 adrp x9, #0x70fbe42000; x9=0x0 -> x9=0x70fbe42000 
[libmetasec_ml.so] 0x70fbd64dd8!0x117dd8 add x9, x9, #0x623; x9=0x70fbe42000 x9=0x70fbe42000 -> x9=0x70fbe42623 
[libmetasec_ml.so] 0x70fbd64ddc!0x117ddc adr x10, #0x70fbd64dec; x10=0x0 -> x10=0x70fbd64dec 
[libmetasec_ml.so] 0x70fbd64de0!0x117de0 ldrb w11, [x9, x8]; w11=0x3 x9=0x70fbe42623 x8=0xa mem_r=0x70fbe4262d -> w11=0x7 
[libmetasec_ml.so] 0x70fbd64de4!0x117de4 add x10, x10, x11, lsl #2; x10=0x70fbd64dec x10=0x70fbd64dec x11=0x7 -> x10=0x70fbd64e08 
[libmetasec_ml.so] 0x70fbd64de8!0x117de8 br x10; x10=0x70fbd64e08 
[libmetasec_ml.so] 0x70fbd64e08!0x117e08 ldr s0, [x1]; s0=0x0 x1=0x72a74109e8 mem_r=0x72a74109e8 -> s0=0x0 
[libmetasec_ml.so] 0x70fbd64e0c!0x117e0c fcmp s0, #0.0; s0=0x0 
[libmetasec_ml.so] 0x70fbd64e10!0x117e10 b #0x70fbd64e00; 
[libmetasec_ml.so] 0x70fbd64e00!0x117e00 cset w0, eq; w0=0xfbebfe10 -> w0=0x0 
[libmetasec_ml.so] 0x70fbd64e04!0x117e04 ret ; 
[libmetasec_ml.so] 0x70fbd63738!0x116738 cbz w0, #0x70fbd63744; w0=0x0 
[libmetasec_ml.so] 0x70fbd63744!0x116744 add x2, x27, x21; x2=0x8 x27=0x73674114f3 x21=0x6a -> x2=0x736741155d 
[libmetasec_ml.so] 0x70fbd63748!0x116748 mov x0, x24; x0=0x0 x24=0x70fbebfe10 -> x0=0x70fbebfe10 
[libmetasec_ml.so] 0x70fbd6374c!0x11674c mov x1, x22; x1=0x72a74109e8 x22=0x72a74109e8 -> x1=0x72a74109e8 
[libmetasec_ml.so] 0x70fbd63750!0x116750 bl #0x70fbd63a04; 
[libmetasec_ml.so] 0x70fbd63a04!0x116a04 str x23, [sp, #-0x40]!; x23=0x2a45 sp=0x70d87c2990 mem_w=0x70d87c2950 -> sp=0x70d87c2950 
[libmetasec_ml.so] 0x70fbd63a08!0x116a08 stp x22, x21, [sp, #0x10]; x22=0x72a74109e8 x21=0x6a sp=0x70d87c2950 mem_w=0x70d87c2960 
[libmetasec_ml.so] 0x70fbd63a0c!0x116a0c stp x20, x19, [sp, #0x20]; x20=0x72a7410970 x19=0x48 sp=0x70d87c2950 mem_w=0x70d87c2970 
[libmetasec_ml.so] 0x70fbd63a10!0x116a10 stp x29, x30, [sp, #0x30]; fp=0x70d87c2a00 lr=0x70fbd63754 sp=0x70d87c2950 mem_w=0x70d87c2980 
[libmetasec_ml.so] 0x70fbd63a14!0x116a14 add x29, sp, #0x30; fp=0x70d87c2a00 sp=0x70d87c2950 -> fp=0x70d87c2980 
[libmetasec_ml.so] 0x70fbd63a18!0x116a18 mov x19, x0; x19=0x48 x0=0x70fbebfe10 -> x19=0x70fbebfe10 
[libmetasec_ml.so] 0x70fbd63a1c!0x116a1c ldr w0, [x0, #8]; w0=0xfbebfe10 x0=0x70fbebfe10 mem_r=0x70fbebfe18 -> w0=0x10 
[libmetasec_ml.so] 0x70fbd63a20!0x116a20 mov x21, x1; x21=0x6a x1=0x72a74109e8 -> x21=0x72a74109e8 
[libmetasec_ml.so] 0x70fbd63a24!0x116a24 mov x1, x2; x1=0x72a74109e8 x2=0x736741155d -> x1=0x736741155d 
[libmetasec_ml.so] 0x70fbd63a28!0x116a28 mov x20, x2; x20=0x72a7410970 x2=0x736741155d -> x20=0x736741155d 
[libmetasec_ml.so] 0x70fbd63a2c!0x116a2c bl #0x70fbd64e38; 
[libmetasec_ml.so] 0x70fbd64e38!0x117e38 lsr w8, w0, #0x1d; w8=0xa w0=0x10 -> w8=0x0 
[libmetasec_ml.so] 0x70fbd64e3c!0x117e3c cbnz w8, #0x70fbd64e48; w8=0x0 
[libmetasec_ml.so] 0x70fbd64e40!0x117e40 lsl w0, w0, #3; w0=0x10 w0=0x10 -> w0=0x80 
[libmetasec_ml.so] 0x70fbd64e44!0x117e44 b #0x70fbd64eb8; 
[libmetasec_ml.so] 0x70fbd64eb8!0x117eb8 cmp w0, #0x80; w0=0x80 -> w0=0x80 
[libmetasec_ml.so] 0x70fbd64ebc!0x117ebc b.lo #0x70fbd64f0c; 
[libmetasec_ml.so] 0x70fbd64ec0!0x117ec0 orr w8, w0, #0x80; w8=0x0 w0=0x80 -> w8=0x80 
[libmetasec_ml.so] 0x70fbd64ec4!0x117ec4 cmp w0, #4, lsl #12; w0=0x80 -> w0=0x80 
[libmetasec_ml.so] 0x70fbd64ec8!0x117ec8 strb w8, [x1]; w8=0x80 x1=0x736741155d mem_w=0x736741155d 
[libmetasec_ml.so] 0x70fbd64ecc!0x117ecc lsr w8, w0, #7; w8=0x80 w0=0x80 -> w8=0x1 
[libmetasec_ml.so] 0x70fbd64ed0!0x117ed0 b.lo #0x70fbd64f14; 
[libmetasec_ml.so] 0x70fbd64f14!0x117f14 mov w9, #1; w9=0xfbe42623 -> w9=0x1 
[libmetasec_ml.so] 0x70fbd64f18!0x117f18 b #0x70fbd64f28; 
[libmetasec_ml.so] 0x70fbd64f28!0x117f28 mov w0, w8; w0=0x80 w8=0x1 -> w0=0x1 
[libmetasec_ml.so] 0x70fbd64f2c!0x117f2c add w8, w9, #1; w8=0x1 w9=0x1 -> w8=0x2 
[libmetasec_ml.so] 0x70fbd64f30!0x117f30 strb w0, [x1, w9, uxtw]; w0=0x1 x1=0x736741155d w9=0x1 mem_w=0x736741155e 
[libmetasec_ml.so] 0x70fbd64f34!0x117f34 mov x0, x8; x0=0x1 x8=0x2 -> x0=0x2 
[libmetasec_ml.so] 0x70fbd64f38!0x117f38 ret ; 
[libmetasec_ml.so] 0x70fbd63a30!0x116a30 ldr w8, [x19, #0x10]; w8=0x2 x19=0x70fbebfe10 mem_r=0x70fbebfe20 -> w8=0xa 
[libmetasec_ml.so] 0x70fbd63a34!0x116a34 cmp w8, #0x10; w8=0xa -> w8=0xa 
[libmetasec_ml.so] 0x70fbd63a38!0x116a38 b.hi #0x70fbd63abc; 
[libmetasec_ml.so] 0x70fbd63a3c!0x116a3c adrp x9, #0x70fbe42000; x9=0x1 -> x9=0x70fbe42000 
[libmetasec_ml.so] 0x70fbd63a40!0x116a40 add x9, x9, #0x5d4; x9=0x70fbe42000 x9=0x70fbe42000 -> x9=0x70fbe425d4 
[libmetasec_ml.so] 0x70fbd63a44!0x116a44 adr x10, #0x70fbd63a58; x10=0x70fbd64e08 -> x10=0x70fbd63a58 
[libmetasec_ml.so] 0x70fbd63a48!0x116a48 ldrb w11, [x9, x8]; w11=0x7 x9=0x70fbe425d4 x8=0xa mem_r=0x70fbe425de -> w11=0x0 
[libmetasec_ml.so] 0x70fbd63a4c!0x116a4c add x10, x10, x11, lsl #2; x10=0x70fbd63a58 x10=0x70fbd63a58 x11=0x0 -> x10=0x70fbd63a58 
[libmetasec_ml.so] 0x70fbd63a50!0x116a50 mov x19, x0; x19=0x70fbebfe10 x0=0x2 -> x19=0x2 
[libmetasec_ml.so] 0x70fbd63a54!0x116a54 br x10; x10=0x70fbd63a58 
[libmetasec_ml.so] 0x70fbd63a58!0x116a58 ldrb w8, [x20]; w8=0xa x20=0x736741155d mem_r=0x736741155d -> w8=0x80 
[libmetasec_ml.so] 0x70fbd63a5c!0x116a5c mov w9, #5; w9=0xfbe425d4 -> w9=0x5 
[libmetasec_ml.so] 0x70fbd63a60!0x116a60 add x1, x20, x19; x1=0x736741155d x20=0x736741155d x19=0x2 -> x1=0x736741155f 
[libmetasec_ml.so] 0x70fbd63a64!0x116a64 orr w8, w8, w9; w8=0x80 w8=0x80 w9=0x5 -> w8=0x85 
[libmetasec_ml.so] 0x70fbd63a68!0x116a68 strb w8, [x20]; w8=0x85 x20=0x736741155d mem_w=0x736741155d 
[libmetasec_ml.so] 0x70fbd63a6c!0x116a6c ldr w0, [x21]; w0=0x2 x21=0x72a74109e8 mem_r=0x72a74109e8 -> w0=0xc97423f0 
[libmetasec_ml.so] 0x70fbd63a70!0x116a70 bl #0x70fbd64fd0; 
[libmetasec_ml.so] 0x70fbd64fd0!0x117fd0 sub sp, sp, #0x10; sp=0x70d87c2950 sp=0x70d87c2950 -> sp=0x70d87c2940 
[libmetasec_ml.so] 0x70fbd64fd4!0x117fd4 str w0, [sp, #0xc]; w0=0xc97423f0 sp=0x70d87c2940 mem_w=0x70d87c294c 
[libmetasec_ml.so] 0x70fbd64fd8!0x117fd8 str w0, [x1]; w0=0xc97423f0 x1=0x736741155f mem_w=0x736741155f 
[libmetasec_ml.so] 0x70fbd64fdc!0x117fdc add sp, sp, #0x10; sp=0x70d87c2940 sp=0x70d87c2940 -> sp=0x70d87c2950 
[libmetasec_ml.so] 0x70fbd64fe0!0x117fe0 ret ; 
[libmetasec_ml.so] 0x70fbd63a74!0x116a74 add x0, x19, #4; x0=0xc97423f0 x19=0x2 -> x0=0x6 
[libmetasec_ml.so] 0x70fbd63a78!0x116a78 b #0x70fbd63bfc; 
[libmetasec_ml.so] 0x70fbd63bfc!0x116bfc ldp x29, x30, [sp, #0x30]; fp=0x70d87c2980 lr=0x70fbd63a74 sp=0x70d87c2950 mem_r=0x70d87c2980 -> fp=0x70d87c2a00 lr=0x70fbd63754 
[libmetasec_ml.so] 0x70fbd63c00!0x116c00 ldp x20, x19, [sp, #0x20]; x20=0x736741155d x19=0x2 sp=0x70d87c2950 mem_r=0x70d87c2970 -> x20=0x72a7410970 x19=0x48 
[libmetasec_ml.so] 0x70fbd63c04!0x116c04 ldp x22, x21, [sp, #0x10]; x22=0x72a74109e8 x21=0x72a74109e8 sp=0x70d87c2950 mem_r=0x70d87c2960 -> x22=0x72a74109e8 x21=0x6a 
[libmetasec_ml.so] 0x70fbd63c08!0x116c08 ldr x23, [sp], #0x40; x23=0x2a45 sp=0x70d87c2950 mem_r=0x70d87c2950 -> x23=0x2a45 
[libmetasec_ml.so] 0x70fbd63c0c!0x116c0c ret ; 
[libmetasec_ml.so] 0x70fbd63754!0x116754 mov x25, x0; x25=0xa x0=0x6 -> x25=0x6 
[libmetasec_ml.so] 0x70fbd63758!0x116758 b #0x70fbd63940; 
[libmetasec_ml.so] 0x70fbd63940!0x116940 add x21, x25, x21; x21=0x6a x25=0x6 x21=0x6a -> x21=0x70 
[libmetasec_ml.so] 0x70fbd63944!0x116944 add x28, x28, #1; x28=0xf x28=0xf -> x28=0x10 
[libmetasec_ml.so] 0x70fbd63948!0x116948 b #0x70fbd635f0; 
[libmetasec_ml.so] 0x70fbd635f0!0x1165f0 ldr x8, [x20]; x8=0x85 x20=0x72a7410970 mem_r=0x72a7410970 -> x8=0x70fbebec78 
[libmetasec_ml.so] 0x70fbd635f4!0x1165f4 ldr w9, [x8, #0x30]; w9=0x5 x8=0x70fbebec78 mem_r=0x70fbebeca8 -> w9=0x28 
[libmetasec_ml.so] 0x70fbd635f8!0x1165f8 cmp x28, x9; x28=0x10 x9=0x28 -> x28=0x10 
[libmetasec_ml.so] 0x70fbd635fc!0x1165fc b.hs #0x70fbd6397c; 
[libmetasec_ml.so] 0x70fbd63600!0x116600 ldr x8, [x8, #0x38]; x8=0x70fbebec78 x8=0x70fbebec78 mem_r=0x70fbebecb0 -> x8=0x70fbebf9d8 
[libmetasec_ml.so] 0x70fbd63604!0x116604 nop ; 
[libmetasec_ml.so] 0x70fbd63608!0x116608 madd x24, x28, x19, x8; x24=0x70fbebfe10 x28=0x10 x19=0x48 x8=0x70fbebf9d8 -> x24=0x70fbebfe58 
[libmetasec_ml.so] 0x70fbd6360c!0x11660c ldr w9, [x24, #0x18]; w9=0x28 x24=0x70fbebfe58 mem_r=0x70fbebfe70 -> w9=0x7c 
[libmetasec_ml.so] 0x70fbd63610!0x116610 ldr w11, [x24, #0xc]; w11=0x0 x24=0x70fbebfe58 mem_r=0x70fbebfe64 -> w11=0x3 
[libmetasec_ml.so] 0x70fbd63614!0x116614 add x22, x20, x9; x22=0x72a74109e8 x20=0x72a7410970 x9=0x7c -> x22=0x72a74109ec 
[libmetasec_ml.so] 0x70fbd63618!0x116618 cbz w11, #0x70fbd63744; w11=0x3 
[libmetasec_ml.so] 0x70fbd6361c!0x11661c ldr w9, [x24, #0x14]; w9=0x7c x24=0x70fbebfe58 mem_r=0x70fbebfe6c -> w9=0x0 
[libmetasec_ml.so] 0x70fbd63620!0x116620 cmp w11, #1; w11=0x3 -> w11=0x3 
[libmetasec_ml.so] 0x70fbd63624!0x116624 madd x10, x28, x19, x8; x10=0x70fbd63a58 x28=0x10 x19=0x48 x8=0x70fbebf9d8 -> x10=0x70fbebfe58 
[libmetasec_ml.so] 0x70fbd63628!0x116628 ccmp w11, #3, #4, ne; w11=0x3 
[libmetasec_ml.so] 0x70fbd6362c!0x11662c b.ne #0x70fbd63668; 
[libmetasec_ml.so] 0x70fbd63630!0x116630 ldr w10, [x10, #0x30]; w10=0xfbebfe58 x10=0x70fbebfe58 mem_r=0x70fbebfe88 -> w10=0x0 
[libmetasec_ml.so] 0x70fbd63634!0x116634 tbnz w10, #2, #0x70fbd636a0; w10=0x0 
[libmetasec_ml.so] 0x70fbd63638!0x116638 cmp w11, #3; w11=0x3 -> w11=0x3 
[libmetasec_ml.so] 0x70fbd6363c!0x11663c b.eq #0x70fbd6372c; 
[libmetasec_ml.so] 0x70fbd6372c!0x11672c mov x0, x24; x0=0x6 x24=0x70fbebfe58 -> x0=0x70fbebfe58 
[libmetasec_ml.so] 0x70fbd63730!0x116730 mov x1, x22; x1=0x736741155f x22=0x72a74109ec -> x1=0x72a74109ec 
[libmetasec_ml.so] 0x70fbd63734!0x116734 bl #0x70fbd64dc8; 
[libmetasec_ml.so] 0x70fbd64dc8!0x117dc8 ldr w8, [x0, #0x10]; w8=0xfbebf9d8 x0=0x70fbebfe58 mem_r=0x70fbebfe68 -> w8=0xa 
[libmetasec_ml.so] 0x70fbd64dcc!0x117dcc cmp w8, #0x10; w8=0xa -> w8=0xa 
[libmetasec_ml.so] 0x70fbd64dd0!0x117dd0 b.hi #0x70fbd64e30; 
[libmetasec_ml.so] 0x70fbd64dd4!0x117dd4 adrp x9, #0x70fbe42000; x9=0x0 -> x9=0x70fbe42000 
[libmetasec_ml.so] 0x70fbd64dd8!0x117dd8 add x9, x9, #0x623; x9=0x70fbe42000 x9=0x70fbe42000 -> x9=0x70fbe42623 
[libmetasec_ml.so] 0x70fbd64ddc!0x117ddc adr x10, #0x70fbd64dec; x10=0x0 -> x10=0x70fbd64dec 
[libmetasec_ml.so] 0x70fbd64de0!0x117de0 ldrb w11, [x9, x8]; w11=0x3 x9=0x70fbe42623 x8=0xa mem_r=0x70fbe4262d -> w11=0x7 
[libmetasec_ml.so] 0x70fbd64de4!0x117de4 add x10, x10, x11, lsl #2; x10=0x70fbd64dec x10=0x70fbd64dec x11=0x7 -> x10=0x70fbd64e08 
[libmetasec_ml.so] 0x70fbd64de8!0x117de8 br x10; x10=0x70fbd64e08 
[libmetasec_ml.so] 0x70fbd64e08!0x117e08 ldr s0, [x1]; s0=0x0 x1=0x72a74109ec mem_r=0x72a74109ec -> s0=0x0 
[libmetasec_ml.so] 0x70fbd64e0c!0x117e0c fcmp s0, #0.0; s0=0x0 
[libmetasec_ml.so] 0x70fbd64e10!0x117e10 b #0x70fbd64e00; 
[libmetasec_ml.so] 0x70fbd64e00!0x117e00 cset w0, eq; w0=0xfbebfe58 -> w0=0x0 
[libmetasec_ml.so] 0x70fbd64e04!0x117e04 ret ; 
[libmetasec_ml.so] 0x70fbd63738!0x116738 cbz w0, #0x70fbd63744; w0=0x0 
[libmetasec_ml.so] 0x70fbd63744!0x116744 add x2, x27, x21; x2=0x736741155d x27=0x73674114f3 x21=0x70 -> x2=0x7367411563 
[libmetasec_ml.so] 0x70fbd63748!0x116748 mov x0, x24; x0=0x0 x24=0x70fbebfe58 -> x0=0x70fbebfe58 
[libmetasec_ml.so] 0x70fbd6374c!0x11674c mov x1, x22; x1=0x72a74109ec x22=0x72a74109ec -> x1=0x72a74109ec 
[libmetasec_ml.so] 0x70fbd63750!0x116750 bl #0x70fbd63a04; 
[libmetasec_ml.so] 0x70fbd63a04!0x116a04 str x23, [sp, #-0x40]!; x23=0x2a45 sp=0x70d87c2990 mem_w=0x70d87c2950 -> sp=0x70d87c2950 
[libmetasec_ml.so] 0x70fbd63a08!0x116a08 stp x22, x21, [sp, #0x10]; x22=0x72a74109ec x21=0x70 sp=0x70d87c2950 mem_w=0x70d87c2960 
[libmetasec_ml.so] 0x70fbd63a0c!0x116a0c stp x20, x19, [sp, #0x20]; x20=0x72a7410970 x19=0x48 sp=0x70d87c2950 mem_w=0x70d87c2970 
[libmetasec_ml.so] 0x70fbd63a10!0x116a10 stp x29, x30, [sp, #0x30]; fp=0x70d87c2a00 lr=0x70fbd63754 sp=0x70d87c2950 mem_w=0x70d87c2980 
[libmetasec_ml.so] 0x70fbd63a14!0x116a14 add x29, sp, #0x30; fp=0x70d87c2a00 sp=0x70d87c2950 -> fp=0x70d87c2980 
[libmetasec_ml.so] 0x70fbd63a18!0x116a18 mov x19, x0; x19=0x48 x0=0x70fbebfe58 -> x19=0x70fbebfe58 
[libmetasec_ml.so] 0x70fbd63a1c!0x116a1c ldr w0, [x0, #8]; w0=0xfbebfe58 x0=0x70fbebfe58 mem_r=0x70fbebfe60 -> w0=0x11 
[libmetasec_ml.so] 0x70fbd63a20!0x116a20 mov x21, x1; x21=0x70 x1=0x72a74109ec -> x21=0x72a74109ec 
[libmetasec_ml.so] 0x70fbd63a24!0x116a24 mov x1, x2; x1=0x72a74109ec x2=0x7367411563 -> x1=0x7367411563 
[libmetasec_ml.so] 0x70fbd63a28!0x116a28 mov x20, x2; x20=0x72a7410970 x2=0x7367411563 -> x20=0x7367411563 
[libmetasec_ml.so] 0x70fbd63a2c!0x116a2c bl #0x70fbd64e38; 
[libmetasec_ml.so] 0x70fbd64e38!0x117e38 lsr w8, w0, #0x1d; w8=0xa w0=0x11 -> w8=0x0 
[libmetasec_ml.so] 0x70fbd64e3c!0x117e3c cbnz w8, #0x70fbd64e48; w8=0x0 
[libmetasec_ml.so] 0x70fbd64e40!0x117e40 lsl w0, w0, #3; w0=0x11 w0=0x11 -> w0=0x88 
[libmetasec_ml.so] 0x70fbd64e44!0x117e44 b #0x70fbd64eb8; 
[libmetasec_ml.so] 0x70fbd64eb8!0x117eb8 cmp w0, #0x80; w0=0x88 -> w0=0x88 
[libmetasec_ml.so] 0x70fbd64ebc!0x117ebc b.lo #0x70fbd64f0c; 
[libmetasec_ml.so] 0x70fbd64ec0!0x117ec0 orr w8, w0, #0x80; w8=0x0 w0=0x88 -> w8=0x88 
[libmetasec_ml.so] 0x70fbd64ec4!0x117ec4 cmp w0, #4, lsl #12; w0=0x88 -> w0=0x88 
[libmetasec_ml.so] 0x70fbd64ec8!0x117ec8 strb w8, [x1]; w8=0x88 x1=0x7367411563 mem_w=0x7367411563 
[libmetasec_ml.so] 0x70fbd64ecc!0x117ecc lsr w8, w0, #7; w8=0x88 w0=0x88 -> w8=0x1 
[libmetasec_ml.so] 0x70fbd64ed0!0x117ed0 b.lo #0x70fbd64f14; 
[libmetasec_ml.so] 0x70fbd64f14!0x117f14 mov w9, #1; w9=0xfbe42623 -> w9=0x1 
[libmetasec_ml.so] 0x70fbd64f18!0x117f18 b #0x70fbd64f28; 
[libmetasec_ml.so] 0x70fbd64f28!0x117f28 mov w0, w8; w0=0x88 w8=0x1 -> w0=0x1 
[libmetasec_ml.so] 0x70fbd64f2c!0x117f2c add w8, w9, #1; w8=0x1 w9=0x1 -> w8=0x2 
[libmetasec_ml.so] 0x70fbd64f30!0x117f30 strb w0, [x1, w9, uxtw]; w0=0x1 x1=0x7367411563 w9=0x1 mem_w=0x7367411564 
[libmetasec_ml.so] 0x70fbd64f34!0x117f34 mov x0, x8; x0=0x1 x8=0x2 -> x0=0x2 
[libmetasec_ml.so] 0x70fbd64f38!0x117f38 ret ; 
[libmetasec_ml.so] 0x70fbd63a30!0x116a30 ldr w8, [x19, #0x10]; w8=0x2 x19=0x70fbebfe58 mem_r=0x70fbebfe68 -> w8=0xa 
[libmetasec_ml.so] 0x70fbd63a34!0x116a34 cmp w8, #0x10; w8=0xa -> w8=0xa 
[libmetasec_ml.so] 0x70fbd63a38!0x116a38 b.hi #0x70fbd63abc; 
[libmetasec_ml.so] 0x70fbd63a3c!0x116a3c adrp x9, #0x70fbe42000; x9=0x1 -> x9=0x70fbe42000 
[libmetasec_ml.so] 0x70fbd63a40!0x116a40 add x9, x9, #0x5d4; x9=0x70fbe42000 x9=0x70fbe42000 -> x9=0x70fbe425d4 
[libmetasec_ml.so] 0x70fbd63a44!0x116a44 adr x10, #0x70fbd63a58; x10=0x70fbd64e08 -> x10=0x70fbd63a58 
[libmetasec_ml.so] 0x70fbd63a48!0x116a48 ldrb w11, [x9, x8]; w11=0x7 x9=0x70fbe425d4 x8=0xa mem_r=0x70fbe425de -> w11=0x0 
[libmetasec_ml.so] 0x70fbd63a4c!0x116a4c add x10, x10, x11, lsl #2; x10=0x70fbd63a58 x10=0x70fbd63a58 x11=0x0 -> x10=0x70fbd63a58 
[libmetasec_ml.so] 0x70fbd63a50!0x116a50 mov x19, x0; x19=0x70fbebfe58 x0=0x2 -> x19=0x2 
[libmetasec_ml.so] 0x70fbd63a54!0x116a54 br x10; x10=0x70fbd63a58 
[libmetasec_ml.so] 0x70fbd63a58!0x116a58 ldrb w8, [x20]; w8=0xa x20=0x7367411563 mem_r=0x7367411563 -> w8=0x88 
[libmetasec_ml.so] 0x70fbd63a5c!0x116a5c mov w9, #5; w9=0xfbe425d4 -> w9=0x5 
[libmetasec_ml.so] 0x70fbd63a60!0x116a60 add x1, x20, x19; x1=0x7367411563 x20=0x7367411563 x19=0x2 -> x1=0x7367411565 
[libmetasec_ml.so] 0x70fbd63a64!0x116a64 orr w8, w8, w9; w8=0x88 w8=0x88 w9=0x5 -> w8=0x8d 
[libmetasec_ml.so] 0x70fbd63a68!0x116a68 strb w8, [x20]; w8=0x8d x20=0x7367411563 mem_w=0x7367411563 
[libmetasec_ml.so] 0x70fbd63a6c!0x116a6c ldr w0, [x21]; w0=0x2 x21=0x72a74109ec mem_r=0x72a74109ec -> w0=0xc97423f0 
[libmetasec_ml.so] 0x70fbd63a70!0x116a70 bl #0x70fbd64fd0; 
[libmetasec_ml.so] 0x70fbd64fd0!0x117fd0 sub sp, sp, #0x10; sp=0x70d87c2950 sp=0x70d87c2950 -> sp=0x70d87c2940 
[libmetasec_ml.so] 0x70fbd64fd4!0x117fd4 str w0, [sp, #0xc]; w0=0xc97423f0 sp=0x70d87c2940 mem_w=0x70d87c294c 
[libmetasec_ml.so] 0x70fbd64fd8!0x117fd8 str w0, [x1]; w0=0xc97423f0 x1=0x7367411565 mem_w=0x7367411565 
[libmetasec_ml.so] 0x70fbd64fdc!0x117fdc add sp, sp, #0x10; sp=0x70d87c2940 sp=0x70d87c2940 -> sp=0x70d87c2950 
[libmetasec_ml.so] 0x70fbd64fe0!0x117fe0 ret ; 
[libmetasec_ml.so] 0x70fbd63a74!0x116a74 add x0, x19, #4; x0=0xc97423f0 x19=0x2 -> x0=0x6 
[libmetasec_ml.so] 0x70fbd63a78!0x116a78 b #0x70fbd63bfc; 
[libmetasec_ml.so] 0x70fbd63bfc!0x116bfc ldp x29, x30, [sp, #0x30]; fp=0x70d87c2980 lr=0x70fbd63a74 sp=0x70d87c2950 mem_r=0x70d87c2980 -> fp=0x70d87c2a00 lr=0x70fbd63754 
[libmetasec_ml.so] 0x70fbd63c00!0x116c00 ldp x20, x19, [sp, #0x20]; x20=0x7367411563 x19=0x2 sp=0x70d87c2950 mem_r=0x70d87c2970 -> x20=0x72a7410970 x19=0x48 
[libmetasec_ml.so] 0x70fbd63c04!0x116c04 ldp x22, x21, [sp, #0x10]; x22=0x72a74109ec x21=0x72a74109ec sp=0x70d87c2950 mem_r=0x70d87c2960 -> x22=0x72a74109ec x21=0x70 
[libmetasec_ml.so] 0x70fbd63c08!0x116c08 ldr x23, [sp], #0x40; x23=0x2a45 sp=0x70d87c2950 mem_r=0x70d87c2950 -> x23=0x2a45 
[libmetasec_ml.so] 0x70fbd63c0c!0x116c0c ret ; 
[libmetasec_ml.so] 0x70fbd63754!0x116754 mov x25, x0; x25=0x6 x0=0x6 -> x25=0x6 
[libmetasec_ml.so] 0x70fbd63758!0x116758 b #0x70fbd63940; 
[libmetasec_ml.so] 0x70fbd63940!0x116940 add x21, x25, x21; x21=0x70 x25=0x6 x21=0x70 -> x21=0x76 
[libmetasec_ml.so] 0x70fbd63944!0x116944 add x28, x28, #1; x28=0x10 x28=0x10 -> x28=0x11 
[libmetasec_ml.so] 0x70fbd63948!0x116948 b #0x70fbd635f0; 
[libmetasec_ml.so] 0x70fbd635f0!0x1165f0 ldr x8, [x20]; x8=0x8d x20=0x72a7410970 mem_r=0x72a7410970 -> x8=0x70fbebec78 
[libmetasec_ml.so] 0x70fbd635f4!0x1165f4 ldr w9, [x8, #0x30]; w9=0x5 x8=0x70fbebec78 mem_r=0x70fbebeca8 -> w9=0x28 
[libmetasec_ml.so] 0x70fbd635f8!0x1165f8 cmp x28, x9; x28=0x11 x9=0x28 -> x28=0x11 
[libmetasec_ml.so] 0x70fbd635fc!0x1165fc b.hs #0x70fbd6397c; 
[libmetasec_ml.so] 0x70fbd63600!0x116600 ldr x8, [x8, #0x38]; x8=0x70fbebec78 x8=0x70fbebec78 mem_r=0x70fbebecb0 -> x8=0x70fbebf9d8 
[libmetasec_ml.so] 0x70fbd63604!0x116604 nop ; 
[libmetasec_ml.so] 0x70fbd63608!0x116608 madd x24, x28, x19, x8; x24=0x70fbebfe58 x28=0x11 x19=0x48 x8=0x70fbebf9d8 -> x24=0x70fbebfea0 
[libmetasec_ml.so] 0x70fbd6360c!0x11660c ldr w9, [x24, #0x18]; w9=0x28 x24=0x70fbebfea0 mem_r=0x70fbebfeb8 -> w9=0x80 
[libmetasec_ml.so] 0x70fbd63610!0x116610 ldr w11, [x24, #0xc]; w11=0x0 x24=0x70fbebfea0 mem_r=0x70fbebfeac -> w11=0x3 
[libmetasec_ml.so] 0x70fbd63614!0x116614 add x22, x20, x9; x22=0x72a74109ec x20=0x72a7410970 x9=0x80 -> x22=0x72a74109f0 
[libmetasec_ml.so] 0x70fbd63618!0x116618 cbz w11, #0x70fbd63744; w11=0x3 
[libmetasec_ml.so] 0x70fbd6361c!0x11661c ldr w9, [x24, #0x14]; w9=0x80 x24=0x70fbebfea0 mem_r=0x70fbebfeb4 -> w9=0x0 
[libmetasec_ml.so] 0x70fbd63620!0x116620 cmp w11, #1; w11=0x3 -> w11=0x3 
[libmetasec_ml.so] 0x70fbd63624!0x116624 madd x10, x28, x19, x8; x10=0x70fbd63a58 x28=0x11 x19=0x48 x8=0x70fbebf9d8 -> x10=0x70fbebfea0 
[libmetasec_ml.so] 0x70fbd63628!0x116628 ccmp w11, #3, #4, ne; w11=0x3 
[libmetasec_ml.so] 0x70fbd6362c!0x11662c b.ne #0x70fbd63668; 
[libmetasec_ml.so] 0x70fbd63630!0x116630 ldr w10, [x10, #0x30]; w10=0xfbebfea0 x10=0x70fbebfea0 mem_r=0x70fbebfed0 -> w10=0x0 
[libmetasec_ml.so] 0x70fbd63634!0x116634 tbnz w10, #2, #0x70fbd636a0; w10=0x0 
[libmetasec_ml.so] 0x70fbd63638!0x116638 cmp w11, #3; w11=0x3 -> w11=0x3 
[libmetasec_ml.so] 0x70fbd6363c!0x11663c b.eq #0x70fbd6372c; 
[libmetasec_ml.so] 0x70fbd6372c!0x11672c mov x0, x24; x0=0x6 x24=0x70fbebfea0 -> x0=0x70fbebfea0 
[libmetasec_ml.so] 0x70fbd63730!0x116730 mov x1, x22; x1=0x7367411565 x22=0x72a74109f0 -> x1=0x72a74109f0 
[libmetasec_ml.so] 0x70fbd63734!0x116734 bl #0x70fbd64dc8; 
[libmetasec_ml.so] 0x70fbd64dc8!0x117dc8 ldr w8, [x0, #0x10]; w8=0xfbebf9d8 x0=0x70fbebfea0 mem_r=0x70fbebfeb0 -> w8=0xa 
[libmetasec_ml.so] 0x70fbd64dcc!0x117dcc cmp w8, #0x10; w8=0xa -> w8=0xa 
[libmetasec_ml.so] 0x70fbd64dd0!0x117dd0 b.hi #0x70fbd64e30; 
[libmetasec_ml.so] 0x70fbd64dd4!0x117dd4 adrp x9, #0x70fbe42000; x9=0x0 -> x9=0x70fbe42000 
[libmetasec_ml.so] 0x70fbd64dd8!0x117dd8 add x9, x9, #0x623; x9=0x70fbe42000 x9=0x70fbe42000 -> x9=0x70fbe42623 
[libmetasec_ml.so] 0x70fbd64ddc!0x117ddc adr x10, #0x70fbd64dec; x10=0x0 -> x10=0x70fbd64dec 
[libmetasec_ml.so] 0x70fbd64de0!0x117de0 ldrb w11, [x9, x8]; w11=0x3 x9=0x70fbe42623 x8=0xa mem_r=0x70fbe4262d -> w11=0x7 
[libmetasec_ml.so] 0x70fbd64de4!0x117de4 add x10, x10, x11, lsl #2; x10=0x70fbd64dec x10=0x70fbd64dec x11=0x7 -> x10=0x70fbd64e08 
[libmetasec_ml.so] 0x70fbd64de8!0x117de8 br x10; x10=0x70fbd64e08 
[libmetasec_ml.so] 0x70fbd64e08!0x117e08 ldr s0, [x1]; s0=0x0 x1=0x72a74109f0 mem_r=0x72a74109f0 -> s0=0x0 
[libmetasec_ml.so] 0x70fbd64e0c!0x117e0c fcmp s0, #0.0; s0=0x0 
[libmetasec_ml.so] 0x70fbd64e10!0x117e10 b #0x70fbd64e00; 
[libmetasec_ml.so] 0x70fbd64e00!0x117e00 cset w0, eq; w0=0xfbebfea0 -> w0=0x0 
[libmetasec_ml.so] 0x70fbd64e04!0x117e04 ret ; 
[libmetasec_ml.so] 0x70fbd63738!0x116738 cbz w0, #0x70fbd63744; w0=0x0 
[libmetasec_ml.so] 0x70fbd63744!0x116744 add x2, x27, x21; x2=0x7367411563 x27=0x73674114f3 x21=0x76 -> x2=0x7367411569 
[libmetasec_ml.so] 0x70fbd63748!0x116748 mov x0, x24; x0=0x0 x24=0x70fbebfea0 -> x0=0x70fbebfea0 
[libmetasec_ml.so] 0x70fbd6374c!0x11674c mov x1, x22; x1=0x72a74109f0 x22=0x72a74109f0 -> x1=0x72a74109f0 
[libmetasec_ml.so] 0x70fbd63750!0x116750 bl #0x70fbd63a04; 
[libmetasec_ml.so] 0x70fbd63a04!0x116a04 str x23, [sp, #-0x40]!; x23=0x2a45 sp=0x70d87c2990 mem_w=0x70d87c2950 -> sp=0x70d87c2950 
[libmetasec_ml.so] 0x70fbd63a08!0x116a08 stp x22, x21, [sp, #0x10]; x22=0x72a74109f0 x21=0x76 sp=0x70d87c2950 mem_w=0x70d87c2960 
[libmetasec_ml.so] 0x70fbd63a0c!0x116a0c stp x20, x19, [sp, #0x20]; x20=0x72a7410970 x19=0x48 sp=0x70d87c2950 mem_w=0x70d87c2970 
[libmetasec_ml.so] 0x70fbd63a10!0x116a10 stp x29, x30, [sp, #0x30]; fp=0x70d87c2a00 lr=0x70fbd63754 sp=0x70d87c2950 mem_w=0x70d87c2980 
[libmetasec_ml.so] 0x70fbd63a14!0x116a14 add x29, sp, #0x30; fp=0x70d87c2a00 sp=0x70d87c2950 -> fp=0x70d87c2980 
[libmetasec_ml.so] 0x70fbd63a18!0x116a18 mov x19, x0; x19=0x48 x0=0x70fbebfea0 -> x19=0x70fbebfea0 
[libmetasec_ml.so] 0x70fbd63a1c!0x116a1c ldr w0, [x0, #8]; w0=0xfbebfea0 x0=0x70fbebfea0 mem_r=0x70fbebfea8 -> w0=0x12 
[libmetasec_ml.so] 0x70fbd63a20!0x116a20 mov x21, x1; x21=0x76 x1=0x72a74109f0 -> x21=0x72a74109f0 
[libmetasec_ml.so] 0x70fbd63a24!0x116a24 mov x1, x2; x1=0x72a74109f0 x2=0x7367411569 -> x1=0x7367411569 
[libmetasec_ml.so] 0x70fbd63a28!0x116a28 mov x20, x2; x20=0x72a7410970 x2=0x7367411569 -> x20=0x7367411569 
[libmetasec_ml.so] 0x70fbd63a2c!0x116a2c bl #0x70fbd64e38; 
[libmetasec_ml.so] 0x70fbd64e38!0x117e38 lsr w8, w0, #0x1d; w8=0xa w0=0x12 -> w8=0x0 
[libmetasec_ml.so] 0x70fbd64e3c!0x117e3c cbnz w8, #0x70fbd64e48; w8=0x0 
[libmetasec_ml.so] 0x70fbd64e40!0x117e40 lsl w0, w0, #3; w0=0x12 w0=0x12 -> w0=0x90 
[libmetasec_ml.so] 0x70fbd64e44!0x117e44 b #0x70fbd64eb8; 
[libmetasec_ml.so] 0x70fbd64eb8!0x117eb8 cmp w0, #0x80; w0=0x90 -> w0=0x90 
[libmetasec_ml.so] 0x70fbd64ebc!0x117ebc b.lo #0x70fbd64f0c; 
[libmetasec_ml.so] 0x70fbd64ec0!0x117ec0 orr w8, w0, #0x80; w8=0x0 w0=0x90 -> w8=0x90 
[libmetasec_ml.so] 0x70fbd64ec4!0x117ec4 cmp w0, #4, lsl #12; w0=0x90 -> w0=0x90 
[libmetasec_ml.so] 0x70fbd64ec8!0x117ec8 strb w8, [x1]; w8=0x90 x1=0x7367411569 mem_w=0x7367411569 
[libmetasec_ml.so] 0x70fbd64ecc!0x117ecc lsr w8, w0, #7; w8=0x90 w0=0x90 -> w8=0x1 
[libmetasec_ml.so] 0x70fbd64ed0!0x117ed0 b.lo #0x70fbd64f14; 
[libmetasec_ml.so] 0x70fbd64f14!0x117f14 mov w9, #1; w9=0xfbe42623 -> w9=0x1 
[libmetasec_ml.so] 0x70fbd64f18!0x117f18 b #0x70fbd64f28; 
[libmetasec_ml.so] 0x70fbd64f28!0x117f28 mov w0, w8; w0=0x90 w8=0x1 -> w0=0x1 
[libmetasec_ml.so] 0x70fbd64f2c!0x117f2c add w8, w9, #1; w8=0x1 w9=0x1 -> w8=0x2 
[libmetasec_ml.so] 0x70fbd64f30!0x117f30 strb w0, [x1, w9, uxtw]; w0=0x1 x1=0x7367411569 w9=0x1 mem_w=0x736741156a 
[libmetasec_ml.so] 0x70fbd64f34!0x117f34 mov x0, x8; x0=0x1 x8=0x2 -> x0=0x2 
[libmetasec_ml.so] 0x70fbd64f38!0x117f38 ret ; 
[libmetasec_ml.so] 0x70fbd63a30!0x116a30 ldr w8, [x19, #0x10]; w8=0x2 x19=0x70fbebfea0 mem_r=0x70fbebfeb0 -> w8=0xa 
[libmetasec_ml.so] 0x70fbd63a34!0x116a34 cmp w8, #0x10; w8=0xa -> w8=0xa 
[libmetasec_ml.so] 0x70fbd63a38!0x116a38 b.hi #0x70fbd63abc; 
[libmetasec_ml.so] 0x70fbd63a3c!0x116a3c adrp x9, #0x70fbe42000; x9=0x1 -> x9=0x70fbe42000 
[libmetasec_ml.so] 0x70fbd63a40!0x116a40 add x9, x9, #0x5d4; x9=0x70fbe42000 x9=0x70fbe42000 -> x9=0x70fbe425d4 
[libmetasec_ml.so] 0x70fbd63a44!0x116a44 adr x10, #0x70fbd63a58; x10=0x70fbd64e08 -> x10=0x70fbd63a58 
[libmetasec_ml.so] 0x70fbd63a48!0x116a48 ldrb w11, [x9, x8]; w11=0x7 x9=0x70fbe425d4 x8=0xa mem_r=0x70fbe425de -> w11=0x0 
[libmetasec_ml.so] 0x70fbd63a4c!0x116a4c add x10, x10, x11, lsl #2; x10=0x70fbd63a58 x10=0x70fbd63a58 x11=0x0 -> x10=0x70fbd63a58 
[libmetasec_ml.so] 0x70fbd63a50!0x116a50 mov x19, x0; x19=0x70fbebfea0 x0=0x2 -> x19=0x2 
[libmetasec_ml.so] 0x70fbd63a54!0x116a54 br x10; x10=0x70fbd63a58 
[libmetasec_ml.so] 0x70fbd63a58!0x116a58 ldrb w8, [x20]; w8=0xa x20=0x7367411569 mem_r=0x7367411569 -> w8=0x90 
[libmetasec_ml.so] 0x70fbd63a5c!0x116a5c mov w9, #5; w9=0xfbe425d4 -> w9=0x5 
[libmetasec_ml.so] 0x70fbd63a60!0x116a60 add x1, x20, x19; x1=0x7367411569 x20=0x7367411569 x19=0x2 -> x1=0x736741156b 
[libmetasec_ml.so] 0x70fbd63a64!0x116a64 orr w8, w8, w9; w8=0x90 w8=0x90 w9=0x5 -> w8=0x95 
[libmetasec_ml.so] 0x70fbd63a68!0x116a68 strb w8, [x20]; w8=0x95 x20=0x7367411569 mem_w=0x7367411569 
[libmetasec_ml.so] 0x70fbd63a6c!0x116a6c ldr w0, [x21]; w0=0x2 x21=0x72a74109f0 mem_r=0x72a74109f0 -> w0=0xc97423f0 
[libmetasec_ml.so] 0x70fbd63a70!0x116a70 bl #0x70fbd64fd0; 
[libmetasec_ml.so] 0x70fbd64fd0!0x117fd0 sub sp, sp, #0x10; sp=0x70d87c2950 sp=0x70d87c2950 -> sp=0x70d87c2940 
[libmetasec_ml.so] 0x70fbd64fd4!0x117fd4 str w0, [sp, #0xc]; w0=0xc97423f0 sp=0x70d87c2940 mem_w=0x70d87c294c 
[libmetasec_ml.so] 0x70fbd64fd8!0x117fd8 str w0, [x1]; w0=0xc97423f0 x1=0x736741156b mem_w=0x736741156b 
[libmetasec_ml.so] 0x70fbd64fdc!0x117fdc add sp, sp, #0x10; sp=0x70d87c2940 sp=0x70d87c2940 -> sp=0x70d87c2950 
[libmetasec_ml.so] 0x70fbd64fe0!0x117fe0 ret ; 
[libmetasec_ml.so] 0x70fbd63a74!0x116a74 add x0, x19, #4; x0=0xc97423f0 x19=0x2 -> x0=0x6 
[libmetasec_ml.so] 0x70fbd63a78!0x116a78 b #0x70fbd63bfc; 
[libmetasec_ml.so] 0x70fbd63bfc!0x116bfc ldp x29, x30, [sp, #0x30]; fp=0x70d87c2980 lr=0x70fbd63a74 sp=0x70d87c2950 mem_r=0x70d87c2980 -> fp=0x70d87c2a00 lr=0x70fbd63754 
[libmetasec_ml.so] 0x70fbd63c00!0x116c00 ldp x20, x19, [sp, #0x20]; x20=0x7367411569 x19=0x2 sp=0x70d87c2950 mem_r=0x70d87c2970 -> x20=0x72a7410970 x19=0x48 
[libmetasec_ml.so] 0x70fbd63c04!0x116c04 ldp x22, x21, [sp, #0x10]; x22=0x72a74109f0 x21=0x72a74109f0 sp=0x70d87c2950 mem_r=0x70d87c2960 -> x22=0x72a74109f0 x21=0x76 
[libmetasec_ml.so] 0x70fbd63c08!0x116c08 ldr x23, [sp], #0x40; x23=0x2a45 sp=0x70d87c2950 mem_r=0x70d87c2950 -> x23=0x2a45 
[libmetasec_ml.so] 0x70fbd63c0c!0x116c0c ret ; 
[libmetasec_ml.so] 0x70fbd63754!0x116754 mov x25, x0; x25=0x6 x0=0x6 -> x25=0x6 
[libmetasec_ml.so] 0x70fbd63758!0x116758 b #0x70fbd63940; 
[libmetasec_ml.so] 0x70fbd63940!0x116940 add x21, x25, x21; x21=0x76 x25=0x6 x21=0x76 -> x21=0x7c 
[libmetasec_ml.so] 0x70fbd63944!0x116944 add x28, x28, #1; x28=0x11 x28=0x11 -> x28=0x12 
[libmetasec_ml.so] 0x70fbd63948!0x116948 b #0x70fbd635f0; 
[libmetasec_ml.so] 0x70fbd635f0!0x1165f0 ldr x8, [x20]; x8=0x95 x20=0x72a7410970 mem_r=0x72a7410970 -> x8=0x70fbebec78 
[libmetasec_ml.so] 0x70fbd635f4!0x1165f4 ldr w9, [x8, #0x30]; w9=0x5 x8=0x70fbebec78 mem_r=0x70fbebeca8 -> w9=0x28 
[libmetasec_ml.so] 0x70fbd635f8!0x1165f8 cmp x28, x9; x28=0x12 x9=0x28 -> x28=0x12 
[libmetasec_ml.so] 0x70fbd635fc!0x1165fc b.hs #0x70fbd6397c; 
[libmetasec_ml.so] 0x70fbd63600!0x116600 ldr x8, [x8, #0x38]; x8=0x70fbebec78 x8=0x70fbebec78 mem_r=0x70fbebecb0 -> x8=0x70fbebf9d8 
[libmetasec_ml.so] 0x70fbd63604!0x116604 nop ; 
[libmetasec_ml.so] 0x70fbd63608!0x116608 madd x24, x28, x19, x8; x24=0x70fbebfea0 x28=0x12 x19=0x48 x8=0x70fbebf9d8 -> x24=0x70fbebfee8 
[libmetasec_ml.so] 0x70fbd6360c!0x11660c ldr w9, [x24, #0x18]; w9=0x28 x24=0x70fbebfee8 mem_r=0x70fbebff00 -> w9=0x84 
[libmetasec_ml.so] 0x70fbd63610!0x116610 ldr w11, [x24, #0xc]; w11=0x0 x24=0x70fbebfee8 mem_r=0x70fbebfef4 -> w11=0x3 
[libmetasec_ml.so] 0x70fbd63614!0x116614 add x22, x20, x9; x22=0x72a74109f0 x20=0x72a7410970 x9=0x84 -> x22=0x72a74109f4 
[libmetasec_ml.so] 0x70fbd63618!0x116618 cbz w11, #0x70fbd63744; w11=0x3 
[libmetasec_ml.so] 0x70fbd6361c!0x11661c ldr w9, [x24, #0x14]; w9=0x84 x24=0x70fbebfee8 mem_r=0x70fbebfefc -> w9=0x0 
[libmetasec_ml.so] 0x70fbd63620!0x116620 cmp w11, #1; w11=0x3 -> w11=0x3 
[libmetasec_ml.so] 0x70fbd63624!0x116624 madd x10, x28, x19, x8; x10=0x70fbd63a58 x28=0x12 x19=0x48 x8=0x70fbebf9d8 -> x10=0x70fbebfee8 
[libmetasec_ml.so] 0x70fbd63628!0x116628 ccmp w11, #3, #4, ne; w11=0x3 
[libmetasec_ml.so] 0x70fbd6362c!0x11662c b.ne #0x70fbd63668; 
[libmetasec_ml.so] 0x70fbd63630!0x116630 ldr w10, [x10, #0x30]; w10=0xfbebfee8 x10=0x70fbebfee8 mem_r=0x70fbebff18 -> w10=0x0 
[libmetasec_ml.so] 0x70fbd63634!0x116634 tbnz w10, #2, #0x70fbd636a0; w10=0x0 
[libmetasec_ml.so] 0x70fbd63638!0x116638 cmp w11, #3; w11=0x3 -> w11=0x3 
[libmetasec_ml.so] 0x70fbd6363c!0x11663c b.eq #0x70fbd6372c; 
[libmetasec_ml.so] 0x70fbd6372c!0x11672c mov x0, x24; x0=0x6 x24=0x70fbebfee8 -> x0=0x70fbebfee8 
[libmetasec_ml.so] 0x70fbd63730!0x116730 mov x1, x22; x1=0x736741156b x22=0x72a74109f4 -> x1=0x72a74109f4 
[libmetasec_ml.so] 0x70fbd63734!0x116734 bl #0x70fbd64dc8; 
[libmetasec_ml.so] 0x70fbd64dc8!0x117dc8 ldr w8, [x0, #0x10]; w8=0xfbebf9d8 x0=0x70fbebfee8 mem_r=0x70fbebfef8 -> w8=0xa 
[libmetasec_ml.so] 0x70fbd64dcc!0x117dcc cmp w8, #0x10; w8=0xa -> w8=0xa 
[libmetasec_ml.so] 0x70fbd64dd0!0x117dd0 b.hi #0x70fbd64e30; 
[libmetasec_ml.so] 0x70fbd64dd4!0x117dd4 adrp x9, #0x70fbe42000; x9=0x0 -> x9=0x70fbe42000 
[libmetasec_ml.so] 0x70fbd64dd8!0x117dd8 add x9, x9, #0x623; x9=0x70fbe42000 x9=0x70fbe42000 -> x9=0x70fbe42623 
[libmetasec_ml.so] 0x70fbd64ddc!0x117ddc adr x10, #0x70fbd64dec; x10=0x0 -> x10=0x70fbd64dec 
[libmetasec_ml.so] 0x70fbd64de0!0x117de0 ldrb w11, [x9, x8]; w11=0x3 x9=0x70fbe42623 x8=0xa mem_r=0x70fbe4262d -> w11=0x7 
[libmetasec_ml.so] 0x70fbd64de4!0x117de4 add x10, x10, x11, lsl #2; x10=0x70fbd64dec x10=0x70fbd64dec x11=0x7 -> x10=0x70fbd64e08 
[libmetasec_ml.so] 0x70fbd64de8!0x117de8 br x10; x10=0x70fbd64e08 
[libmetasec_ml.so] 0x70fbd64e08!0x117e08 ldr s0, [x1]; s0=0x0 x1=0x72a74109f4 mem_r=0x72a74109f4 -> s0=0x0 
[libmetasec_ml.so] 0x70fbd64e0c!0x117e0c fcmp s0, #0.0; s0=0x0 
[libmetasec_ml.so] 0x70fbd64e10!0x117e10 b #0x70fbd64e00; 
[libmetasec_ml.so] 0x70fbd64e00!0x117e00 cset w0, eq; w0=0xfbebfee8 -> w0=0x0 
[libmetasec_ml.so] 0x70fbd64e04!0x117e04 ret ; 
[libmetasec_ml.so] 0x70fbd63738!0x116738 cbz w0, #0x70fbd63744; w0=0x0 
[libmetasec_ml.so] 0x70fbd63744!0x116744 add x2, x27, x21; x2=0x7367411569 x27=0x73674114f3 x21=0x7c -> x2=0x736741156f 
[libmetasec_ml.so] 0x70fbd63748!0x116748 mov x0, x24; x0=0x0 x24=0x70fbebfee8 -> x0=0x70fbebfee8 
[libmetasec_ml.so] 0x70fbd6374c!0x11674c mov x1, x22; x1=0x72a74109f4 x22=0x72a74109f4 -> x1=0x72a74109f4 
[libmetasec_ml.so] 0x70fbd63750!0x116750 bl #0x70fbd63a04; 
[libmetasec_ml.so] 0x70fbd63a04!0x116a04 str x23, [sp, #-0x40]!; x23=0x2a45 sp=0x70d87c2990 mem_w=0x70d87c2950 -> sp=0x70d87c2950 
[libmetasec_ml.so] 0x70fbd63a08!0x116a08 stp x22, x21, [sp, #0x10]; x22=0x72a74109f4 x21=0x7c sp=0x70d87c2950 mem_w=0x70d87c2960 
[libmetasec_ml.so] 0x70fbd63a0c!0x116a0c stp x20, x19, [sp, #0x20]; x20=0x72a7410970 x19=0x48 sp=0x70d87c2950 mem_w=0x70d87c2970 
[libmetasec_ml.so] 0x70fbd63a10!0x116a10 stp x29, x30, [sp, #0x30]; fp=0x70d87c2a00 lr=0x70fbd63754 sp=0x70d87c2950 mem_w=0x70d87c2980 
[libmetasec_ml.so] 0x70fbd63a14!0x116a14 add x29, sp, #0x30; fp=0x70d87c2a00 sp=0x70d87c2950 -> fp=0x70d87c2980 
[libmetasec_ml.so] 0x70fbd63a18!0x116a18 mov x19, x0; x19=0x48 x0=0x70fbebfee8 -> x19=0x70fbebfee8 
[libmetasec_ml.so] 0x70fbd63a1c!0x116a1c ldr w0, [x0, #8]; w0=0xfbebfee8 x0=0x70fbebfee8 mem_r=0x70fbebfef0 -> w0=0x13 
[libmetasec_ml.so] 0x70fbd63a20!0x116a20 mov x21, x1; x21=0x7c x1=0x72a74109f4 -> x21=0x72a74109f4 
[libmetasec_ml.so] 0x70fbd63a24!0x116a24 mov x1, x2; x1=0x72a74109f4 x2=0x736741156f -> x1=0x736741156f 
[libmetasec_ml.so] 0x70fbd63a28!0x116a28 mov x20, x2; x20=0x72a7410970 x2=0x736741156f -> x20=0x736741156f 
[libmetasec_ml.so] 0x70fbd63a2c!0x116a2c bl #0x70fbd64e38; 
[libmetasec_ml.so] 0x70fbd64e38!0x117e38 lsr w8, w0, #0x1d; w8=0xa w0=0x13 -> w8=0x0 
[libmetasec_ml.so] 0x70fbd64e3c!0x117e3c cbnz w8, #0x70fbd64e48; w8=0x0 
[libmetasec_ml.so] 0x70fbd64e40!0x117e40 lsl w0, w0, #3; w0=0x13 w0=0x13 -> w0=0x98 
[libmetasec_ml.so] 0x70fbd64e44!0x117e44 b #0x70fbd64eb8; 
[libmetasec_ml.so] 0x70fbd64eb8!0x117eb8 cmp w0, #0x80; w0=0x98 -> w0=0x98 
[libmetasec_ml.so] 0x70fbd64ebc!0x117ebc b.lo #0x70fbd64f0c; 
[libmetasec_ml.so] 0x70fbd64ec0!0x117ec0 orr w8, w0, #0x80; w8=0x0 w0=0x98 -> w8=0x98 
[libmetasec_ml.so] 0x70fbd64ec4!0x117ec4 cmp w0, #4, lsl #12; w0=0x98 -> w0=0x98 
[libmetasec_ml.so] 0x70fbd64ec8!0x117ec8 strb w8, [x1]; w8=0x98 x1=0x736741156f mem_w=0x736741156f 
[libmetasec_ml.so] 0x70fbd64ecc!0x117ecc lsr w8, w0, #7; w8=0x98 w0=0x98 -> w8=0x1 
[libmetasec_ml.so] 0x70fbd64ed0!0x117ed0 b.lo #0x70fbd64f14; 
[libmetasec_ml.so] 0x70fbd64f14!0x117f14 mov w9, #1; w9=0xfbe42623 -> w9=0x1 
[libmetasec_ml.so] 0x70fbd64f18!0x117f18 b #0x70fbd64f28; 
[libmetasec_ml.so] 0x70fbd64f28!0x117f28 mov w0, w8; w0=0x98 w8=0x1 -> w0=0x1 
[libmetasec_ml.so] 0x70fbd64f2c!0x117f2c add w8, w9, #1; w8=0x1 w9=0x1 -> w8=0x2 
[libmetasec_ml.so] 0x70fbd64f30!0x117f30 strb w0, [x1, w9, uxtw]; w0=0x1 x1=0x736741156f w9=0x1 mem_w=0x7367411570 
[libmetasec_ml.so] 0x70fbd64f34!0x117f34 mov x0, x8; x0=0x1 x8=0x2 -> x0=0x2 
[libmetasec_ml.so] 0x70fbd64f38!0x117f38 ret ; 
[libmetasec_ml.so] 0x70fbd63a30!0x116a30 ldr w8, [x19, #0x10]; w8=0x2 x19=0x70fbebfee8 mem_r=0x70fbebfef8 -> w8=0xa 
[libmetasec_ml.so] 0x70fbd63a34!0x116a34 cmp w8, #0x10; w8=0xa -> w8=0xa 
[libmetasec_ml.so] 0x70fbd63a38!0x116a38 b.hi #0x70fbd63abc; 
[libmetasec_ml.so] 0x70fbd63a3c!0x116a3c adrp x9, #0x70fbe42000; x9=0x1 -> x9=0x70fbe42000 
[libmetasec_ml.so] 0x70fbd63a40!0x116a40 add x9, x9, #0x5d4; x9=0x70fbe42000 x9=0x70fbe42000 -> x9=0x70fbe425d4 
[libmetasec_ml.so] 0x70fbd63a44!0x116a44 adr x10, #0x70fbd63a58; x10=0x70fbd64e08 -> x10=0x70fbd63a58 
[libmetasec_ml.so] 0x70fbd63a48!0x116a48 ldrb w11, [x9, x8]; w11=0x7 x9=0x70fbe425d4 x8=0xa mem_r=0x70fbe425de -> w11=0x0 
[libmetasec_ml.so] 0x70fbd63a4c!0x116a4c add x10, x10, x11, lsl #2; x10=0x70fbd63a58 x10=0x70fbd63a58 x11=0x0 -> x10=0x70fbd63a58 
[libmetasec_ml.so] 0x70fbd63a50!0x116a50 mov x19, x0; x19=0x70fbebfee8 x0=0x2 -> x19=0x2 
[libmetasec_ml.so] 0x70fbd63a54!0x116a54 br x10; x10=0x70fbd63a58 
[libmetasec_ml.so] 0x70fbd63a58!0x116a58 ldrb w8, [x20]; w8=0xa x20=0x736741156f mem_r=0x736741156f -> w8=0x98 
[libmetasec_ml.so] 0x70fbd63a5c!0x116a5c mov w9, #5; w9=0xfbe425d4 -> w9=0x5 
[libmetasec_ml.so] 0x70fbd63a60!0x116a60 add x1, x20, x19; x1=0x736741156f x20=0x736741156f x19=0x2 -> x1=0x7367411571 
[libmetasec_ml.so] 0x70fbd63a64!0x116a64 orr w8, w8, w9; w8=0x98 w8=0x98 w9=0x5 -> w8=0x9d 
[libmetasec_ml.so] 0x70fbd63a68!0x116a68 strb w8, [x20]; w8=0x9d x20=0x736741156f mem_w=0x736741156f 
[libmetasec_ml.so] 0x70fbd63a6c!0x116a6c ldr w0, [x21]; w0=0x2 x21=0x72a74109f4 mem_r=0x72a74109f4 -> w0=0xc97423f0 
[libmetasec_ml.so] 0x70fbd63a70!0x116a70 bl #0x70fbd64fd0; 
[libmetasec_ml.so] 0x70fbd64fd0!0x117fd0 sub sp, sp, #0x10; sp=0x70d87c2950 sp=0x70d87c2950 -> sp=0x70d87c2940 
[libmetasec_ml.so] 0x70fbd64fd4!0x117fd4 str w0, [sp, #0xc]; w0=0xc97423f0 sp=0x70d87c2940 mem_w=0x70d87c294c 
[libmetasec_ml.so] 0x70fbd64fd8!0x117fd8 str w0, [x1]; w0=0xc97423f0 x1=0x7367411571 mem_w=0x7367411571 
[libmetasec_ml.so] 0x70fbd64fdc!0x117fdc add sp, sp, #0x10; sp=0x70d87c2940 sp=0x70d87c2940 -> sp=0x70d87c2950 
[libmetasec_ml.so] 0x70fbd64fe0!0x117fe0 ret ; 
[libmetasec_ml.so] 0x70fbd63a74!0x116a74 add x0, x19, #4; x0=0xc97423f0 x19=0x2 -> x0=0x6 
[libmetasec_ml.so] 0x70fbd63a78!0x116a78 b #0x70fbd63bfc; 
[libmetasec_ml.so] 0x70fbd63bfc!0x116bfc ldp x29, x30, [sp, #0x30]; fp=0x70d87c2980 lr=0x70fbd63a74 sp=0x70d87c2950 mem_r=0x70d87c2980 -> fp=0x70d87c2a00 lr=0x70fbd63754 
[libmetasec_ml.so] 0x70fbd63c00!0x116c00 ldp x20, x19, [sp, #0x20]; x20=0x736741156f x19=0x2 sp=0x70d87c2950 mem_r=0x70d87c2970 -> x20=0x72a7410970 x19=0x48 
[libmetasec_ml.so] 0x70fbd63c04!0x116c04 ldp x22, x21, [sp, #0x10]; x22=0x72a74109f4 x21=0x72a74109f4 sp=0x70d87c2950 mem_r=0x70d87c2960 -> x22=0x72a74109f4 x21=0x7c 
[libmetasec_ml.so] 0x70fbd63c08!0x116c08 ldr x23, [sp], #0x40; x23=0x2a45 sp=0x70d87c2950 mem_r=0x70d87c2950 -> x23=0x2a45 
[libmetasec_ml.so] 0x70fbd63c0c!0x116c0c ret ; 
[libmetasec_ml.so] 0x70fbd63754!0x116754 mov x25, x0; x25=0x6 x0=0x6 -> x25=0x6 
[libmetasec_ml.so] 0x70fbd63758!0x116758 b #0x70fbd63940; 
[libmetasec_ml.so] 0x70fbd63940!0x116940 add x21, x25, x21; x21=0x7c x25=0x6 x21=0x7c -> x21=0x82 
[libmetasec_ml.so] 0x70fbd63944!0x116944 add x28, x28, #1; x28=0x12 x28=0x12 -> x28=0x13 
[libmetasec_ml.so] 0x70fbd63948!0x116948 b #0x70fbd635f0; 
[libmetasec_ml.so] 0x70fbd635f0!0x1165f0 ldr x8, [x20]; x8=0x9d x20=0x72a7410970 mem_r=0x72a7410970 -> x8=0x70fbebec78 
[libmetasec_ml.so] 0x70fbd635f4!0x1165f4 ldr w9, [x8, #0x30]; w9=0x5 x8=0x70fbebec78 mem_r=0x70fbebeca8 -> w9=0x28 
[libmetasec_ml.so] 0x70fbd635f8!0x1165f8 cmp x28, x9; x28=0x13 x9=0x28 -> x28=0x13 
[libmetasec_ml.so] 0x70fbd635fc!0x1165fc b.hs #0x70fbd6397c; 
[libmetasec_ml.so] 0x70fbd63600!0x116600 ldr x8, [x8, #0x38]; x8=0x70fbebec78 x8=0x70fbebec78 mem_r=0x70fbebecb0 -> x8=0x70fbebf9d8 
[libmetasec_ml.so] 0x70fbd63604!0x116604 nop ; 
[libmetasec_ml.so] 0x70fbd63608!0x116608 madd x24, x28, x19, x8; x24=0x70fbebfee8 x28=0x13 x19=0x48 x8=0x70fbebf9d8 -> x24=0x70fbebff30 
[libmetasec_ml.so] 0x70fbd6360c!0x11660c ldr w9, [x24, #0x18]; w9=0x28 x24=0x70fbebff30 mem_r=0x70fbebff48 -> w9=0x88 
[libmetasec_ml.so] 0x70fbd63610!0x116610 ldr w11, [x24, #0xc]; w11=0x0 x24=0x70fbebff30 mem_r=0x70fbebff3c -> w11=0x3 
[libmetasec_ml.so] 0x70fbd63614!0x116614 add x22, x20, x9; x22=0x72a74109f4 x20=0x72a7410970 x9=0x88 -> x22=0x72a74109f8 
[libmetasec_ml.so] 0x70fbd63618!0x116618 cbz w11, #0x70fbd63744; w11=0x3 
[libmetasec_ml.so] 0x70fbd6361c!0x11661c ldr w9, [x24, #0x14]; w9=0x88 x24=0x70fbebff30 mem_r=0x70fbebff44 -> w9=0x0 
[libmetasec_ml.so] 0x70fbd63620!0x116620 cmp w11, #1; w11=0x3 -> w11=0x3 
[libmetasec_ml.so] 0x70fbd63624!0x116624 madd x10, x28, x19, x8; x10=0x70fbd63a58 x28=0x13 x19=0x48 x8=0x70fbebf9d8 -> x10=0x70fbebff30 
[libmetasec_ml.so] 0x70fbd63628!0x116628 ccmp w11, #3, #4, ne; w11=0x3 
[libmetasec_ml.so] 0x70fbd6362c!0x11662c b.ne #0x70fbd63668; 
[libmetasec_ml.so] 0x70fbd63630!0x116630 ldr w10, [x10, #0x30]; w10=0xfbebff30 x10=0x70fbebff30 mem_r=0x70fbebff60 -> w10=0x0 
[libmetasec_ml.so] 0x70fbd63634!0x116634 tbnz w10, #2, #0x70fbd636a0; w10=0x0 
[libmetasec_ml.so] 0x70fbd63638!0x116638 cmp w11, #3; w11=0x3 -> w11=0x3 
[libmetasec_ml.so] 0x70fbd6363c!0x11663c b.eq #0x70fbd6372c; 
[libmetasec_ml.so] 0x70fbd6372c!0x11672c mov x0, x24; x0=0x6 x24=0x70fbebff30 -> x0=0x70fbebff30 
[libmetasec_ml.so] 0x70fbd63730!0x116730 mov x1, x22; x1=0x7367411571 x22=0x72a74109f8 -> x1=0x72a74109f8 
[libmetasec_ml.so] 0x70fbd63734!0x116734 bl #0x70fbd64dc8; 
[libmetasec_ml.so] 0x70fbd64dc8!0x117dc8 ldr w8, [x0, #0x10]; w8=0xfbebf9d8 x0=0x70fbebff30 mem_r=0x70fbebff40 -> w8=0xa 
[libmetasec_ml.so] 0x70fbd64dcc!0x117dcc cmp w8, #0x10; w8=0xa -> w8=0xa 
[libmetasec_ml.so] 0x70fbd64dd0!0x117dd0 b.hi #0x70fbd64e30; 
[libmetasec_ml.so] 0x70fbd64dd4!0x117dd4 adrp x9, #0x70fbe42000; x9=0x0 -> x9=0x70fbe42000 
[libmetasec_ml.so] 0x70fbd64dd8!0x117dd8 add x9, x9, #0x623; x9=0x70fbe42000 x9=0x70fbe42000 -> x9=0x70fbe42623 
[libmetasec_ml.so] 0x70fbd64ddc!0x117ddc adr x10, #0x70fbd64dec; x10=0x0 -> x10=0x70fbd64dec 
[libmetasec_ml.so] 0x70fbd64de0!0x117de0 ldrb w11, [x9, x8]; w11=0x3 x9=0x70fbe42623 x8=0xa mem_r=0x70fbe4262d -> w11=0x7 
[libmetasec_ml.so] 0x70fbd64de4!0x117de4 add x10, x10, x11, lsl #2; x10=0x70fbd64dec x10=0x70fbd64dec x11=0x7 -> x10=0x70fbd64e08 
[libmetasec_ml.so] 0x70fbd64de8!0x117de8 br x10; x10=0x70fbd64e08 
[libmetasec_ml.so] 0x70fbd64e08!0x117e08 ldr s0, [x1]; s0=0x0 x1=0x72a74109f8 mem_r=0x72a74109f8 -> s0=0x0 
[libmetasec_ml.so] 0x70fbd64e0c!0x117e0c fcmp s0, #0.0; s0=0x0 
[libmetasec_ml.so] 0x70fbd64e10!0x117e10 b #0x70fbd64e00; 
[libmetasec_ml.so] 0x70fbd64e00!0x117e00 cset w0, eq; w0=0xfbebff30 -> w0=0x0 
[libmetasec_ml.so] 0x70fbd64e04!0x117e04 ret ; 
[libmetasec_ml.so] 0x70fbd63738!0x116738 cbz w0, #0x70fbd63744; w0=0x0 
[libmetasec_ml.so] 0x70fbd63744!0x116744 add x2, x27, x21; x2=0x736741156f x27=0x73674114f3 x21=0x82 -> x2=0x7367411575 
[libmetasec_ml.so] 0x70fbd63748!0x116748 mov x0, x24; x0=0x0 x24=0x70fbebff30 -> x0=0x70fbebff30 
[libmetasec_ml.so] 0x70fbd6374c!0x11674c mov x1, x22; x1=0x72a74109f8 x22=0x72a74109f8 -> x1=0x72a74109f8 
[libmetasec_ml.so] 0x70fbd63750!0x116750 bl #0x70fbd63a04; 
[libmetasec_ml.so] 0x70fbd63a04!0x116a04 str x23, [sp, #-0x40]!; x23=0x2a45 sp=0x70d87c2990 mem_w=0x70d87c2950 -> sp=0x70d87c2950 
[libmetasec_ml.so] 0x70fbd63a08!0x116a08 stp x22, x21, [sp, #0x10]; x22=0x72a74109f8 x21=0x82 sp=0x70d87c2950 mem_w=0x70d87c2960 
[libmetasec_ml.so] 0x70fbd63a0c!0x116a0c stp x20, x19, [sp, #0x20]; x20=0x72a7410970 x19=0x48 sp=0x70d87c2950 mem_w=0x70d87c2970 
[libmetasec_ml.so] 0x70fbd63a10!0x116a10 stp x29, x30, [sp, #0x30]; fp=0x70d87c2a00 lr=0x70fbd63754 sp=0x70d87c2950 mem_w=0x70d87c2980 
[libmetasec_ml.so] 0x70fbd63a14!0x116a14 add x29, sp, #0x30; fp=0x70d87c2a00 sp=0x70d87c2950 -> fp=0x70d87c2980 
[libmetasec_ml.so] 0x70fbd63a18!0x116a18 mov x19, x0; x19=0x48 x0=0x70fbebff30 -> x19=0x70fbebff30 
[libmetasec_ml.so] 0x70fbd63a1c!0x116a1c ldr w0, [x0, #8]; w0=0xfbebff30 x0=0x70fbebff30 mem_r=0x70fbebff38 -> w0=0x14 
[libmetasec_ml.so] 0x70fbd63a20!0x116a20 mov x21, x1; x21=0x82 x1=0x72a74109f8 -> x21=0x72a74109f8 
[libmetasec_ml.so] 0x70fbd63a24!0x116a24 mov x1, x2; x1=0x72a74109f8 x2=0x7367411575 -> x1=0x7367411575 
[libmetasec_ml.so] 0x70fbd63a28!0x116a28 mov x20, x2; x20=0x72a7410970 x2=0x7367411575 -> x20=0x7367411575 
[libmetasec_ml.so] 0x70fbd63a2c!0x116a2c bl #0x70fbd64e38; 
[libmetasec_ml.so] 0x70fbd64e38!0x117e38 lsr w8, w0, #0x1d; w8=0xa w0=0x14 -> w8=0x0 
[libmetasec_ml.so] 0x70fbd64e3c!0x117e3c cbnz w8, #0x70fbd64e48; w8=0x0 
[libmetasec_ml.so] 0x70fbd64e40!0x117e40 lsl w0, w0, #3; w0=0x14 w0=0x14 -> w0=0xa0 
[libmetasec_ml.so] 0x70fbd64e44!0x117e44 b #0x70fbd64eb8; 
[libmetasec_ml.so] 0x70fbd64eb8!0x117eb8 cmp w0, #0x80; w0=0xa0 -> w0=0xa0 
[libmetasec_ml.so] 0x70fbd64ebc!0x117ebc b.lo #0x70fbd64f0c; 
[libmetasec_ml.so] 0x70fbd64ec0!0x117ec0 orr w8, w0, #0x80; w8=0x0 w0=0xa0 -> w8=0xa0 
[libmetasec_ml.so] 0x70fbd64ec4!0x117ec4 cmp w0, #4, lsl #12; w0=0xa0 -> w0=0xa0 
[libmetasec_ml.so] 0x70fbd64ec8!0x117ec8 strb w8, [x1]; w8=0xa0 x1=0x7367411575 mem_w=0x7367411575 
[libmetasec_ml.so] 0x70fbd64ecc!0x117ecc lsr w8, w0, #7; w8=0xa0 w0=0xa0 -> w8=0x1 
[libmetasec_ml.so] 0x70fbd64ed0!0x117ed0 b.lo #0x70fbd64f14; 
[libmetasec_ml.so] 0x70fbd64f14!0x117f14 mov w9, #1; w9=0xfbe42623 -> w9=0x1 
[libmetasec_ml.so] 0x70fbd64f18!0x117f18 b #0x70fbd64f28; 
[libmetasec_ml.so] 0x70fbd64f28!0x117f28 mov w0, w8; w0=0xa0 w8=0x1 -> w0=0x1 
[libmetasec_ml.so] 0x70fbd64f2c!0x117f2c add w8, w9, #1; w8=0x1 w9=0x1 -> w8=0x2 
[libmetasec_ml.so] 0x70fbd64f30!0x117f30 strb w0, [x1, w9, uxtw]; w0=0x1 x1=0x7367411575 w9=0x1 mem_w=0x7367411576 
[libmetasec_ml.so] 0x70fbd64f34!0x117f34 mov x0, x8; x0=0x1 x8=0x2 -> x0=0x2 
[libmetasec_ml.so] 0x70fbd64f38!0x117f38 ret ; 
[libmetasec_ml.so] 0x70fbd63a30!0x116a30 ldr w8, [x19, #0x10]; w8=0x2 x19=0x70fbebff30 mem_r=0x70fbebff40 -> w8=0xa 
[libmetasec_ml.so] 0x70fbd63a34!0x116a34 cmp w8, #0x10; w8=0xa -> w8=0xa 
[libmetasec_ml.so] 0x70fbd63a38!0x116a38 b.hi #0x70fbd63abc; 
[libmetasec_ml.so] 0x70fbd63a3c!0x116a3c adrp x9, #0x70fbe42000; x9=0x1 -> x9=0x70fbe42000 
[libmetasec_ml.so] 0x70fbd63a40!0x116a40 add x9, x9, #0x5d4; x9=0x70fbe42000 x9=0x70fbe42000 -> x9=0x70fbe425d4 
[libmetasec_ml.so] 0x70fbd63a44!0x116a44 adr x10, #0x70fbd63a58; x10=0x70fbd64e08 -> x10=0x70fbd63a58 
[libmetasec_ml.so] 0x70fbd63a48!0x116a48 ldrb w11, [x9, x8]; w11=0x7 x9=0x70fbe425d4 x8=0xa mem_r=0x70fbe425de -> w11=0x0 
[libmetasec_ml.so] 0x70fbd63a4c!0x116a4c add x10, x10, x11, lsl #2; x10=0x70fbd63a58 x10=0x70fbd63a58 x11=0x0 -> x10=0x70fbd63a58 
[libmetasec_ml.so] 0x70fbd63a50!0x116a50 mov x19, x0; x19=0x70fbebff30 x0=0x2 -> x19=0x2 
[libmetasec_ml.so] 0x70fbd63a54!0x116a54 br x10; x10=0x70fbd63a58 
[libmetasec_ml.so] 0x70fbd63a58!0x116a58 ldrb w8, [x20]; w8=0xa x20=0x7367411575 mem_r=0x7367411575 -> w8=0xa0 
[libmetasec_ml.so] 0x70fbd63a5c!0x116a5c mov w9, #5; w9=0xfbe425d4 -> w9=0x5 
[libmetasec_ml.so] 0x70fbd63a60!0x116a60 add x1, x20, x19; x1=0x7367411575 x20=0x7367411575 x19=0x2 -> x1=0x7367411577 
[libmetasec_ml.so] 0x70fbd63a64!0x116a64 orr w8, w8, w9; w8=0xa0 w8=0xa0 w9=0x5 -> w8=0xa5 
[libmetasec_ml.so] 0x70fbd63a68!0x116a68 strb w8, [x20]; w8=0xa5 x20=0x7367411575 mem_w=0x7367411575 
[libmetasec_ml.so] 0x70fbd63a6c!0x116a6c ldr w0, [x21]; w0=0x2 x21=0x72a74109f8 mem_r=0x72a74109f8 -> w0=0xc97423f0 
[libmetasec_ml.so] 0x70fbd63a70!0x116a70 bl #0x70fbd64fd0; 
[libmetasec_ml.so] 0x70fbd64fd0!0x117fd0 sub sp, sp, #0x10; sp=0x70d87c2950 sp=0x70d87c2950 -> sp=0x70d87c2940 
[libmetasec_ml.so] 0x70fbd64fd4!0x117fd4 str w0, [sp, #0xc]; w0=0xc97423f0 sp=0x70d87c2940 mem_w=0x70d87c294c 
[libmetasec_ml.so] 0x70fbd64fd8!0x117fd8 str w0, [x1]; w0=0xc97423f0 x1=0x7367411577 mem_w=0x7367411577 
[libmetasec_ml.so] 0x70fbd64fdc!0x117fdc add sp, sp, #0x10; sp=0x70d87c2940 sp=0x70d87c2940 -> sp=0x70d87c2950 
[libmetasec_ml.so] 0x70fbd64fe0!0x117fe0 ret ; 
[libmetasec_ml.so] 0x70fbd63a74!0x116a74 add x0, x19, #4; x0=0xc97423f0 x19=0x2 -> x0=0x6 
[libmetasec_ml.so] 0x70fbd63a78!0x116a78 b #0x70fbd63bfc; 
[libmetasec_ml.so] 0x70fbd63bfc!0x116bfc ldp x29, x30, [sp, #0x30]; fp=0x70d87c2980 lr=0x70fbd63a74 sp=0x70d87c2950 mem_r=0x70d87c2980 -> fp=0x70d87c2a00 lr=0x70fbd63754 
[libmetasec_ml.so] 0x70fbd63c00!0x116c00 ldp x20, x19, [sp, #0x20]; x20=0x7367411575 x19=0x2 sp=0x70d87c2950 mem_r=0x70d87c2970 -> x20=0x72a7410970 x19=0x48 
[libmetasec_ml.so] 0x70fbd63c04!0x116c04 ldp x22, x21, [sp, #0x10]; x22=0x72a74109f8 x21=0x72a74109f8 sp=0x70d87c2950 mem_r=0x70d87c2960 -> x22=0x72a74109f8 x21=0x82 
[libmetasec_ml.so] 0x70fbd63c08!0x116c08 ldr x23, [sp], #0x40; x23=0x2a45 sp=0x70d87c2950 mem_r=0x70d87c2950 -> x23=0x2a45 
[libmetasec_ml.so] 0x70fbd63c0c!0x116c0c ret ; 
[libmetasec_ml.so] 0x70fbd63754!0x116754 mov x25, x0; x25=0x6 x0=0x6 -> x25=0x6 
[libmetasec_ml.so] 0x70fbd63758!0x116758 b #0x70fbd63940; 
[libmetasec_ml.so] 0x70fbd63940!0x116940 add x21, x25, x21; x21=0x82 x25=0x6 x21=0x82 -> x21=0x88 
[libmetasec_ml.so] 0x70fbd63944!0x116944 add x28, x28, #1; x28=0x13 x28=0x13 -> x28=0x14 
[libmetasec_ml.so] 0x70fbd63948!0x116948 b #0x70fbd635f0; 
[libmetasec_ml.so] 0x70fbd635f0!0x1165f0 ldr x8, [x20]; x8=0xa5 x20=0x72a7410970 mem_r=0x72a7410970 -> x8=0x70fbebec78 
[libmetasec_ml.so] 0x70fbd635f4!0x1165f4 ldr w9, [x8, #0x30]; w9=0x5 x8=0x70fbebec78 mem_r=0x70fbebeca8 -> w9=0x28 
[libmetasec_ml.so] 0x70fbd635f8!0x1165f8 cmp x28, x9; x28=0x14 x9=0x28 -> x28=0x14 
[libmetasec_ml.so] 0x70fbd635fc!0x1165fc b.hs #0x70fbd6397c; 
[libmetasec_ml.so] 0x70fbd63600!0x116600 ldr x8, [x8, #0x38]; x8=0x70fbebec78 x8=0x70fbebec78 mem_r=0x70fbebecb0 -> x8=0x70fbebf9d8 
[libmetasec_ml.so] 0x70fbd63604!0x116604 nop ; 
[libmetasec_ml.so] 0x70fbd63608!0x116608 madd x24, x28, x19, x8; x24=0x70fbebff30 x28=0x14 x19=0x48 x8=0x70fbebf9d8 -> x24=0x70fbebff78 
[libmetasec_ml.so] 0x70fbd6360c!0x11660c ldr w9, [x24, #0x18]; w9=0x28 x24=0x70fbebff78 mem_r=0x70fbebff90 -> w9=0x8c 
[libmetasec_ml.so] 0x70fbd63610!0x116610 ldr w11, [x24, #0xc]; w11=0x0 x24=0x70fbebff78 mem_r=0x70fbebff84 -> w11=0x3 
[libmetasec_ml.so] 0x70fbd63614!0x116614 add x22, x20, x9; x22=0x72a74109f8 x20=0x72a7410970 x9=0x8c -> x22=0x72a74109fc 
[libmetasec_ml.so] 0x70fbd63618!0x116618 cbz w11, #0x70fbd63744; w11=0x3 
[libmetasec_ml.so] 0x70fbd6361c!0x11661c ldr w9, [x24, #0x14]; w9=0x8c x24=0x70fbebff78 mem_r=0x70fbebff8c -> w9=0x0 
[libmetasec_ml.so] 0x70fbd63620!0x116620 cmp w11, #1; w11=0x3 -> w11=0x3 
[libmetasec_ml.so] 0x70fbd63624!0x116624 madd x10, x28, x19, x8; x10=0x70fbd63a58 x28=0x14 x19=0x48 x8=0x70fbebf9d8 -> x10=0x70fbebff78 
[libmetasec_ml.so] 0x70fbd63628!0x116628 ccmp w11, #3, #4, ne; w11=0x3 
[libmetasec_ml.so] 0x70fbd6362c!0x11662c b.ne #0x70fbd63668; 
[libmetasec_ml.so] 0x70fbd63630!0x116630 ldr w10, [x10, #0x30]; w10=0xfbebff78 x10=0x70fbebff78 mem_r=0x70fbebffa8 -> w10=0x0 
[libmetasec_ml.so] 0x70fbd63634!0x116634 tbnz w10, #2, #0x70fbd636a0; w10=0x0 
[libmetasec_ml.so] 0x70fbd63638!0x116638 cmp w11, #3; w11=0x3 -> w11=0x3 
[libmetasec_ml.so] 0x70fbd6363c!0x11663c b.eq #0x70fbd6372c; 
[libmetasec_ml.so] 0x70fbd6372c!0x11672c mov x0, x24; x0=0x6 x24=0x70fbebff78 -> x0=0x70fbebff78 
[libmetasec_ml.so] 0x70fbd63730!0x116730 mov x1, x22; x1=0x7367411577 x22=0x72a74109fc -> x1=0x72a74109fc 
[libmetasec_ml.so] 0x70fbd63734!0x116734 bl #0x70fbd64dc8; 
[libmetasec_ml.so] 0x70fbd64dc8!0x117dc8 ldr w8, [x0, #0x10]; w8=0xfbebf9d8 x0=0x70fbebff78 mem_r=0x70fbebff88 -> w8=0xa 
[libmetasec_ml.so] 0x70fbd64dcc!0x117dcc cmp w8, #0x10; w8=0xa -> w8=0xa 
[libmetasec_ml.so] 0x70fbd64dd0!0x117dd0 b.hi #0x70fbd64e30; 
[libmetasec_ml.so] 0x70fbd64dd4!0x117dd4 adrp x9, #0x70fbe42000; x9=0x0 -> x9=0x70fbe42000 
[libmetasec_ml.so] 0x70fbd64dd8!0x117dd8 add x9, x9, #0x623; x9=0x70fbe42000 x9=0x70fbe42000 -> x9=0x70fbe42623 
[libmetasec_ml.so] 0x70fbd64ddc!0x117ddc adr x10, #0x70fbd64dec; x10=0x0 -> x10=0x70fbd64dec 
[libmetasec_ml.so] 0x70fbd64de0!0x117de0 ldrb w11, [x9, x8]; w11=0x3 x9=0x70fbe42623 x8=0xa mem_r=0x70fbe4262d -> w11=0x7 
[libmetasec_ml.so] 0x70fbd64de4!0x117de4 add x10, x10, x11, lsl #2; x10=0x70fbd64dec x10=0x70fbd64dec x11=0x7 -> x10=0x70fbd64e08 
[libmetasec_ml.so] 0x70fbd64de8!0x117de8 br x10; x10=0x70fbd64e08 
[libmetasec_ml.so] 0x70fbd64e08!0x117e08 ldr s0, [x1]; s0=0x0 x1=0x72a74109fc mem_r=0x72a74109fc -> s0=0x0 
[libmetasec_ml.so] 0x70fbd64e0c!0x117e0c fcmp s0, #0.0; s0=0x0 
[libmetasec_ml.so] 0x70fbd64e10!0x117e10 b #0x70fbd64e00; 
[libmetasec_ml.so] 0x70fbd64e00!0x117e00 cset w0, eq; w0=0xfbebff78 -> w0=0x0 
[libmetasec_ml.so] 0x70fbd64e04!0x117e04 ret ; 
[libmetasec_ml.so] 0x70fbd63738!0x116738 cbz w0, #0x70fbd63744; w0=0x0 
[libmetasec_ml.so] 0x70fbd63744!0x116744 add x2, x27, x21; x2=0x7367411575 x27=0x73674114f3 x21=0x88 -> x2=0x736741157b 
[libmetasec_ml.so] 0x70fbd63748!0x116748 mov x0, x24; x0=0x0 x24=0x70fbebff78 -> x0=0x70fbebff78 
[libmetasec_ml.so] 0x70fbd6374c!0x11674c mov x1, x22; x1=0x72a74109fc x22=0x72a74109fc -> x1=0x72a74109fc 
[libmetasec_ml.so] 0x70fbd63750!0x116750 bl #0x70fbd63a04; 
[libmetasec_ml.so] 0x70fbd63a04!0x116a04 str x23, [sp, #-0x40]!; x23=0x2a45 sp=0x70d87c2990 mem_w=0x70d87c2950 -> sp=0x70d87c2950 
[libmetasec_ml.so] 0x70fbd63a08!0x116a08 stp x22, x21, [sp, #0x10]; x22=0x72a74109fc x21=0x88 sp=0x70d87c2950 mem_w=0x70d87c2960 
[libmetasec_ml.so] 0x70fbd63a0c!0x116a0c stp x20, x19, [sp, #0x20]; x20=0x72a7410970 x19=0x48 sp=0x70d87c2950 mem_w=0x70d87c2970 
[libmetasec_ml.so] 0x70fbd63a10!0x116a10 stp x29, x30, [sp, #0x30]; fp=0x70d87c2a00 lr=0x70fbd63754 sp=0x70d87c2950 mem_w=0x70d87c2980 
[libmetasec_ml.so] 0x70fbd63a14!0x116a14 add x29, sp, #0x30; fp=0x70d87c2a00 sp=0x70d87c2950 -> fp=0x70d87c2980 
[libmetasec_ml.so] 0x70fbd63a18!0x116a18 mov x19, x0; x19=0x48 x0=0x70fbebff78 -> x19=0x70fbebff78 
[libmetasec_ml.so] 0x70fbd63a1c!0x116a1c ldr w0, [x0, #8]; w0=0xfbebff78 x0=0x70fbebff78 mem_r=0x70fbebff80 -> w0=0x15 
[libmetasec_ml.so] 0x70fbd63a20!0x116a20 mov x21, x1; x21=0x88 x1=0x72a74109fc -> x21=0x72a74109fc 
[libmetasec_ml.so] 0x70fbd63a24!0x116a24 mov x1, x2; x1=0x72a74109fc x2=0x736741157b -> x1=0x736741157b 
[libmetasec_ml.so] 0x70fbd63a28!0x116a28 mov x20, x2; x20=0x72a7410970 x2=0x736741157b -> x20=0x736741157b 
[libmetasec_ml.so] 0x70fbd63a2c!0x116a2c bl #0x70fbd64e38; 
[libmetasec_ml.so] 0x70fbd64e38!0x117e38 lsr w8, w0, #0x1d; w8=0xa w0=0x15 -> w8=0x0 
[libmetasec_ml.so] 0x70fbd64e3c!0x117e3c cbnz w8, #0x70fbd64e48; w8=0x0 
[libmetasec_ml.so] 0x70fbd64e40!0x117e40 lsl w0, w0, #3; w0=0x15 w0=0x15 -> w0=0xa8 
[libmetasec_ml.so] 0x70fbd64e44!0x117e44 b #0x70fbd64eb8; 
[libmetasec_ml.so] 0x70fbd64eb8!0x117eb8 cmp w0, #0x80; w0=0xa8 -> w0=0xa8 
[libmetasec_ml.so] 0x70fbd64ebc!0x117ebc b.lo #0x70fbd64f0c; 
[libmetasec_ml.so] 0x70fbd64ec0!0x117ec0 orr w8, w0, #0x80; w8=0x0 w0=0xa8 -> w8=0xa8 
[libmetasec_ml.so] 0x70fbd64ec4!0x117ec4 cmp w0, #4, lsl #12; w0=0xa8 -> w0=0xa8 
[libmetasec_ml.so] 0x70fbd64ec8!0x117ec8 strb w8, [x1]; w8=0xa8 x1=0x736741157b mem_w=0x736741157b 
[libmetasec_ml.so] 0x70fbd64ecc!0x117ecc lsr w8, w0, #7; w8=0xa8 w0=0xa8 -> w8=0x1 
[libmetasec_ml.so] 0x70fbd64ed0!0x117ed0 b.lo #0x70fbd64f14; 
[libmetasec_ml.so] 0x70fbd64f14!0x117f14 mov w9, #1; w9=0xfbe42623 -> w9=0x1 
[libmetasec_ml.so] 0x70fbd64f18!0x117f18 b #0x70fbd64f28; 
[libmetasec_ml.so] 0x70fbd64f28!0x117f28 mov w0, w8; w0=0xa8 w8=0x1 -> w0=0x1 
[libmetasec_ml.so] 0x70fbd64f2c!0x117f2c add w8, w9, #1; w8=0x1 w9=0x1 -> w8=0x2 
[libmetasec_ml.so] 0x70fbd64f30!0x117f30 strb w0, [x1, w9, uxtw]; w0=0x1 x1=0x736741157b w9=0x1 mem_w=0x736741157c 
[libmetasec_ml.so] 0x70fbd64f34!0x117f34 mov x0, x8; x0=0x1 x8=0x2 -> x0=0x2 
[libmetasec_ml.so] 0x70fbd64f38!0x117f38 ret ; 
[libmetasec_ml.so] 0x70fbd63a30!0x116a30 ldr w8, [x19, #0x10]; w8=0x2 x19=0x70fbebff78 mem_r=0x70fbebff88 -> w8=0xa 
[libmetasec_ml.so] 0x70fbd63a34!0x116a34 cmp w8, #0x10; w8=0xa -> w8=0xa 
[libmetasec_ml.so] 0x70fbd63a38!0x116a38 b.hi #0x70fbd63abc; 
[libmetasec_ml.so] 0x70fbd63a3c!0x116a3c adrp x9, #0x70fbe42000; x9=0x1 -> x9=0x70fbe42000 
[libmetasec_ml.so] 0x70fbd63a40!0x116a40 add x9, x9, #0x5d4; x9=0x70fbe42000 x9=0x70fbe42000 -> x9=0x70fbe425d4 
[libmetasec_ml.so] 0x70fbd63a44!0x116a44 adr x10, #0x70fbd63a58; x10=0x70fbd64e08 -> x10=0x70fbd63a58 
[libmetasec_ml.so] 0x70fbd63a48!0x116a48 ldrb w11, [x9, x8]; w11=0x7 x9=0x70fbe425d4 x8=0xa mem_r=0x70fbe425de -> w11=0x0 
[libmetasec_ml.so] 0x70fbd63a4c!0x116a4c add x10, x10, x11, lsl #2; x10=0x70fbd63a58 x10=0x70fbd63a58 x11=0x0 -> x10=0x70fbd63a58 
[libmetasec_ml.so] 0x70fbd63a50!0x116a50 mov x19, x0; x19=0x70fbebff78 x0=0x2 -> x19=0x2 
[libmetasec_ml.so] 0x70fbd63a54!0x116a54 br x10; x10=0x70fbd63a58 
[libmetasec_ml.so] 0x70fbd63a58!0x116a58 ldrb w8, [x20]; w8=0xa x20=0x736741157b mem_r=0x736741157b -> w8=0xa8 
[libmetasec_ml.so] 0x70fbd63a5c!0x116a5c mov w9, #5; w9=0xfbe425d4 -> w9=0x5 
[libmetasec_ml.so] 0x70fbd63a60!0x116a60 add x1, x20, x19; x1=0x736741157b x20=0x736741157b x19=0x2 -> x1=0x736741157d 
[libmetasec_ml.so] 0x70fbd63a64!0x116a64 orr w8, w8, w9; w8=0xa8 w8=0xa8 w9=0x5 -> w8=0xad 
[libmetasec_ml.so] 0x70fbd63a68!0x116a68 strb w8, [x20]; w8=0xad x20=0x736741157b mem_w=0x736741157b 
[libmetasec_ml.so] 0x70fbd63a6c!0x116a6c ldr w0, [x21]; w0=0x2 x21=0x72a74109fc mem_r=0x72a74109fc -> w0=0xc97423f0 
[libmetasec_ml.so] 0x70fbd63a70!0x116a70 bl #0x70fbd64fd0; 
[libmetasec_ml.so] 0x70fbd64fd0!0x117fd0 sub sp, sp, #0x10; sp=0x70d87c2950 sp=0x70d87c2950 -> sp=0x70d87c2940 
[libmetasec_ml.so] 0x70fbd64fd4!0x117fd4 str w0, [sp, #0xc]; w0=0xc97423f0 sp=0x70d87c2940 mem_w=0x70d87c294c 
[libmetasec_ml.so] 0x70fbd64fd8!0x117fd8 str w0, [x1]; w0=0xc97423f0 x1=0x736741157d mem_w=0x736741157d 
[libmetasec_ml.so] 0x70fbd64fdc!0x117fdc add sp, sp, #0x10; sp=0x70d87c2940 sp=0x70d87c2940 -> sp=0x70d87c2950 
[libmetasec_ml.so] 0x70fbd64fe0!0x117fe0 ret ; 
[libmetasec_ml.so] 0x70fbd63a74!0x116a74 add x0, x19, #4; x0=0xc97423f0 x19=0x2 -> x0=0x6 
[libmetasec_ml.so] 0x70fbd63a78!0x116a78 b #0x70fbd63bfc; 
[libmetasec_ml.so] 0x70fbd63bfc!0x116bfc ldp x29, x30, [sp, #0x30]; fp=0x70d87c2980 lr=0x70fbd63a74 sp=0x70d87c2950 mem_r=0x70d87c2980 -> fp=0x70d87c2a00 lr=0x70fbd63754 
[libmetasec_ml.so] 0x70fbd63c00!0x116c00 ldp x20, x19, [sp, #0x20]; x20=0x736741157b x19=0x2 sp=0x70d87c2950 mem_r=0x70d87c2970 -> x20=0x72a7410970 x19=0x48 
[libmetasec_ml.so] 0x70fbd63c04!0x116c04 ldp x22, x21, [sp, #0x10]; x22=0x72a74109fc x21=0x72a74109fc sp=0x70d87c2950 mem_r=0x70d87c2960 -> x22=0x72a74109fc x21=0x88 
[libmetasec_ml.so] 0x70fbd63c08!0x116c08 ldr x23, [sp], #0x40; x23=0x2a45 sp=0x70d87c2950 mem_r=0x70d87c2950 -> x23=0x2a45 
[libmetasec_ml.so] 0x70fbd63c0c!0x116c0c ret ; 
[libmetasec_ml.so] 0x70fbd63754!0x116754 mov x25, x0; x25=0x6 x0=0x6 -> x25=0x6 
[libmetasec_ml.so] 0x70fbd63758!0x116758 b #0x70fbd63940; 
[libmetasec_ml.so] 0x70fbd63940!0x116940 add x21, x25, x21; x21=0x88 x25=0x6 x21=0x88 -> x21=0x8e 
[libmetasec_ml.so] 0x70fbd63944!0x116944 add x28, x28, #1; x28=0x14 x28=0x14 -> x28=0x15 
[libmetasec_ml.so] 0x70fbd63948!0x116948 b #0x70fbd635f0; 
[libmetasec_ml.so] 0x70fbd635f0!0x1165f0 ldr x8, [x20]; x8=0xad x20=0x72a7410970 mem_r=0x72a7410970 -> x8=0x70fbebec78 
[libmetasec_ml.so] 0x70fbd635f4!0x1165f4 ldr w9, [x8, #0x30]; w9=0x5 x8=0x70fbebec78 mem_r=0x70fbebeca8 -> w9=0x28 
[libmetasec_ml.so] 0x70fbd635f8!0x1165f8 cmp x28, x9; x28=0x15 x9=0x28 -> x28=0x15 
[libmetasec_ml.so] 0x70fbd635fc!0x1165fc b.hs #0x70fbd6397c; 
[libmetasec_ml.so] 0x70fbd63600!0x116600 ldr x8, [x8, #0x38]; x8=0x70fbebec78 x8=0x70fbebec78 mem_r=0x70fbebecb0 -> x8=0x70fbebf9d8 
[libmetasec_ml.so] 0x70fbd63604!0x116604 nop ; 
[libmetasec_ml.so] 0x70fbd63608!0x116608 madd x24, x28, x19, x8; x24=0x70fbebff78 x28=0x15 x19=0x48 x8=0x70fbebf9d8 -> x24=0x70fbebffc0 
[libmetasec_ml.so] 0x70fbd6360c!0x11660c ldr w9, [x24, #0x18]; w9=0x28 x24=0x70fbebffc0 mem_r=0x70fbebffd8 -> w9=0x90 
[libmetasec_ml.so] 0x70fbd63610!0x116610 ldr w11, [x24, #0xc]; w11=0x0 x24=0x70fbebffc0 mem_r=0x70fbebffcc -> w11=0x3 
[libmetasec_ml.so] 0x70fbd63614!0x116614 add x22, x20, x9; x22=0x72a74109fc x20=0x72a7410970 x9=0x90 -> x22=0x72a7410a00 
[libmetasec_ml.so] 0x70fbd63618!0x116618 cbz w11, #0x70fbd63744; w11=0x3 
[libmetasec_ml.so] 0x70fbd6361c!0x11661c ldr w9, [x24, #0x14]; w9=0x90 x24=0x70fbebffc0 mem_r=0x70fbebffd4 -> w9=0x0 
[libmetasec_ml.so] 0x70fbd63620!0x116620 cmp w11, #1; w11=0x3 -> w11=0x3 
[libmetasec_ml.so] 0x70fbd63624!0x116624 madd x10, x28, x19, x8; x10=0x70fbd63a58 x28=0x15 x19=0x48 x8=0x70fbebf9d8 -> x10=0x70fbebffc0 
[libmetasec_ml.so] 0x70fbd63628!0x116628 ccmp w11, #3, #4, ne; w11=0x3 
[libmetasec_ml.so] 0x70fbd6362c!0x11662c b.ne #0x70fbd63668; 
[libmetasec_ml.so] 0x70fbd63630!0x116630 ldr w10, [x10, #0x30]; w10=0xfbebffc0 x10=0x70fbebffc0 mem_r=0x70fbebfff0 -> w10=0x0 
[libmetasec_ml.so] 0x70fbd63634!0x116634 tbnz w10, #2, #0x70fbd636a0; w10=0x0 
[libmetasec_ml.so] 0x70fbd63638!0x116638 cmp w11, #3; w11=0x3 -> w11=0x3 
[libmetasec_ml.so] 0x70fbd6363c!0x11663c b.eq #0x70fbd6372c; 
[libmetasec_ml.so] 0x70fbd6372c!0x11672c mov x0, x24; x0=0x6 x24=0x70fbebffc0 -> x0=0x70fbebffc0 
[libmetasec_ml.so] 0x70fbd63730!0x116730 mov x1, x22; x1=0x736741157d x22=0x72a7410a00 -> x1=0x72a7410a00 
[libmetasec_ml.so] 0x70fbd63734!0x116734 bl #0x70fbd64dc8; 
[libmetasec_ml.so] 0x70fbd64dc8!0x117dc8 ldr w8, [x0, #0x10]; w8=0xfbebf9d8 x0=0x70fbebffc0 mem_r=0x70fbebffd0 -> w8=0xe 
[libmetasec_ml.so] 0x70fbd64dcc!0x117dcc cmp w8, #0x10; w8=0xe -> w8=0xe 
[libmetasec_ml.so] 0x70fbd64dd0!0x117dd0 b.hi #0x70fbd64e30; 
[libmetasec_ml.so] 0x70fbd64dd4!0x117dd4 adrp x9, #0x70fbe42000; x9=0x0 -> x9=0x70fbe42000 
[libmetasec_ml.so] 0x70fbd64dd8!0x117dd8 add x9, x9, #0x623; x9=0x70fbe42000 x9=0x70fbe42000 -> x9=0x70fbe42623 
[libmetasec_ml.so] 0x70fbd64ddc!0x117ddc adr x10, #0x70fbd64dec; x10=0x0 -> x10=0x70fbd64dec 
[libmetasec_ml.so] 0x70fbd64de0!0x117de0 ldrb w11, [x9, x8]; w11=0x3 x9=0x70fbe42623 x8=0xe mem_r=0x70fbe42631 -> w11=0xd 
[libmetasec_ml.so] 0x70fbd64de4!0x117de4 add x10, x10, x11, lsl #2; x10=0x70fbd64dec x10=0x70fbd64dec x11=0xd -> x10=0x70fbd64e20 
[libmetasec_ml.so] 0x70fbd64de8!0x117de8 br x10; x10=0x70fbd64e20 
[libmetasec_ml.so] 0x70fbd64e20!0x117e20 ldr x8, [x1]; x8=0xe x1=0x72a7410a00 mem_r=0x72a7410a00 -> x8=0x74472b3530 
[libmetasec_ml.so] 0x70fbd64e24!0x117e24 cbz x8, #0x70fbd64e30; x8=0x74472b3530 
[libmetasec_ml.so] 0x70fbd64e28!0x117e28 ldrb w8, [x8]; w8=0x472b3530 x8=0x74472b3530 mem_r=0x74472b3530 -> w8=0x21 
[libmetasec_ml.so] 0x70fbd64e2c!0x117e2c b #0x70fbd64df0; 
[libmetasec_ml.so] 0x70fbd64df0!0x117df0 cmp w8, #0; w8=0x21 -> w8=0x21 
[libmetasec_ml.so] 0x70fbd64df4!0x117df4 b #0x70fbd64e00; 
[libmetasec_ml.so] 0x70fbd64e00!0x117e00 cset w0, eq; w0=0xfbebffc0 -> w0=0x0 
[libmetasec_ml.so] 0x70fbd64e04!0x117e04 ret ; 
[libmetasec_ml.so] 0x70fbd63738!0x116738 cbz w0, #0x70fbd63744; w0=0x0 
[libmetasec_ml.so] 0x70fbd63744!0x116744 add x2, x27, x21; x2=0x736741157b x27=0x73674114f3 x21=0x8e -> x2=0x7367411581 
[libmetasec_ml.so] 0x70fbd63748!0x116748 mov x0, x24; x0=0x0 x24=0x70fbebffc0 -> x0=0x70fbebffc0 
[libmetasec_ml.so] 0x70fbd6374c!0x11674c mov x1, x22; x1=0x72a7410a00 x22=0x72a7410a00 -> x1=0x72a7410a00 
[libmetasec_ml.so] 0x70fbd63750!0x116750 bl #0x70fbd63a04; 
[libmetasec_ml.so] 0x70fbd63a04!0x116a04 str x23, [sp, #-0x40]!; x23=0x2a45 sp=0x70d87c2990 mem_w=0x70d87c2950 -> sp=0x70d87c2950 
[libmetasec_ml.so] 0x70fbd63a08!0x116a08 stp x22, x21, [sp, #0x10]; x22=0x72a7410a00 x21=0x8e sp=0x70d87c2950 mem_w=0x70d87c2960 
[libmetasec_ml.so] 0x70fbd63a0c!0x116a0c stp x20, x19, [sp, #0x20]; x20=0x72a7410970 x19=0x48 sp=0x70d87c2950 mem_w=0x70d87c2970 
[libmetasec_ml.so] 0x70fbd63a10!0x116a10 stp x29, x30, [sp, #0x30]; fp=0x70d87c2a00 lr=0x70fbd63754 sp=0x70d87c2950 mem_w=0x70d87c2980 
[libmetasec_ml.so] 0x70fbd63a14!0x116a14 add x29, sp, #0x30; fp=0x70d87c2a00 sp=0x70d87c2950 -> fp=0x70d87c2980 
[libmetasec_ml.so] 0x70fbd63a18!0x116a18 mov x19, x0; x19=0x48 x0=0x70fbebffc0 -> x19=0x70fbebffc0 
[libmetasec_ml.so] 0x70fbd63a1c!0x116a1c ldr w0, [x0, #8]; w0=0xfbebffc0 x0=0x70fbebffc0 mem_r=0x70fbebffc8 -> w0=0x16 
[libmetasec_ml.so] 0x70fbd63a20!0x116a20 mov x21, x1; x21=0x8e x1=0x72a7410a00 -> x21=0x72a7410a00 
[libmetasec_ml.so] 0x70fbd63a24!0x116a24 mov x1, x2; x1=0x72a7410a00 x2=0x7367411581 -> x1=0x7367411581 
[libmetasec_ml.so] 0x70fbd63a28!0x116a28 mov x20, x2; x20=0x72a7410970 x2=0x7367411581 -> x20=0x7367411581 
[libmetasec_ml.so] 0x70fbd63a2c!0x116a2c bl #0x70fbd64e38; 
[libmetasec_ml.so] 0x70fbd64e38!0x117e38 lsr w8, w0, #0x1d; w8=0x21 w0=0x16 -> w8=0x0 
[libmetasec_ml.so] 0x70fbd64e3c!0x117e3c cbnz w8, #0x70fbd64e48; w8=0x0 
[libmetasec_ml.so] 0x70fbd64e40!0x117e40 lsl w0, w0, #3; w0=0x16 w0=0x16 -> w0=0xb0 
[libmetasec_ml.so] 0x70fbd64e44!0x117e44 b #0x70fbd64eb8; 
[libmetasec_ml.so] 0x70fbd64eb8!0x117eb8 cmp w0, #0x80; w0=0xb0 -> w0=0xb0 
[libmetasec_ml.so] 0x70fbd64ebc!0x117ebc b.lo #0x70fbd64f0c; 
[libmetasec_ml.so] 0x70fbd64ec0!0x117ec0 orr w8, w0, #0x80; w8=0x0 w0=0xb0 -> w8=0xb0 
[libmetasec_ml.so] 0x70fbd64ec4!0x117ec4 cmp w0, #4, lsl #12; w0=0xb0 -> w0=0xb0 
[libmetasec_ml.so] 0x70fbd64ec8!0x117ec8 strb w8, [x1]; w8=0xb0 x1=0x7367411581 mem_w=0x7367411581 
[libmetasec_ml.so] 0x70fbd64ecc!0x117ecc lsr w8, w0, #7; w8=0xb0 w0=0xb0 -> w8=0x1 
[libmetasec_ml.so] 0x70fbd64ed0!0x117ed0 b.lo #0x70fbd64f14; 
[libmetasec_ml.so] 0x70fbd64f14!0x117f14 mov w9, #1; w9=0xfbe42623 -> w9=0x1 
[libmetasec_ml.so] 0x70fbd64f18!0x117f18 b #0x70fbd64f28; 
[libmetasec_ml.so] 0x70fbd64f28!0x117f28 mov w0, w8; w0=0xb0 w8=0x1 -> w0=0x1 
[libmetasec_ml.so] 0x70fbd64f2c!0x117f2c add w8, w9, #1; w8=0x1 w9=0x1 -> w8=0x2 
[libmetasec_ml.so] 0x70fbd64f30!0x117f30 strb w0, [x1, w9, uxtw]; w0=0x1 x1=0x7367411581 w9=0x1 mem_w=0x7367411582 
[libmetasec_ml.so] 0x70fbd64f34!0x117f34 mov x0, x8; x0=0x1 x8=0x2 -> x0=0x2 
[libmetasec_ml.so] 0x70fbd64f38!0x117f38 ret ; 
[libmetasec_ml.so] 0x70fbd63a30!0x116a30 ldr w8, [x19, #0x10]; w8=0x2 x19=0x70fbebffc0 mem_r=0x70fbebffd0 -> w8=0xe 
[libmetasec_ml.so] 0x70fbd63a34!0x116a34 cmp w8, #0x10; w8=0xe -> w8=0xe 
[libmetasec_ml.so] 0x70fbd63a38!0x116a38 b.hi #0x70fbd63abc; 
[libmetasec_ml.so] 0x70fbd63a3c!0x116a3c adrp x9, #0x70fbe42000; x9=0x1 -> x9=0x70fbe42000 
[libmetasec_ml.so] 0x70fbd63a40!0x116a40 add x9, x9, #0x5d4; x9=0x70fbe42000 x9=0x70fbe42000 -> x9=0x70fbe425d4 
[libmetasec_ml.so] 0x70fbd63a44!0x116a44 adr x10, #0x70fbd63a58; x10=0x70fbd64e20 -> x10=0x70fbd63a58 
[libmetasec_ml.so] 0x70fbd63a48!0x116a48 ldrb w11, [x9, x8]; w11=0xd x9=0x70fbe425d4 x8=0xe mem_r=0x70fbe425e2 -> w11=0x2e 
[libmetasec_ml.so] 0x70fbd63a4c!0x116a4c add x10, x10, x11, lsl #2; x10=0x70fbd63a58 x10=0x70fbd63a58 x11=0x2e -> x10=0x70fbd63b10 
[libmetasec_ml.so] 0x70fbd63a50!0x116a50 mov x19, x0; x19=0x70fbebffc0 x0=0x2 -> x19=0x2 
[libmetasec_ml.so] 0x70fbd63a54!0x116a54 br x10; x10=0x70fbd63b10 
[libmetasec_ml.so] 0x70fbd63b10!0x116b10 ldrb w8, [x20]; w8=0xe x20=0x7367411581 mem_r=0x7367411581 -> w8=0xb0 
[libmetasec_ml.so] 0x70fbd63b14!0x116b14 orr w8, w8, #2; w8=0xb0 w8=0xb0 -> w8=0xb2 
[libmetasec_ml.so] 0x70fbd63b18!0x116b18 strb w8, [x20]; w8=0xb2 x20=0x7367411581 mem_w=0x7367411581 
[libmetasec_ml.so] 0x70fbd63b1c!0x116b1c ldr x21, [x21]; x21=0x72a7410a00 x21=0x72a7410a00 mem_r=0x72a7410a00 -> x21=0x74472b3530 
[libmetasec_ml.so] 0x70fbd63b20!0x116b20 add x20, x20, x19; x20=0x7367411581 x20=0x7367411581 x19=0x2 -> x20=0x7367411583 
[libmetasec_ml.so] 0x70fbd63b24!0x116b24 cbz x21, #0x70fbd63bf0; x21=0x74472b3530 
[libmetasec_ml.so] 0x70fbd63b28!0x116b28 mov x0, x21; x0=0x2 x21=0x74472b3530 -> x0=0x74472b3530 
[libmetasec_ml.so] 0x70fbd63b2c!0x116b2c bl #0x70fbc80b40; 
[libmetasec_ml.so] 0x70fbc80b40!0x33b40 adrp x16, #0x70fbec9000; x16=0x70fbec9998 -> x16=0x70fbec9000 
[libmetasec_ml.so] 0x70fbc80b44!0x33b44 ldr x17, [x16, #0xa28]; x17=0x75402d9c80 x16=0x70fbec9000 mem_r=0x70fbec9a28 -> x17=0x75402dab00 
[libmetasec_ml.so] 0x70fbc80b48!0x33b48 add x16, x16, #0xa28; x16=0x70fbec9000 x16=0x70fbec9000 -> x16=0x70fbec9a28 
[libmetasec_ml.so] 0x70fbc80b4c!0x33b4c br x17; x17=0x75402dab00 
call func: __strlen_aarch64(0x74472b3530)
args0: !notset!
ret: 0x8
[libmetasec_ml.so] 0x70fbd63b30!0x116b30 mov x1, x20; x1=0x7367411581 x20=0x7367411583 -> x1=0x7367411583 
[libmetasec_ml.so] 0x70fbd63b34!0x116b34 mov x22, x0; x22=0x72a7410a00 x0=0x8 -> x22=0x8 
[libmetasec_ml.so] 0x70fbd63b38!0x116b38 bl #0x70fbd64eb8; 
[libmetasec_ml.so] 0x70fbd64eb8!0x117eb8 cmp w0, #0x80; w0=0x8 -> w0=0x8 
[libmetasec_ml.so] 0x70fbd64ebc!0x117ebc b.lo #0x70fbd64f0c; 
[libmetasec_ml.so] 0x70fbd64f0c!0x117f0c mov w9, wzr; w9=0xfbe425d4 -> w9=0x0 
[libmetasec_ml.so] 0x70fbd64f10!0x117f10 b #0x70fbd64f2c; 
[libmetasec_ml.so] 0x70fbd64f2c!0x117f2c add w8, w9, #1; w8=0x1010101 w9=0x0 -> w8=0x1 
[libmetasec_ml.so] 0x70fbd64f30!0x117f30 strb w0, [x1, w9, uxtw]; w0=0x8 x1=0x7367411583 w9=0x0 mem_w=0x7367411583 
[libmetasec_ml.so] 0x70fbd64f34!0x117f34 mov x0, x8; x0=0x8 x8=0x1 -> x0=0x1 
[libmetasec_ml.so] 0x70fbd64f38!0x117f38 ret ; 
[libmetasec_ml.so] 0x70fbd63b3c!0x116b3c mov x23, x0; x23=0x2a45 x0=0x1 -> x23=0x1 
[libmetasec_ml.so] 0x70fbd63b40!0x116b40 add x0, x20, x0; x0=0x1 x20=0x7367411583 x0=0x1 -> x0=0x7367411584 
[libmetasec_ml.so] 0x70fbd63b44!0x116b44 mov x1, x21; x1=0x7367411583 x21=0x74472b3530 -> x1=0x74472b3530 
[libmetasec_ml.so] 0x70fbd63b48!0x116b48 mov x2, x22; x2=0x21746573746f6e21 x22=0x8 -> x2=0x8 
[libmetasec_ml.so] 0x70fbd63b4c!0x116b4c bl #0x70fbc80a20; 
[libmetasec_ml.so] 0x70fbc80a20!0x33a20 adrp x16, #0x70fbec9000; x16=0x70fbec9a28 -> x16=0x70fbec9000 
[libmetasec_ml.so] 0x70fbc80a24!0x33a24 ldr x17, [x16, #0x998]; x17=0x75402dab00 x16=0x70fbec9000 mem_r=0x70fbec9998 -> x17=0x75402d9c80 
[libmetasec_ml.so] 0x70fbc80a28!0x33a28 add x16, x16, #0x998; x16=0x70fbec9000 x16=0x70fbec9000 -> x16=0x70fbec9998 
[libmetasec_ml.so] 0x70fbc80a2c!0x33a2c br x17; x17=0x75402d9c80 
call func: __memcpy_aarch64_simd(0x7367411584, 0x74472b3530, 0x8)
hexdump at address 0x74472b3530 with length 0x8:
74472b3530: 21 6e 6f 74 73 65 74 21                         |!notset!        |
ret: 0x7367411584
[libmetasec_ml.so] 0x70fbd63b50!0x116b50 add x8, x23, x22; x8=0x1 x23=0x1 x22=0x8 -> x8=0x9 
[libmetasec_ml.so] 0x70fbd63b54!0x116b54 b #0x70fbd63bf8; 
[libmetasec_ml.so] 0x70fbd63bf8!0x116bf8 add x0, x8, x19; x0=0x7367411584 x8=0x9 x19=0x2 -> x0=0xb 
[libmetasec_ml.so] 0x70fbd63bfc!0x116bfc ldp x29, x30, [sp, #0x30]; fp=0x70d87c2980 lr=0x70fbd63b50 sp=0x70d87c2950 mem_r=0x70d87c2980 -> fp=0x70d87c2a00 lr=0x70fbd63754 
[libmetasec_ml.so] 0x70fbd63c00!0x116c00 ldp x20, x19, [sp, #0x20]; x20=0x7367411583 x19=0x2 sp=0x70d87c2950 mem_r=0x70d87c2970 -> x20=0x72a7410970 x19=0x48 
[libmetasec_ml.so] 0x70fbd63c04!0x116c04 ldp x22, x21, [sp, #0x10]; x22=0x8 x21=0x74472b3530 sp=0x70d87c2950 mem_r=0x70d87c2960 -> x22=0x72a7410a00 x21=0x8e 
[libmetasec_ml.so] 0x70fbd63c08!0x116c08 ldr x23, [sp], #0x40; x23=0x1 sp=0x70d87c2950 mem_r=0x70d87c2950 -> x23=0x2a45 
[libmetasec_ml.so] 0x70fbd63c0c!0x116c0c ret ; 
[libmetasec_ml.so] 0x70fbd63754!0x116754 mov x25, x0; x25=0x6 x0=0xb -> x25=0xb 
[libmetasec_ml.so] 0x70fbd63758!0x116758 b #0x70fbd63940; 
[libmetasec_ml.so] 0x70fbd63940!0x116940 add x21, x25, x21; x21=0x8e x25=0xb x21=0x8e -> x21=0x99 
[libmetasec_ml.so] 0x70fbd63944!0x116944 add x28, x28, #1; x28=0x15 x28=0x15 -> x28=0x16 
[libmetasec_ml.so] 0x70fbd63948!0x116948 b #0x70fbd635f0; 
[libmetasec_ml.so] 0x70fbd635f0!0x1165f0 ldr x8, [x20]; x8=0x9 x20=0x72a7410970 mem_r=0x72a7410970 -> x8=0x70fbebec78 
[libmetasec_ml.so] 0x70fbd635f4!0x1165f4 ldr w9, [x8, #0x30]; w9=0x0 x8=0x70fbebec78 mem_r=0x70fbebeca8 -> w9=0x28 
[libmetasec_ml.so] 0x70fbd635f8!0x1165f8 cmp x28, x9; x28=0x16 x9=0x28 -> x28=0x16 
[libmetasec_ml.so] 0x70fbd635fc!0x1165fc b.hs #0x70fbd6397c; 
[libmetasec_ml.so] 0x70fbd63600!0x116600 ldr x8, [x8, #0x38]; x8=0x70fbebec78 x8=0x70fbebec78 mem_r=0x70fbebecb0 -> x8=0x70fbebf9d8 
[libmetasec_ml.so] 0x70fbd63604!0x116604 nop ; 
[libmetasec_ml.so] 0x70fbd63608!0x116608 madd x24, x28, x19, x8; x24=0x70fbebffc0 x28=0x16 x19=0x48 x8=0x70fbebf9d8 -> x24=0x70fbec0008 
[libmetasec_ml.so] 0x70fbd6360c!0x11660c ldr w9, [x24, #0x18]; w9=0x28 x24=0x70fbec0008 mem_r=0x70fbec0020 -> w9=0x98 
[libmetasec_ml.so] 0x70fbd63610!0x116610 ldr w11, [x24, #0xc]; w11=0x2e x24=0x70fbec0008 mem_r=0x70fbec0014 -> w11=0x3 
[libmetasec_ml.so] 0x70fbd63614!0x116614 add x22, x20, x9; x22=0x72a7410a00 x20=0x72a7410970 x9=0x98 -> x22=0x72a7410a08 
[libmetasec_ml.so] 0x70fbd63618!0x116618 cbz w11, #0x70fbd63744; w11=0x3 
[libmetasec_ml.so] 0x70fbd6361c!0x11661c ldr w9, [x24, #0x14]; w9=0x98 x24=0x70fbec0008 mem_r=0x70fbec001c -> w9=0x0 
[libmetasec_ml.so] 0x70fbd63620!0x116620 cmp w11, #1; w11=0x3 -> w11=0x3 
[libmetasec_ml.so] 0x70fbd63624!0x116624 madd x10, x28, x19, x8; x10=0x70fbd63b10 x28=0x16 x19=0x48 x8=0x70fbebf9d8 -> x10=0x70fbec0008 
[libmetasec_ml.so] 0x70fbd63628!0x116628 ccmp w11, #3, #4, ne; w11=0x3 
[libmetasec_ml.so] 0x70fbd6362c!0x11662c b.ne #0x70fbd63668; 
[libmetasec_ml.so] 0x70fbd63630!0x116630 ldr w10, [x10, #0x30]; w10=0xfbec0008 x10=0x70fbec0008 mem_r=0x70fbec0038 -> w10=0x0 
[libmetasec_ml.so] 0x70fbd63634!0x116634 tbnz w10, #2, #0x70fbd636a0; w10=0x0 
[libmetasec_ml.so] 0x70fbd63638!0x116638 cmp w11, #3; w11=0x3 -> w11=0x3 
[libmetasec_ml.so] 0x70fbd6363c!0x11663c b.eq #0x70fbd6372c; 
[libmetasec_ml.so] 0x70fbd6372c!0x11672c mov x0, x24; x0=0xb x24=0x70fbec0008 -> x0=0x70fbec0008 
[libmetasec_ml.so] 0x70fbd63730!0x116730 mov x1, x22; x1=0x74472b3530 x22=0x72a7410a08 -> x1=0x72a7410a08 
[libmetasec_ml.so] 0x70fbd63734!0x116734 bl #0x70fbd64dc8; 
[libmetasec_ml.so] 0x70fbd64dc8!0x117dc8 ldr w8, [x0, #0x10]; w8=0xfbebf9d8 x0=0x70fbec0008 mem_r=0x70fbec0018 -> w8=0x1 
[libmetasec_ml.so] 0x70fbd64dcc!0x117dcc cmp w8, #0x10; w8=0x1 -> w8=0x1 
[libmetasec_ml.so] 0x70fbd64dd0!0x117dd0 b.hi #0x70fbd64e30; 
[libmetasec_ml.so] 0x70fbd64dd4!0x117dd4 adrp x9, #0x70fbe42000; x9=0x0 -> x9=0x70fbe42000 
[libmetasec_ml.so] 0x70fbd64dd8!0x117dd8 add x9, x9, #0x623; x9=0x70fbe42000 x9=0x70fbe42000 -> x9=0x70fbe42623 
[libmetasec_ml.so] 0x70fbd64ddc!0x117ddc adr x10, #0x70fbd64dec; x10=0x0 -> x10=0x70fbd64dec 
[libmetasec_ml.so] 0x70fbd64de0!0x117de0 ldrb w11, [x9, x8]; w11=0x3 x9=0x70fbe42623 x8=0x1 mem_r=0x70fbe42624 -> w11=0x0 
[libmetasec_ml.so] 0x70fbd64de4!0x117de4 add x10, x10, x11, lsl #2; x10=0x70fbd64dec x10=0x70fbd64dec x11=0x0 -> x10=0x70fbd64dec 
[libmetasec_ml.so] 0x70fbd64de8!0x117de8 br x10; x10=0x70fbd64dec 
[libmetasec_ml.so] 0x70fbd64dec!0x117dec ldr w8, [x1]; w8=0x1 x1=0x72a7410a08 mem_r=0x72a7410a08 -> w8=0xfff0bdc1 
[libmetasec_ml.so] 0x70fbd64df0!0x117df0 cmp w8, #0; w8=0xfff0bdc1 -> w8=0xfff0bdc1 
[libmetasec_ml.so] 0x70fbd64df4!0x117df4 b #0x70fbd64e00; 
[libmetasec_ml.so] 0x70fbd64e00!0x117e00 cset w0, eq; w0=0xfbec0008 -> w0=0x0 
[libmetasec_ml.so] 0x70fbd64e04!0x117e04 ret ; 
[libmetasec_ml.so] 0x70fbd63738!0x116738 cbz w0, #0x70fbd63744; w0=0x0 
[libmetasec_ml.so] 0x70fbd63744!0x116744 add x2, x27, x21; x2=0x8 x27=0x73674114f3 x21=0x99 -> x2=0x736741158c 
[libmetasec_ml.so] 0x70fbd63748!0x116748 mov x0, x24; x0=0x0 x24=0x70fbec0008 -> x0=0x70fbec0008 
[libmetasec_ml.so] 0x70fbd6374c!0x11674c mov x1, x22; x1=0x72a7410a08 x22=0x72a7410a08 -> x1=0x72a7410a08 
[libmetasec_ml.so] 0x70fbd63750!0x116750 bl #0x70fbd63a04; 
[libmetasec_ml.so] 0x70fbd63a04!0x116a04 str x23, [sp, #-0x40]!; x23=0x2a45 sp=0x70d87c2990 mem_w=0x70d87c2950 -> sp=0x70d87c2950 
[libmetasec_ml.so] 0x70fbd63a08!0x116a08 stp x22, x21, [sp, #0x10]; x22=0x72a7410a08 x21=0x99 sp=0x70d87c2950 mem_w=0x70d87c2960 
[libmetasec_ml.so] 0x70fbd63a0c!0x116a0c stp x20, x19, [sp, #0x20]; x20=0x72a7410970 x19=0x48 sp=0x70d87c2950 mem_w=0x70d87c2970 
[libmetasec_ml.so] 0x70fbd63a10!0x116a10 stp x29, x30, [sp, #0x30]; fp=0x70d87c2a00 lr=0x70fbd63754 sp=0x70d87c2950 mem_w=0x70d87c2980 
[libmetasec_ml.so] 0x70fbd63a14!0x116a14 add x29, sp, #0x30; fp=0x70d87c2a00 sp=0x70d87c2950 -> fp=0x70d87c2980 
[libmetasec_ml.so] 0x70fbd63a18!0x116a18 mov x19, x0; x19=0x48 x0=0x70fbec0008 -> x19=0x70fbec0008 
[libmetasec_ml.so] 0x70fbd63a1c!0x116a1c ldr w0, [x0, #8]; w0=0xfbec0008 x0=0x70fbec0008 mem_r=0x70fbec0010 -> w0=0x17 
[libmetasec_ml.so] 0x70fbd63a20!0x116a20 mov x21, x1; x21=0x99 x1=0x72a7410a08 -> x21=0x72a7410a08 
[libmetasec_ml.so] 0x70fbd63a24!0x116a24 mov x1, x2; x1=0x72a7410a08 x2=0x736741158c -> x1=0x736741158c 
[libmetasec_ml.so] 0x70fbd63a28!0x116a28 mov x20, x2; x20=0x72a7410970 x2=0x736741158c -> x20=0x736741158c 
[libmetasec_ml.so] 0x70fbd63a2c!0x116a2c bl #0x70fbd64e38; 
[libmetasec_ml.so] 0x70fbd64e38!0x117e38 lsr w8, w0, #0x1d; w8=0xfff0bdc1 w0=0x17 -> w8=0x0 
[libmetasec_ml.so] 0x70fbd64e3c!0x117e3c cbnz w8, #0x70fbd64e48; w8=0x0 
[libmetasec_ml.so] 0x70fbd64e40!0x117e40 lsl w0, w0, #3; w0=0x17 w0=0x17 -> w0=0xb8 
[libmetasec_ml.so] 0x70fbd64e44!0x117e44 b #0x70fbd64eb8; 
[libmetasec_ml.so] 0x70fbd64eb8!0x117eb8 cmp w0, #0x80; w0=0xb8 -> w0=0xb8 
[libmetasec_ml.so] 0x70fbd64ebc!0x117ebc b.lo #0x70fbd64f0c; 
[libmetasec_ml.so] 0x70fbd64ec0!0x117ec0 orr w8, w0, #0x80; w8=0x0 w0=0xb8 -> w8=0xb8 
[libmetasec_ml.so] 0x70fbd64ec4!0x117ec4 cmp w0, #4, lsl #12; w0=0xb8 -> w0=0xb8 
[libmetasec_ml.so] 0x70fbd64ec8!0x117ec8 strb w8, [x1]; w8=0xb8 x1=0x736741158c mem_w=0x736741158c 
[libmetasec_ml.so] 0x70fbd64ecc!0x117ecc lsr w8, w0, #7; w8=0xb8 w0=0xb8 -> w8=0x1 
[libmetasec_ml.so] 0x70fbd64ed0!0x117ed0 b.lo #0x70fbd64f14; 
[libmetasec_ml.so] 0x70fbd64f14!0x117f14 mov w9, #1; w9=0xfbe42623 -> w9=0x1 
[libmetasec_ml.so] 0x70fbd64f18!0x117f18 b #0x70fbd64f28; 
[libmetasec_ml.so] 0x70fbd64f28!0x117f28 mov w0, w8; w0=0xb8 w8=0x1 -> w0=0x1 
[libmetasec_ml.so] 0x70fbd64f2c!0x117f2c add w8, w9, #1; w8=0x1 w9=0x1 -> w8=0x2 
[libmetasec_ml.so] 0x70fbd64f30!0x117f30 strb w0, [x1, w9, uxtw]; w0=0x1 x1=0x736741158c w9=0x1 mem_w=0x736741158d 
[libmetasec_ml.so] 0x70fbd64f34!0x117f34 mov x0, x8; x0=0x1 x8=0x2 -> x0=0x2 
[libmetasec_ml.so] 0x70fbd64f38!0x117f38 ret ; 
[libmetasec_ml.so] 0x70fbd63a30!0x116a30 ldr w8, [x19, #0x10]; w8=0x2 x19=0x70fbec0008 mem_r=0x70fbec0018 -> w8=0x1 
[libmetasec_ml.so] 0x70fbd63a34!0x116a34 cmp w8, #0x10; w8=0x1 -> w8=0x1 
[libmetasec_ml.so] 0x70fbd63a38!0x116a38 b.hi #0x70fbd63abc; 
[libmetasec_ml.so] 0x70fbd63a3c!0x116a3c adrp x9, #0x70fbe42000; x9=0x1 -> x9=0x70fbe42000 
[libmetasec_ml.so] 0x70fbd63a40!0x116a40 add x9, x9, #0x5d4; x9=0x70fbe42000 x9=0x70fbe42000 -> x9=0x70fbe425d4 
[libmetasec_ml.so] 0x70fbd63a44!0x116a44 adr x10, #0x70fbd63a58; x10=0x70fbd64dec -> x10=0x70fbd63a58 
[libmetasec_ml.so] 0x70fbd63a48!0x116a48 ldrb w11, [x9, x8]; w11=0x0 x9=0x70fbe425d4 x8=0x1 mem_r=0x70fbe425d5 -> w11=0x1b 
[libmetasec_ml.so] 0x70fbd63a4c!0x116a4c add x10, x10, x11, lsl #2; x10=0x70fbd63a58 x10=0x70fbd63a58 x11=0x1b -> x10=0x70fbd63ac4 
[libmetasec_ml.so] 0x70fbd63a50!0x116a50 mov x19, x0; x19=0x70fbec0008 x0=0x2 -> x19=0x2 
[libmetasec_ml.so] 0x70fbd63a54!0x116a54 br x10; x10=0x70fbd63ac4 
[libmetasec_ml.so] 0x70fbd63ac4!0x116ac4 ldr w0, [x21]; w0=0x2 x21=0x72a7410a08 mem_r=0x72a7410a08 -> w0=0xfff0bdc1 
[libmetasec_ml.so] 0x70fbd63ac8!0x116ac8 add x1, x20, x19; x1=0x736741158c x20=0x736741158c x19=0x2 -> x1=0x736741158e 
[libmetasec_ml.so] 0x70fbd63acc!0x116acc bl #0x70fbd64e54; 
[libmetasec_ml.so] 0x70fbd64e54!0x117e54 lsl w8, w0, #1; w8=0x1 w0=0xfff0bdc1 -> w8=0xffe17b82 
[libmetasec_ml.so] 0x70fbd64e58!0x117e58 eor w0, w8, w0, asr #31; w0=0xfff0bdc1 w8=0xffe17b82 w0=0xfff0bdc1 -> w0=0x1e847d 
[libmetasec_ml.so] 0x70fbd64e5c!0x117e5c b #0x70fbd64eb8; 
[libmetasec_ml.so] 0x70fbd64eb8!0x117eb8 cmp w0, #0x80; w0=0x1e847d -> w0=0x1e847d 
[libmetasec_ml.so] 0x70fbd64ebc!0x117ebc b.lo #0x70fbd64f0c; 
[libmetasec_ml.so] 0x70fbd64ec0!0x117ec0 orr w8, w0, #0x80; w8=0xffe17b82 w0=0x1e847d -> w8=0x1e84fd 
[libmetasec_ml.so] 0x70fbd64ec4!0x117ec4 cmp w0, #4, lsl #12; w0=0x1e847d -> w0=0x1e847d 
[libmetasec_ml.so] 0x70fbd64ec8!0x117ec8 strb w8, [x1]; w8=0x1e84fd x1=0x736741158e mem_w=0x736741158e 
[libmetasec_ml.so] 0x70fbd64ecc!0x117ecc lsr w8, w0, #7; w8=0x1e84fd w0=0x1e847d -> w8=0x3d08 
[libmetasec_ml.so] 0x70fbd64ed0!0x117ed0 b.lo #0x70fbd64f14; 
[libmetasec_ml.so] 0x70fbd64ed4!0x117ed4 orr w8, w8, #0x80; w8=0x3d08 w8=0x3d08 -> w8=0x3d88 
[libmetasec_ml.so] 0x70fbd64ed8!0x117ed8 cmp w0, #0x200, lsl #12; w0=0x1e847d -> w0=0x1e847d 
[libmetasec_ml.so] 0x70fbd64edc!0x117edc strb w8, [x1, #1]; w8=0x3d88 x1=0x736741158e mem_w=0x736741158f 
[libmetasec_ml.so] 0x70fbd64ee0!0x117ee0 lsr w8, w0, #0xe; w8=0x3d88 w0=0x1e847d -> w8=0x7a 
[libmetasec_ml.so] 0x70fbd64ee4!0x117ee4 b.lo #0x70fbd64f1c; 
[libmetasec_ml.so] 0x70fbd64f1c!0x117f1c mov w9, #2; w9=0xfbe425d4 -> w9=0x2 
[libmetasec_ml.so] 0x70fbd64f20!0x117f20 b #0x70fbd64f28; 
[libmetasec_ml.so] 0x70fbd64f28!0x117f28 mov w0, w8; w0=0x1e847d w8=0x7a -> w0=0x7a 
[libmetasec_ml.so] 0x70fbd64f2c!0x117f2c add w8, w9, #1; w8=0x7a w9=0x2 -> w8=0x3 
[libmetasec_ml.so] 0x70fbd64f30!0x117f30 strb w0, [x1, w9, uxtw]; w0=0x7a x1=0x736741158e w9=0x2 mem_w=0x7367411590 
[libmetasec_ml.so] 0x70fbd64f34!0x117f34 mov x0, x8; x0=0x7a x8=0x3 -> x0=0x3 
[libmetasec_ml.so] 0x70fbd64f38!0x117f38 ret ; 
[libmetasec_ml.so] 0x70fbd63ad0!0x116ad0 b #0x70fbd63af0; 
[libmetasec_ml.so] 0x70fbd63af0!0x116af0 add x0, x0, x19; x0=0x3 x0=0x3 x19=0x2 -> x0=0x5 
[libmetasec_ml.so] 0x70fbd63af4!0x116af4 b #0x70fbd63bfc; 
[libmetasec_ml.so] 0x70fbd63bfc!0x116bfc ldp x29, x30, [sp, #0x30]; fp=0x70d87c2980 lr=0x70fbd63ad0 sp=0x70d87c2950 mem_r=0x70d87c2980 -> fp=0x70d87c2a00 lr=0x70fbd63754 
[libmetasec_ml.so] 0x70fbd63c00!0x116c00 ldp x20, x19, [sp, #0x20]; x20=0x736741158c x19=0x2 sp=0x70d87c2950 mem_r=0x70d87c2970 -> x20=0x72a7410970 x19=0x48 
[libmetasec_ml.so] 0x70fbd63c04!0x116c04 ldp x22, x21, [sp, #0x10]; x22=0x72a7410a08 x21=0x72a7410a08 sp=0x70d87c2950 mem_r=0x70d87c2960 -> x22=0x72a7410a08 x21=0x99 
[libmetasec_ml.so] 0x70fbd63c08!0x116c08 ldr x23, [sp], #0x40; x23=0x2a45 sp=0x70d87c2950 mem_r=0x70d87c2950 -> x23=0x2a45 
[libmetasec_ml.so] 0x70fbd63c0c!0x116c0c ret ; 
[libmetasec_ml.so] 0x70fbd63754!0x116754 mov x25, x0; x25=0xb x0=0x5 -> x25=0x5 
[libmetasec_ml.so] 0x70fbd63758!0x116758 b #0x70fbd63940; 
[libmetasec_ml.so] 0x70fbd63940!0x116940 add x21, x25, x21; x21=0x99 x25=0x5 x21=0x99 -> x21=0x9e 
[libmetasec_ml.so] 0x70fbd63944!0x116944 add x28, x28, #1; x28=0x16 x28=0x16 -> x28=0x17 
[libmetasec_ml.so] 0x70fbd63948!0x116948 b #0x70fbd635f0; 
[libmetasec_ml.so] 0x70fbd635f0!0x1165f0 ldr x8, [x20]; x8=0x3 x20=0x72a7410970 mem_r=0x72a7410970 -> x8=0x70fbebec78 
[libmetasec_ml.so] 0x70fbd635f4!0x1165f4 ldr w9, [x8, #0x30]; w9=0x2 x8=0x70fbebec78 mem_r=0x70fbebeca8 -> w9=0x28 
[libmetasec_ml.so] 0x70fbd635f8!0x1165f8 cmp x28, x9; x28=0x17 x9=0x28 -> x28=0x17 
[libmetasec_ml.so] 0x70fbd635fc!0x1165fc b.hs #0x70fbd6397c; 
[libmetasec_ml.so] 0x70fbd63600!0x116600 ldr x8, [x8, #0x38]; x8=0x70fbebec78 x8=0x70fbebec78 mem_r=0x70fbebecb0 -> x8=0x70fbebf9d8 
[libmetasec_ml.so] 0x70fbd63604!0x116604 nop ; 
[libmetasec_ml.so] 0x70fbd63608!0x116608 madd x24, x28, x19, x8; x24=0x70fbec0008 x28=0x17 x19=0x48 x8=0x70fbebf9d8 -> x24=0x70fbec0050 
[libmetasec_ml.so] 0x70fbd6360c!0x11660c ldr w9, [x24, #0x18]; w9=0x28 x24=0x70fbec0050 mem_r=0x70fbec0068 -> w9=0x9c 
[libmetasec_ml.so] 0x70fbd63610!0x116610 ldr w11, [x24, #0xc]; w11=0x1b x24=0x70fbec0050 mem_r=0x70fbec005c -> w11=0x3 
[libmetasec_ml.so] 0x70fbd63614!0x116614 add x22, x20, x9; x22=0x72a7410a08 x20=0x72a7410970 x9=0x9c -> x22=0x72a7410a0c 
[libmetasec_ml.so] 0x70fbd63618!0x116618 cbz w11, #0x70fbd63744; w11=0x3 
[libmetasec_ml.so] 0x70fbd6361c!0x11661c ldr w9, [x24, #0x14]; w9=0x9c x24=0x70fbec0050 mem_r=0x70fbec0064 -> w9=0x0 
[libmetasec_ml.so] 0x70fbd63620!0x116620 cmp w11, #1; w11=0x3 -> w11=0x3 
[libmetasec_ml.so] 0x70fbd63624!0x116624 madd x10, x28, x19, x8; x10=0x70fbd63ac4 x28=0x17 x19=0x48 x8=0x70fbebf9d8 -> x10=0x70fbec0050 
[libmetasec_ml.so] 0x70fbd63628!0x116628 ccmp w11, #3, #4, ne; w11=0x3 
[libmetasec_ml.so] 0x70fbd6362c!0x11662c b.ne #0x70fbd63668; 
[libmetasec_ml.so] 0x70fbd63630!0x116630 ldr w10, [x10, #0x30]; w10=0xfbec0050 x10=0x70fbec0050 mem_r=0x70fbec0080 -> w10=0x0 
[libmetasec_ml.so] 0x70fbd63634!0x116634 tbnz w10, #2, #0x70fbd636a0; w10=0x0 
[libmetasec_ml.so] 0x70fbd63638!0x116638 cmp w11, #3; w11=0x3 -> w11=0x3 
[libmetasec_ml.so] 0x70fbd6363c!0x11663c b.eq #0x70fbd6372c; 
[libmetasec_ml.so] 0x70fbd6372c!0x11672c mov x0, x24; x0=0x5 x24=0x70fbec0050 -> x0=0x70fbec0050 
[libmetasec_ml.so] 0x70fbd63730!0x116730 mov x1, x22; x1=0x736741158e x22=0x72a7410a0c -> x1=0x72a7410a0c 
[libmetasec_ml.so] 0x70fbd63734!0x116734 bl #0x70fbd64dc8; 
[libmetasec_ml.so] 0x70fbd64dc8!0x117dc8 ldr w8, [x0, #0x10]; w8=0xfbebf9d8 x0=0x70fbec0050 mem_r=0x70fbec0060 -> w8=0x1 
[libmetasec_ml.so] 0x70fbd64dcc!0x117dcc cmp w8, #0x10; w8=0x1 -> w8=0x1 
[libmetasec_ml.so] 0x70fbd64dd0!0x117dd0 b.hi #0x70fbd64e30; 
[libmetasec_ml.so] 0x70fbd64dd4!0x117dd4 adrp x9, #0x70fbe42000; x9=0x0 -> x9=0x70fbe42000 
[libmetasec_ml.so] 0x70fbd64dd8!0x117dd8 add x9, x9, #0x623; x9=0x70fbe42000 x9=0x70fbe42000 -> x9=0x70fbe42623 
[libmetasec_ml.so] 0x70fbd64ddc!0x117ddc adr x10, #0x70fbd64dec; x10=0x0 -> x10=0x70fbd64dec 
[libmetasec_ml.so] 0x70fbd64de0!0x117de0 ldrb w11, [x9, x8]; w11=0x3 x9=0x70fbe42623 x8=0x1 mem_r=0x70fbe42624 -> w11=0x0 
[libmetasec_ml.so] 0x70fbd64de4!0x117de4 add x10, x10, x11, lsl #2; x10=0x70fbd64dec x10=0x70fbd64dec x11=0x0 -> x10=0x70fbd64dec 
[libmetasec_ml.so] 0x70fbd64de8!0x117de8 br x10; x10=0x70fbd64dec 
[libmetasec_ml.so] 0x70fbd64dec!0x117dec ldr w8, [x1]; w8=0x1 x1=0x72a7410a0c mem_r=0x72a7410a0c -> w8=0xfff0bdc1 
[libmetasec_ml.so] 0x70fbd64df0!0x117df0 cmp w8, #0; w8=0xfff0bdc1 -> w8=0xfff0bdc1 
[libmetasec_ml.so] 0x70fbd64df4!0x117df4 b #0x70fbd64e00; 
[libmetasec_ml.so] 0x70fbd64e00!0x117e00 cset w0, eq; w0=0xfbec0050 -> w0=0x0 
[libmetasec_ml.so] 0x70fbd64e04!0x117e04 ret ; 
[libmetasec_ml.so] 0x70fbd63738!0x116738 cbz w0, #0x70fbd63744; w0=0x0 
[libmetasec_ml.so] 0x70fbd63744!0x116744 add x2, x27, x21; x2=0x736741158c x27=0x73674114f3 x21=0x9e -> x2=0x7367411591 
[libmetasec_ml.so] 0x70fbd63748!0x116748 mov x0, x24; x0=0x0 x24=0x70fbec0050 -> x0=0x70fbec0050 
[libmetasec_ml.so] 0x70fbd6374c!0x11674c mov x1, x22; x1=0x72a7410a0c x22=0x72a7410a0c -> x1=0x72a7410a0c 
[libmetasec_ml.so] 0x70fbd63750!0x116750 bl #0x70fbd63a04; 
[libmetasec_ml.so] 0x70fbd63a04!0x116a04 str x23, [sp, #-0x40]!; x23=0x2a45 sp=0x70d87c2990 mem_w=0x70d87c2950 -> sp=0x70d87c2950 
[libmetasec_ml.so] 0x70fbd63a08!0x116a08 stp x22, x21, [sp, #0x10]; x22=0x72a7410a0c x21=0x9e sp=0x70d87c2950 mem_w=0x70d87c2960 
[libmetasec_ml.so] 0x70fbd63a0c!0x116a0c stp x20, x19, [sp, #0x20]; x20=0x72a7410970 x19=0x48 sp=0x70d87c2950 mem_w=0x70d87c2970 
[libmetasec_ml.so] 0x70fbd63a10!0x116a10 stp x29, x30, [sp, #0x30]; fp=0x70d87c2a00 lr=0x70fbd63754 sp=0x70d87c2950 mem_w=0x70d87c2980 
[libmetasec_ml.so] 0x70fbd63a14!0x116a14 add x29, sp, #0x30; fp=0x70d87c2a00 sp=0x70d87c2950 -> fp=0x70d87c2980 
[libmetasec_ml.so] 0x70fbd63a18!0x116a18 mov x19, x0; x19=0x48 x0=0x70fbec0050 -> x19=0x70fbec0050 
[libmetasec_ml.so] 0x70fbd63a1c!0x116a1c ldr w0, [x0, #8]; w0=0xfbec0050 x0=0x70fbec0050 mem_r=0x70fbec0058 -> w0=0x18 
[libmetasec_ml.so] 0x70fbd63a20!0x116a20 mov x21, x1; x21=0x9e x1=0x72a7410a0c -> x21=0x72a7410a0c 
[libmetasec_ml.so] 0x70fbd63a24!0x116a24 mov x1, x2; x1=0x72a7410a0c x2=0x7367411591 -> x1=0x7367411591 
[libmetasec_ml.so] 0x70fbd63a28!0x116a28 mov x20, x2; x20=0x72a7410970 x2=0x7367411591 -> x20=0x7367411591 
[libmetasec_ml.so] 0x70fbd63a2c!0x116a2c bl #0x70fbd64e38; 
[libmetasec_ml.so] 0x70fbd64e38!0x117e38 lsr w8, w0, #0x1d; w8=0xfff0bdc1 w0=0x18 -> w8=0x0 
[libmetasec_ml.so] 0x70fbd64e3c!0x117e3c cbnz w8, #0x70fbd64e48; w8=0x0 
[libmetasec_ml.so] 0x70fbd64e40!0x117e40 lsl w0, w0, #3; w0=0x18 w0=0x18 -> w0=0xc0 
[libmetasec_ml.so] 0x70fbd64e44!0x117e44 b #0x70fbd64eb8; 
[libmetasec_ml.so] 0x70fbd64eb8!0x117eb8 cmp w0, #0x80; w0=0xc0 -> w0=0xc0 
[libmetasec_ml.so] 0x70fbd64ebc!0x117ebc b.lo #0x70fbd64f0c; 
[libmetasec_ml.so] 0x70fbd64ec0!0x117ec0 orr w8, w0, #0x80; w8=0x0 w0=0xc0 -> w8=0xc0 
[libmetasec_ml.so] 0x70fbd64ec4!0x117ec4 cmp w0, #4, lsl #12; w0=0xc0 -> w0=0xc0 
[libmetasec_ml.so] 0x70fbd64ec8!0x117ec8 strb w8, [x1]; w8=0xc0 x1=0x7367411591 mem_w=0x7367411591 
[libmetasec_ml.so] 0x70fbd64ecc!0x117ecc lsr w8, w0, #7; w8=0xc0 w0=0xc0 -> w8=0x1 
[libmetasec_ml.so] 0x70fbd64ed0!0x117ed0 b.lo #0x70fbd64f14; 
[libmetasec_ml.so] 0x70fbd64f14!0x117f14 mov w9, #1; w9=0xfbe42623 -> w9=0x1 
[libmetasec_ml.so] 0x70fbd64f18!0x117f18 b #0x70fbd64f28; 
[libmetasec_ml.so] 0x70fbd64f28!0x117f28 mov w0, w8; w0=0xc0 w8=0x1 -> w0=0x1 
[libmetasec_ml.so] 0x70fbd64f2c!0x117f2c add w8, w9, #1; w8=0x1 w9=0x1 -> w8=0x2 
[libmetasec_ml.so] 0x70fbd64f30!0x117f30 strb w0, [x1, w9, uxtw]; w0=0x1 x1=0x7367411591 w9=0x1 mem_w=0x7367411592 
[libmetasec_ml.so] 0x70fbd64f34!0x117f34 mov x0, x8; x0=0x1 x8=0x2 -> x0=0x2 
[libmetasec_ml.so] 0x70fbd64f38!0x117f38 ret ; 
[libmetasec_ml.so] 0x70fbd63a30!0x116a30 ldr w8, [x19, #0x10]; w8=0x2 x19=0x70fbec0050 mem_r=0x70fbec0060 -> w8=0x1 
[libmetasec_ml.so] 0x70fbd63a34!0x116a34 cmp w8, #0x10; w8=0x1 -> w8=0x1 
[libmetasec_ml.so] 0x70fbd63a38!0x116a38 b.hi #0x70fbd63abc; 
[libmetasec_ml.so] 0x70fbd63a3c!0x116a3c adrp x9, #0x70fbe42000; x9=0x1 -> x9=0x70fbe42000 
[libmetasec_ml.so] 0x70fbd63a40!0x116a40 add x9, x9, #0x5d4; x9=0x70fbe42000 x9=0x70fbe42000 -> x9=0x70fbe425d4 
[libmetasec_ml.so] 0x70fbd63a44!0x116a44 adr x10, #0x70fbd63a58; x10=0x70fbd64dec -> x10=0x70fbd63a58 
[libmetasec_ml.so] 0x70fbd63a48!0x116a48 ldrb w11, [x9, x8]; w11=0x0 x9=0x70fbe425d4 x8=0x1 mem_r=0x70fbe425d5 -> w11=0x1b 
[libmetasec_ml.so] 0x70fbd63a4c!0x116a4c add x10, x10, x11, lsl #2; x10=0x70fbd63a58 x10=0x70fbd63a58 x11=0x1b -> x10=0x70fbd63ac4 
[libmetasec_ml.so] 0x70fbd63a50!0x116a50 mov x19, x0; x19=0x70fbec0050 x0=0x2 -> x19=0x2 
[libmetasec_ml.so] 0x70fbd63a54!0x116a54 br x10; x10=0x70fbd63ac4 
[libmetasec_ml.so] 0x70fbd63ac4!0x116ac4 ldr w0, [x21]; w0=0x2 x21=0x72a7410a0c mem_r=0x72a7410a0c -> w0=0xfff0bdc1 
[libmetasec_ml.so] 0x70fbd63ac8!0x116ac8 add x1, x20, x19; x1=0x7367411591 x20=0x7367411591 x19=0x2 -> x1=0x7367411593 
[libmetasec_ml.so] 0x70fbd63acc!0x116acc bl #0x70fbd64e54; 
[libmetasec_ml.so] 0x70fbd64e54!0x117e54 lsl w8, w0, #1; w8=0x1 w0=0xfff0bdc1 -> w8=0xffe17b82 
[libmetasec_ml.so] 0x70fbd64e58!0x117e58 eor w0, w8, w0, asr #31; w0=0xfff0bdc1 w8=0xffe17b82 w0=0xfff0bdc1 -> w0=0x1e847d 
[libmetasec_ml.so] 0x70fbd64e5c!0x117e5c b #0x70fbd64eb8; 
[libmetasec_ml.so] 0x70fbd64eb8!0x117eb8 cmp w0, #0x80; w0=0x1e847d -> w0=0x1e847d 
[libmetasec_ml.so] 0x70fbd64ebc!0x117ebc b.lo #0x70fbd64f0c; 
[libmetasec_ml.so] 0x70fbd64ec0!0x117ec0 orr w8, w0, #0x80; w8=0xffe17b82 w0=0x1e847d -> w8=0x1e84fd 
[libmetasec_ml.so] 0x70fbd64ec4!0x117ec4 cmp w0, #4, lsl #12; w0=0x1e847d -> w0=0x1e847d 
[libmetasec_ml.so] 0x70fbd64ec8!0x117ec8 strb w8, [x1]; w8=0x1e84fd x1=0x7367411593 mem_w=0x7367411593 
[libmetasec_ml.so] 0x70fbd64ecc!0x117ecc lsr w8, w0, #7; w8=0x1e84fd w0=0x1e847d -> w8=0x3d08 
[libmetasec_ml.so] 0x70fbd64ed0!0x117ed0 b.lo #0x70fbd64f14; 
[libmetasec_ml.so] 0x70fbd64ed4!0x117ed4 orr w8, w8, #0x80; w8=0x3d08 w8=0x3d08 -> w8=0x3d88 
[libmetasec_ml.so] 0x70fbd64ed8!0x117ed8 cmp w0, #0x200, lsl #12; w0=0x1e847d -> w0=0x1e847d 
[libmetasec_ml.so] 0x70fbd64edc!0x117edc strb w8, [x1, #1]; w8=0x3d88 x1=0x7367411593 mem_w=0x7367411594 
[libmetasec_ml.so] 0x70fbd64ee0!0x117ee0 lsr w8, w0, #0xe; w8=0x3d88 w0=0x1e847d -> w8=0x7a 
[libmetasec_ml.so] 0x70fbd64ee4!0x117ee4 b.lo #0x70fbd64f1c; 
[libmetasec_ml.so] 0x70fbd64f1c!0x117f1c mov w9, #2; w9=0xfbe425d4 -> w9=0x2 
[libmetasec_ml.so] 0x70fbd64f20!0x117f20 b #0x70fbd64f28; 
[libmetasec_ml.so] 0x70fbd64f28!0x117f28 mov w0, w8; w0=0x1e847d w8=0x7a -> w0=0x7a 
[libmetasec_ml.so] 0x70fbd64f2c!0x117f2c add w8, w9, #1; w8=0x7a w9=0x2 -> w8=0x3 
[libmetasec_ml.so] 0x70fbd64f30!0x117f30 strb w0, [x1, w9, uxtw]; w0=0x7a x1=0x7367411593 w9=0x2 mem_w=0x7367411595 
[libmetasec_ml.so] 0x70fbd64f34!0x117f34 mov x0, x8; x0=0x7a x8=0x3 -> x0=0x3 
[libmetasec_ml.so] 0x70fbd64f38!0x117f38 ret ; 
[libmetasec_ml.so] 0x70fbd63ad0!0x116ad0 b #0x70fbd63af0; 
[libmetasec_ml.so] 0x70fbd63af0!0x116af0 add x0, x0, x19; x0=0x3 x0=0x3 x19=0x2 -> x0=0x5 
[libmetasec_ml.so] 0x70fbd63af4!0x116af4 b #0x70fbd63bfc; 
[libmetasec_ml.so] 0x70fbd63bfc!0x116bfc ldp x29, x30, [sp, #0x30]; fp=0x70d87c2980 lr=0x70fbd63ad0 sp=0x70d87c2950 mem_r=0x70d87c2980 -> fp=0x70d87c2a00 lr=0x70fbd63754 
[libmetasec_ml.so] 0x70fbd63c00!0x116c00 ldp x20, x19, [sp, #0x20]; x20=0x7367411591 x19=0x2 sp=0x70d87c2950 mem_r=0x70d87c2970 -> x20=0x72a7410970 x19=0x48 
[libmetasec_ml.so] 0x70fbd63c04!0x116c04 ldp x22, x21, [sp, #0x10]; x22=0x72a7410a0c x21=0x72a7410a0c sp=0x70d87c2950 mem_r=0x70d87c2960 -> x22=0x72a7410a0c x21=0x9e 
[libmetasec_ml.so] 0x70fbd63c08!0x116c08 ldr x23, [sp], #0x40; x23=0x2a45 sp=0x70d87c2950 mem_r=0x70d87c2950 -> x23=0x2a45 
[libmetasec_ml.so] 0x70fbd63c0c!0x116c0c ret ; 
[libmetasec_ml.so] 0x70fbd63754!0x116754 mov x25, x0; x25=0x5 x0=0x5 -> x25=0x5 
[libmetasec_ml.so] 0x70fbd63758!0x116758 b #0x70fbd63940; 
[libmetasec_ml.so] 0x70fbd63940!0x116940 add x21, x25, x21; x21=0x9e x25=0x5 x21=0x9e -> x21=0xa3 
[libmetasec_ml.so] 0x70fbd63944!0x116944 add x28, x28, #1; x28=0x17 x28=0x17 -> x28=0x18 
[libmetasec_ml.so] 0x70fbd63948!0x116948 b #0x70fbd635f0; 
[libmetasec_ml.so] 0x70fbd635f0!0x1165f0 ldr x8, [x20]; x8=0x3 x20=0x72a7410970 mem_r=0x72a7410970 -> x8=0x70fbebec78 
[libmetasec_ml.so] 0x70fbd635f4!0x1165f4 ldr w9, [x8, #0x30]; w9=0x2 x8=0x70fbebec78 mem_r=0x70fbebeca8 -> w9=0x28 
[libmetasec_ml.so] 0x70fbd635f8!0x1165f8 cmp x28, x9; x28=0x18 x9=0x28 -> x28=0x18 
[libmetasec_ml.so] 0x70fbd635fc!0x1165fc b.hs #0x70fbd6397c; 
[libmetasec_ml.so] 0x70fbd63600!0x116600 ldr x8, [x8, #0x38]; x8=0x70fbebec78 x8=0x70fbebec78 mem_r=0x70fbebecb0 -> x8=0x70fbebf9d8 
[libmetasec_ml.so] 0x70fbd63604!0x116604 nop ; 
[libmetasec_ml.so] 0x70fbd63608!0x116608 madd x24, x28, x19, x8; x24=0x70fbec0050 x28=0x18 x19=0x48 x8=0x70fbebf9d8 -> x24=0x70fbec0098 
[libmetasec_ml.so] 0x70fbd6360c!0x11660c ldr w9, [x24, #0x18]; w9=0x28 x24=0x70fbec0098 mem_r=0x70fbec00b0 -> w9=0xa0 
[libmetasec_ml.so] 0x70fbd63610!0x116610 ldr w11, [x24, #0xc]; w11=0x1b x24=0x70fbec0098 mem_r=0x70fbec00a4 -> w11=0x3 
[libmetasec_ml.so] 0x70fbd63614!0x116614 add x22, x20, x9; x22=0x72a7410a0c x20=0x72a7410970 x9=0xa0 -> x22=0x72a7410a10 
[libmetasec_ml.so] 0x70fbd63618!0x116618 cbz w11, #0x70fbd63744; w11=0x3 
[libmetasec_ml.so] 0x70fbd6361c!0x11661c ldr w9, [x24, #0x14]; w9=0xa0 x24=0x70fbec0098 mem_r=0x70fbec00ac -> w9=0x0 
[libmetasec_ml.so] 0x70fbd63620!0x116620 cmp w11, #1; w11=0x3 -> w11=0x3 
[libmetasec_ml.so] 0x70fbd63624!0x116624 madd x10, x28, x19, x8; x10=0x70fbd63ac4 x28=0x18 x19=0x48 x8=0x70fbebf9d8 -> x10=0x70fbec0098 
[libmetasec_ml.so] 0x70fbd63628!0x116628 ccmp w11, #3, #4, ne; w11=0x3 
[libmetasec_ml.so] 0x70fbd6362c!0x11662c b.ne #0x70fbd63668; 
[libmetasec_ml.so] 0x70fbd63630!0x116630 ldr w10, [x10, #0x30]; w10=0xfbec0098 x10=0x70fbec0098 mem_r=0x70fbec00c8 -> w10=0x0 
[libmetasec_ml.so] 0x70fbd63634!0x116634 tbnz w10, #2, #0x70fbd636a0; w10=0x0 
[libmetasec_ml.so] 0x70fbd63638!0x116638 cmp w11, #3; w11=0x3 -> w11=0x3 
[libmetasec_ml.so] 0x70fbd6363c!0x11663c b.eq #0x70fbd6372c; 
[libmetasec_ml.so] 0x70fbd6372c!0x11672c mov x0, x24; x0=0x5 x24=0x70fbec0098 -> x0=0x70fbec0098 
[libmetasec_ml.so] 0x70fbd63730!0x116730 mov x1, x22; x1=0x7367411593 x22=0x72a7410a10 -> x1=0x72a7410a10 
[libmetasec_ml.so] 0x70fbd63734!0x116734 bl #0x70fbd64dc8; 
[libmetasec_ml.so] 0x70fbd64dc8!0x117dc8 ldr w8, [x0, #0x10]; w8=0xfbebf9d8 x0=0x70fbec0098 mem_r=0x70fbec00a8 -> w8=0x4 
[libmetasec_ml.so] 0x70fbd64dcc!0x117dcc cmp w8, #0x10; w8=0x4 -> w8=0x4 
[libmetasec_ml.so] 0x70fbd64dd0!0x117dd0 b.hi #0x70fbd64e30; 
[libmetasec_ml.so] 0x70fbd64dd4!0x117dd4 adrp x9, #0x70fbe42000; x9=0x0 -> x9=0x70fbe42000 
[libmetasec_ml.so] 0x70fbd64dd8!0x117dd8 add x9, x9, #0x623; x9=0x70fbe42000 x9=0x70fbe42000 -> x9=0x70fbe42623 
[libmetasec_ml.so] 0x70fbd64ddc!0x117ddc adr x10, #0x70fbd64dec; x10=0x0 -> x10=0x70fbd64dec 
[libmetasec_ml.so] 0x70fbd64de0!0x117de0 ldrb w11, [x9, x8]; w11=0x3 x9=0x70fbe42623 x8=0x4 mem_r=0x70fbe42627 -> w11=0x3 
[libmetasec_ml.so] 0x70fbd64de4!0x117de4 add x10, x10, x11, lsl #2; x10=0x70fbd64dec x10=0x70fbd64dec x11=0x3 -> x10=0x70fbd64df8 
[libmetasec_ml.so] 0x70fbd64de8!0x117de8 br x10; x10=0x70fbd64df8 
[libmetasec_ml.so] 0x70fbd64df8!0x117df8 ldr x8, [x1]; x8=0x4 x1=0x72a7410a10 mem_r=0x72a7410a10 -> x8=0xfffffffffff0bdc1 
[libmetasec_ml.so] 0x70fbd64dfc!0x117dfc cmp x8, #0; x8=0xfffffffffff0bdc1 -> x8=0xfffffffffff0bdc1 
[libmetasec_ml.so] 0x70fbd64e00!0x117e00 cset w0, eq; w0=0xfbec0098 -> w0=0x0 
[libmetasec_ml.so] 0x70fbd64e04!0x117e04 ret ; 
[libmetasec_ml.so] 0x70fbd63738!0x116738 cbz w0, #0x70fbd63744; w0=0x0 
[libmetasec_ml.so] 0x70fbd63744!0x116744 add x2, x27, x21; x2=0x7367411591 x27=0x73674114f3 x21=0xa3 -> x2=0x7367411596 
[libmetasec_ml.so] 0x70fbd63748!0x116748 mov x0, x24; x0=0x0 x24=0x70fbec0098 -> x0=0x70fbec0098 
[libmetasec_ml.so] 0x70fbd6374c!0x11674c mov x1, x22; x1=0x72a7410a10 x22=0x72a7410a10 -> x1=0x72a7410a10 
[libmetasec_ml.so] 0x70fbd63750!0x116750 bl #0x70fbd63a04; 
[libmetasec_ml.so] 0x70fbd63a04!0x116a04 str x23, [sp, #-0x40]!; x23=0x2a45 sp=0x70d87c2990 mem_w=0x70d87c2950 -> sp=0x70d87c2950 
[libmetasec_ml.so] 0x70fbd63a08!0x116a08 stp x22, x21, [sp, #0x10]; x22=0x72a7410a10 x21=0xa3 sp=0x70d87c2950 mem_w=0x70d87c2960 
[libmetasec_ml.so] 0x70fbd63a0c!0x116a0c stp x20, x19, [sp, #0x20]; x20=0x72a7410970 x19=0x48 sp=0x70d87c2950 mem_w=0x70d87c2970 
[libmetasec_ml.so] 0x70fbd63a10!0x116a10 stp x29, x30, [sp, #0x30]; fp=0x70d87c2a00 lr=0x70fbd63754 sp=0x70d87c2950 mem_w=0x70d87c2980 
[libmetasec_ml.so] 0x70fbd63a14!0x116a14 add x29, sp, #0x30; fp=0x70d87c2a00 sp=0x70d87c2950 -> fp=0x70d87c2980 
[libmetasec_ml.so] 0x70fbd63a18!0x116a18 mov x19, x0; x19=0x48 x0=0x70fbec0098 -> x19=0x70fbec0098 
[libmetasec_ml.so] 0x70fbd63a1c!0x116a1c ldr w0, [x0, #8]; w0=0xfbec0098 x0=0x70fbec0098 mem_r=0x70fbec00a0 -> w0=0x19 
[libmetasec_ml.so] 0x70fbd63a20!0x116a20 mov x21, x1; x21=0xa3 x1=0x72a7410a10 -> x21=0x72a7410a10 
[libmetasec_ml.so] 0x70fbd63a24!0x116a24 mov x1, x2; x1=0x72a7410a10 x2=0x7367411596 -> x1=0x7367411596 
[libmetasec_ml.so] 0x70fbd63a28!0x116a28 mov x20, x2; x20=0x72a7410970 x2=0x7367411596 -> x20=0x7367411596 
[libmetasec_ml.so] 0x70fbd63a2c!0x116a2c bl #0x70fbd64e38; 
[libmetasec_ml.so] 0x70fbd64e38!0x117e38 lsr w8, w0, #0x1d; w8=0xfff0bdc1 w0=0x19 -> w8=0x0 
[libmetasec_ml.so] 0x70fbd64e3c!0x117e3c cbnz w8, #0x70fbd64e48; w8=0x0 
[libmetasec_ml.so] 0x70fbd64e40!0x117e40 lsl w0, w0, #3; w0=0x19 w0=0x19 -> w0=0xc8 
[libmetasec_ml.so] 0x70fbd64e44!0x117e44 b #0x70fbd64eb8; 
[libmetasec_ml.so] 0x70fbd64eb8!0x117eb8 cmp w0, #0x80; w0=0xc8 -> w0=0xc8 
[libmetasec_ml.so] 0x70fbd64ebc!0x117ebc b.lo #0x70fbd64f0c; 
[libmetasec_ml.so] 0x70fbd64ec0!0x117ec0 orr w8, w0, #0x80; w8=0x0 w0=0xc8 -> w8=0xc8 
[libmetasec_ml.so] 0x70fbd64ec4!0x117ec4 cmp w0, #4, lsl #12; w0=0xc8 -> w0=0xc8 
[libmetasec_ml.so] 0x70fbd64ec8!0x117ec8 strb w8, [x1]; w8=0xc8 x1=0x7367411596 mem_w=0x7367411596 
[libmetasec_ml.so] 0x70fbd64ecc!0x117ecc lsr w8, w0, #7; w8=0xc8 w0=0xc8 -> w8=0x1 
[libmetasec_ml.so] 0x70fbd64ed0!0x117ed0 b.lo #0x70fbd64f14; 
[libmetasec_ml.so] 0x70fbd64f14!0x117f14 mov w9, #1; w9=0xfbe42623 -> w9=0x1 
[libmetasec_ml.so] 0x70fbd64f18!0x117f18 b #0x70fbd64f28; 
[libmetasec_ml.so] 0x70fbd64f28!0x117f28 mov w0, w8; w0=0xc8 w8=0x1 -> w0=0x1 
[libmetasec_ml.so] 0x70fbd64f2c!0x117f2c add w8, w9, #1; w8=0x1 w9=0x1 -> w8=0x2 
[libmetasec_ml.so] 0x70fbd64f30!0x117f30 strb w0, [x1, w9, uxtw]; w0=0x1 x1=0x7367411596 w9=0x1 mem_w=0x7367411597 
[libmetasec_ml.so] 0x70fbd64f34!0x117f34 mov x0, x8; x0=0x1 x8=0x2 -> x0=0x2 
[libmetasec_ml.so] 0x70fbd64f38!0x117f38 ret ; 
[libmetasec_ml.so] 0x70fbd63a30!0x116a30 ldr w8, [x19, #0x10]; w8=0x2 x19=0x70fbec0098 mem_r=0x70fbec00a8 -> w8=0x4 
[libmetasec_ml.so] 0x70fbd63a34!0x116a34 cmp w8, #0x10; w8=0x4 -> w8=0x4 
[libmetasec_ml.so] 0x70fbd63a38!0x116a38 b.hi #0x70fbd63abc; 
[libmetasec_ml.so] 0x70fbd63a3c!0x116a3c adrp x9, #0x70fbe42000; x9=0x1 -> x9=0x70fbe42000 
[libmetasec_ml.so] 0x70fbd63a40!0x116a40 add x9, x9, #0x5d4; x9=0x70fbe42000 x9=0x70fbe42000 -> x9=0x70fbe425d4 
[libmetasec_ml.so] 0x70fbd63a44!0x116a44 adr x10, #0x70fbd63a58; x10=0x70fbd64df8 -> x10=0x70fbd63a58 
[libmetasec_ml.so] 0x70fbd63a48!0x116a48 ldrb w11, [x9, x8]; w11=0x3 x9=0x70fbe425d4 x8=0x4 mem_r=0x70fbe425d8 -> w11=0x1f 
[libmetasec_ml.so] 0x70fbd63a4c!0x116a4c add x10, x10, x11, lsl #2; x10=0x70fbd63a58 x10=0x70fbd63a58 x11=0x1f -> x10=0x70fbd63ad4 
[libmetasec_ml.so] 0x70fbd63a50!0x116a50 mov x19, x0; x19=0x70fbec0098 x0=0x2 -> x19=0x2 
[libmetasec_ml.so] 0x70fbd63a54!0x116a54 br x10; x10=0x70fbd63ad4 
[libmetasec_ml.so] 0x70fbd63ad4!0x116ad4 ldr x0, [x21]; x0=0x2 x21=0x72a7410a10 mem_r=0x72a7410a10 -> x0=0xfffffffffff0bdc1 
[libmetasec_ml.so] 0x70fbd63ad8!0x116ad8 add x1, x20, x19; x1=0x7367411596 x20=0x7367411596 x19=0x2 -> x1=0x7367411598 
[libmetasec_ml.so] 0x70fbd63adc!0x116adc bl #0x70fbd64f3c; 
[libmetasec_ml.so] 0x70fbd64f3c!0x117f3c lsl x8, x0, #1; x8=0x4 x0=0xfffffffffff0bdc1 -> x8=0xffffffffffe17b82 
[libmetasec_ml.so] 0x70fbd64f40!0x117f40 eor x0, x8, x0, asr #63; x0=0xfffffffffff0bdc1 x8=0xffffffffffe17b82 x0=0xfffffffffff0bdc1 -> x0=0x1e847d 
[libmetasec_ml.so] 0x70fbd64f44!0x117f44 b #0x70fbd64f48; 
[libmetasec_ml.so] 0x70fbd64f48!0x117f48 lsr x8, x0, #0x20; x8=0xffffffffffe17b82 x0=0x1e847d -> x8=0x0 
[libmetasec_ml.so] 0x70fbd64f4c!0x117f4c cbz w8, #0x70fbd64f94; w8=0x0 
[libmetasec_ml.so] 0x70fbd64f94!0x117f94 b #0x70fbd64eb8; 
[libmetasec_ml.so] 0x70fbd64eb8!0x117eb8 cmp w0, #0x80; w0=0x1e847d -> w0=0x1e847d 
[libmetasec_ml.so] 0x70fbd64ebc!0x117ebc b.lo #0x70fbd64f0c; 
[libmetasec_ml.so] 0x70fbd64ec0!0x117ec0 orr w8, w0, #0x80; w8=0x0 w0=0x1e847d -> w8=0x1e84fd 
[libmetasec_ml.so] 0x70fbd64ec4!0x117ec4 cmp w0, #4, lsl #12; w0=0x1e847d -> w0=0x1e847d 
[libmetasec_ml.so] 0x70fbd64ec8!0x117ec8 strb w8, [x1]; w8=0x1e84fd x1=0x7367411598 mem_w=0x7367411598 
[libmetasec_ml.so] 0x70fbd64ecc!0x117ecc lsr w8, w0, #7; w8=0x1e84fd w0=0x1e847d -> w8=0x3d08 
[libmetasec_ml.so] 0x70fbd64ed0!0x117ed0 b.lo #0x70fbd64f14; 
[libmetasec_ml.so] 0x70fbd64ed4!0x117ed4 orr w8, w8, #0x80; w8=0x3d08 w8=0x3d08 -> w8=0x3d88 
[libmetasec_ml.so] 0x70fbd64ed8!0x117ed8 cmp w0, #0x200, lsl #12; w0=0x1e847d -> w0=0x1e847d 
[libmetasec_ml.so] 0x70fbd64edc!0x117edc strb w8, [x1, #1]; w8=0x3d88 x1=0x7367411598 mem_w=0x7367411599 
[libmetasec_ml.so] 0x70fbd64ee0!0x117ee0 lsr w8, w0, #0xe; w8=0x3d88 w0=0x1e847d -> w8=0x7a 
[libmetasec_ml.so] 0x70fbd64ee4!0x117ee4 b.lo #0x70fbd64f1c; 
[libmetasec_ml.so] 0x70fbd64f1c!0x117f1c mov w9, #2; w9=0xfbe425d4 -> w9=0x2 
[libmetasec_ml.so] 0x70fbd64f20!0x117f20 b #0x70fbd64f28; 
[libmetasec_ml.so] 0x70fbd64f28!0x117f28 mov w0, w8; w0=0x1e847d w8=0x7a -> w0=0x7a 
[libmetasec_ml.so] 0x70fbd64f2c!0x117f2c add w8, w9, #1; w8=0x7a w9=0x2 -> w8=0x3 
[libmetasec_ml.so] 0x70fbd64f30!0x117f30 strb w0, [x1, w9, uxtw]; w0=0x7a x1=0x7367411598 w9=0x2 mem_w=0x736741159a 
[libmetasec_ml.so] 0x70fbd64f34!0x117f34 mov x0, x8; x0=0x7a x8=0x3 -> x0=0x3 
[libmetasec_ml.so] 0x70fbd64f38!0x117f38 ret ; 
[libmetasec_ml.so] 0x70fbd63ae0!0x116ae0 b #0x70fbd63af0; 
[libmetasec_ml.so] 0x70fbd63af0!0x116af0 add x0, x0, x19; x0=0x3 x0=0x3 x19=0x2 -> x0=0x5 
[libmetasec_ml.so] 0x70fbd63af4!0x116af4 b #0x70fbd63bfc; 
[libmetasec_ml.so] 0x70fbd63bfc!0x116bfc ldp x29, x30, [sp, #0x30]; fp=0x70d87c2980 lr=0x70fbd63ae0 sp=0x70d87c2950 mem_r=0x70d87c2980 -> fp=0x70d87c2a00 lr=0x70fbd63754 
[libmetasec_ml.so] 0x70fbd63c00!0x116c00 ldp x20, x19, [sp, #0x20]; x20=0x7367411596 x19=0x2 sp=0x70d87c2950 mem_r=0x70d87c2970 -> x20=0x72a7410970 x19=0x48 
[libmetasec_ml.so] 0x70fbd63c04!0x116c04 ldp x22, x21, [sp, #0x10]; x22=0x72a7410a10 x21=0x72a7410a10 sp=0x70d87c2950 mem_r=0x70d87c2960 -> x22=0x72a7410a10 x21=0xa3 
[libmetasec_ml.so] 0x70fbd63c08!0x116c08 ldr x23, [sp], #0x40; x23=0x2a45 sp=0x70d87c2950 mem_r=0x70d87c2950 -> x23=0x2a45 
[libmetasec_ml.so] 0x70fbd63c0c!0x116c0c ret ; 
[libmetasec_ml.so] 0x70fbd63754!0x116754 mov x25, x0; x25=0x5 x0=0x5 -> x25=0x5 
[libmetasec_ml.so] 0x70fbd63758!0x116758 b #0x70fbd63940; 
[libmetasec_ml.so] 0x70fbd63940!0x116940 add x21, x25, x21; x21=0xa3 x25=0x5 x21=0xa3 -> x21=0xa8 
[libmetasec_ml.so] 0x70fbd63944!0x116944 add x28, x28, #1; x28=0x18 x28=0x18 -> x28=0x19 
[libmetasec_ml.so] 0x70fbd63948!0x116948 b #0x70fbd635f0; 
[libmetasec_ml.so] 0x70fbd635f0!0x1165f0 ldr x8, [x20]; x8=0x3 x20=0x72a7410970 mem_r=0x72a7410970 -> x8=0x70fbebec78 
[libmetasec_ml.so] 0x70fbd635f4!0x1165f4 ldr w9, [x8, #0x30]; w9=0x2 x8=0x70fbebec78 mem_r=0x70fbebeca8 -> w9=0x28 
[libmetasec_ml.so] 0x70fbd635f8!0x1165f8 cmp x28, x9; x28=0x19 x9=0x28 -> x28=0x19 
[libmetasec_ml.so] 0x70fbd635fc!0x1165fc b.hs #0x70fbd6397c; 
[libmetasec_ml.so] 0x70fbd63600!0x116600 ldr x8, [x8, #0x38]; x8=0x70fbebec78 x8=0x70fbebec78 mem_r=0x70fbebecb0 -> x8=0x70fbebf9d8 
[libmetasec_ml.so] 0x70fbd63604!0x116604 nop ; 
[libmetasec_ml.so] 0x70fbd63608!0x116608 madd x24, x28, x19, x8; x24=0x70fbec0098 x28=0x19 x19=0x48 x8=0x70fbebf9d8 -> x24=0x70fbec00e0 
[libmetasec_ml.so] 0x70fbd6360c!0x11660c ldr w9, [x24, #0x18]; w9=0x28 x24=0x70fbec00e0 mem_r=0x70fbec00f8 -> w9=0xa8 
[libmetasec_ml.so] 0x70fbd63610!0x116610 ldr w11, [x24, #0xc]; w11=0x1f x24=0x70fbec00e0 mem_r=0x70fbec00ec -> w11=0x3 
[libmetasec_ml.so] 0x70fbd63614!0x116614 add x22, x20, x9; x22=0x72a7410a10 x20=0x72a7410970 x9=0xa8 -> x22=0x72a7410a18 
[libmetasec_ml.so] 0x70fbd63618!0x116618 cbz w11, #0x70fbd63744; w11=0x3 
[libmetasec_ml.so] 0x70fbd6361c!0x11661c ldr w9, [x24, #0x14]; w9=0xa8 x24=0x70fbec00e0 mem_r=0x70fbec00f4 -> w9=0x0 
[libmetasec_ml.so] 0x70fbd63620!0x116620 cmp w11, #1; w11=0x3 -> w11=0x3 
[libmetasec_ml.so] 0x70fbd63624!0x116624 madd x10, x28, x19, x8; x10=0x70fbd63ad4 x28=0x19 x19=0x48 x8=0x70fbebf9d8 -> x10=0x70fbec00e0 
[libmetasec_ml.so] 0x70fbd63628!0x116628 ccmp w11, #3, #4, ne; w11=0x3 
[libmetasec_ml.so] 0x70fbd6362c!0x11662c b.ne #0x70fbd63668; 
[libmetasec_ml.so] 0x70fbd63630!0x116630 ldr w10, [x10, #0x30]; w10=0xfbec00e0 x10=0x70fbec00e0 mem_r=0x70fbec0110 -> w10=0x0 
[libmetasec_ml.so] 0x70fbd63634!0x116634 tbnz w10, #2, #0x70fbd636a0; w10=0x0 
[libmetasec_ml.so] 0x70fbd63638!0x116638 cmp w11, #3; w11=0x3 -> w11=0x3 
[libmetasec_ml.so] 0x70fbd6363c!0x11663c b.eq #0x70fbd6372c; 
[libmetasec_ml.so] 0x70fbd6372c!0x11672c mov x0, x24; x0=0x5 x24=0x70fbec00e0 -> x0=0x70fbec00e0 
[libmetasec_ml.so] 0x70fbd63730!0x116730 mov x1, x22; x1=0x7367411598 x22=0x72a7410a18 -> x1=0x72a7410a18 
[libmetasec_ml.so] 0x70fbd63734!0x116734 bl #0x70fbd64dc8; 
[libmetasec_ml.so] 0x70fbd64dc8!0x117dc8 ldr w8, [x0, #0x10]; w8=0xfbebf9d8 x0=0x70fbec00e0 mem_r=0x70fbec00f0 -> w8=0x4 
[libmetasec_ml.so] 0x70fbd64dcc!0x117dcc cmp w8, #0x10; w8=0x4 -> w8=0x4 
[libmetasec_ml.so] 0x70fbd64dd0!0x117dd0 b.hi #0x70fbd64e30; 
[libmetasec_ml.so] 0x70fbd64dd4!0x117dd4 adrp x9, #0x70fbe42000; x9=0x0 -> x9=0x70fbe42000 
[libmetasec_ml.so] 0x70fbd64dd8!0x117dd8 add x9, x9, #0x623; x9=0x70fbe42000 x9=0x70fbe42000 -> x9=0x70fbe42623 
[libmetasec_ml.so] 0x70fbd64ddc!0x117ddc adr x10, #0x70fbd64dec; x10=0x0 -> x10=0x70fbd64dec 
[libmetasec_ml.so] 0x70fbd64de0!0x117de0 ldrb w11, [x9, x8]; w11=0x3 x9=0x70fbe42623 x8=0x4 mem_r=0x70fbe42627 -> w11=0x3 
[libmetasec_ml.so] 0x70fbd64de4!0x117de4 add x10, x10, x11, lsl #2; x10=0x70fbd64dec x10=0x70fbd64dec x11=0x3 -> x10=0x70fbd64df8 
[libmetasec_ml.so] 0x70fbd64de8!0x117de8 br x10; x10=0x70fbd64df8 
[libmetasec_ml.so] 0x70fbd64df8!0x117df8 ldr x8, [x1]; x8=0x4 x1=0x72a7410a18 mem_r=0x72a7410a18 -> x8=0x1a04b2ebae0 
[libmetasec_ml.so] 0x70fbd64dfc!0x117dfc cmp x8, #0; x8=0x1a04b2ebae0 -> x8=0x1a04b2ebae0 
[libmetasec_ml.so] 0x70fbd64e00!0x117e00 cset w0, eq; w0=0xfbec00e0 -> w0=0x0 
[libmetasec_ml.so] 0x70fbd64e04!0x117e04 ret ; 
[libmetasec_ml.so] 0x70fbd63738!0x116738 cbz w0, #0x70fbd63744; w0=0x0 
[libmetasec_ml.so] 0x70fbd63744!0x116744 add x2, x27, x21; x2=0x7367411596 x27=0x73674114f3 x21=0xa8 -> x2=0x736741159b 
[libmetasec_ml.so] 0x70fbd63748!0x116748 mov x0, x24; x0=0x0 x24=0x70fbec00e0 -> x0=0x70fbec00e0 
[libmetasec_ml.so] 0x70fbd6374c!0x11674c mov x1, x22; x1=0x72a7410a18 x22=0x72a7410a18 -> x1=0x72a7410a18 
[libmetasec_ml.so] 0x70fbd63750!0x116750 bl #0x70fbd63a04; 
[libmetasec_ml.so] 0x70fbd63a04!0x116a04 str x23, [sp, #-0x40]!; x23=0x2a45 sp=0x70d87c2990 mem_w=0x70d87c2950 -> sp=0x70d87c2950 
[libmetasec_ml.so] 0x70fbd63a08!0x116a08 stp x22, x21, [sp, #0x10]; x22=0x72a7410a18 x21=0xa8 sp=0x70d87c2950 mem_w=0x70d87c2960 
[libmetasec_ml.so] 0x70fbd63a0c!0x116a0c stp x20, x19, [sp, #0x20]; x20=0x72a7410970 x19=0x48 sp=0x70d87c2950 mem_w=0x70d87c2970 
[libmetasec_ml.so] 0x70fbd63a10!0x116a10 stp x29, x30, [sp, #0x30]; fp=0x70d87c2a00 lr=0x70fbd63754 sp=0x70d87c2950 mem_w=0x70d87c2980 
[libmetasec_ml.so] 0x70fbd63a14!0x116a14 add x29, sp, #0x30; fp=0x70d87c2a00 sp=0x70d87c2950 -> fp=0x70d87c2980 
[libmetasec_ml.so] 0x70fbd63a18!0x116a18 mov x19, x0; x19=0x48 x0=0x70fbec00e0 -> x19=0x70fbec00e0 
[libmetasec_ml.so] 0x70fbd63a1c!0x116a1c ldr w0, [x0, #8]; w0=0xfbec00e0 x0=0x70fbec00e0 mem_r=0x70fbec00e8 -> w0=0x1a 
[libmetasec_ml.so] 0x70fbd63a20!0x116a20 mov x21, x1; x21=0xa8 x1=0x72a7410a18 -> x21=0x72a7410a18 
[libmetasec_ml.so] 0x70fbd63a24!0x116a24 mov x1, x2; x1=0x72a7410a18 x2=0x736741159b -> x1=0x736741159b 
[libmetasec_ml.so] 0x70fbd63a28!0x116a28 mov x20, x2; x20=0x72a7410970 x2=0x736741159b -> x20=0x736741159b 
[libmetasec_ml.so] 0x70fbd63a2c!0x116a2c bl #0x70fbd64e38; 
[libmetasec_ml.so] 0x70fbd64e38!0x117e38 lsr w8, w0, #0x1d; w8=0x4b2ebae0 w0=0x1a -> w8=0x0 
[libmetasec_ml.so] 0x70fbd64e3c!0x117e3c cbnz w8, #0x70fbd64e48; w8=0x0 
[libmetasec_ml.so] 0x70fbd64e40!0x117e40 lsl w0, w0, #3; w0=0x1a w0=0x1a -> w0=0xd0 
[libmetasec_ml.so] 0x70fbd64e44!0x117e44 b #0x70fbd64eb8; 
[libmetasec_ml.so] 0x70fbd64eb8!0x117eb8 cmp w0, #0x80; w0=0xd0 -> w0=0xd0 
[libmetasec_ml.so] 0x70fbd64ebc!0x117ebc b.lo #0x70fbd64f0c; 
[libmetasec_ml.so] 0x70fbd64ec0!0x117ec0 orr w8, w0, #0x80; w8=0x0 w0=0xd0 -> w8=0xd0 
[libmetasec_ml.so] 0x70fbd64ec4!0x117ec4 cmp w0, #4, lsl #12; w0=0xd0 -> w0=0xd0 
[libmetasec_ml.so] 0x70fbd64ec8!0x117ec8 strb w8, [x1]; w8=0xd0 x1=0x736741159b mem_w=0x736741159b 
[libmetasec_ml.so] 0x70fbd64ecc!0x117ecc lsr w8, w0, #7; w8=0xd0 w0=0xd0 -> w8=0x1 
[libmetasec_ml.so] 0x70fbd64ed0!0x117ed0 b.lo #0x70fbd64f14; 
[libmetasec_ml.so] 0x70fbd64f14!0x117f14 mov w9, #1; w9=0xfbe42623 -> w9=0x1 
[libmetasec_ml.so] 0x70fbd64f18!0x117f18 b #0x70fbd64f28; 
[libmetasec_ml.so] 0x70fbd64f28!0x117f28 mov w0, w8; w0=0xd0 w8=0x1 -> w0=0x1 
[libmetasec_ml.so] 0x70fbd64f2c!0x117f2c add w8, w9, #1; w8=0x1 w9=0x1 -> w8=0x2 
[libmetasec_ml.so] 0x70fbd64f30!0x117f30 strb w0, [x1, w9, uxtw]; w0=0x1 x1=0x736741159b w9=0x1 mem_w=0x736741159c 
[libmetasec_ml.so] 0x70fbd64f34!0x117f34 mov x0, x8; x0=0x1 x8=0x2 -> x0=0x2 
[libmetasec_ml.so] 0x70fbd64f38!0x117f38 ret ; 
[libmetasec_ml.so] 0x70fbd63a30!0x116a30 ldr w8, [x19, #0x10]; w8=0x2 x19=0x70fbec00e0 mem_r=0x70fbec00f0 -> w8=0x4 
[libmetasec_ml.so] 0x70fbd63a34!0x116a34 cmp w8, #0x10; w8=0x4 -> w8=0x4 
[libmetasec_ml.so] 0x70fbd63a38!0x116a38 b.hi #0x70fbd63abc; 
[libmetasec_ml.so] 0x70fbd63a3c!0x116a3c adrp x9, #0x70fbe42000; x9=0x1 -> x9=0x70fbe42000 
[libmetasec_ml.so] 0x70fbd63a40!0x116a40 add x9, x9, #0x5d4; x9=0x70fbe42000 x9=0x70fbe42000 -> x9=0x70fbe425d4 
[libmetasec_ml.so] 0x70fbd63a44!0x116a44 adr x10, #0x70fbd63a58; x10=0x70fbd64df8 -> x10=0x70fbd63a58 
[libmetasec_ml.so] 0x70fbd63a48!0x116a48 ldrb w11, [x9, x8]; w11=0x3 x9=0x70fbe425d4 x8=0x4 mem_r=0x70fbe425d8 -> w11=0x1f 
[libmetasec_ml.so] 0x70fbd63a4c!0x116a4c add x10, x10, x11, lsl #2; x10=0x70fbd63a58 x10=0x70fbd63a58 x11=0x1f -> x10=0x70fbd63ad4 
[libmetasec_ml.so] 0x70fbd63a50!0x116a50 mov x19, x0; x19=0x70fbec00e0 x0=0x2 -> x19=0x2 
[libmetasec_ml.so] 0x70fbd63a54!0x116a54 br x10; x10=0x70fbd63ad4 
[libmetasec_ml.so] 0x70fbd63ad4!0x116ad4 ldr x0, [x21]; x0=0x2 x21=0x72a7410a18 mem_r=0x72a7410a18 -> x0=0x1a04b2ebae0 
[libmetasec_ml.so] 0x70fbd63ad8!0x116ad8 add x1, x20, x19; x1=0x736741159b x20=0x736741159b x19=0x2 -> x1=0x736741159d 
[libmetasec_ml.so] 0x70fbd63adc!0x116adc bl #0x70fbd64f3c; 
[libmetasec_ml.so] 0x70fbd64f3c!0x117f3c lsl x8, x0, #1; x8=0x4 x0=0x1a04b2ebae0 -> x8=0x340965d75c0 
[libmetasec_ml.so] 0x70fbd64f40!0x117f40 eor x0, x8, x0, asr #63; x0=0x1a04b2ebae0 x8=0x340965d75c0 x0=0x1a04b2ebae0 -> x0=0x340965d75c0 
[libmetasec_ml.so] 0x70fbd64f44!0x117f44 b #0x70fbd64f48; 
[libmetasec_ml.so] 0x70fbd64f48!0x117f48 lsr x8, x0, #0x20; x8=0x340965d75c0 x0=0x340965d75c0 -> x8=0x340 
[libmetasec_ml.so] 0x70fbd64f4c!0x117f4c cbz w8, #0x70fbd64f94; w8=0x340 
[libmetasec_ml.so] 0x70fbd64f50!0x117f50 orr w9, w0, #0x80; w9=0xfbe425d4 w0=0x965d75c0 -> w9=0x965d75c0 
[libmetasec_ml.so] 0x70fbd64f54!0x117f54 lsr w10, w0, #7; w10=0xfbd63ad4 w0=0x965d75c0 -> w10=0x12cbaeb 
[libmetasec_ml.so] 0x70fbd64f58!0x117f58 lsr w11, w0, #0xe; w11=0x1f w0=0x965d75c0 -> w11=0x25975 
[libmetasec_ml.so] 0x70fbd64f5c!0x117f5c lsr w12, w0, #0x15; w12=0x38 w0=0x965d75c0 -> w12=0x4b2 
[libmetasec_ml.so] 0x70fbd64f60!0x117f60 cmp w8, #7; w8=0x340 -> w8=0x340 
[libmetasec_ml.so] 0x70fbd64f64!0x117f64 strb w9, [x1]; w9=0x965d75c0 x1=0x736741159d mem_w=0x736741159d 
[libmetasec_ml.so] 0x70fbd64f68!0x117f68 orr w9, w10, #0x80; w9=0x965d75c0 w10=0x12cbaeb -> w9=0x12cbaeb 
[libmetasec_ml.so] 0x70fbd64f6c!0x117f6c orr w10, w11, #0x80; w10=0x12cbaeb w11=0x25975 -> w10=0x259f5 
[libmetasec_ml.so] 0x70fbd64f70!0x117f70 orr w11, w12, #0x80; w11=0x25975 w12=0x4b2 -> w11=0x4b2 
[libmetasec_ml.so] 0x70fbd64f74!0x117f74 extr w8, w8, w0, #0x1c; w8=0x340 w8=0x340 w0=0x965d75c0 -> w8=0x3409 
[libmetasec_ml.so] 0x70fbd64f78!0x117f78 strb w9, [x1, #1]; w9=0x12cbaeb x1=0x736741159d mem_w=0x736741159e 
[libmetasec_ml.so] 0x70fbd64f7c!0x117f7c strb w10, [x1, #2]; w10=0x259f5 x1=0x736741159d mem_w=0x736741159f 
[libmetasec_ml.so] 0x70fbd64f80!0x117f80 strb w11, [x1, #3]; w11=0x4b2 x1=0x736741159d mem_w=0x73674115a0 
[libmetasec_ml.so] 0x70fbd64f84!0x117f84 b.hi #0x70fbd64f98; 
[libmetasec_ml.so] 0x70fbd64f98!0x117f98 orr w9, w8, #0x80; w9=0x12cbaeb w8=0x3409 -> w9=0x3489 
[libmetasec_ml.so] 0x70fbd64f9c!0x117f9c lsr x8, x0, #0x23; x8=0x3409 x0=0x340965d75c0 -> x8=0x68 
[libmetasec_ml.so] 0x70fbd64fa0!0x117fa0 strb w9, [x1, #4]; w9=0x3489 x1=0x736741159d mem_w=0x73674115a1 
[libmetasec_ml.so] 0x70fbd64fa4!0x117fa4 mov w9, #5; w9=0x3489 -> w9=0x5 
[libmetasec_ml.so] 0x70fbd64fa8!0x117fa8 cmp w8, #0x80; w8=0x68 -> w8=0x68 
[libmetasec_ml.so] 0x70fbd64fac!0x117fac b.lo #0x70fbd64fc4; 
[libmetasec_ml.so] 0x70fbd64fc4!0x117fc4 add x0, x9, #1; x0=0x340965d75c0 x9=0x5 -> x0=0x6 
[libmetasec_ml.so] 0x70fbd64fc8!0x117fc8 strb w8, [x1, x9]; w8=0x68 x1=0x736741159d x9=0x5 mem_w=0x73674115a2 
[libmetasec_ml.so] 0x70fbd64fcc!0x117fcc ret ; 
[libmetasec_ml.so] 0x70fbd63ae0!0x116ae0 b #0x70fbd63af0; 
[libmetasec_ml.so] 0x70fbd63af0!0x116af0 add x0, x0, x19; x0=0x6 x0=0x6 x19=0x2 -> x0=0x8 
[libmetasec_ml.so] 0x70fbd63af4!0x116af4 b #0x70fbd63bfc; 
[libmetasec_ml.so] 0x70fbd63bfc!0x116bfc ldp x29, x30, [sp, #0x30]; fp=0x70d87c2980 lr=0x70fbd63ae0 sp=0x70d87c2950 mem_r=0x70d87c2980 -> fp=0x70d87c2a00 lr=0x70fbd63754 
[libmetasec_ml.so] 0x70fbd63c00!0x116c00 ldp x20, x19, [sp, #0x20]; x20=0x736741159b x19=0x2 sp=0x70d87c2950 mem_r=0x70d87c2970 -> x20=0x72a7410970 x19=0x48 
[libmetasec_ml.so] 0x70fbd63c04!0x116c04 ldp x22, x21, [sp, #0x10]; x22=0x72a7410a18 x21=0x72a7410a18 sp=0x70d87c2950 mem_r=0x70d87c2960 -> x22=0x72a7410a18 x21=0xa8 
[libmetasec_ml.so] 0x70fbd63c08!0x116c08 ldr x23, [sp], #0x40; x23=0x2a45 sp=0x70d87c2950 mem_r=0x70d87c2950 -> x23=0x2a45 
[libmetasec_ml.so] 0x70fbd63c0c!0x116c0c ret ; 
[libmetasec_ml.so] 0x70fbd63754!0x116754 mov x25, x0; x25=0x5 x0=0x8 -> x25=0x8 
[libmetasec_ml.so] 0x70fbd63758!0x116758 b #0x70fbd63940; 
[libmetasec_ml.so] 0x70fbd63940!0x116940 add x21, x25, x21; x21=0xa8 x25=0x8 x21=0xa8 -> x21=0xb0 
[libmetasec_ml.so] 0x70fbd63944!0x116944 add x28, x28, #1; x28=0x19 x28=0x19 -> x28=0x1a 
[libmetasec_ml.so] 0x70fbd63948!0x116948 b #0x70fbd635f0; 
[libmetasec_ml.so] 0x70fbd635f0!0x1165f0 ldr x8, [x20]; x8=0x68 x20=0x72a7410970 mem_r=0x72a7410970 -> x8=0x70fbebec78 
[libmetasec_ml.so] 0x70fbd635f4!0x1165f4 ldr w9, [x8, #0x30]; w9=0x5 x8=0x70fbebec78 mem_r=0x70fbebeca8 -> w9=0x28 
[libmetasec_ml.so] 0x70fbd635f8!0x1165f8 cmp x28, x9; x28=0x1a x9=0x28 -> x28=0x1a 
[libmetasec_ml.so] 0x70fbd635fc!0x1165fc b.hs #0x70fbd6397c; 
[libmetasec_ml.so] 0x70fbd63600!0x116600 ldr x8, [x8, #0x38]; x8=0x70fbebec78 x8=0x70fbebec78 mem_r=0x70fbebecb0 -> x8=0x70fbebf9d8 
[libmetasec_ml.so] 0x70fbd63604!0x116604 nop ; 
[libmetasec_ml.so] 0x70fbd63608!0x116608 madd x24, x28, x19, x8; x24=0x70fbec00e0 x28=0x1a x19=0x48 x8=0x70fbebf9d8 -> x24=0x70fbec0128 
[libmetasec_ml.so] 0x70fbd6360c!0x11660c ldr w9, [x24, #0x18]; w9=0x28 x24=0x70fbec0128 mem_r=0x70fbec0140 -> w9=0xb0 
[libmetasec_ml.so] 0x70fbd63610!0x116610 ldr w11, [x24, #0xc]; w11=0x4b2 x24=0x70fbec0128 mem_r=0x70fbec0134 -> w11=0x3 
[libmetasec_ml.so] 0x70fbd63614!0x116614 add x22, x20, x9; x22=0x72a7410a18 x20=0x72a7410970 x9=0xb0 -> x22=0x72a7410a20 
[libmetasec_ml.so] 0x70fbd63618!0x116618 cbz w11, #0x70fbd63744; w11=0x3 
[libmetasec_ml.so] 0x70fbd6361c!0x11661c ldr w9, [x24, #0x14]; w9=0xb0 x24=0x70fbec0128 mem_r=0x70fbec013c -> w9=0x0 
[libmetasec_ml.so] 0x70fbd63620!0x116620 cmp w11, #1; w11=0x3 -> w11=0x3 
[libmetasec_ml.so] 0x70fbd63624!0x116624 madd x10, x28, x19, x8; x10=0x259f5 x28=0x1a x19=0x48 x8=0x70fbebf9d8 -> x10=0x70fbec0128 
[libmetasec_ml.so] 0x70fbd63628!0x116628 ccmp w11, #3, #4, ne; w11=0x3 
[libmetasec_ml.so] 0x70fbd6362c!0x11662c b.ne #0x70fbd63668; 
[libmetasec_ml.so] 0x70fbd63630!0x116630 ldr w10, [x10, #0x30]; w10=0xfbec0128 x10=0x70fbec0128 mem_r=0x70fbec0158 -> w10=0x0 
[libmetasec_ml.so] 0x70fbd63634!0x116634 tbnz w10, #2, #0x70fbd636a0; w10=0x0 
[libmetasec_ml.so] 0x70fbd63638!0x116638 cmp w11, #3; w11=0x3 -> w11=0x3 
[libmetasec_ml.so] 0x70fbd6363c!0x11663c b.eq #0x70fbd6372c; 
[libmetasec_ml.so] 0x70fbd6372c!0x11672c mov x0, x24; x0=0x8 x24=0x70fbec0128 -> x0=0x70fbec0128 
[libmetasec_ml.so] 0x70fbd63730!0x116730 mov x1, x22; x1=0x736741159d x22=0x72a7410a20 -> x1=0x72a7410a20 
[libmetasec_ml.so] 0x70fbd63734!0x116734 bl #0x70fbd64dc8; 
[libmetasec_ml.so] 0x70fbd64dc8!0x117dc8 ldr w8, [x0, #0x10]; w8=0xfbebf9d8 x0=0x70fbec0128 mem_r=0x70fbec0138 -> w8=0x4 
[libmetasec_ml.so] 0x70fbd64dcc!0x117dcc cmp w8, #0x10; w8=0x4 -> w8=0x4 
[libmetasec_ml.so] 0x70fbd64dd0!0x117dd0 b.hi #0x70fbd64e30; 
[libmetasec_ml.so] 0x70fbd64dd4!0x117dd4 adrp x9, #0x70fbe42000; x9=0x0 -> x9=0x70fbe42000 
[libmetasec_ml.so] 0x70fbd64dd8!0x117dd8 add x9, x9, #0x623; x9=0x70fbe42000 x9=0x70fbe42000 -> x9=0x70fbe42623 
[libmetasec_ml.so] 0x70fbd64ddc!0x117ddc adr x10, #0x70fbd64dec; x10=0x0 -> x10=0x70fbd64dec 
[libmetasec_ml.so] 0x70fbd64de0!0x117de0 ldrb w11, [x9, x8]; w11=0x3 x9=0x70fbe42623 x8=0x4 mem_r=0x70fbe42627 -> w11=0x3 
[libmetasec_ml.so] 0x70fbd64de4!0x117de4 add x10, x10, x11, lsl #2; x10=0x70fbd64dec x10=0x70fbd64dec x11=0x3 -> x10=0x70fbd64df8 
[libmetasec_ml.so] 0x70fbd64de8!0x117de8 br x10; x10=0x70fbd64df8 
[libmetasec_ml.so] 0x70fbd64df8!0x117df8 ldr x8, [x1]; x8=0x4 x1=0x72a7410a20 mem_r=0x72a7410a20 -> x8=0xfffffffffff0bdc1 
[libmetasec_ml.so] 0x70fbd64dfc!0x117dfc cmp x8, #0; x8=0xfffffffffff0bdc1 -> x8=0xfffffffffff0bdc1 
[libmetasec_ml.so] 0x70fbd64e00!0x117e00 cset w0, eq; w0=0xfbec0128 -> w0=0x0 
[libmetasec_ml.so] 0x70fbd64e04!0x117e04 ret ; 
[libmetasec_ml.so] 0x70fbd63738!0x116738 cbz w0, #0x70fbd63744; w0=0x0 
[libmetasec_ml.so] 0x70fbd63744!0x116744 add x2, x27, x21; x2=0x736741159b x27=0x73674114f3 x21=0xb0 -> x2=0x73674115a3 
[libmetasec_ml.so] 0x70fbd63748!0x116748 mov x0, x24; x0=0x0 x24=0x70fbec0128 -> x0=0x70fbec0128 
[libmetasec_ml.so] 0x70fbd6374c!0x11674c mov x1, x22; x1=0x72a7410a20 x22=0x72a7410a20 -> x1=0x72a7410a20 
[libmetasec_ml.so] 0x70fbd63750!0x116750 bl #0x70fbd63a04; 
[libmetasec_ml.so] 0x70fbd63a04!0x116a04 str x23, [sp, #-0x40]!; x23=0x2a45 sp=0x70d87c2990 mem_w=0x70d87c2950 -> sp=0x70d87c2950 
[libmetasec_ml.so] 0x70fbd63a08!0x116a08 stp x22, x21, [sp, #0x10]; x22=0x72a7410a20 x21=0xb0 sp=0x70d87c2950 mem_w=0x70d87c2960 
[libmetasec_ml.so] 0x70fbd63a0c!0x116a0c stp x20, x19, [sp, #0x20]; x20=0x72a7410970 x19=0x48 sp=0x70d87c2950 mem_w=0x70d87c2970 
[libmetasec_ml.so] 0x70fbd63a10!0x116a10 stp x29, x30, [sp, #0x30]; fp=0x70d87c2a00 lr=0x70fbd63754 sp=0x70d87c2950 mem_w=0x70d87c2980 
[libmetasec_ml.so] 0x70fbd63a14!0x116a14 add x29, sp, #0x30; fp=0x70d87c2a00 sp=0x70d87c2950 -> fp=0x70d87c2980 
[libmetasec_ml.so] 0x70fbd63a18!0x116a18 mov x19, x0; x19=0x48 x0=0x70fbec0128 -> x19=0x70fbec0128 
[libmetasec_ml.so] 0x70fbd63a1c!0x116a1c ldr w0, [x0, #8]; w0=0xfbec0128 x0=0x70fbec0128 mem_r=0x70fbec0130 -> w0=0x1b 
[libmetasec_ml.so] 0x70fbd63a20!0x116a20 mov x21, x1; x21=0xb0 x1=0x72a7410a20 -> x21=0x72a7410a20 
[libmetasec_ml.so] 0x70fbd63a24!0x116a24 mov x1, x2; x1=0x72a7410a20 x2=0x73674115a3 -> x1=0x73674115a3 
[libmetasec_ml.so] 0x70fbd63a28!0x116a28 mov x20, x2; x20=0x72a7410970 x2=0x73674115a3 -> x20=0x73674115a3 
[libmetasec_ml.so] 0x70fbd63a2c!0x116a2c bl #0x70fbd64e38; 
[libmetasec_ml.so] 0x70fbd64e38!0x117e38 lsr w8, w0, #0x1d; w8=0xfff0bdc1 w0=0x1b -> w8=0x0 
[libmetasec_ml.so] 0x70fbd64e3c!0x117e3c cbnz w8, #0x70fbd64e48; w8=0x0 
[libmetasec_ml.so] 0x70fbd64e40!0x117e40 lsl w0, w0, #3; w0=0x1b w0=0x1b -> w0=0xd8 
[libmetasec_ml.so] 0x70fbd64e44!0x117e44 b #0x70fbd64eb8; 
[libmetasec_ml.so] 0x70fbd64eb8!0x117eb8 cmp w0, #0x80; w0=0xd8 -> w0=0xd8 
[libmetasec_ml.so] 0x70fbd64ebc!0x117ebc b.lo #0x70fbd64f0c; 
[libmetasec_ml.so] 0x70fbd64ec0!0x117ec0 orr w8, w0, #0x80; w8=0x0 w0=0xd8 -> w8=0xd8 
[libmetasec_ml.so] 0x70fbd64ec4!0x117ec4 cmp w0, #4, lsl #12; w0=0xd8 -> w0=0xd8 
[libmetasec_ml.so] 0x70fbd64ec8!0x117ec8 strb w8, [x1]; w8=0xd8 x1=0x73674115a3 mem_w=0x73674115a3 
[libmetasec_ml.so] 0x70fbd64ecc!0x117ecc lsr w8, w0, #7; w8=0xd8 w0=0xd8 -> w8=0x1 
[libmetasec_ml.so] 0x70fbd64ed0!0x117ed0 b.lo #0x70fbd64f14; 
[libmetasec_ml.so] 0x70fbd64f14!0x117f14 mov w9, #1; w9=0xfbe42623 -> w9=0x1 
[libmetasec_ml.so] 0x70fbd64f18!0x117f18 b #0x70fbd64f28; 
[libmetasec_ml.so] 0x70fbd64f28!0x117f28 mov w0, w8; w0=0xd8 w8=0x1 -> w0=0x1 
[libmetasec_ml.so] 0x70fbd64f2c!0x117f2c add w8, w9, #1; w8=0x1 w9=0x1 -> w8=0x2 
[libmetasec_ml.so] 0x70fbd64f30!0x117f30 strb w0, [x1, w9, uxtw]; w0=0x1 x1=0x73674115a3 w9=0x1 mem_w=0x73674115a4 
[libmetasec_ml.so] 0x70fbd64f34!0x117f34 mov x0, x8; x0=0x1 x8=0x2 -> x0=0x2 
[libmetasec_ml.so] 0x70fbd64f38!0x117f38 ret ; 
[libmetasec_ml.so] 0x70fbd63a30!0x116a30 ldr w8, [x19, #0x10]; w8=0x2 x19=0x70fbec0128 mem_r=0x70fbec0138 -> w8=0x4 
[libmetasec_ml.so] 0x70fbd63a34!0x116a34 cmp w8, #0x10; w8=0x4 -> w8=0x4 
[libmetasec_ml.so] 0x70fbd63a38!0x116a38 b.hi #0x70fbd63abc; 
[libmetasec_ml.so] 0x70fbd63a3c!0x116a3c adrp x9, #0x70fbe42000; x9=0x1 -> x9=0x70fbe42000 
[libmetasec_ml.so] 0x70fbd63a40!0x116a40 add x9, x9, #0x5d4; x9=0x70fbe42000 x9=0x70fbe42000 -> x9=0x70fbe425d4 
[libmetasec_ml.so] 0x70fbd63a44!0x116a44 adr x10, #0x70fbd63a58; x10=0x70fbd64df8 -> x10=0x70fbd63a58 
[libmetasec_ml.so] 0x70fbd63a48!0x116a48 ldrb w11, [x9, x8]; w11=0x3 x9=0x70fbe425d4 x8=0x4 mem_r=0x70fbe425d8 -> w11=0x1f 
[libmetasec_ml.so] 0x70fbd63a4c!0x116a4c add x10, x10, x11, lsl #2; x10=0x70fbd63a58 x10=0x70fbd63a58 x11=0x1f -> x10=0x70fbd63ad4 
[libmetasec_ml.so] 0x70fbd63a50!0x116a50 mov x19, x0; x19=0x70fbec0128 x0=0x2 -> x19=0x2 
[libmetasec_ml.so] 0x70fbd63a54!0x116a54 br x10; x10=0x70fbd63ad4 
[libmetasec_ml.so] 0x70fbd63ad4!0x116ad4 ldr x0, [x21]; x0=0x2 x21=0x72a7410a20 mem_r=0x72a7410a20 -> x0=0xfffffffffff0bdc1 
[libmetasec_ml.so] 0x70fbd63ad8!0x116ad8 add x1, x20, x19; x1=0x73674115a3 x20=0x73674115a3 x19=0x2 -> x1=0x73674115a5 
[libmetasec_ml.so] 0x70fbd63adc!0x116adc bl #0x70fbd64f3c; 
[libmetasec_ml.so] 0x70fbd64f3c!0x117f3c lsl x8, x0, #1; x8=0x4 x0=0xfffffffffff0bdc1 -> x8=0xffffffffffe17b82 
[libmetasec_ml.so] 0x70fbd64f40!0x117f40 eor x0, x8, x0, asr #63; x0=0xfffffffffff0bdc1 x8=0xffffffffffe17b82 x0=0xfffffffffff0bdc1 -> x0=0x1e847d 
[libmetasec_ml.so] 0x70fbd64f44!0x117f44 b #0x70fbd64f48; 
[libmetasec_ml.so] 0x70fbd64f48!0x117f48 lsr x8, x0, #0x20; x8=0xffffffffffe17b82 x0=0x1e847d -> x8=0x0 
[libmetasec_ml.so] 0x70fbd64f4c!0x117f4c cbz w8, #0x70fbd64f94; w8=0x0 
[libmetasec_ml.so] 0x70fbd64f94!0x117f94 b #0x70fbd64eb8; 
[libmetasec_ml.so] 0x70fbd64eb8!0x117eb8 cmp w0, #0x80; w0=0x1e847d -> w0=0x1e847d 
[libmetasec_ml.so] 0x70fbd64ebc!0x117ebc b.lo #0x70fbd64f0c; 
[libmetasec_ml.so] 0x70fbd64ec0!0x117ec0 orr w8, w0, #0x80; w8=0x0 w0=0x1e847d -> w8=0x1e84fd 
[libmetasec_ml.so] 0x70fbd64ec4!0x117ec4 cmp w0, #4, lsl #12; w0=0x1e847d -> w0=0x1e847d 
[libmetasec_ml.so] 0x70fbd64ec8!0x117ec8 strb w8, [x1]; w8=0x1e84fd x1=0x73674115a5 mem_w=0x73674115a5 
[libmetasec_ml.so] 0x70fbd64ecc!0x117ecc lsr w8, w0, #7; w8=0x1e84fd w0=0x1e847d -> w8=0x3d08 
[libmetasec_ml.so] 0x70fbd64ed0!0x117ed0 b.lo #0x70fbd64f14; 
[libmetasec_ml.so] 0x70fbd64ed4!0x117ed4 orr w8, w8, #0x80; w8=0x3d08 w8=0x3d08 -> w8=0x3d88 
[libmetasec_ml.so] 0x70fbd64ed8!0x117ed8 cmp w0, #0x200, lsl #12; w0=0x1e847d -> w0=0x1e847d 
[libmetasec_ml.so] 0x70fbd64edc!0x117edc strb w8, [x1, #1]; w8=0x3d88 x1=0x73674115a5 mem_w=0x73674115a6 
[libmetasec_ml.so] 0x70fbd64ee0!0x117ee0 lsr w8, w0, #0xe; w8=0x3d88 w0=0x1e847d -> w8=0x7a 
[libmetasec_ml.so] 0x70fbd64ee4!0x117ee4 b.lo #0x70fbd64f1c; 
[libmetasec_ml.so] 0x70fbd64f1c!0x117f1c mov w9, #2; w9=0xfbe425d4 -> w9=0x2 
[libmetasec_ml.so] 0x70fbd64f20!0x117f20 b #0x70fbd64f28; 
[libmetasec_ml.so] 0x70fbd64f28!0x117f28 mov w0, w8; w0=0x1e847d w8=0x7a -> w0=0x7a 
[libmetasec_ml.so] 0x70fbd64f2c!0x117f2c add w8, w9, #1; w8=0x7a w9=0x2 -> w8=0x3 
[libmetasec_ml.so] 0x70fbd64f30!0x117f30 strb w0, [x1, w9, uxtw]; w0=0x7a x1=0x73674115a5 w9=0x2 mem_w=0x73674115a7 
[libmetasec_ml.so] 0x70fbd64f34!0x117f34 mov x0, x8; x0=0x7a x8=0x3 -> x0=0x3 
[libmetasec_ml.so] 0x70fbd64f38!0x117f38 ret ; 
[libmetasec_ml.so] 0x70fbd63ae0!0x116ae0 b #0x70fbd63af0; 
[libmetasec_ml.so] 0x70fbd63af0!0x116af0 add x0, x0, x19; x0=0x3 x0=0x3 x19=0x2 -> x0=0x5 
[libmetasec_ml.so] 0x70fbd63af4!0x116af4 b #0x70fbd63bfc; 
[libmetasec_ml.so] 0x70fbd63bfc!0x116bfc ldp x29, x30, [sp, #0x30]; fp=0x70d87c2980 lr=0x70fbd63ae0 sp=0x70d87c2950 mem_r=0x70d87c2980 -> fp=0x70d87c2a00 lr=0x70fbd63754 
[libmetasec_ml.so] 0x70fbd63c00!0x116c00 ldp x20, x19, [sp, #0x20]; x20=0x73674115a3 x19=0x2 sp=0x70d87c2950 mem_r=0x70d87c2970 -> x20=0x72a7410970 x19=0x48 
[libmetasec_ml.so] 0x70fbd63c04!0x116c04 ldp x22, x21, [sp, #0x10]; x22=0x72a7410a20 x21=0x72a7410a20 sp=0x70d87c2950 mem_r=0x70d87c2960 -> x22=0x72a7410a20 x21=0xb0 
[libmetasec_ml.so] 0x70fbd63c08!0x116c08 ldr x23, [sp], #0x40; x23=0x2a45 sp=0x70d87c2950 mem_r=0x70d87c2950 -> x23=0x2a45 
[libmetasec_ml.so] 0x70fbd63c0c!0x116c0c ret ; 
[libmetasec_ml.so] 0x70fbd63754!0x116754 mov x25, x0; x25=0x8 x0=0x5 -> x25=0x5 
[libmetasec_ml.so] 0x70fbd63758!0x116758 b #0x70fbd63940; 
[libmetasec_ml.so] 0x70fbd63940!0x116940 add x21, x25, x21; x21=0xb0 x25=0x5 x21=0xb0 -> x21=0xb5 
[libmetasec_ml.so] 0x70fbd63944!0x116944 add x28, x28, #1; x28=0x1a x28=0x1a -> x28=0x1b 
[libmetasec_ml.so] 0x70fbd63948!0x116948 b #0x70fbd635f0; 
[libmetasec_ml.so] 0x70fbd635f0!0x1165f0 ldr x8, [x20]; x8=0x3 x20=0x72a7410970 mem_r=0x72a7410970 -> x8=0x70fbebec78 
[libmetasec_ml.so] 0x70fbd635f4!0x1165f4 ldr w9, [x8, #0x30]; w9=0x2 x8=0x70fbebec78 mem_r=0x70fbebeca8 -> w9=0x28 
[libmetasec_ml.so] 0x70fbd635f8!0x1165f8 cmp x28, x9; x28=0x1b x9=0x28 -> x28=0x1b 
[libmetasec_ml.so] 0x70fbd635fc!0x1165fc b.hs #0x70fbd6397c; 
[libmetasec_ml.so] 0x70fbd63600!0x116600 ldr x8, [x8, #0x38]; x8=0x70fbebec78 x8=0x70fbebec78 mem_r=0x70fbebecb0 -> x8=0x70fbebf9d8 
[libmetasec_ml.so] 0x70fbd63604!0x116604 nop ; 
[libmetasec_ml.so] 0x70fbd63608!0x116608 madd x24, x28, x19, x8; x24=0x70fbec0128 x28=0x1b x19=0x48 x8=0x70fbebf9d8 -> x24=0x70fbec0170 
[libmetasec_ml.so] 0x70fbd6360c!0x11660c ldr w9, [x24, #0x18]; w9=0x28 x24=0x70fbec0170 mem_r=0x70fbec0188 -> w9=0xb8 
[libmetasec_ml.so] 0x70fbd63610!0x116610 ldr w11, [x24, #0xc]; w11=0x1f x24=0x70fbec0170 mem_r=0x70fbec017c -> w11=0x3 
[libmetasec_ml.so] 0x70fbd63614!0x116614 add x22, x20, x9; x22=0x72a7410a20 x20=0x72a7410970 x9=0xb8 -> x22=0x72a7410a28 
[libmetasec_ml.so] 0x70fbd63618!0x116618 cbz w11, #0x70fbd63744; w11=0x3 
[libmetasec_ml.so] 0x70fbd6361c!0x11661c ldr w9, [x24, #0x14]; w9=0xb8 x24=0x70fbec0170 mem_r=0x70fbec0184 -> w9=0x0 
[libmetasec_ml.so] 0x70fbd63620!0x116620 cmp w11, #1; w11=0x3 -> w11=0x3 
[libmetasec_ml.so] 0x70fbd63624!0x116624 madd x10, x28, x19, x8; x10=0x70fbd63ad4 x28=0x1b x19=0x48 x8=0x70fbebf9d8 -> x10=0x70fbec0170 
[libmetasec_ml.so] 0x70fbd63628!0x116628 ccmp w11, #3, #4, ne; w11=0x3 
[libmetasec_ml.so] 0x70fbd6362c!0x11662c b.ne #0x70fbd63668; 
[libmetasec_ml.so] 0x70fbd63630!0x116630 ldr w10, [x10, #0x30]; w10=0xfbec0170 x10=0x70fbec0170 mem_r=0x70fbec01a0 -> w10=0x0 
[libmetasec_ml.so] 0x70fbd63634!0x116634 tbnz w10, #2, #0x70fbd636a0; w10=0x0 
[libmetasec_ml.so] 0x70fbd63638!0x116638 cmp w11, #3; w11=0x3 -> w11=0x3 
[libmetasec_ml.so] 0x70fbd6363c!0x11663c b.eq #0x70fbd6372c; 
[libmetasec_ml.so] 0x70fbd6372c!0x11672c mov x0, x24; x0=0x5 x24=0x70fbec0170 -> x0=0x70fbec0170 
[libmetasec_ml.so] 0x70fbd63730!0x116730 mov x1, x22; x1=0x73674115a5 x22=0x72a7410a28 -> x1=0x72a7410a28 
[libmetasec_ml.so] 0x70fbd63734!0x116734 bl #0x70fbd64dc8; 
[libmetasec_ml.so] 0x70fbd64dc8!0x117dc8 ldr w8, [x0, #0x10]; w8=0xfbebf9d8 x0=0x70fbec0170 mem_r=0x70fbec0180 -> w8=0x4 
[libmetasec_ml.so] 0x70fbd64dcc!0x117dcc cmp w8, #0x10; w8=0x4 -> w8=0x4 
[libmetasec_ml.so] 0x70fbd64dd0!0x117dd0 b.hi #0x70fbd64e30; 
[libmetasec_ml.so] 0x70fbd64dd4!0x117dd4 adrp x9, #0x70fbe42000; x9=0x0 -> x9=0x70fbe42000 
[libmetasec_ml.so] 0x70fbd64dd8!0x117dd8 add x9, x9, #0x623; x9=0x70fbe42000 x9=0x70fbe42000 -> x9=0x70fbe42623 
[libmetasec_ml.so] 0x70fbd64ddc!0x117ddc adr x10, #0x70fbd64dec; x10=0x0 -> x10=0x70fbd64dec 
[libmetasec_ml.so] 0x70fbd64de0!0x117de0 ldrb w11, [x9, x8]; w11=0x3 x9=0x70fbe42623 x8=0x4 mem_r=0x70fbe42627 -> w11=0x3 
[libmetasec_ml.so] 0x70fbd64de4!0x117de4 add x10, x10, x11, lsl #2; x10=0x70fbd64dec x10=0x70fbd64dec x11=0x3 -> x10=0x70fbd64df8 
[libmetasec_ml.so] 0x70fbd64de8!0x117de8 br x10; x10=0x70fbd64df8 
[libmetasec_ml.so] 0x70fbd64df8!0x117df8 ldr x8, [x1]; x8=0x4 x1=0x72a7410a28 mem_r=0x72a7410a28 -> x8=0x1a04b2ebb8a 
[libmetasec_ml.so] 0x70fbd64dfc!0x117dfc cmp x8, #0; x8=0x1a04b2ebb8a -> x8=0x1a04b2ebb8a 
[libmetasec_ml.so] 0x70fbd64e00!0x117e00 cset w0, eq; w0=0xfbec0170 -> w0=0x0 
[libmetasec_ml.so] 0x70fbd64e04!0x117e04 ret ; 
[libmetasec_ml.so] 0x70fbd63738!0x116738 cbz w0, #0x70fbd63744; w0=0x0 
[libmetasec_ml.so] 0x70fbd63744!0x116744 add x2, x27, x21; x2=0x73674115a3 x27=0x73674114f3 x21=0xb5 -> x2=0x73674115a8 
[libmetasec_ml.so] 0x70fbd63748!0x116748 mov x0, x24; x0=0x0 x24=0x70fbec0170 -> x0=0x70fbec0170 
[libmetasec_ml.so] 0x70fbd6374c!0x11674c mov x1, x22; x1=0x72a7410a28 x22=0x72a7410a28 -> x1=0x72a7410a28 
[libmetasec_ml.so] 0x70fbd63750!0x116750 bl #0x70fbd63a04; 
[libmetasec_ml.so] 0x70fbd63a04!0x116a04 str x23, [sp, #-0x40]!; x23=0x2a45 sp=0x70d87c2990 mem_w=0x70d87c2950 -> sp=0x70d87c2950 
[libmetasec_ml.so] 0x70fbd63a08!0x116a08 stp x22, x21, [sp, #0x10]; x22=0x72a7410a28 x21=0xb5 sp=0x70d87c2950 mem_w=0x70d87c2960 
[libmetasec_ml.so] 0x70fbd63a0c!0x116a0c stp x20, x19, [sp, #0x20]; x20=0x72a7410970 x19=0x48 sp=0x70d87c2950 mem_w=0x70d87c2970 
[libmetasec_ml.so] 0x70fbd63a10!0x116a10 stp x29, x30, [sp, #0x30]; fp=0x70d87c2a00 lr=0x70fbd63754 sp=0x70d87c2950 mem_w=0x70d87c2980 
[libmetasec_ml.so] 0x70fbd63a14!0x116a14 add x29, sp, #0x30; fp=0x70d87c2a00 sp=0x70d87c2950 -> fp=0x70d87c2980 
[libmetasec_ml.so] 0x70fbd63a18!0x116a18 mov x19, x0; x19=0x48 x0=0x70fbec0170 -> x19=0x70fbec0170 
[libmetasec_ml.so] 0x70fbd63a1c!0x116a1c ldr w0, [x0, #8]; w0=0xfbec0170 x0=0x70fbec0170 mem_r=0x70fbec0178 -> w0=0x1c 
[libmetasec_ml.so] 0x70fbd63a20!0x116a20 mov x21, x1; x21=0xb5 x1=0x72a7410a28 -> x21=0x72a7410a28 
[libmetasec_ml.so] 0x70fbd63a24!0x116a24 mov x1, x2; x1=0x72a7410a28 x2=0x73674115a8 -> x1=0x73674115a8 
[libmetasec_ml.so] 0x70fbd63a28!0x116a28 mov x20, x2; x20=0x72a7410970 x2=0x73674115a8 -> x20=0x73674115a8 
[libmetasec_ml.so] 0x70fbd63a2c!0x116a2c bl #0x70fbd64e38; 
[libmetasec_ml.so] 0x70fbd64e38!0x117e38 lsr w8, w0, #0x1d; w8=0x4b2ebb8a w0=0x1c -> w8=0x0 
[libmetasec_ml.so] 0x70fbd64e3c!0x117e3c cbnz w8, #0x70fbd64e48; w8=0x0 
[libmetasec_ml.so] 0x70fbd64e40!0x117e40 lsl w0, w0, #3; w0=0x1c w0=0x1c -> w0=0xe0 
[libmetasec_ml.so] 0x70fbd64e44!0x117e44 b #0x70fbd64eb8; 
[libmetasec_ml.so] 0x70fbd64eb8!0x117eb8 cmp w0, #0x80; w0=0xe0 -> w0=0xe0 
[libmetasec_ml.so] 0x70fbd64ebc!0x117ebc b.lo #0x70fbd64f0c; 
[libmetasec_ml.so] 0x70fbd64ec0!0x117ec0 orr w8, w0, #0x80; w8=0x0 w0=0xe0 -> w8=0xe0 
[libmetasec_ml.so] 0x70fbd64ec4!0x117ec4 cmp w0, #4, lsl #12; w0=0xe0 -> w0=0xe0 
[libmetasec_ml.so] 0x70fbd64ec8!0x117ec8 strb w8, [x1]; w8=0xe0 x1=0x73674115a8 mem_w=0x73674115a8 
[libmetasec_ml.so] 0x70fbd64ecc!0x117ecc lsr w8, w0, #7; w8=0xe0 w0=0xe0 -> w8=0x1 
[libmetasec_ml.so] 0x70fbd64ed0!0x117ed0 b.lo #0x70fbd64f14; 
[libmetasec_ml.so] 0x70fbd64f14!0x117f14 mov w9, #1; w9=0xfbe42623 -> w9=0x1 
[libmetasec_ml.so] 0x70fbd64f18!0x117f18 b #0x70fbd64f28; 
[libmetasec_ml.so] 0x70fbd64f28!0x117f28 mov w0, w8; w0=0xe0 w8=0x1 -> w0=0x1 
[libmetasec_ml.so] 0x70fbd64f2c!0x117f2c add w8, w9, #1; w8=0x1 w9=0x1 -> w8=0x2 
[libmetasec_ml.so] 0x70fbd64f30!0x117f30 strb w0, [x1, w9, uxtw]; w0=0x1 x1=0x73674115a8 w9=0x1 mem_w=0x73674115a9 
[libmetasec_ml.so] 0x70fbd64f34!0x117f34 mov x0, x8; x0=0x1 x8=0x2 -> x0=0x2 
[libmetasec_ml.so] 0x70fbd64f38!0x117f38 ret ; 
[libmetasec_ml.so] 0x70fbd63a30!0x116a30 ldr w8, [x19, #0x10]; w8=0x2 x19=0x70fbec0170 mem_r=0x70fbec0180 -> w8=0x4 
[libmetasec_ml.so] 0x70fbd63a34!0x116a34 cmp w8, #0x10; w8=0x4 -> w8=0x4 
[libmetasec_ml.so] 0x70fbd63a38!0x116a38 b.hi #0x70fbd63abc; 
[libmetasec_ml.so] 0x70fbd63a3c!0x116a3c adrp x9, #0x70fbe42000; x9=0x1 -> x9=0x70fbe42000 
[libmetasec_ml.so] 0x70fbd63a40!0x116a40 add x9, x9, #0x5d4; x9=0x70fbe42000 x9=0x70fbe42000 -> x9=0x70fbe425d4 
[libmetasec_ml.so] 0x70fbd63a44!0x116a44 adr x10, #0x70fbd63a58; x10=0x70fbd64df8 -> x10=0x70fbd63a58 
[libmetasec_ml.so] 0x70fbd63a48!0x116a48 ldrb w11, [x9, x8]; w11=0x3 x9=0x70fbe425d4 x8=0x4 mem_r=0x70fbe425d8 -> w11=0x1f 
[libmetasec_ml.so] 0x70fbd63a4c!0x116a4c add x10, x10, x11, lsl #2; x10=0x70fbd63a58 x10=0x70fbd63a58 x11=0x1f -> x10=0x70fbd63ad4 
[libmetasec_ml.so] 0x70fbd63a50!0x116a50 mov x19, x0; x19=0x70fbec0170 x0=0x2 -> x19=0x2 
[libmetasec_ml.so] 0x70fbd63a54!0x116a54 br x10; x10=0x70fbd63ad4 
[libmetasec_ml.so] 0x70fbd63ad4!0x116ad4 ldr x0, [x21]; x0=0x2 x21=0x72a7410a28 mem_r=0x72a7410a28 -> x0=0x1a04b2ebb8a 
[libmetasec_ml.so] 0x70fbd63ad8!0x116ad8 add x1, x20, x19; x1=0x73674115a8 x20=0x73674115a8 x19=0x2 -> x1=0x73674115aa 
[libmetasec_ml.so] 0x70fbd63adc!0x116adc bl #0x70fbd64f3c; 
[libmetasec_ml.so] 0x70fbd64f3c!0x117f3c lsl x8, x0, #1; x8=0x4 x0=0x1a04b2ebb8a -> x8=0x340965d7714 
[libmetasec_ml.so] 0x70fbd64f40!0x117f40 eor x0, x8, x0, asr #63; x0=0x1a04b2ebb8a x8=0x340965d7714 x0=0x1a04b2ebb8a -> x0=0x340965d7714 
[libmetasec_ml.so] 0x70fbd64f44!0x117f44 b #0x70fbd64f48; 
[libmetasec_ml.so] 0x70fbd64f48!0x117f48 lsr x8, x0, #0x20; x8=0x340965d7714 x0=0x340965d7714 -> x8=0x340 
[libmetasec_ml.so] 0x70fbd64f4c!0x117f4c cbz w8, #0x70fbd64f94; w8=0x340 
[libmetasec_ml.so] 0x70fbd64f50!0x117f50 orr w9, w0, #0x80; w9=0xfbe425d4 w0=0x965d7714 -> w9=0x965d7794 
[libmetasec_ml.so] 0x70fbd64f54!0x117f54 lsr w10, w0, #7; w10=0xfbd63ad4 w0=0x965d7714 -> w10=0x12cbaee 
[libmetasec_ml.so] 0x70fbd64f58!0x117f58 lsr w11, w0, #0xe; w11=0x1f w0=0x965d7714 -> w11=0x25975 
[libmetasec_ml.so] 0x70fbd64f5c!0x117f5c lsr w12, w0, #0x15; w12=0x4b2 w0=0x965d7714 -> w12=0x4b2 
[libmetasec_ml.so] 0x70fbd64f60!0x117f60 cmp w8, #7; w8=0x340 -> w8=0x340 
[libmetasec_ml.so] 0x70fbd64f64!0x117f64 strb w9, [x1]; w9=0x965d7794 x1=0x73674115aa mem_w=0x73674115aa 
[libmetasec_ml.so] 0x70fbd64f68!0x117f68 orr w9, w10, #0x80; w9=0x965d7794 w10=0x12cbaee -> w9=0x12cbaee 
[libmetasec_ml.so] 0x70fbd64f6c!0x117f6c orr w10, w11, #0x80; w10=0x12cbaee w11=0x25975 -> w10=0x259f5 
[libmetasec_ml.so] 0x70fbd64f70!0x117f70 orr w11, w12, #0x80; w11=0x25975 w12=0x4b2 -> w11=0x4b2 
[libmetasec_ml.so] 0x70fbd64f74!0x117f74 extr w8, w8, w0, #0x1c; w8=0x340 w8=0x340 w0=0x965d7714 -> w8=0x3409 
[libmetasec_ml.so] 0x70fbd64f78!0x117f78 strb w9, [x1, #1]; w9=0x12cbaee x1=0x73674115aa mem_w=0x73674115ab 
[libmetasec_ml.so] 0x70fbd64f7c!0x117f7c strb w10, [x1, #2]; w10=0x259f5 x1=0x73674115aa mem_w=0x73674115ac 
[libmetasec_ml.so] 0x70fbd64f80!0x117f80 strb w11, [x1, #3]; w11=0x4b2 x1=0x73674115aa mem_w=0x73674115ad 
[libmetasec_ml.so] 0x70fbd64f84!0x117f84 b.hi #0x70fbd64f98; 
[libmetasec_ml.so] 0x70fbd64f98!0x117f98 orr w9, w8, #0x80; w9=0x12cbaee w8=0x3409 -> w9=0x3489 
[libmetasec_ml.so] 0x70fbd64f9c!0x117f9c lsr x8, x0, #0x23; x8=0x3409 x0=0x340965d7714 -> x8=0x68 
[libmetasec_ml.so] 0x70fbd64fa0!0x117fa0 strb w9, [x1, #4]; w9=0x3489 x1=0x73674115aa mem_w=0x73674115ae 
[libmetasec_ml.so] 0x70fbd64fa4!0x117fa4 mov w9, #5; w9=0x3489 -> w9=0x5 
[libmetasec_ml.so] 0x70fbd64fa8!0x117fa8 cmp w8, #0x80; w8=0x68 -> w8=0x68 
[libmetasec_ml.so] 0x70fbd64fac!0x117fac b.lo #0x70fbd64fc4; 
[libmetasec_ml.so] 0x70fbd64fc4!0x117fc4 add x0, x9, #1; x0=0x340965d7714 x9=0x5 -> x0=0x6 
[libmetasec_ml.so] 0x70fbd64fc8!0x117fc8 strb w8, [x1, x9]; w8=0x68 x1=0x73674115aa x9=0x5 mem_w=0x73674115af 
[libmetasec_ml.so] 0x70fbd64fcc!0x117fcc ret ; 
[libmetasec_ml.so] 0x70fbd63ae0!0x116ae0 b #0x70fbd63af0; 
[libmetasec_ml.so] 0x70fbd63af0!0x116af0 add x0, x0, x19; x0=0x6 x0=0x6 x19=0x2 -> x0=0x8 
[libmetasec_ml.so] 0x70fbd63af4!0x116af4 b #0x70fbd63bfc; 
[libmetasec_ml.so] 0x70fbd63bfc!0x116bfc ldp x29, x30, [sp, #0x30]; fp=0x70d87c2980 lr=0x70fbd63ae0 sp=0x70d87c2950 mem_r=0x70d87c2980 -> fp=0x70d87c2a00 lr=0x70fbd63754 
[libmetasec_ml.so] 0x70fbd63c00!0x116c00 ldp x20, x19, [sp, #0x20]; x20=0x73674115a8 x19=0x2 sp=0x70d87c2950 mem_r=0x70d87c2970 -> x20=0x72a7410970 x19=0x48 
[libmetasec_ml.so] 0x70fbd63c04!0x116c04 ldp x22, x21, [sp, #0x10]; x22=0x72a7410a28 x21=0x72a7410a28 sp=0x70d87c2950 mem_r=0x70d87c2960 -> x22=0x72a7410a28 x21=0xb5 
[libmetasec_ml.so] 0x70fbd63c08!0x116c08 ldr x23, [sp], #0x40; x23=0x2a45 sp=0x70d87c2950 mem_r=0x70d87c2950 -> x23=0x2a45 
[libmetasec_ml.so] 0x70fbd63c0c!0x116c0c ret ; 
[libmetasec_ml.so] 0x70fbd63754!0x116754 mov x25, x0; x25=0x5 x0=0x8 -> x25=0x8 
[libmetasec_ml.so] 0x70fbd63758!0x116758 b #0x70fbd63940; 
[libmetasec_ml.so] 0x70fbd63940!0x116940 add x21, x25, x21; x21=0xb5 x25=0x8 x21=0xb5 -> x21=0xbd 
[libmetasec_ml.so] 0x70fbd63944!0x116944 add x28, x28, #1; x28=0x1b x28=0x1b -> x28=0x1c 
[libmetasec_ml.so] 0x70fbd63948!0x116948 b #0x70fbd635f0; 
[libmetasec_ml.so] 0x70fbd635f0!0x1165f0 ldr x8, [x20]; x8=0x68 x20=0x72a7410970 mem_r=0x72a7410970 -> x8=0x70fbebec78 
[libmetasec_ml.so] 0x70fbd635f4!0x1165f4 ldr w9, [x8, #0x30]; w9=0x5 x8=0x70fbebec78 mem_r=0x70fbebeca8 -> w9=0x28 
[libmetasec_ml.so] 0x70fbd635f8!0x1165f8 cmp x28, x9; x28=0x1c x9=0x28 -> x28=0x1c 
[libmetasec_ml.so] 0x70fbd635fc!0x1165fc b.hs #0x70fbd6397c; 
[libmetasec_ml.so] 0x70fbd63600!0x116600 ldr x8, [x8, #0x38]; x8=0x70fbebec78 x8=0x70fbebec78 mem_r=0x70fbebecb0 -> x8=0x70fbebf9d8 
[libmetasec_ml.so] 0x70fbd63604!0x116604 nop ; 
[libmetasec_ml.so] 0x70fbd63608!0x116608 madd x24, x28, x19, x8; x24=0x70fbec0170 x28=0x1c x19=0x48 x8=0x70fbebf9d8 -> x24=0x70fbec01b8 
[libmetasec_ml.so] 0x70fbd6360c!0x11660c ldr w9, [x24, #0x18]; w9=0x28 x24=0x70fbec01b8 mem_r=0x70fbec01d0 -> w9=0xc0 
[libmetasec_ml.so] 0x70fbd63610!0x116610 ldr w11, [x24, #0xc]; w11=0x4b2 x24=0x70fbec01b8 mem_r=0x70fbec01c4 -> w11=0x3 
[libmetasec_ml.so] 0x70fbd63614!0x116614 add x22, x20, x9; x22=0x72a7410a28 x20=0x72a7410970 x9=0xc0 -> x22=0x72a7410a30 
[libmetasec_ml.so] 0x70fbd63618!0x116618 cbz w11, #0x70fbd63744; w11=0x3 
[libmetasec_ml.so] 0x70fbd6361c!0x11661c ldr w9, [x24, #0x14]; w9=0xc0 x24=0x70fbec01b8 mem_r=0x70fbec01cc -> w9=0x0 
[libmetasec_ml.so] 0x70fbd63620!0x116620 cmp w11, #1; w11=0x3 -> w11=0x3 
[libmetasec_ml.so] 0x70fbd63624!0x116624 madd x10, x28, x19, x8; x10=0x259f5 x28=0x1c x19=0x48 x8=0x70fbebf9d8 -> x10=0x70fbec01b8 
[libmetasec_ml.so] 0x70fbd63628!0x116628 ccmp w11, #3, #4, ne; w11=0x3 
[libmetasec_ml.so] 0x70fbd6362c!0x11662c b.ne #0x70fbd63668; 
[libmetasec_ml.so] 0x70fbd63630!0x116630 ldr w10, [x10, #0x30]; w10=0xfbec01b8 x10=0x70fbec01b8 mem_r=0x70fbec01e8 -> w10=0x0 
[libmetasec_ml.so] 0x70fbd63634!0x116634 tbnz w10, #2, #0x70fbd636a0; w10=0x0 
[libmetasec_ml.so] 0x70fbd63638!0x116638 cmp w11, #3; w11=0x3 -> w11=0x3 
[libmetasec_ml.so] 0x70fbd6363c!0x11663c b.eq #0x70fbd6372c; 
[libmetasec_ml.so] 0x70fbd6372c!0x11672c mov x0, x24; x0=0x8 x24=0x70fbec01b8 -> x0=0x70fbec01b8 
[libmetasec_ml.so] 0x70fbd63730!0x116730 mov x1, x22; x1=0x73674115aa x22=0x72a7410a30 -> x1=0x72a7410a30 
[libmetasec_ml.so] 0x70fbd63734!0x116734 bl #0x70fbd64dc8; 
[libmetasec_ml.so] 0x70fbd64dc8!0x117dc8 ldr w8, [x0, #0x10]; w8=0xfbebf9d8 x0=0x70fbec01b8 mem_r=0x70fbec01c8 -> w8=0x1 
[libmetasec_ml.so] 0x70fbd64dcc!0x117dcc cmp w8, #0x10; w8=0x1 -> w8=0x1 
[libmetasec_ml.so] 0x70fbd64dd0!0x117dd0 b.hi #0x70fbd64e30; 
[libmetasec_ml.so] 0x70fbd64dd4!0x117dd4 adrp x9, #0x70fbe42000; x9=0x0 -> x9=0x70fbe42000 
[libmetasec_ml.so] 0x70fbd64dd8!0x117dd8 add x9, x9, #0x623; x9=0x70fbe42000 x9=0x70fbe42000 -> x9=0x70fbe42623 
[libmetasec_ml.so] 0x70fbd64ddc!0x117ddc adr x10, #0x70fbd64dec; x10=0x0 -> x10=0x70fbd64dec 
[libmetasec_ml.so] 0x70fbd64de0!0x117de0 ldrb w11, [x9, x8]; w11=0x3 x9=0x70fbe42623 x8=0x1 mem_r=0x70fbe42624 -> w11=0x0 
[libmetasec_ml.so] 0x70fbd64de4!0x117de4 add x10, x10, x11, lsl #2; x10=0x70fbd64dec x10=0x70fbd64dec x11=0x0 -> x10=0x70fbd64dec 
[libmetasec_ml.so] 0x70fbd64de8!0x117de8 br x10; x10=0x70fbd64dec 
[libmetasec_ml.so] 0x70fbd64dec!0x117dec ldr w8, [x1]; w8=0x1 x1=0x72a7410a30 mem_r=0x72a7410a30 -> w8=0xfff0bdc1 
[libmetasec_ml.so] 0x70fbd64df0!0x117df0 cmp w8, #0; w8=0xfff0bdc1 -> w8=0xfff0bdc1 
[libmetasec_ml.so] 0x70fbd64df4!0x117df4 b #0x70fbd64e00; 
[libmetasec_ml.so] 0x70fbd64e00!0x117e00 cset w0, eq; w0=0xfbec01b8 -> w0=0x0 
[libmetasec_ml.so] 0x70fbd64e04!0x117e04 ret ; 
[libmetasec_ml.so] 0x70fbd63738!0x116738 cbz w0, #0x70fbd63744; w0=0x0 
[libmetasec_ml.so] 0x70fbd63744!0x116744 add x2, x27, x21; x2=0x73674115a8 x27=0x73674114f3 x21=0xbd -> x2=0x73674115b0 
[libmetasec_ml.so] 0x70fbd63748!0x116748 mov x0, x24; x0=0x0 x24=0x70fbec01b8 -> x0=0x70fbec01b8 
[libmetasec_ml.so] 0x70fbd6374c!0x11674c mov x1, x22; x1=0x72a7410a30 x22=0x72a7410a30 -> x1=0x72a7410a30 
[libmetasec_ml.so] 0x70fbd63750!0x116750 bl #0x70fbd63a04; 
[libmetasec_ml.so] 0x70fbd63a04!0x116a04 str x23, [sp, #-0x40]!; x23=0x2a45 sp=0x70d87c2990 mem_w=0x70d87c2950 -> sp=0x70d87c2950 
[libmetasec_ml.so] 0x70fbd63a08!0x116a08 stp x22, x21, [sp, #0x10]; x22=0x72a7410a30 x21=0xbd sp=0x70d87c2950 mem_w=0x70d87c2960 
[libmetasec_ml.so] 0x70fbd63a0c!0x116a0c stp x20, x19, [sp, #0x20]; x20=0x72a7410970 x19=0x48 sp=0x70d87c2950 mem_w=0x70d87c2970 
[libmetasec_ml.so] 0x70fbd63a10!0x116a10 stp x29, x30, [sp, #0x30]; fp=0x70d87c2a00 lr=0x70fbd63754 sp=0x70d87c2950 mem_w=0x70d87c2980 
[libmetasec_ml.so] 0x70fbd63a14!0x116a14 add x29, sp, #0x30; fp=0x70d87c2a00 sp=0x70d87c2950 -> fp=0x70d87c2980 
[libmetasec_ml.so] 0x70fbd63a18!0x116a18 mov x19, x0; x19=0x48 x0=0x70fbec01b8 -> x19=0x70fbec01b8 
[libmetasec_ml.so] 0x70fbd63a1c!0x116a1c ldr w0, [x0, #8]; w0=0xfbec01b8 x0=0x70fbec01b8 mem_r=0x70fbec01c0 -> w0=0x1d 
[libmetasec_ml.so] 0x70fbd63a20!0x116a20 mov x21, x1; x21=0xbd x1=0x72a7410a30 -> x21=0x72a7410a30 
[libmetasec_ml.so] 0x70fbd63a24!0x116a24 mov x1, x2; x1=0x72a7410a30 x2=0x73674115b0 -> x1=0x73674115b0 
[libmetasec_ml.so] 0x70fbd63a28!0x116a28 mov x20, x2; x20=0x72a7410970 x2=0x73674115b0 -> x20=0x73674115b0 
[libmetasec_ml.so] 0x70fbd63a2c!0x116a2c bl #0x70fbd64e38; 
[libmetasec_ml.so] 0x70fbd64e38!0x117e38 lsr w8, w0, #0x1d; w8=0xfff0bdc1 w0=0x1d -> w8=0x0 
[libmetasec_ml.so] 0x70fbd64e3c!0x117e3c cbnz w8, #0x70fbd64e48; w8=0x0 
[libmetasec_ml.so] 0x70fbd64e40!0x117e40 lsl w0, w0, #3; w0=0x1d w0=0x1d -> w0=0xe8 
[libmetasec_ml.so] 0x70fbd64e44!0x117e44 b #0x70fbd64eb8; 
[libmetasec_ml.so] 0x70fbd64eb8!0x117eb8 cmp w0, #0x80; w0=0xe8 -> w0=0xe8 
[libmetasec_ml.so] 0x70fbd64ebc!0x117ebc b.lo #0x70fbd64f0c; 
[libmetasec_ml.so] 0x70fbd64ec0!0x117ec0 orr w8, w0, #0x80; w8=0x0 w0=0xe8 -> w8=0xe8 
[libmetasec_ml.so] 0x70fbd64ec4!0x117ec4 cmp w0, #4, lsl #12; w0=0xe8 -> w0=0xe8 
[libmetasec_ml.so] 0x70fbd64ec8!0x117ec8 strb w8, [x1]; w8=0xe8 x1=0x73674115b0 mem_w=0x73674115b0 
[libmetasec_ml.so] 0x70fbd64ecc!0x117ecc lsr w8, w0, #7; w8=0xe8 w0=0xe8 -> w8=0x1 
[libmetasec_ml.so] 0x70fbd64ed0!0x117ed0 b.lo #0x70fbd64f14; 
[libmetasec_ml.so] 0x70fbd64f14!0x117f14 mov w9, #1; w9=0xfbe42623 -> w9=0x1 
[libmetasec_ml.so] 0x70fbd64f18!0x117f18 b #0x70fbd64f28; 
[libmetasec_ml.so] 0x70fbd64f28!0x117f28 mov w0, w8; w0=0xe8 w8=0x1 -> w0=0x1 
[libmetasec_ml.so] 0x70fbd64f2c!0x117f2c add w8, w9, #1; w8=0x1 w9=0x1 -> w8=0x2 
[libmetasec_ml.so] 0x70fbd64f30!0x117f30 strb w0, [x1, w9, uxtw]; w0=0x1 x1=0x73674115b0 w9=0x1 mem_w=0x73674115b1 
[libmetasec_ml.so] 0x70fbd64f34!0x117f34 mov x0, x8; x0=0x1 x8=0x2 -> x0=0x2 
[libmetasec_ml.so] 0x70fbd64f38!0x117f38 ret ; 
[libmetasec_ml.so] 0x70fbd63a30!0x116a30 ldr w8, [x19, #0x10]; w8=0x2 x19=0x70fbec01b8 mem_r=0x70fbec01c8 -> w8=0x1 
[libmetasec_ml.so] 0x70fbd63a34!0x116a34 cmp w8, #0x10; w8=0x1 -> w8=0x1 
[libmetasec_ml.so] 0x70fbd63a38!0x116a38 b.hi #0x70fbd63abc; 
[libmetasec_ml.so] 0x70fbd63a3c!0x116a3c adrp x9, #0x70fbe42000; x9=0x1 -> x9=0x70fbe42000 
[libmetasec_ml.so] 0x70fbd63a40!0x116a40 add x9, x9, #0x5d4; x9=0x70fbe42000 x9=0x70fbe42000 -> x9=0x70fbe425d4 
[libmetasec_ml.so] 0x70fbd63a44!0x116a44 adr x10, #0x70fbd63a58; x10=0x70fbd64dec -> x10=0x70fbd63a58 
[libmetasec_ml.so] 0x70fbd63a48!0x116a48 ldrb w11, [x9, x8]; w11=0x0 x9=0x70fbe425d4 x8=0x1 mem_r=0x70fbe425d5 -> w11=0x1b 
[libmetasec_ml.so] 0x70fbd63a4c!0x116a4c add x10, x10, x11, lsl #2; x10=0x70fbd63a58 x10=0x70fbd63a58 x11=0x1b -> x10=0x70fbd63ac4 
[libmetasec_ml.so] 0x70fbd63a50!0x116a50 mov x19, x0; x19=0x70fbec01b8 x0=0x2 -> x19=0x2 
[libmetasec_ml.so] 0x70fbd63a54!0x116a54 br x10; x10=0x70fbd63ac4 
[libmetasec_ml.so] 0x70fbd63ac4!0x116ac4 ldr w0, [x21]; w0=0x2 x21=0x72a7410a30 mem_r=0x72a7410a30 -> w0=0xfff0bdc1 
[libmetasec_ml.so] 0x70fbd63ac8!0x116ac8 add x1, x20, x19; x1=0x73674115b0 x20=0x73674115b0 x19=0x2 -> x1=0x73674115b2 
[libmetasec_ml.so] 0x70fbd63acc!0x116acc bl #0x70fbd64e54; 
[libmetasec_ml.so] 0x70fbd64e54!0x117e54 lsl w8, w0, #1; w8=0x1 w0=0xfff0bdc1 -> w8=0xffe17b82 
[libmetasec_ml.so] 0x70fbd64e58!0x117e58 eor w0, w8, w0, asr #31; w0=0xfff0bdc1 w8=0xffe17b82 w0=0xfff0bdc1 -> w0=0x1e847d 
[libmetasec_ml.so] 0x70fbd64e5c!0x117e5c b #0x70fbd64eb8; 
[libmetasec_ml.so] 0x70fbd64eb8!0x117eb8 cmp w0, #0x80; w0=0x1e847d -> w0=0x1e847d 
[libmetasec_ml.so] 0x70fbd64ebc!0x117ebc b.lo #0x70fbd64f0c; 
[libmetasec_ml.so] 0x70fbd64ec0!0x117ec0 orr w8, w0, #0x80; w8=0xffe17b82 w0=0x1e847d -> w8=0x1e84fd 
[libmetasec_ml.so] 0x70fbd64ec4!0x117ec4 cmp w0, #4, lsl #12; w0=0x1e847d -> w0=0x1e847d 
[libmetasec_ml.so] 0x70fbd64ec8!0x117ec8 strb w8, [x1]; w8=0x1e84fd x1=0x73674115b2 mem_w=0x73674115b2 
[libmetasec_ml.so] 0x70fbd64ecc!0x117ecc lsr w8, w0, #7; w8=0x1e84fd w0=0x1e847d -> w8=0x3d08 
[libmetasec_ml.so] 0x70fbd64ed0!0x117ed0 b.lo #0x70fbd64f14; 
[libmetasec_ml.so] 0x70fbd64ed4!0x117ed4 orr w8, w8, #0x80; w8=0x3d08 w8=0x3d08 -> w8=0x3d88 
[libmetasec_ml.so] 0x70fbd64ed8!0x117ed8 cmp w0, #0x200, lsl #12; w0=0x1e847d -> w0=0x1e847d 
[libmetasec_ml.so] 0x70fbd64edc!0x117edc strb w8, [x1, #1]; w8=0x3d88 x1=0x73674115b2 mem_w=0x73674115b3 
[libmetasec_ml.so] 0x70fbd64ee0!0x117ee0 lsr w8, w0, #0xe; w8=0x3d88 w0=0x1e847d -> w8=0x7a 
[libmetasec_ml.so] 0x70fbd64ee4!0x117ee4 b.lo #0x70fbd64f1c; 
[libmetasec_ml.so] 0x70fbd64f1c!0x117f1c mov w9, #2; w9=0xfbe425d4 -> w9=0x2 
[libmetasec_ml.so] 0x70fbd64f20!0x117f20 b #0x70fbd64f28; 
[libmetasec_ml.so] 0x70fbd64f28!0x117f28 mov w0, w8; w0=0x1e847d w8=0x7a -> w0=0x7a 
[libmetasec_ml.so] 0x70fbd64f2c!0x117f2c add w8, w9, #1; w8=0x7a w9=0x2 -> w8=0x3 
[libmetasec_ml.so] 0x70fbd64f30!0x117f30 strb w0, [x1, w9, uxtw]; w0=0x7a x1=0x73674115b2 w9=0x2 mem_w=0x73674115b4 
[libmetasec_ml.so] 0x70fbd64f34!0x117f34 mov x0, x8; x0=0x7a x8=0x3 -> x0=0x3 
[libmetasec_ml.so] 0x70fbd64f38!0x117f38 ret ; 
[libmetasec_ml.so] 0x70fbd63ad0!0x116ad0 b #0x70fbd63af0; 
[libmetasec_ml.so] 0x70fbd63af0!0x116af0 add x0, x0, x19; x0=0x3 x0=0x3 x19=0x2 -> x0=0x5 
[libmetasec_ml.so] 0x70fbd63af4!0x116af4 b #0x70fbd63bfc; 
[libmetasec_ml.so] 0x70fbd63bfc!0x116bfc ldp x29, x30, [sp, #0x30]; fp=0x70d87c2980 lr=0x70fbd63ad0 sp=0x70d87c2950 mem_r=0x70d87c2980 -> fp=0x70d87c2a00 lr=0x70fbd63754 
[libmetasec_ml.so] 0x70fbd63c00!0x116c00 ldp x20, x19, [sp, #0x20]; x20=0x73674115b0 x19=0x2 sp=0x70d87c2950 mem_r=0x70d87c2970 -> x20=0x72a7410970 x19=0x48 
[libmetasec_ml.so] 0x70fbd63c04!0x116c04 ldp x22, x21, [sp, #0x10]; x22=0x72a7410a30 x21=0x72a7410a30 sp=0x70d87c2950 mem_r=0x70d87c2960 -> x22=0x72a7410a30 x21=0xbd 
[libmetasec_ml.so] 0x70fbd63c08!0x116c08 ldr x23, [sp], #0x40; x23=0x2a45 sp=0x70d87c2950 mem_r=0x70d87c2950 -> x23=0x2a45 
[libmetasec_ml.so] 0x70fbd63c0c!0x116c0c ret ; 
[libmetasec_ml.so] 0x70fbd63754!0x116754 mov x25, x0; x25=0x8 x0=0x5 -> x25=0x5 
[libmetasec_ml.so] 0x70fbd63758!0x116758 b #0x70fbd63940; 
[libmetasec_ml.so] 0x70fbd63940!0x116940 add x21, x25, x21; x21=0xbd x25=0x5 x21=0xbd -> x21=0xc2 
[libmetasec_ml.so] 0x70fbd63944!0x116944 add x28, x28, #1; x28=0x1c x28=0x1c -> x28=0x1d 
[libmetasec_ml.so] 0x70fbd63948!0x116948 b #0x70fbd635f0; 
[libmetasec_ml.so] 0x70fbd635f0!0x1165f0 ldr x8, [x20]; x8=0x3 x20=0x72a7410970 mem_r=0x72a7410970 -> x8=0x70fbebec78 
[libmetasec_ml.so] 0x70fbd635f4!0x1165f4 ldr w9, [x8, #0x30]; w9=0x2 x8=0x70fbebec78 mem_r=0x70fbebeca8 -> w9=0x28 
[libmetasec_ml.so] 0x70fbd635f8!0x1165f8 cmp x28, x9; x28=0x1d x9=0x28 -> x28=0x1d 
[libmetasec_ml.so] 0x70fbd635fc!0x1165fc b.hs #0x70fbd6397c; 
[libmetasec_ml.so] 0x70fbd63600!0x116600 ldr x8, [x8, #0x38]; x8=0x70fbebec78 x8=0x70fbebec78 mem_r=0x70fbebecb0 -> x8=0x70fbebf9d8 
[libmetasec_ml.so] 0x70fbd63604!0x116604 nop ; 
[libmetasec_ml.so] 0x70fbd63608!0x116608 madd x24, x28, x19, x8; x24=0x70fbec01b8 x28=0x1d x19=0x48 x8=0x70fbebf9d8 -> x24=0x70fbec0200 
[libmetasec_ml.so] 0x70fbd6360c!0x11660c ldr w9, [x24, #0x18]; w9=0x28 x24=0x70fbec0200 mem_r=0x70fbec0218 -> w9=0xc8 
[libmetasec_ml.so] 0x70fbd63610!0x116610 ldr w11, [x24, #0xc]; w11=0x1b x24=0x70fbec0200 mem_r=0x70fbec020c -> w11=0x3 
[libmetasec_ml.so] 0x70fbd63614!0x116614 add x22, x20, x9; x22=0x72a7410a30 x20=0x72a7410970 x9=0xc8 -> x22=0x72a7410a38 
[libmetasec_ml.so] 0x70fbd63618!0x116618 cbz w11, #0x70fbd63744; w11=0x3 
[libmetasec_ml.so] 0x70fbd6361c!0x11661c ldr w9, [x24, #0x14]; w9=0xc8 x24=0x70fbec0200 mem_r=0x70fbec0214 -> w9=0x0 
[libmetasec_ml.so] 0x70fbd63620!0x116620 cmp w11, #1; w11=0x3 -> w11=0x3 
[libmetasec_ml.so] 0x70fbd63624!0x116624 madd x10, x28, x19, x8; x10=0x70fbd63ac4 x28=0x1d x19=0x48 x8=0x70fbebf9d8 -> x10=0x70fbec0200 
[libmetasec_ml.so] 0x70fbd63628!0x116628 ccmp w11, #3, #4, ne; w11=0x3 
[libmetasec_ml.so] 0x70fbd6362c!0x11662c b.ne #0x70fbd63668; 
[libmetasec_ml.so] 0x70fbd63630!0x116630 ldr w10, [x10, #0x30]; w10=0xfbec0200 x10=0x70fbec0200 mem_r=0x70fbec0230 -> w10=0x0 
[libmetasec_ml.so] 0x70fbd63634!0x116634 tbnz w10, #2, #0x70fbd636a0; w10=0x0 
[libmetasec_ml.so] 0x70fbd63638!0x116638 cmp w11, #3; w11=0x3 -> w11=0x3 
[libmetasec_ml.so] 0x70fbd6363c!0x11663c b.eq #0x70fbd6372c; 
[libmetasec_ml.so] 0x70fbd6372c!0x11672c mov x0, x24; x0=0x5 x24=0x70fbec0200 -> x0=0x70fbec0200 
[libmetasec_ml.so] 0x70fbd63730!0x116730 mov x1, x22; x1=0x73674115b2 x22=0x72a7410a38 -> x1=0x72a7410a38 
[libmetasec_ml.so] 0x70fbd63734!0x116734 bl #0x70fbd64dc8; 
[libmetasec_ml.so] 0x70fbd64dc8!0x117dc8 ldr w8, [x0, #0x10]; w8=0xfbebf9d8 x0=0x70fbec0200 mem_r=0x70fbec0210 -> w8=0xe 
[libmetasec_ml.so] 0x70fbd64dcc!0x117dcc cmp w8, #0x10; w8=0xe -> w8=0xe 
[libmetasec_ml.so] 0x70fbd64dd0!0x117dd0 b.hi #0x70fbd64e30; 
[libmetasec_ml.so] 0x70fbd64dd4!0x117dd4 adrp x9, #0x70fbe42000; x9=0x0 -> x9=0x70fbe42000 
[libmetasec_ml.so] 0x70fbd64dd8!0x117dd8 add x9, x9, #0x623; x9=0x70fbe42000 x9=0x70fbe42000 -> x9=0x70fbe42623 
[libmetasec_ml.so] 0x70fbd64ddc!0x117ddc adr x10, #0x70fbd64dec; x10=0x0 -> x10=0x70fbd64dec 
[libmetasec_ml.so] 0x70fbd64de0!0x117de0 ldrb w11, [x9, x8]; w11=0x3 x9=0x70fbe42623 x8=0xe mem_r=0x70fbe42631 -> w11=0xd 
[libmetasec_ml.so] 0x70fbd64de4!0x117de4 add x10, x10, x11, lsl #2; x10=0x70fbd64dec x10=0x70fbd64dec x11=0xd -> x10=0x70fbd64e20 
[libmetasec_ml.so] 0x70fbd64de8!0x117de8 br x10; x10=0x70fbd64e20 
[libmetasec_ml.so] 0x70fbd64e20!0x117e20 ldr x8, [x1]; x8=0xe x1=0x72a7410a38 mem_r=0x72a7410a38 -> x8=0x74472b37d0 
[libmetasec_ml.so] 0x70fbd64e24!0x117e24 cbz x8, #0x70fbd64e30; x8=0x74472b37d0 
[libmetasec_ml.so] 0x70fbd64e28!0x117e28 ldrb w8, [x8]; w8=0x472b37d0 x8=0x74472b37d0 mem_r=0x74472b37d0 -> w8=0x21 
[libmetasec_ml.so] 0x70fbd64e2c!0x117e2c b #0x70fbd64df0; 
[libmetasec_ml.so] 0x70fbd64df0!0x117df0 cmp w8, #0; w8=0x21 -> w8=0x21 
[libmetasec_ml.so] 0x70fbd64df4!0x117df4 b #0x70fbd64e00; 
[libmetasec_ml.so] 0x70fbd64e00!0x117e00 cset w0, eq; w0=0xfbec0200 -> w0=0x0 
[libmetasec_ml.so] 0x70fbd64e04!0x117e04 ret ; 
[libmetasec_ml.so] 0x70fbd63738!0x116738 cbz w0, #0x70fbd63744; w0=0x0 
[libmetasec_ml.so] 0x70fbd63744!0x116744 add x2, x27, x21; x2=0x73674115b0 x27=0x73674114f3 x21=0xc2 -> x2=0x73674115b5 
[libmetasec_ml.so] 0x70fbd63748!0x116748 mov x0, x24; x0=0x0 x24=0x70fbec0200 -> x0=0x70fbec0200 
[libmetasec_ml.so] 0x70fbd6374c!0x11674c mov x1, x22; x1=0x72a7410a38 x22=0x72a7410a38 -> x1=0x72a7410a38 
[libmetasec_ml.so] 0x70fbd63750!0x116750 bl #0x70fbd63a04; 
[libmetasec_ml.so] 0x70fbd63a04!0x116a04 str x23, [sp, #-0x40]!; x23=0x2a45 sp=0x70d87c2990 mem_w=0x70d87c2950 -> sp=0x70d87c2950 
[libmetasec_ml.so] 0x70fbd63a08!0x116a08 stp x22, x21, [sp, #0x10]; x22=0x72a7410a38 x21=0xc2 sp=0x70d87c2950 mem_w=0x70d87c2960 
[libmetasec_ml.so] 0x70fbd63a0c!0x116a0c stp x20, x19, [sp, #0x20]; x20=0x72a7410970 x19=0x48 sp=0x70d87c2950 mem_w=0x70d87c2970 
[libmetasec_ml.so] 0x70fbd63a10!0x116a10 stp x29, x30, [sp, #0x30]; fp=0x70d87c2a00 lr=0x70fbd63754 sp=0x70d87c2950 mem_w=0x70d87c2980 
[libmetasec_ml.so] 0x70fbd63a14!0x116a14 add x29, sp, #0x30; fp=0x70d87c2a00 sp=0x70d87c2950 -> fp=0x70d87c2980 
[libmetasec_ml.so] 0x70fbd63a18!0x116a18 mov x19, x0; x19=0x48 x0=0x70fbec0200 -> x19=0x70fbec0200 
[libmetasec_ml.so] 0x70fbd63a1c!0x116a1c ldr w0, [x0, #8]; w0=0xfbec0200 x0=0x70fbec0200 mem_r=0x70fbec0208 -> w0=0x1e 
[libmetasec_ml.so] 0x70fbd63a20!0x116a20 mov x21, x1; x21=0xc2 x1=0x72a7410a38 -> x21=0x72a7410a38 
[libmetasec_ml.so] 0x70fbd63a24!0x116a24 mov x1, x2; x1=0x72a7410a38 x2=0x73674115b5 -> x1=0x73674115b5 
[libmetasec_ml.so] 0x70fbd63a28!0x116a28 mov x20, x2; x20=0x72a7410970 x2=0x73674115b5 -> x20=0x73674115b5 
[libmetasec_ml.so] 0x70fbd63a2c!0x116a2c bl #0x70fbd64e38; 
[libmetasec_ml.so] 0x70fbd64e38!0x117e38 lsr w8, w0, #0x1d; w8=0x21 w0=0x1e -> w8=0x0 
[libmetasec_ml.so] 0x70fbd64e3c!0x117e3c cbnz w8, #0x70fbd64e48; w8=0x0 
[libmetasec_ml.so] 0x70fbd64e40!0x117e40 lsl w0, w0, #3; w0=0x1e w0=0x1e -> w0=0xf0 
[libmetasec_ml.so] 0x70fbd64e44!0x117e44 b #0x70fbd64eb8; 
[libmetasec_ml.so] 0x70fbd64eb8!0x117eb8 cmp w0, #0x80; w0=0xf0 -> w0=0xf0 
[libmetasec_ml.so] 0x70fbd64ebc!0x117ebc b.lo #0x70fbd64f0c; 
[libmetasec_ml.so] 0x70fbd64ec0!0x117ec0 orr w8, w0, #0x80; w8=0x0 w0=0xf0 -> w8=0xf0 
[libmetasec_ml.so] 0x70fbd64ec4!0x117ec4 cmp w0, #4, lsl #12; w0=0xf0 -> w0=0xf0 
[libmetasec_ml.so] 0x70fbd64ec8!0x117ec8 strb w8, [x1]; w8=0xf0 x1=0x73674115b5 mem_w=0x73674115b5 
[libmetasec_ml.so] 0x70fbd64ecc!0x117ecc lsr w8, w0, #7; w8=0xf0 w0=0xf0 -> w8=0x1 
[libmetasec_ml.so] 0x70fbd64ed0!0x117ed0 b.lo #0x70fbd64f14; 
[libmetasec_ml.so] 0x70fbd64f14!0x117f14 mov w9, #1; w9=0xfbe42623 -> w9=0x1 
[libmetasec_ml.so] 0x70fbd64f18!0x117f18 b #0x70fbd64f28; 
[libmetasec_ml.so] 0x70fbd64f28!0x117f28 mov w0, w8; w0=0xf0 w8=0x1 -> w0=0x1 
[libmetasec_ml.so] 0x70fbd64f2c!0x117f2c add w8, w9, #1; w8=0x1 w9=0x1 -> w8=0x2 
[libmetasec_ml.so] 0x70fbd64f30!0x117f30 strb w0, [x1, w9, uxtw]; w0=0x1 x1=0x73674115b5 w9=0x1 mem_w=0x73674115b6 
[libmetasec_ml.so] 0x70fbd64f34!0x117f34 mov x0, x8; x0=0x1 x8=0x2 -> x0=0x2 
[libmetasec_ml.so] 0x70fbd64f38!0x117f38 ret ; 
[libmetasec_ml.so] 0x70fbd63a30!0x116a30 ldr w8, [x19, #0x10]; w8=0x2 x19=0x70fbec0200 mem_r=0x70fbec0210 -> w8=0xe 
[libmetasec_ml.so] 0x70fbd63a34!0x116a34 cmp w8, #0x10; w8=0xe -> w8=0xe 
[libmetasec_ml.so] 0x70fbd63a38!0x116a38 b.hi #0x70fbd63abc; 
[libmetasec_ml.so] 0x70fbd63a3c!0x116a3c adrp x9, #0x70fbe42000; x9=0x1 -> x9=0x70fbe42000 
[libmetasec_ml.so] 0x70fbd63a40!0x116a40 add x9, x9, #0x5d4; x9=0x70fbe42000 x9=0x70fbe42000 -> x9=0x70fbe425d4 
[libmetasec_ml.so] 0x70fbd63a44!0x116a44 adr x10, #0x70fbd63a58; x10=0x70fbd64e20 -> x10=0x70fbd63a58 
[libmetasec_ml.so] 0x70fbd63a48!0x116a48 ldrb w11, [x9, x8]; w11=0xd x9=0x70fbe425d4 x8=0xe mem_r=0x70fbe425e2 -> w11=0x2e 
[libmetasec_ml.so] 0x70fbd63a4c!0x116a4c add x10, x10, x11, lsl #2; x10=0x70fbd63a58 x10=0x70fbd63a58 x11=0x2e -> x10=0x70fbd63b10 
[libmetasec_ml.so] 0x70fbd63a50!0x116a50 mov x19, x0; x19=0x70fbec0200 x0=0x2 -> x19=0x2 
[libmetasec_ml.so] 0x70fbd63a54!0x116a54 br x10; x10=0x70fbd63b10 
[libmetasec_ml.so] 0x70fbd63b10!0x116b10 ldrb w8, [x20]; w8=0xe x20=0x73674115b5 mem_r=0x73674115b5 -> w8=0xf0 
[libmetasec_ml.so] 0x70fbd63b14!0x116b14 orr w8, w8, #2; w8=0xf0 w8=0xf0 -> w8=0xf2 
[libmetasec_ml.so] 0x70fbd63b18!0x116b18 strb w8, [x20]; w8=0xf2 x20=0x73674115b5 mem_w=0x73674115b5 
[libmetasec_ml.so] 0x70fbd63b1c!0x116b1c ldr x21, [x21]; x21=0x72a7410a38 x21=0x72a7410a38 mem_r=0x72a7410a38 -> x21=0x74472b37d0 
[libmetasec_ml.so] 0x70fbd63b20!0x116b20 add x20, x20, x19; x20=0x73674115b5 x20=0x73674115b5 x19=0x2 -> x20=0x73674115b7 
[libmetasec_ml.so] 0x70fbd63b24!0x116b24 cbz x21, #0x70fbd63bf0; x21=0x74472b37d0 
[libmetasec_ml.so] 0x70fbd63b28!0x116b28 mov x0, x21; x0=0x2 x21=0x74472b37d0 -> x0=0x74472b37d0 
[libmetasec_ml.so] 0x70fbd63b2c!0x116b2c bl #0x70fbc80b40; 
[libmetasec_ml.so] 0x70fbc80b40!0x33b40 adrp x16, #0x70fbec9000; x16=0x70fbec9998 -> x16=0x70fbec9000 
[libmetasec_ml.so] 0x70fbc80b44!0x33b44 ldr x17, [x16, #0xa28]; x17=0x75402d9c80 x16=0x70fbec9000 mem_r=0x70fbec9a28 -> x17=0x75402dab00 
[libmetasec_ml.so] 0x70fbc80b48!0x33b48 add x16, x16, #0xa28; x16=0x70fbec9000 x16=0x70fbec9000 -> x16=0x70fbec9a28 
[libmetasec_ml.so] 0x70fbc80b4c!0x33b4c br x17; x17=0x75402dab00 
call func: __strlen_aarch64(0x74472b37d0)
args0: !notset!
ret: 0x8
[libmetasec_ml.so] 0x70fbd63b30!0x116b30 mov x1, x20; x1=0x73674115b5 x20=0x73674115b7 -> x1=0x73674115b7 
[libmetasec_ml.so] 0x70fbd63b34!0x116b34 mov x22, x0; x22=0x72a7410a38 x0=0x8 -> x22=0x8 
[libmetasec_ml.so] 0x70fbd63b38!0x116b38 bl #0x70fbd64eb8; 
[libmetasec_ml.so] 0x70fbd64eb8!0x117eb8 cmp w0, #0x80; w0=0x8 -> w0=0x8 
[libmetasec_ml.so] 0x70fbd64ebc!0x117ebc b.lo #0x70fbd64f0c; 
[libmetasec_ml.so] 0x70fbd64f0c!0x117f0c mov w9, wzr; w9=0xfbe425d4 -> w9=0x0 
[libmetasec_ml.so] 0x70fbd64f10!0x117f10 b #0x70fbd64f2c; 
[libmetasec_ml.so] 0x70fbd64f2c!0x117f2c add w8, w9, #1; w8=0x1010101 w9=0x0 -> w8=0x1 
[libmetasec_ml.so] 0x70fbd64f30!0x117f30 strb w0, [x1, w9, uxtw]; w0=0x8 x1=0x73674115b7 w9=0x0 mem_w=0x73674115b7 
[libmetasec_ml.so] 0x70fbd64f34!0x117f34 mov x0, x8; x0=0x8 x8=0x1 -> x0=0x1 
[libmetasec_ml.so] 0x70fbd64f38!0x117f38 ret ; 
[libmetasec_ml.so] 0x70fbd63b3c!0x116b3c mov x23, x0; x23=0x2a45 x0=0x1 -> x23=0x1 
[libmetasec_ml.so] 0x70fbd63b40!0x116b40 add x0, x20, x0; x0=0x1 x20=0x73674115b7 x0=0x1 -> x0=0x73674115b8 
[libmetasec_ml.so] 0x70fbd63b44!0x116b44 mov x1, x21; x1=0x73674115b7 x21=0x74472b37d0 -> x1=0x74472b37d0 
[libmetasec_ml.so] 0x70fbd63b48!0x116b48 mov x2, x22; x2=0x21746573746f6e21 x22=0x8 -> x2=0x8 
[libmetasec_ml.so] 0x70fbd63b4c!0x116b4c bl #0x70fbc80a20; 
[libmetasec_ml.so] 0x70fbc80a20!0x33a20 adrp x16, #0x70fbec9000; x16=0x70fbec9a28 -> x16=0x70fbec9000 
[libmetasec_ml.so] 0x70fbc80a24!0x33a24 ldr x17, [x16, #0x998]; x17=0x75402dab00 x16=0x70fbec9000 mem_r=0x70fbec9998 -> x17=0x75402d9c80 
[libmetasec_ml.so] 0x70fbc80a28!0x33a28 add x16, x16, #0x998; x16=0x70fbec9000 x16=0x70fbec9000 -> x16=0x70fbec9998 
[libmetasec_ml.so] 0x70fbc80a2c!0x33a2c br x17; x17=0x75402d9c80 
call func: __memcpy_aarch64_simd(0x73674115b8, 0x74472b37d0, 0x8)
hexdump at address 0x74472b37d0 with length 0x8:
74472b37d0: 21 6e 6f 74 73 65 74 21                         |!notset!        |
ret: 0x73674115b8
[libmetasec_ml.so] 0x70fbd63b50!0x116b50 add x8, x23, x22; x8=0x1 x23=0x1 x22=0x8 -> x8=0x9 
[libmetasec_ml.so] 0x70fbd63b54!0x116b54 b #0x70fbd63bf8; 
[libmetasec_ml.so] 0x70fbd63bf8!0x116bf8 add x0, x8, x19; x0=0x73674115b8 x8=0x9 x19=0x2 -> x0=0xb 
[libmetasec_ml.so] 0x70fbd63bfc!0x116bfc ldp x29, x30, [sp, #0x30]; fp=0x70d87c2980 lr=0x70fbd63b50 sp=0x70d87c2950 mem_r=0x70d87c2980 -> fp=0x70d87c2a00 lr=0x70fbd63754 
[libmetasec_ml.so] 0x70fbd63c00!0x116c00 ldp x20, x19, [sp, #0x20]; x20=0x73674115b7 x19=0x2 sp=0x70d87c2950 mem_r=0x70d87c2970 -> x20=0x72a7410970 x19=0x48 
[libmetasec_ml.so] 0x70fbd63c04!0x116c04 ldp x22, x21, [sp, #0x10]; x22=0x8 x21=0x74472b37d0 sp=0x70d87c2950 mem_r=0x70d87c2960 -> x22=0x72a7410a38 x21=0xc2 
[libmetasec_ml.so] 0x70fbd63c08!0x116c08 ldr x23, [sp], #0x40; x23=0x1 sp=0x70d87c2950 mem_r=0x70d87c2950 -> x23=0x2a45 
[libmetasec_ml.so] 0x70fbd63c0c!0x116c0c ret ; 
[libmetasec_ml.so] 0x70fbd63754!0x116754 mov x25, x0; x25=0x5 x0=0xb -> x25=0xb 
[libmetasec_ml.so] 0x70fbd63758!0x116758 b #0x70fbd63940; 
[libmetasec_ml.so] 0x70fbd63940!0x116940 add x21, x25, x21; x21=0xc2 x25=0xb x21=0xc2 -> x21=0xcd 
[libmetasec_ml.so] 0x70fbd63944!0x116944 add x28, x28, #1; x28=0x1d x28=0x1d -> x28=0x1e 
[libmetasec_ml.so] 0x70fbd63948!0x116948 b #0x70fbd635f0; 
[libmetasec_ml.so] 0x70fbd635f0!0x1165f0 ldr x8, [x20]; x8=0x9 x20=0x72a7410970 mem_r=0x72a7410970 -> x8=0x70fbebec78 
[libmetasec_ml.so] 0x70fbd635f4!0x1165f4 ldr w9, [x8, #0x30]; w9=0x0 x8=0x70fbebec78 mem_r=0x70fbebeca8 -> w9=0x28 
[libmetasec_ml.so] 0x70fbd635f8!0x1165f8 cmp x28, x9; x28=0x1e x9=0x28 -> x28=0x1e 
[libmetasec_ml.so] 0x70fbd635fc!0x1165fc b.hs #0x70fbd6397c; 
[libmetasec_ml.so] 0x70fbd63600!0x116600 ldr x8, [x8, #0x38]; x8=0x70fbebec78 x8=0x70fbebec78 mem_r=0x70fbebecb0 -> x8=0x70fbebf9d8 
[libmetasec_ml.so] 0x70fbd63604!0x116604 nop ; 
[libmetasec_ml.so] 0x70fbd63608!0x116608 madd x24, x28, x19, x8; x24=0x70fbec0200 x28=0x1e x19=0x48 x8=0x70fbebf9d8 -> x24=0x70fbec0248 
[libmetasec_ml.so] 0x70fbd6360c!0x11660c ldr w9, [x24, #0x18]; w9=0x28 x24=0x70fbec0248 mem_r=0x70fbec0260 -> w9=0xd0 
[libmetasec_ml.so] 0x70fbd63610!0x116610 ldr w11, [x24, #0xc]; w11=0x2e x24=0x70fbec0248 mem_r=0x70fbec0254 -> w11=0x3 
[libmetasec_ml.so] 0x70fbd63614!0x116614 add x22, x20, x9; x22=0x72a7410a38 x20=0x72a7410970 x9=0xd0 -> x22=0x72a7410a40 
[libmetasec_ml.so] 0x70fbd63618!0x116618 cbz w11, #0x70fbd63744; w11=0x3 
[libmetasec_ml.so] 0x70fbd6361c!0x11661c ldr w9, [x24, #0x14]; w9=0xd0 x24=0x70fbec0248 mem_r=0x70fbec025c -> w9=0x0 
[libmetasec_ml.so] 0x70fbd63620!0x116620 cmp w11, #1; w11=0x3 -> w11=0x3 
[libmetasec_ml.so] 0x70fbd63624!0x116624 madd x10, x28, x19, x8; x10=0x70fbd63b10 x28=0x1e x19=0x48 x8=0x70fbebf9d8 -> x10=0x70fbec0248 
[libmetasec_ml.so] 0x70fbd63628!0x116628 ccmp w11, #3, #4, ne; w11=0x3 
[libmetasec_ml.so] 0x70fbd6362c!0x11662c b.ne #0x70fbd63668; 
[libmetasec_ml.so] 0x70fbd63630!0x116630 ldr w10, [x10, #0x30]; w10=0xfbec0248 x10=0x70fbec0248 mem_r=0x70fbec0278 -> w10=0x0 
[libmetasec_ml.so] 0x70fbd63634!0x116634 tbnz w10, #2, #0x70fbd636a0; w10=0x0 
[libmetasec_ml.so] 0x70fbd63638!0x116638 cmp w11, #3; w11=0x3 -> w11=0x3 
[libmetasec_ml.so] 0x70fbd6363c!0x11663c b.eq #0x70fbd6372c; 
[libmetasec_ml.so] 0x70fbd6372c!0x11672c mov x0, x24; x0=0xb x24=0x70fbec0248 -> x0=0x70fbec0248 
[libmetasec_ml.so] 0x70fbd63730!0x116730 mov x1, x22; x1=0x74472b37d0 x22=0x72a7410a40 -> x1=0x72a7410a40 
[libmetasec_ml.so] 0x70fbd63734!0x116734 bl #0x70fbd64dc8; 
[libmetasec_ml.so] 0x70fbd64dc8!0x117dc8 ldr w8, [x0, #0x10]; w8=0xfbebf9d8 x0=0x70fbec0248 mem_r=0x70fbec0258 -> w8=0xe 
[libmetasec_ml.so] 0x70fbd64dcc!0x117dcc cmp w8, #0x10; w8=0xe -> w8=0xe 
[libmetasec_ml.so] 0x70fbd64dd0!0x117dd0 b.hi #0x70fbd64e30; 
[libmetasec_ml.so] 0x70fbd64dd4!0x117dd4 adrp x9, #0x70fbe42000; x9=0x0 -> x9=0x70fbe42000 
[libmetasec_ml.so] 0x70fbd64dd8!0x117dd8 add x9, x9, #0x623; x9=0x70fbe42000 x9=0x70fbe42000 -> x9=0x70fbe42623 
[libmetasec_ml.so] 0x70fbd64ddc!0x117ddc adr x10, #0x70fbd64dec; x10=0x0 -> x10=0x70fbd64dec 
[libmetasec_ml.so] 0x70fbd64de0!0x117de0 ldrb w11, [x9, x8]; w11=0x3 x9=0x70fbe42623 x8=0xe mem_r=0x70fbe42631 -> w11=0xd 
[libmetasec_ml.so] 0x70fbd64de4!0x117de4 add x10, x10, x11, lsl #2; x10=0x70fbd64dec x10=0x70fbd64dec x11=0xd -> x10=0x70fbd64e20 
[libmetasec_ml.so] 0x70fbd64de8!0x117de8 br x10; x10=0x70fbd64e20 
[libmetasec_ml.so] 0x70fbd64e20!0x117e20 ldr x8, [x1]; x8=0xe x1=0x72a7410a40 mem_r=0x72a7410a40 -> x8=0x74472b3bd0 
[libmetasec_ml.so] 0x70fbd64e24!0x117e24 cbz x8, #0x70fbd64e30; x8=0x74472b3bd0 
[libmetasec_ml.so] 0x70fbd64e28!0x117e28 ldrb w8, [x8]; w8=0x472b3bd0 x8=0x74472b3bd0 mem_r=0x74472b3bd0 -> w8=0x21 
[libmetasec_ml.so] 0x70fbd64e2c!0x117e2c b #0x70fbd64df0; 
[libmetasec_ml.so] 0x70fbd64df0!0x117df0 cmp w8, #0; w8=0x21 -> w8=0x21 
[libmetasec_ml.so] 0x70fbd64df4!0x117df4 b #0x70fbd64e00; 
[libmetasec_ml.so] 0x70fbd64e00!0x117e00 cset w0, eq; w0=0xfbec0248 -> w0=0x0 
[libmetasec_ml.so] 0x70fbd64e04!0x117e04 ret ; 
[libmetasec_ml.so] 0x70fbd63738!0x116738 cbz w0, #0x70fbd63744; w0=0x0 
[libmetasec_ml.so] 0x70fbd63744!0x116744 add x2, x27, x21; x2=0x8 x27=0x73674114f3 x21=0xcd -> x2=0x73674115c0 
[libmetasec_ml.so] 0x70fbd63748!0x116748 mov x0, x24; x0=0x0 x24=0x70fbec0248 -> x0=0x70fbec0248 
[libmetasec_ml.so] 0x70fbd6374c!0x11674c mov x1, x22; x1=0x72a7410a40 x22=0x72a7410a40 -> x1=0x72a7410a40 
[libmetasec_ml.so] 0x70fbd63750!0x116750 bl #0x70fbd63a04; 
[libmetasec_ml.so] 0x70fbd63a04!0x116a04 str x23, [sp, #-0x40]!; x23=0x2a45 sp=0x70d87c2990 mem_w=0x70d87c2950 -> sp=0x70d87c2950 
[libmetasec_ml.so] 0x70fbd63a08!0x116a08 stp x22, x21, [sp, #0x10]; x22=0x72a7410a40 x21=0xcd sp=0x70d87c2950 mem_w=0x70d87c2960 
[libmetasec_ml.so] 0x70fbd63a0c!0x116a0c stp x20, x19, [sp, #0x20]; x20=0x72a7410970 x19=0x48 sp=0x70d87c2950 mem_w=0x70d87c2970 
[libmetasec_ml.so] 0x70fbd63a10!0x116a10 stp x29, x30, [sp, #0x30]; fp=0x70d87c2a00 lr=0x70fbd63754 sp=0x70d87c2950 mem_w=0x70d87c2980 
[libmetasec_ml.so] 0x70fbd63a14!0x116a14 add x29, sp, #0x30; fp=0x70d87c2a00 sp=0x70d87c2950 -> fp=0x70d87c2980 
[libmetasec_ml.so] 0x70fbd63a18!0x116a18 mov x19, x0; x19=0x48 x0=0x70fbec0248 -> x19=0x70fbec0248 
[libmetasec_ml.so] 0x70fbd63a1c!0x116a1c ldr w0, [x0, #8]; w0=0xfbec0248 x0=0x70fbec0248 mem_r=0x70fbec0250 -> w0=0x1f 
[libmetasec_ml.so] 0x70fbd63a20!0x116a20 mov x21, x1; x21=0xcd x1=0x72a7410a40 -> x21=0x72a7410a40 
[libmetasec_ml.so] 0x70fbd63a24!0x116a24 mov x1, x2; x1=0x72a7410a40 x2=0x73674115c0 -> x1=0x73674115c0 
[libmetasec_ml.so] 0x70fbd63a28!0x116a28 mov x20, x2; x20=0x72a7410970 x2=0x73674115c0 -> x20=0x73674115c0 
[libmetasec_ml.so] 0x70fbd63a2c!0x116a2c bl #0x70fbd64e38; 
[libmetasec_ml.so] 0x70fbd64e38!0x117e38 lsr w8, w0, #0x1d; w8=0x21 w0=0x1f -> w8=0x0 
[libmetasec_ml.so] 0x70fbd64e3c!0x117e3c cbnz w8, #0x70fbd64e48; w8=0x0 
[libmetasec_ml.so] 0x70fbd64e40!0x117e40 lsl w0, w0, #3; w0=0x1f w0=0x1f -> w0=0xf8 
[libmetasec_ml.so] 0x70fbd64e44!0x117e44 b #0x70fbd64eb8; 
[libmetasec_ml.so] 0x70fbd64eb8!0x117eb8 cmp w0, #0x80; w0=0xf8 -> w0=0xf8 
[libmetasec_ml.so] 0x70fbd64ebc!0x117ebc b.lo #0x70fbd64f0c; 
[libmetasec_ml.so] 0x70fbd64ec0!0x117ec0 orr w8, w0, #0x80; w8=0x0 w0=0xf8 -> w8=0xf8 
[libmetasec_ml.so] 0x70fbd64ec4!0x117ec4 cmp w0, #4, lsl #12; w0=0xf8 -> w0=0xf8 
[libmetasec_ml.so] 0x70fbd64ec8!0x117ec8 strb w8, [x1]; w8=0xf8 x1=0x73674115c0 mem_w=0x73674115c0 
[libmetasec_ml.so] 0x70fbd64ecc!0x117ecc lsr w8, w0, #7; w8=0xf8 w0=0xf8 -> w8=0x1 
[libmetasec_ml.so] 0x70fbd64ed0!0x117ed0 b.lo #0x70fbd64f14; 
[libmetasec_ml.so] 0x70fbd64f14!0x117f14 mov w9, #1; w9=0xfbe42623 -> w9=0x1 
[libmetasec_ml.so] 0x70fbd64f18!0x117f18 b #0x70fbd64f28; 
[libmetasec_ml.so] 0x70fbd64f28!0x117f28 mov w0, w8; w0=0xf8 w8=0x1 -> w0=0x1 
[libmetasec_ml.so] 0x70fbd64f2c!0x117f2c add w8, w9, #1; w8=0x1 w9=0x1 -> w8=0x2 
[libmetasec_ml.so] 0x70fbd64f30!0x117f30 strb w0, [x1, w9, uxtw]; w0=0x1 x1=0x73674115c0 w9=0x1 mem_w=0x73674115c1 
[libmetasec_ml.so] 0x70fbd64f34!0x117f34 mov x0, x8; x0=0x1 x8=0x2 -> x0=0x2 
[libmetasec_ml.so] 0x70fbd64f38!0x117f38 ret ; 
[libmetasec_ml.so] 0x70fbd63a30!0x116a30 ldr w8, [x19, #0x10]; w8=0x2 x19=0x70fbec0248 mem_r=0x70fbec0258 -> w8=0xe 
[libmetasec_ml.so] 0x70fbd63a34!0x116a34 cmp w8, #0x10; w8=0xe -> w8=0xe 
[libmetasec_ml.so] 0x70fbd63a38!0x116a38 b.hi #0x70fbd63abc; 
[libmetasec_ml.so] 0x70fbd63a3c!0x116a3c adrp x9, #0x70fbe42000; x9=0x1 -> x9=0x70fbe42000 
[libmetasec_ml.so] 0x70fbd63a40!0x116a40 add x9, x9, #0x5d4; x9=0x70fbe42000 x9=0x70fbe42000 -> x9=0x70fbe425d4 
[libmetasec_ml.so] 0x70fbd63a44!0x116a44 adr x10, #0x70fbd63a58; x10=0x70fbd64e20 -> x10=0x70fbd63a58 
[libmetasec_ml.so] 0x70fbd63a48!0x116a48 ldrb w11, [x9, x8]; w11=0xd x9=0x70fbe425d4 x8=0xe mem_r=0x70fbe425e2 -> w11=0x2e 
[libmetasec_ml.so] 0x70fbd63a4c!0x116a4c add x10, x10, x11, lsl #2; x10=0x70fbd63a58 x10=0x70fbd63a58 x11=0x2e -> x10=0x70fbd63b10 
[libmetasec_ml.so] 0x70fbd63a50!0x116a50 mov x19, x0; x19=0x70fbec0248 x0=0x2 -> x19=0x2 
[libmetasec_ml.so] 0x70fbd63a54!0x116a54 br x10; x10=0x70fbd63b10 
[libmetasec_ml.so] 0x70fbd63b10!0x116b10 ldrb w8, [x20]; w8=0xe x20=0x73674115c0 mem_r=0x73674115c0 -> w8=0xf8 
[libmetasec_ml.so] 0x70fbd63b14!0x116b14 orr w8, w8, #2; w8=0xf8 w8=0xf8 -> w8=0xfa 
[libmetasec_ml.so] 0x70fbd63b18!0x116b18 strb w8, [x20]; w8=0xfa x20=0x73674115c0 mem_w=0x73674115c0 
[libmetasec_ml.so] 0x70fbd63b1c!0x116b1c ldr x21, [x21]; x21=0x72a7410a40 x21=0x72a7410a40 mem_r=0x72a7410a40 -> x21=0x74472b3bd0 
[libmetasec_ml.so] 0x70fbd63b20!0x116b20 add x20, x20, x19; x20=0x73674115c0 x20=0x73674115c0 x19=0x2 -> x20=0x73674115c2 
[libmetasec_ml.so] 0x70fbd63b24!0x116b24 cbz x21, #0x70fbd63bf0; x21=0x74472b3bd0 
[libmetasec_ml.so] 0x70fbd63b28!0x116b28 mov x0, x21; x0=0x2 x21=0x74472b3bd0 -> x0=0x74472b3bd0 
[libmetasec_ml.so] 0x70fbd63b2c!0x116b2c bl #0x70fbc80b40; 
[libmetasec_ml.so] 0x70fbc80b40!0x33b40 adrp x16, #0x70fbec9000; x16=0x70fbec9998 -> x16=0x70fbec9000 
[libmetasec_ml.so] 0x70fbc80b44!0x33b44 ldr x17, [x16, #0xa28]; x17=0x75402d9c80 x16=0x70fbec9000 mem_r=0x70fbec9a28 -> x17=0x75402dab00 
[libmetasec_ml.so] 0x70fbc80b48!0x33b48 add x16, x16, #0xa28; x16=0x70fbec9000 x16=0x70fbec9000 -> x16=0x70fbec9a28 
[libmetasec_ml.so] 0x70fbc80b4c!0x33b4c br x17; x17=0x75402dab00 
call func: __strlen_aarch64(0x74472b3bd0)
args0: !notset!
ret: 0x8
[libmetasec_ml.so] 0x70fbd63b30!0x116b30 mov x1, x20; x1=0x73674115c0 x20=0x73674115c2 -> x1=0x73674115c2 
[libmetasec_ml.so] 0x70fbd63b34!0x116b34 mov x22, x0; x22=0x72a7410a40 x0=0x8 -> x22=0x8 
[libmetasec_ml.so] 0x70fbd63b38!0x116b38 bl #0x70fbd64eb8; 
[libmetasec_ml.so] 0x70fbd64eb8!0x117eb8 cmp w0, #0x80; w0=0x8 -> w0=0x8 
[libmetasec_ml.so] 0x70fbd64ebc!0x117ebc b.lo #0x70fbd64f0c; 
[libmetasec_ml.so] 0x70fbd64f0c!0x117f0c mov w9, wzr; w9=0xfbe425d4 -> w9=0x0 
[libmetasec_ml.so] 0x70fbd64f10!0x117f10 b #0x70fbd64f2c; 
[libmetasec_ml.so] 0x70fbd64f2c!0x117f2c add w8, w9, #1; w8=0x1010101 w9=0x0 -> w8=0x1 
[libmetasec_ml.so] 0x70fbd64f30!0x117f30 strb w0, [x1, w9, uxtw]; w0=0x8 x1=0x73674115c2 w9=0x0 mem_w=0x73674115c2 
[libmetasec_ml.so] 0x70fbd64f34!0x117f34 mov x0, x8; x0=0x8 x8=0x1 -> x0=0x1 
[libmetasec_ml.so] 0x70fbd64f38!0x117f38 ret ; 
[libmetasec_ml.so] 0x70fbd63b3c!0x116b3c mov x23, x0; x23=0x2a45 x0=0x1 -> x23=0x1 
[libmetasec_ml.so] 0x70fbd63b40!0x116b40 add x0, x20, x0; x0=0x1 x20=0x73674115c2 x0=0x1 -> x0=0x73674115c3 
[libmetasec_ml.so] 0x70fbd63b44!0x116b44 mov x1, x21; x1=0x73674115c2 x21=0x74472b3bd0 -> x1=0x74472b3bd0 
[libmetasec_ml.so] 0x70fbd63b48!0x116b48 mov x2, x22; x2=0x21746573746f6e21 x22=0x8 -> x2=0x8 
[libmetasec_ml.so] 0x70fbd63b4c!0x116b4c bl #0x70fbc80a20; 
[libmetasec_ml.so] 0x70fbc80a20!0x33a20 adrp x16, #0x70fbec9000; x16=0x70fbec9a28 -> x16=0x70fbec9000 
[libmetasec_ml.so] 0x70fbc80a24!0x33a24 ldr x17, [x16, #0x998]; x17=0x75402dab00 x16=0x70fbec9000 mem_r=0x70fbec9998 -> x17=0x75402d9c80 
[libmetasec_ml.so] 0x70fbc80a28!0x33a28 add x16, x16, #0x998; x16=0x70fbec9000 x16=0x70fbec9000 -> x16=0x70fbec9998 
[libmetasec_ml.so] 0x70fbc80a2c!0x33a2c br x17; x17=0x75402d9c80 
call func: __memcpy_aarch64_simd(0x73674115c3, 0x74472b3bd0, 0x8)
hexdump at address 0x74472b3bd0 with length 0x8:
74472b3bd0: 21 6e 6f 74 73 65 74 21                         |!notset!        |
ret: 0x73674115c3
[libmetasec_ml.so] 0x70fbd63b50!0x116b50 add x8, x23, x22; x8=0x1 x23=0x1 x22=0x8 -> x8=0x9 
[libmetasec_ml.so] 0x70fbd63b54!0x116b54 b #0x70fbd63bf8; 
[libmetasec_ml.so] 0x70fbd63bf8!0x116bf8 add x0, x8, x19; x0=0x73674115c3 x8=0x9 x19=0x2 -> x0=0xb 
[libmetasec_ml.so] 0x70fbd63bfc!0x116bfc ldp x29, x30, [sp, #0x30]; fp=0x70d87c2980 lr=0x70fbd63b50 sp=0x70d87c2950 mem_r=0x70d87c2980 -> fp=0x70d87c2a00 lr=0x70fbd63754 
[libmetasec_ml.so] 0x70fbd63c00!0x116c00 ldp x20, x19, [sp, #0x20]; x20=0x73674115c2 x19=0x2 sp=0x70d87c2950 mem_r=0x70d87c2970 -> x20=0x72a7410970 x19=0x48 
[libmetasec_ml.so] 0x70fbd63c04!0x116c04 ldp x22, x21, [sp, #0x10]; x22=0x8 x21=0x74472b3bd0 sp=0x70d87c2950 mem_r=0x70d87c2960 -> x22=0x72a7410a40 x21=0xcd 
[libmetasec_ml.so] 0x70fbd63c08!0x116c08 ldr x23, [sp], #0x40; x23=0x1 sp=0x70d87c2950 mem_r=0x70d87c2950 -> x23=0x2a45 
[libmetasec_ml.so] 0x70fbd63c0c!0x116c0c ret ; 
[libmetasec_ml.so] 0x70fbd63754!0x116754 mov x25, x0; x25=0xb x0=0xb -> x25=0xb 
[libmetasec_ml.so] 0x70fbd63758!0x116758 b #0x70fbd63940; 
[libmetasec_ml.so] 0x70fbd63940!0x116940 add x21, x25, x21; x21=0xcd x25=0xb x21=0xcd -> x21=0xd8 
[libmetasec_ml.so] 0x70fbd63944!0x116944 add x28, x28, #1; x28=0x1e x28=0x1e -> x28=0x1f 
[libmetasec_ml.so] 0x70fbd63948!0x116948 b #0x70fbd635f0; 
[libmetasec_ml.so] 0x70fbd635f0!0x1165f0 ldr x8, [x20]; x8=0x9 x20=0x72a7410970 mem_r=0x72a7410970 -> x8=0x70fbebec78 
[libmetasec_ml.so] 0x70fbd635f4!0x1165f4 ldr w9, [x8, #0x30]; w9=0x0 x8=0x70fbebec78 mem_r=0x70fbebeca8 -> w9=0x28 
[libmetasec_ml.so] 0x70fbd635f8!0x1165f8 cmp x28, x9; x28=0x1f x9=0x28 -> x28=0x1f 
[libmetasec_ml.so] 0x70fbd635fc!0x1165fc b.hs #0x70fbd6397c; 
[libmetasec_ml.so] 0x70fbd63600!0x116600 ldr x8, [x8, #0x38]; x8=0x70fbebec78 x8=0x70fbebec78 mem_r=0x70fbebecb0 -> x8=0x70fbebf9d8 
[libmetasec_ml.so] 0x70fbd63604!0x116604 nop ; 
[libmetasec_ml.so] 0x70fbd63608!0x116608 madd x24, x28, x19, x8; x24=0x70fbec0248 x28=0x1f x19=0x48 x8=0x70fbebf9d8 -> x24=0x70fbec0290 
[libmetasec_ml.so] 0x70fbd6360c!0x11660c ldr w9, [x24, #0x18]; w9=0x28 x24=0x70fbec0290 mem_r=0x70fbec02a8 -> w9=0xd8 
[libmetasec_ml.so] 0x70fbd63610!0x116610 ldr w11, [x24, #0xc]; w11=0x2e x24=0x70fbec0290 mem_r=0x70fbec029c -> w11=0x3 
[libmetasec_ml.so] 0x70fbd63614!0x116614 add x22, x20, x9; x22=0x72a7410a40 x20=0x72a7410970 x9=0xd8 -> x22=0x72a7410a48 
[libmetasec_ml.so] 0x70fbd63618!0x116618 cbz w11, #0x70fbd63744; w11=0x3 
[libmetasec_ml.so] 0x70fbd6361c!0x11661c ldr w9, [x24, #0x14]; w9=0xd8 x24=0x70fbec0290 mem_r=0x70fbec02a4 -> w9=0x0 
[libmetasec_ml.so] 0x70fbd63620!0x116620 cmp w11, #1; w11=0x3 -> w11=0x3 
[libmetasec_ml.so] 0x70fbd63624!0x116624 madd x10, x28, x19, x8; x10=0x70fbd63b10 x28=0x1f x19=0x48 x8=0x70fbebf9d8 -> x10=0x70fbec0290 
[libmetasec_ml.so] 0x70fbd63628!0x116628 ccmp w11, #3, #4, ne; w11=0x3 
[libmetasec_ml.so] 0x70fbd6362c!0x11662c b.ne #0x70fbd63668; 
[libmetasec_ml.so] 0x70fbd63630!0x116630 ldr w10, [x10, #0x30]; w10=0xfbec0290 x10=0x70fbec0290 mem_r=0x70fbec02c0 -> w10=0x0 
[libmetasec_ml.so] 0x70fbd63634!0x116634 tbnz w10, #2, #0x70fbd636a0; w10=0x0 
[libmetasec_ml.so] 0x70fbd63638!0x116638 cmp w11, #3; w11=0x3 -> w11=0x3 
[libmetasec_ml.so] 0x70fbd6363c!0x11663c b.eq #0x70fbd6372c; 
[libmetasec_ml.so] 0x70fbd6372c!0x11672c mov x0, x24; x0=0xb x24=0x70fbec0290 -> x0=0x70fbec0290 
[libmetasec_ml.so] 0x70fbd63730!0x116730 mov x1, x22; x1=0x74472b3bd0 x22=0x72a7410a48 -> x1=0x72a7410a48 
[libmetasec_ml.so] 0x70fbd63734!0x116734 bl #0x70fbd64dc8; 
[libmetasec_ml.so] 0x70fbd64dc8!0x117dc8 ldr w8, [x0, #0x10]; w8=0xfbebf9d8 x0=0x70fbec0290 mem_r=0x70fbec02a0 -> w8=0xe 
[libmetasec_ml.so] 0x70fbd64dcc!0x117dcc cmp w8, #0x10; w8=0xe -> w8=0xe 
[libmetasec_ml.so] 0x70fbd64dd0!0x117dd0 b.hi #0x70fbd64e30; 
[libmetasec_ml.so] 0x70fbd64dd4!0x117dd4 adrp x9, #0x70fbe42000; x9=0x0 -> x9=0x70fbe42000 
[libmetasec_ml.so] 0x70fbd64dd8!0x117dd8 add x9, x9, #0x623; x9=0x70fbe42000 x9=0x70fbe42000 -> x9=0x70fbe42623 
[libmetasec_ml.so] 0x70fbd64ddc!0x117ddc adr x10, #0x70fbd64dec; x10=0x0 -> x10=0x70fbd64dec 
[libmetasec_ml.so] 0x70fbd64de0!0x117de0 ldrb w11, [x9, x8]; w11=0x3 x9=0x70fbe42623 x8=0xe mem_r=0x70fbe42631 -> w11=0xd 
[libmetasec_ml.so] 0x70fbd64de4!0x117de4 add x10, x10, x11, lsl #2; x10=0x70fbd64dec x10=0x70fbd64dec x11=0xd -> x10=0x70fbd64e20 
[libmetasec_ml.so] 0x70fbd64de8!0x117de8 br x10; x10=0x70fbd64e20 
[libmetasec_ml.so] 0x70fbd64e20!0x117e20 ldr x8, [x1]; x8=0xe x1=0x72a7410a48 mem_r=0x72a7410a48 -> x8=0x74472b3810 
[libmetasec_ml.so] 0x70fbd64e24!0x117e24 cbz x8, #0x70fbd64e30; x8=0x74472b3810 
[libmetasec_ml.so] 0x70fbd64e28!0x117e28 ldrb w8, [x8]; w8=0x472b3810 x8=0x74472b3810 mem_r=0x74472b3810 -> w8=0x21 
[libmetasec_ml.so] 0x70fbd64e2c!0x117e2c b #0x70fbd64df0; 
[libmetasec_ml.so] 0x70fbd64df0!0x117df0 cmp w8, #0; w8=0x21 -> w8=0x21 
[libmetasec_ml.so] 0x70fbd64df4!0x117df4 b #0x70fbd64e00; 
[libmetasec_ml.so] 0x70fbd64e00!0x117e00 cset w0, eq; w0=0xfbec0290 -> w0=0x0 
[libmetasec_ml.so] 0x70fbd64e04!0x117e04 ret ; 
[libmetasec_ml.so] 0x70fbd63738!0x116738 cbz w0, #0x70fbd63744; w0=0x0 
[libmetasec_ml.so] 0x70fbd63744!0x116744 add x2, x27, x21; x2=0x8 x27=0x73674114f3 x21=0xd8 -> x2=0x73674115cb 
[libmetasec_ml.so] 0x70fbd63748!0x116748 mov x0, x24; x0=0x0 x24=0x70fbec0290 -> x0=0x70fbec0290 
[libmetasec_ml.so] 0x70fbd6374c!0x11674c mov x1, x22; x1=0x72a7410a48 x22=0x72a7410a48 -> x1=0x72a7410a48 
[libmetasec_ml.so] 0x70fbd63750!0x116750 bl #0x70fbd63a04; 
[libmetasec_ml.so] 0x70fbd63a04!0x116a04 str x23, [sp, #-0x40]!; x23=0x2a45 sp=0x70d87c2990 mem_w=0x70d87c2950 -> sp=0x70d87c2950 
[libmetasec_ml.so] 0x70fbd63a08!0x116a08 stp x22, x21, [sp, #0x10]; x22=0x72a7410a48 x21=0xd8 sp=0x70d87c2950 mem_w=0x70d87c2960 
[libmetasec_ml.so] 0x70fbd63a0c!0x116a0c stp x20, x19, [sp, #0x20]; x20=0x72a7410970 x19=0x48 sp=0x70d87c2950 mem_w=0x70d87c2970 
[libmetasec_ml.so] 0x70fbd63a10!0x116a10 stp x29, x30, [sp, #0x30]; fp=0x70d87c2a00 lr=0x70fbd63754 sp=0x70d87c2950 mem_w=0x70d87c2980 
[libmetasec_ml.so] 0x70fbd63a14!0x116a14 add x29, sp, #0x30; fp=0x70d87c2a00 sp=0x70d87c2950 -> fp=0x70d87c2980 
[libmetasec_ml.so] 0x70fbd63a18!0x116a18 mov x19, x0; x19=0x48 x0=0x70fbec0290 -> x19=0x70fbec0290 
[libmetasec_ml.so] 0x70fbd63a1c!0x116a1c ldr w0, [x0, #8]; w0=0xfbec0290 x0=0x70fbec0290 mem_r=0x70fbec0298 -> w0=0x20 
[libmetasec_ml.so] 0x70fbd63a20!0x116a20 mov x21, x1; x21=0xd8 x1=0x72a7410a48 -> x21=0x72a7410a48 
[libmetasec_ml.so] 0x70fbd63a24!0x116a24 mov x1, x2; x1=0x72a7410a48 x2=0x73674115cb -> x1=0x73674115cb 
[libmetasec_ml.so] 0x70fbd63a28!0x116a28 mov x20, x2; x20=0x72a7410970 x2=0x73674115cb -> x20=0x73674115cb 
[libmetasec_ml.so] 0x70fbd63a2c!0x116a2c bl #0x70fbd64e38; 
[libmetasec_ml.so] 0x70fbd64e38!0x117e38 lsr w8, w0, #0x1d; w8=0x21 w0=0x20 -> w8=0x0 
[libmetasec_ml.so] 0x70fbd64e3c!0x117e3c cbnz w8, #0x70fbd64e48; w8=0x0 
[libmetasec_ml.so] 0x70fbd64e40!0x117e40 lsl w0, w0, #3; w0=0x20 w0=0x20 -> w0=0x100 
[libmetasec_ml.so] 0x70fbd64e44!0x117e44 b #0x70fbd64eb8; 
[libmetasec_ml.so] 0x70fbd64eb8!0x117eb8 cmp w0, #0x80; w0=0x100 -> w0=0x100 
[libmetasec_ml.so] 0x70fbd64ebc!0x117ebc b.lo #0x70fbd64f0c; 
[libmetasec_ml.so] 0x70fbd64ec0!0x117ec0 orr w8, w0, #0x80; w8=0x0 w0=0x100 -> w8=0x180 
[libmetasec_ml.so] 0x70fbd64ec4!0x117ec4 cmp w0, #4, lsl #12; w0=0x100 -> w0=0x100 
[libmetasec_ml.so] 0x70fbd64ec8!0x117ec8 strb w8, [x1]; w8=0x180 x1=0x73674115cb mem_w=0x73674115cb 
[libmetasec_ml.so] 0x70fbd64ecc!0x117ecc lsr w8, w0, #7; w8=0x180 w0=0x100 -> w8=0x2 
[libmetasec_ml.so] 0x70fbd64ed0!0x117ed0 b.lo #0x70fbd64f14; 
[libmetasec_ml.so] 0x70fbd64f14!0x117f14 mov w9, #1; w9=0xfbe42623 -> w9=0x1 
[libmetasec_ml.so] 0x70fbd64f18!0x117f18 b #0x70fbd64f28; 
[libmetasec_ml.so] 0x70fbd64f28!0x117f28 mov w0, w8; w0=0x100 w8=0x2 -> w0=0x2 
[libmetasec_ml.so] 0x70fbd64f2c!0x117f2c add w8, w9, #1; w8=0x2 w9=0x1 -> w8=0x2 
[libmetasec_ml.so] 0x70fbd64f30!0x117f30 strb w0, [x1, w9, uxtw]; w0=0x2 x1=0x73674115cb w9=0x1 mem_w=0x73674115cc 
[libmetasec_ml.so] 0x70fbd64f34!0x117f34 mov x0, x8; x0=0x2 x8=0x2 -> x0=0x2 
[libmetasec_ml.so] 0x70fbd64f38!0x117f38 ret ; 
[libmetasec_ml.so] 0x70fbd63a30!0x116a30 ldr w8, [x19, #0x10]; w8=0x2 x19=0x70fbec0290 mem_r=0x70fbec02a0 -> w8=0xe 
[libmetasec_ml.so] 0x70fbd63a34!0x116a34 cmp w8, #0x10; w8=0xe -> w8=0xe 
[libmetasec_ml.so] 0x70fbd63a38!0x116a38 b.hi #0x70fbd63abc; 
[libmetasec_ml.so] 0x70fbd63a3c!0x116a3c adrp x9, #0x70fbe42000; x9=0x1 -> x9=0x70fbe42000 
[libmetasec_ml.so] 0x70fbd63a40!0x116a40 add x9, x9, #0x5d4; x9=0x70fbe42000 x9=0x70fbe42000 -> x9=0x70fbe425d4 
[libmetasec_ml.so] 0x70fbd63a44!0x116a44 adr x10, #0x70fbd63a58; x10=0x70fbd64e20 -> x10=0x70fbd63a58 
[libmetasec_ml.so] 0x70fbd63a48!0x116a48 ldrb w11, [x9, x8]; w11=0xd x9=0x70fbe425d4 x8=0xe mem_r=0x70fbe425e2 -> w11=0x2e 
[libmetasec_ml.so] 0x70fbd63a4c!0x116a4c add x10, x10, x11, lsl #2; x10=0x70fbd63a58 x10=0x70fbd63a58 x11=0x2e -> x10=0x70fbd63b10 
[libmetasec_ml.so] 0x70fbd63a50!0x116a50 mov x19, x0; x19=0x70fbec0290 x0=0x2 -> x19=0x2 
[libmetasec_ml.so] 0x70fbd63a54!0x116a54 br x10; x10=0x70fbd63b10 
[libmetasec_ml.so] 0x70fbd63b10!0x116b10 ldrb w8, [x20]; w8=0xe x20=0x73674115cb mem_r=0x73674115cb -> w8=0x80 
[libmetasec_ml.so] 0x70fbd63b14!0x116b14 orr w8, w8, #2; w8=0x80 w8=0x80 -> w8=0x82 
[libmetasec_ml.so] 0x70fbd63b18!0x116b18 strb w8, [x20]; w8=0x82 x20=0x73674115cb mem_w=0x73674115cb 
[libmetasec_ml.so] 0x70fbd63b1c!0x116b1c ldr x21, [x21]; x21=0x72a7410a48 x21=0x72a7410a48 mem_r=0x72a7410a48 -> x21=0x74472b3810 
[libmetasec_ml.so] 0x70fbd63b20!0x116b20 add x20, x20, x19; x20=0x73674115cb x20=0x73674115cb x19=0x2 -> x20=0x73674115cd 
[libmetasec_ml.so] 0x70fbd63b24!0x116b24 cbz x21, #0x70fbd63bf0; x21=0x74472b3810 
[libmetasec_ml.so] 0x70fbd63b28!0x116b28 mov x0, x21; x0=0x2 x21=0x74472b3810 -> x0=0x74472b3810 
[libmetasec_ml.so] 0x70fbd63b2c!0x116b2c bl #0x70fbc80b40; 
[libmetasec_ml.so] 0x70fbc80b40!0x33b40 adrp x16, #0x70fbec9000; x16=0x70fbec9998 -> x16=0x70fbec9000 
[libmetasec_ml.so] 0x70fbc80b44!0x33b44 ldr x17, [x16, #0xa28]; x17=0x75402d9c80 x16=0x70fbec9000 mem_r=0x70fbec9a28 -> x17=0x75402dab00 
[libmetasec_ml.so] 0x70fbc80b48!0x33b48 add x16, x16, #0xa28; x16=0x70fbec9000 x16=0x70fbec9000 -> x16=0x70fbec9a28 
[libmetasec_ml.so] 0x70fbc80b4c!0x33b4c br x17; x17=0x75402dab00 
call func: __strlen_aarch64(0x74472b3810)
args0: !notset!
ret: 0x8
[libmetasec_ml.so] 0x70fbd63b30!0x116b30 mov x1, x20; x1=0x73674115cb x20=0x73674115cd -> x1=0x73674115cd 
[libmetasec_ml.so] 0x70fbd63b34!0x116b34 mov x22, x0; x22=0x72a7410a48 x0=0x8 -> x22=0x8 
[libmetasec_ml.so] 0x70fbd63b38!0x116b38 bl #0x70fbd64eb8; 
[libmetasec_ml.so] 0x70fbd64eb8!0x117eb8 cmp w0, #0x80; w0=0x8 -> w0=0x8 
[libmetasec_ml.so] 0x70fbd64ebc!0x117ebc b.lo #0x70fbd64f0c; 
[libmetasec_ml.so] 0x70fbd64f0c!0x117f0c mov w9, wzr; w9=0xfbe425d4 -> w9=0x0 
[libmetasec_ml.so] 0x70fbd64f10!0x117f10 b #0x70fbd64f2c; 
[libmetasec_ml.so] 0x70fbd64f2c!0x117f2c add w8, w9, #1; w8=0x1010101 w9=0x0 -> w8=0x1 
[libmetasec_ml.so] 0x70fbd64f30!0x117f30 strb w0, [x1, w9, uxtw]; w0=0x8 x1=0x73674115cd w9=0x0 mem_w=0x73674115cd 
[libmetasec_ml.so] 0x70fbd64f34!0x117f34 mov x0, x8; x0=0x8 x8=0x1 -> x0=0x1 
[libmetasec_ml.so] 0x70fbd64f38!0x117f38 ret ; 
[libmetasec_ml.so] 0x70fbd63b3c!0x116b3c mov x23, x0; x23=0x2a45 x0=0x1 -> x23=0x1 
[libmetasec_ml.so] 0x70fbd63b40!0x116b40 add x0, x20, x0; x0=0x1 x20=0x73674115cd x0=0x1 -> x0=0x73674115ce 
[libmetasec_ml.so] 0x70fbd63b44!0x116b44 mov x1, x21; x1=0x73674115cd x21=0x74472b3810 -> x1=0x74472b3810 
[libmetasec_ml.so] 0x70fbd63b48!0x116b48 mov x2, x22; x2=0x21746573746f6e21 x22=0x8 -> x2=0x8 
[libmetasec_ml.so] 0x70fbd63b4c!0x116b4c bl #0x70fbc80a20; 
[libmetasec_ml.so] 0x70fbc80a20!0x33a20 adrp x16, #0x70fbec9000; x16=0x70fbec9a28 -> x16=0x70fbec9000 
[libmetasec_ml.so] 0x70fbc80a24!0x33a24 ldr x17, [x16, #0x998]; x17=0x75402dab00 x16=0x70fbec9000 mem_r=0x70fbec9998 -> x17=0x75402d9c80 
[libmetasec_ml.so] 0x70fbc80a28!0x33a28 add x16, x16, #0x998; x16=0x70fbec9000 x16=0x70fbec9000 -> x16=0x70fbec9998 
[libmetasec_ml.so] 0x70fbc80a2c!0x33a2c br x17; x17=0x75402d9c80 
call func: __memcpy_aarch64_simd(0x73674115ce, 0x74472b3810, 0x8)
hexdump at address 0x74472b3810 with length 0x8:
74472b3810: 21 6e 6f 74 73 65 74 21                         |!notset!        |
ret: 0x73674115ce
[libmetasec_ml.so] 0x70fbd63b50!0x116b50 add x8, x23, x22; x8=0x1 x23=0x1 x22=0x8 -> x8=0x9 
[libmetasec_ml.so] 0x70fbd63b54!0x116b54 b #0x70fbd63bf8; 
[libmetasec_ml.so] 0x70fbd63bf8!0x116bf8 add x0, x8, x19; x0=0x73674115ce x8=0x9 x19=0x2 -> x0=0xb 
[libmetasec_ml.so] 0x70fbd63bfc!0x116bfc ldp x29, x30, [sp, #0x30]; fp=0x70d87c2980 lr=0x70fbd63b50 sp=0x70d87c2950 mem_r=0x70d87c2980 -> fp=0x70d87c2a00 lr=0x70fbd63754 
[libmetasec_ml.so] 0x70fbd63c00!0x116c00 ldp x20, x19, [sp, #0x20]; x20=0x73674115cd x19=0x2 sp=0x70d87c2950 mem_r=0x70d87c2970 -> x20=0x72a7410970 x19=0x48 
[libmetasec_ml.so] 0x70fbd63c04!0x116c04 ldp x22, x21, [sp, #0x10]; x22=0x8 x21=0x74472b3810 sp=0x70d87c2950 mem_r=0x70d87c2960 -> x22=0x72a7410a48 x21=0xd8 
[libmetasec_ml.so] 0x70fbd63c08!0x116c08 ldr x23, [sp], #0x40; x23=0x1 sp=0x70d87c2950 mem_r=0x70d87c2950 -> x23=0x2a45 
[libmetasec_ml.so] 0x70fbd63c0c!0x116c0c ret ; 
[libmetasec_ml.so] 0x70fbd63754!0x116754 mov x25, x0; x25=0xb x0=0xb -> x25=0xb 
[libmetasec_ml.so] 0x70fbd63758!0x116758 b #0x70fbd63940; 
[libmetasec_ml.so] 0x70fbd63940!0x116940 add x21, x25, x21; x21=0xd8 x25=0xb x21=0xd8 -> x21=0xe3 
[libmetasec_ml.so] 0x70fbd63944!0x116944 add x28, x28, #1; x28=0x1f x28=0x1f -> x28=0x20 
[libmetasec_ml.so] 0x70fbd63948!0x116948 b #0x70fbd635f0; 
[libmetasec_ml.so] 0x70fbd635f0!0x1165f0 ldr x8, [x20]; x8=0x9 x20=0x72a7410970 mem_r=0x72a7410970 -> x8=0x70fbebec78 
[libmetasec_ml.so] 0x70fbd635f4!0x1165f4 ldr w9, [x8, #0x30]; w9=0x0 x8=0x70fbebec78 mem_r=0x70fbebeca8 -> w9=0x28 
[libmetasec_ml.so] 0x70fbd635f8!0x1165f8 cmp x28, x9; x28=0x20 x9=0x28 -> x28=0x20 
[libmetasec_ml.so] 0x70fbd635fc!0x1165fc b.hs #0x70fbd6397c; 
[libmetasec_ml.so] 0x70fbd63600!0x116600 ldr x8, [x8, #0x38]; x8=0x70fbebec78 x8=0x70fbebec78 mem_r=0x70fbebecb0 -> x8=0x70fbebf9d8 
[libmetasec_ml.so] 0x70fbd63604!0x116604 nop ; 
[libmetasec_ml.so] 0x70fbd63608!0x116608 madd x24, x28, x19, x8; x24=0x70fbec0290 x28=0x20 x19=0x48 x8=0x70fbebf9d8 -> x24=0x70fbec02d8 
[libmetasec_ml.so] 0x70fbd6360c!0x11660c ldr w9, [x24, #0x18]; w9=0x28 x24=0x70fbec02d8 mem_r=0x70fbec02f0 -> w9=0xe0 
[libmetasec_ml.so] 0x70fbd63610!0x116610 ldr w11, [x24, #0xc]; w11=0x2e x24=0x70fbec02d8 mem_r=0x70fbec02e4 -> w11=0x3 
[libmetasec_ml.so] 0x70fbd63614!0x116614 add x22, x20, x9; x22=0x72a7410a48 x20=0x72a7410970 x9=0xe0 -> x22=0x72a7410a50 
[libmetasec_ml.so] 0x70fbd63618!0x116618 cbz w11, #0x70fbd63744; w11=0x3 
[libmetasec_ml.so] 0x70fbd6361c!0x11661c ldr w9, [x24, #0x14]; w9=0xe0 x24=0x70fbec02d8 mem_r=0x70fbec02ec -> w9=0x0 
[libmetasec_ml.so] 0x70fbd63620!0x116620 cmp w11, #1; w11=0x3 -> w11=0x3 
[libmetasec_ml.so] 0x70fbd63624!0x116624 madd x10, x28, x19, x8; x10=0x70fbd63b10 x28=0x20 x19=0x48 x8=0x70fbebf9d8 -> x10=0x70fbec02d8 
[libmetasec_ml.so] 0x70fbd63628!0x116628 ccmp w11, #3, #4, ne; w11=0x3 
[libmetasec_ml.so] 0x70fbd6362c!0x11662c b.ne #0x70fbd63668; 
[libmetasec_ml.so] 0x70fbd63630!0x116630 ldr w10, [x10, #0x30]; w10=0xfbec02d8 x10=0x70fbec02d8 mem_r=0x70fbec0308 -> w10=0x0 
[libmetasec_ml.so] 0x70fbd63634!0x116634 tbnz w10, #2, #0x70fbd636a0; w10=0x0 
[libmetasec_ml.so] 0x70fbd63638!0x116638 cmp w11, #3; w11=0x3 -> w11=0x3 
[libmetasec_ml.so] 0x70fbd6363c!0x11663c b.eq #0x70fbd6372c; 
[libmetasec_ml.so] 0x70fbd6372c!0x11672c mov x0, x24; x0=0xb x24=0x70fbec02d8 -> x0=0x70fbec02d8 
[libmetasec_ml.so] 0x70fbd63730!0x116730 mov x1, x22; x1=0x74472b3810 x22=0x72a7410a50 -> x1=0x72a7410a50 
[libmetasec_ml.so] 0x70fbd63734!0x116734 bl #0x70fbd64dc8; 
[libmetasec_ml.so] 0x70fbd64dc8!0x117dc8 ldr w8, [x0, #0x10]; w8=0xfbebf9d8 x0=0x70fbec02d8 mem_r=0x70fbec02e8 -> w8=0xe 
[libmetasec_ml.so] 0x70fbd64dcc!0x117dcc cmp w8, #0x10; w8=0xe -> w8=0xe 
[libmetasec_ml.so] 0x70fbd64dd0!0x117dd0 b.hi #0x70fbd64e30; 
[libmetasec_ml.so] 0x70fbd64dd4!0x117dd4 adrp x9, #0x70fbe42000; x9=0x0 -> x9=0x70fbe42000 
[libmetasec_ml.so] 0x70fbd64dd8!0x117dd8 add x9, x9, #0x623; x9=0x70fbe42000 x9=0x70fbe42000 -> x9=0x70fbe42623 
[libmetasec_ml.so] 0x70fbd64ddc!0x117ddc adr x10, #0x70fbd64dec; x10=0x0 -> x10=0x70fbd64dec 
[libmetasec_ml.so] 0x70fbd64de0!0x117de0 ldrb w11, [x9, x8]; w11=0x3 x9=0x70fbe42623 x8=0xe mem_r=0x70fbe42631 -> w11=0xd 
[libmetasec_ml.so] 0x70fbd64de4!0x117de4 add x10, x10, x11, lsl #2; x10=0x70fbd64dec x10=0x70fbd64dec x11=0xd -> x10=0x70fbd64e20 
[libmetasec_ml.so] 0x70fbd64de8!0x117de8 br x10; x10=0x70fbd64e20 
[libmetasec_ml.so] 0x70fbd64e20!0x117e20 ldr x8, [x1]; x8=0xe x1=0x72a7410a50 mem_r=0x72a7410a50 -> x8=0x74472b4050 
[libmetasec_ml.so] 0x70fbd64e24!0x117e24 cbz x8, #0x70fbd64e30; x8=0x74472b4050 
[libmetasec_ml.so] 0x70fbd64e28!0x117e28 ldrb w8, [x8]; w8=0x472b4050 x8=0x74472b4050 mem_r=0x74472b4050 -> w8=0x21 
[libmetasec_ml.so] 0x70fbd64e2c!0x117e2c b #0x70fbd64df0; 
[libmetasec_ml.so] 0x70fbd64df0!0x117df0 cmp w8, #0; w8=0x21 -> w8=0x21 
[libmetasec_ml.so] 0x70fbd64df4!0x117df4 b #0x70fbd64e00; 
[libmetasec_ml.so] 0x70fbd64e00!0x117e00 cset w0, eq; w0=0xfbec02d8 -> w0=0x0 
[libmetasec_ml.so] 0x70fbd64e04!0x117e04 ret ; 
[libmetasec_ml.so] 0x70fbd63738!0x116738 cbz w0, #0x70fbd63744; w0=0x0 
[libmetasec_ml.so] 0x70fbd63744!0x116744 add x2, x27, x21; x2=0x8 x27=0x73674114f3 x21=0xe3 -> x2=0x73674115d6 
[libmetasec_ml.so] 0x70fbd63748!0x116748 mov x0, x24; x0=0x0 x24=0x70fbec02d8 -> x0=0x70fbec02d8 
[libmetasec_ml.so] 0x70fbd6374c!0x11674c mov x1, x22; x1=0x72a7410a50 x22=0x72a7410a50 -> x1=0x72a7410a50 
[libmetasec_ml.so] 0x70fbd63750!0x116750 bl #0x70fbd63a04; 
[libmetasec_ml.so] 0x70fbd63a04!0x116a04 str x23, [sp, #-0x40]!; x23=0x2a45 sp=0x70d87c2990 mem_w=0x70d87c2950 -> sp=0x70d87c2950 
[libmetasec_ml.so] 0x70fbd63a08!0x116a08 stp x22, x21, [sp, #0x10]; x22=0x72a7410a50 x21=0xe3 sp=0x70d87c2950 mem_w=0x70d87c2960 
[libmetasec_ml.so] 0x70fbd63a0c!0x116a0c stp x20, x19, [sp, #0x20]; x20=0x72a7410970 x19=0x48 sp=0x70d87c2950 mem_w=0x70d87c2970 
[libmetasec_ml.so] 0x70fbd63a10!0x116a10 stp x29, x30, [sp, #0x30]; fp=0x70d87c2a00 lr=0x70fbd63754 sp=0x70d87c2950 mem_w=0x70d87c2980 
[libmetasec_ml.so] 0x70fbd63a14!0x116a14 add x29, sp, #0x30; fp=0x70d87c2a00 sp=0x70d87c2950 -> fp=0x70d87c2980 
[libmetasec_ml.so] 0x70fbd63a18!0x116a18 mov x19, x0; x19=0x48 x0=0x70fbec02d8 -> x19=0x70fbec02d8 
[libmetasec_ml.so] 0x70fbd63a1c!0x116a1c ldr w0, [x0, #8]; w0=0xfbec02d8 x0=0x70fbec02d8 mem_r=0x70fbec02e0 -> w0=0x21 
[libmetasec_ml.so] 0x70fbd63a20!0x116a20 mov x21, x1; x21=0xe3 x1=0x72a7410a50 -> x21=0x72a7410a50 
[libmetasec_ml.so] 0x70fbd63a24!0x116a24 mov x1, x2; x1=0x72a7410a50 x2=0x73674115d6 -> x1=0x73674115d6 
[libmetasec_ml.so] 0x70fbd63a28!0x116a28 mov x20, x2; x20=0x72a7410970 x2=0x73674115d6 -> x20=0x73674115d6 
[libmetasec_ml.so] 0x70fbd63a2c!0x116a2c bl #0x70fbd64e38; 
[libmetasec_ml.so] 0x70fbd64e38!0x117e38 lsr w8, w0, #0x1d; w8=0x21 w0=0x21 -> w8=0x0 
[libmetasec_ml.so] 0x70fbd64e3c!0x117e3c cbnz w8, #0x70fbd64e48; w8=0x0 
[libmetasec_ml.so] 0x70fbd64e40!0x117e40 lsl w0, w0, #3; w0=0x21 w0=0x21 -> w0=0x108 
[libmetasec_ml.so] 0x70fbd64e44!0x117e44 b #0x70fbd64eb8; 
[libmetasec_ml.so] 0x70fbd64eb8!0x117eb8 cmp w0, #0x80; w0=0x108 -> w0=0x108 
[libmetasec_ml.so] 0x70fbd64ebc!0x117ebc b.lo #0x70fbd64f0c; 
[libmetasec_ml.so] 0x70fbd64ec0!0x117ec0 orr w8, w0, #0x80; w8=0x0 w0=0x108 -> w8=0x188 
[libmetasec_ml.so] 0x70fbd64ec4!0x117ec4 cmp w0, #4, lsl #12; w0=0x108 -> w0=0x108 
[libmetasec_ml.so] 0x70fbd64ec8!0x117ec8 strb w8, [x1]; w8=0x188 x1=0x73674115d6 mem_w=0x73674115d6 
[libmetasec_ml.so] 0x70fbd64ecc!0x117ecc lsr w8, w0, #7; w8=0x188 w0=0x108 -> w8=0x2 
[libmetasec_ml.so] 0x70fbd64ed0!0x117ed0 b.lo #0x70fbd64f14; 
[libmetasec_ml.so] 0x70fbd64f14!0x117f14 mov w9, #1; w9=0xfbe42623 -> w9=0x1 
[libmetasec_ml.so] 0x70fbd64f18!0x117f18 b #0x70fbd64f28; 
[libmetasec_ml.so] 0x70fbd64f28!0x117f28 mov w0, w8; w0=0x108 w8=0x2 -> w0=0x2 
[libmetasec_ml.so] 0x70fbd64f2c!0x117f2c add w8, w9, #1; w8=0x2 w9=0x1 -> w8=0x2 
[libmetasec_ml.so] 0x70fbd64f30!0x117f30 strb w0, [x1, w9, uxtw]; w0=0x2 x1=0x73674115d6 w9=0x1 mem_w=0x73674115d7 
[libmetasec_ml.so] 0x70fbd64f34!0x117f34 mov x0, x8; x0=0x2 x8=0x2 -> x0=0x2 
[libmetasec_ml.so] 0x70fbd64f38!0x117f38 ret ; 
[libmetasec_ml.so] 0x70fbd63a30!0x116a30 ldr w8, [x19, #0x10]; w8=0x2 x19=0x70fbec02d8 mem_r=0x70fbec02e8 -> w8=0xe 
[libmetasec_ml.so] 0x70fbd63a34!0x116a34 cmp w8, #0x10; w8=0xe -> w8=0xe 
[libmetasec_ml.so] 0x70fbd63a38!0x116a38 b.hi #0x70fbd63abc; 
[libmetasec_ml.so] 0x70fbd63a3c!0x116a3c adrp x9, #0x70fbe42000; x9=0x1 -> x9=0x70fbe42000 
[libmetasec_ml.so] 0x70fbd63a40!0x116a40 add x9, x9, #0x5d4; x9=0x70fbe42000 x9=0x70fbe42000 -> x9=0x70fbe425d4 
[libmetasec_ml.so] 0x70fbd63a44!0x116a44 adr x10, #0x70fbd63a58; x10=0x70fbd64e20 -> x10=0x70fbd63a58 
[libmetasec_ml.so] 0x70fbd63a48!0x116a48 ldrb w11, [x9, x8]; w11=0xd x9=0x70fbe425d4 x8=0xe mem_r=0x70fbe425e2 -> w11=0x2e 
[libmetasec_ml.so] 0x70fbd63a4c!0x116a4c add x10, x10, x11, lsl #2; x10=0x70fbd63a58 x10=0x70fbd63a58 x11=0x2e -> x10=0x70fbd63b10 
[libmetasec_ml.so] 0x70fbd63a50!0x116a50 mov x19, x0; x19=0x70fbec02d8 x0=0x2 -> x19=0x2 
[libmetasec_ml.so] 0x70fbd63a54!0x116a54 br x10; x10=0x70fbd63b10 
[libmetasec_ml.so] 0x70fbd63b10!0x116b10 ldrb w8, [x20]; w8=0xe x20=0x73674115d6 mem_r=0x73674115d6 -> w8=0x88 
[libmetasec_ml.so] 0x70fbd63b14!0x116b14 orr w8, w8, #2; w8=0x88 w8=0x88 -> w8=0x8a 
[libmetasec_ml.so] 0x70fbd63b18!0x116b18 strb w8, [x20]; w8=0x8a x20=0x73674115d6 mem_w=0x73674115d6 
[libmetasec_ml.so] 0x70fbd63b1c!0x116b1c ldr x21, [x21]; x21=0x72a7410a50 x21=0x72a7410a50 mem_r=0x72a7410a50 -> x21=0x74472b4050 
[libmetasec_ml.so] 0x70fbd63b20!0x116b20 add x20, x20, x19; x20=0x73674115d6 x20=0x73674115d6 x19=0x2 -> x20=0x73674115d8 
[libmetasec_ml.so] 0x70fbd63b24!0x116b24 cbz x21, #0x70fbd63bf0; x21=0x74472b4050 
[libmetasec_ml.so] 0x70fbd63b28!0x116b28 mov x0, x21; x0=0x2 x21=0x74472b4050 -> x0=0x74472b4050 
[libmetasec_ml.so] 0x70fbd63b2c!0x116b2c bl #0x70fbc80b40; 
[libmetasec_ml.so] 0x70fbc80b40!0x33b40 adrp x16, #0x70fbec9000; x16=0x70fbec9998 -> x16=0x70fbec9000 
[libmetasec_ml.so] 0x70fbc80b44!0x33b44 ldr x17, [x16, #0xa28]; x17=0x75402d9c80 x16=0x70fbec9000 mem_r=0x70fbec9a28 -> x17=0x75402dab00 
[libmetasec_ml.so] 0x70fbc80b48!0x33b48 add x16, x16, #0xa28; x16=0x70fbec9000 x16=0x70fbec9000 -> x16=0x70fbec9a28 
[libmetasec_ml.so] 0x70fbc80b4c!0x33b4c br x17; x17=0x75402dab00 
call func: __strlen_aarch64(0x74472b4050)
args0: !notset!
ret: 0x8
[libmetasec_ml.so] 0x70fbd63b30!0x116b30 mov x1, x20; x1=0x73674115d6 x20=0x73674115d8 -> x1=0x73674115d8 
[libmetasec_ml.so] 0x70fbd63b34!0x116b34 mov x22, x0; x22=0x72a7410a50 x0=0x8 -> x22=0x8 
[libmetasec_ml.so] 0x70fbd63b38!0x116b38 bl #0x70fbd64eb8; 
[libmetasec_ml.so] 0x70fbd64eb8!0x117eb8 cmp w0, #0x80; w0=0x8 -> w0=0x8 
[libmetasec_ml.so] 0x70fbd64ebc!0x117ebc b.lo #0x70fbd64f0c; 
[libmetasec_ml.so] 0x70fbd64f0c!0x117f0c mov w9, wzr; w9=0xfbe425d4 -> w9=0x0 
[libmetasec_ml.so] 0x70fbd64f10!0x117f10 b #0x70fbd64f2c; 
[libmetasec_ml.so] 0x70fbd64f2c!0x117f2c add w8, w9, #1; w8=0x1010101 w9=0x0 -> w8=0x1 
[libmetasec_ml.so] 0x70fbd64f30!0x117f30 strb w0, [x1, w9, uxtw]; w0=0x8 x1=0x73674115d8 w9=0x0 mem_w=0x73674115d8 
[libmetasec_ml.so] 0x70fbd64f34!0x117f34 mov x0, x8; x0=0x8 x8=0x1 -> x0=0x1 
[libmetasec_ml.so] 0x70fbd64f38!0x117f38 ret ; 
[libmetasec_ml.so] 0x70fbd63b3c!0x116b3c mov x23, x0; x23=0x2a45 x0=0x1 -> x23=0x1 
[libmetasec_ml.so] 0x70fbd63b40!0x116b40 add x0, x20, x0; x0=0x1 x20=0x73674115d8 x0=0x1 -> x0=0x73674115d9 
[libmetasec_ml.so] 0x70fbd63b44!0x116b44 mov x1, x21; x1=0x73674115d8 x21=0x74472b4050 -> x1=0x74472b4050 
[libmetasec_ml.so] 0x70fbd63b48!0x116b48 mov x2, x22; x2=0x21746573746f6e21 x22=0x8 -> x2=0x8 
[libmetasec_ml.so] 0x70fbd63b4c!0x116b4c bl #0x70fbc80a20; 
[libmetasec_ml.so] 0x70fbc80a20!0x33a20 adrp x16, #0x70fbec9000; x16=0x70fbec9a28 -> x16=0x70fbec9000 
[libmetasec_ml.so] 0x70fbc80a24!0x33a24 ldr x17, [x16, #0x998]; x17=0x75402dab00 x16=0x70fbec9000 mem_r=0x70fbec9998 -> x17=0x75402d9c80 
[libmetasec_ml.so] 0x70fbc80a28!0x33a28 add x16, x16, #0x998; x16=0x70fbec9000 x16=0x70fbec9000 -> x16=0x70fbec9998 
[libmetasec_ml.so] 0x70fbc80a2c!0x33a2c br x17; x17=0x75402d9c80 
call func: __memcpy_aarch64_simd(0x73674115d9, 0x74472b4050, 0x8)
hexdump at address 0x74472b4050 with length 0x8:
74472b4050: 21 6e 6f 74 73 65 74 21                         |!notset!        |
ret: 0x73674115d9
[libmetasec_ml.so] 0x70fbd63b50!0x116b50 add x8, x23, x22; x8=0x1 x23=0x1 x22=0x8 -> x8=0x9 
[libmetasec_ml.so] 0x70fbd63b54!0x116b54 b #0x70fbd63bf8; 
[libmetasec_ml.so] 0x70fbd63bf8!0x116bf8 add x0, x8, x19; x0=0x73674115d9 x8=0x9 x19=0x2 -> x0=0xb 
[libmetasec_ml.so] 0x70fbd63bfc!0x116bfc ldp x29, x30, [sp, #0x30]; fp=0x70d87c2980 lr=0x70fbd63b50 sp=0x70d87c2950 mem_r=0x70d87c2980 -> fp=0x70d87c2a00 lr=0x70fbd63754 
[libmetasec_ml.so] 0x70fbd63c00!0x116c00 ldp x20, x19, [sp, #0x20]; x20=0x73674115d8 x19=0x2 sp=0x70d87c2950 mem_r=0x70d87c2970 -> x20=0x72a7410970 x19=0x48 
[libmetasec_ml.so] 0x70fbd63c04!0x116c04 ldp x22, x21, [sp, #0x10]; x22=0x8 x21=0x74472b4050 sp=0x70d87c2950 mem_r=0x70d87c2960 -> x22=0x72a7410a50 x21=0xe3 
[libmetasec_ml.so] 0x70fbd63c08!0x116c08 ldr x23, [sp], #0x40; x23=0x1 sp=0x70d87c2950 mem_r=0x70d87c2950 -> x23=0x2a45 
[libmetasec_ml.so] 0x70fbd63c0c!0x116c0c ret ; 
[libmetasec_ml.so] 0x70fbd63754!0x116754 mov x25, x0; x25=0xb x0=0xb -> x25=0xb 
[libmetasec_ml.so] 0x70fbd63758!0x116758 b #0x70fbd63940; 
[libmetasec_ml.so] 0x70fbd63940!0x116940 add x21, x25, x21; x21=0xe3 x25=0xb x21=0xe3 -> x21=0xee 
[libmetasec_ml.so] 0x70fbd63944!0x116944 add x28, x28, #1; x28=0x20 x28=0x20 -> x28=0x21 
[libmetasec_ml.so] 0x70fbd63948!0x116948 b #0x70fbd635f0; 
[libmetasec_ml.so] 0x70fbd635f0!0x1165f0 ldr x8, [x20]; x8=0x9 x20=0x72a7410970 mem_r=0x72a7410970 -> x8=0x70fbebec78 
[libmetasec_ml.so] 0x70fbd635f4!0x1165f4 ldr w9, [x8, #0x30]; w9=0x0 x8=0x70fbebec78 mem_r=0x70fbebeca8 -> w9=0x28 
[libmetasec_ml.so] 0x70fbd635f8!0x1165f8 cmp x28, x9; x28=0x21 x9=0x28 -> x28=0x21 
[libmetasec_ml.so] 0x70fbd635fc!0x1165fc b.hs #0x70fbd6397c; 
[libmetasec_ml.so] 0x70fbd63600!0x116600 ldr x8, [x8, #0x38]; x8=0x70fbebec78 x8=0x70fbebec78 mem_r=0x70fbebecb0 -> x8=0x70fbebf9d8 
[libmetasec_ml.so] 0x70fbd63604!0x116604 nop ; 
[libmetasec_ml.so] 0x70fbd63608!0x116608 madd x24, x28, x19, x8; x24=0x70fbec02d8 x28=0x21 x19=0x48 x8=0x70fbebf9d8 -> x24=0x70fbec0320 
[libmetasec_ml.so] 0x70fbd6360c!0x11660c ldr w9, [x24, #0x18]; w9=0x28 x24=0x70fbec0320 mem_r=0x70fbec0338 -> w9=0xe8 
[libmetasec_ml.so] 0x70fbd63610!0x116610 ldr w11, [x24, #0xc]; w11=0x2e x24=0x70fbec0320 mem_r=0x70fbec032c -> w11=0x3 
[libmetasec_ml.so] 0x70fbd63614!0x116614 add x22, x20, x9; x22=0x72a7410a50 x20=0x72a7410970 x9=0xe8 -> x22=0x72a7410a58 
[libmetasec_ml.so] 0x70fbd63618!0x116618 cbz w11, #0x70fbd63744; w11=0x3 
[libmetasec_ml.so] 0x70fbd6361c!0x11661c ldr w9, [x24, #0x14]; w9=0xe8 x24=0x70fbec0320 mem_r=0x70fbec0334 -> w9=0x0 
[libmetasec_ml.so] 0x70fbd63620!0x116620 cmp w11, #1; w11=0x3 -> w11=0x3 
[libmetasec_ml.so] 0x70fbd63624!0x116624 madd x10, x28, x19, x8; x10=0x70fbd63b10 x28=0x21 x19=0x48 x8=0x70fbebf9d8 -> x10=0x70fbec0320 
[libmetasec_ml.so] 0x70fbd63628!0x116628 ccmp w11, #3, #4, ne; w11=0x3 
[libmetasec_ml.so] 0x70fbd6362c!0x11662c b.ne #0x70fbd63668; 
[libmetasec_ml.so] 0x70fbd63630!0x116630 ldr w10, [x10, #0x30]; w10=0xfbec0320 x10=0x70fbec0320 mem_r=0x70fbec0350 -> w10=0x0 
[libmetasec_ml.so] 0x70fbd63634!0x116634 tbnz w10, #2, #0x70fbd636a0; w10=0x0 
[libmetasec_ml.so] 0x70fbd63638!0x116638 cmp w11, #3; w11=0x3 -> w11=0x3 
[libmetasec_ml.so] 0x70fbd6363c!0x11663c b.eq #0x70fbd6372c; 
[libmetasec_ml.so] 0x70fbd6372c!0x11672c mov x0, x24; x0=0xb x24=0x70fbec0320 -> x0=0x70fbec0320 
[libmetasec_ml.so] 0x70fbd63730!0x116730 mov x1, x22; x1=0x74472b4050 x22=0x72a7410a58 -> x1=0x72a7410a58 
[libmetasec_ml.so] 0x70fbd63734!0x116734 bl #0x70fbd64dc8; 
[libmetasec_ml.so] 0x70fbd64dc8!0x117dc8 ldr w8, [x0, #0x10]; w8=0xfbebf9d8 x0=0x70fbec0320 mem_r=0x70fbec0330 -> w8=0xe 
[libmetasec_ml.so] 0x70fbd64dcc!0x117dcc cmp w8, #0x10; w8=0xe -> w8=0xe 
[libmetasec_ml.so] 0x70fbd64dd0!0x117dd0 b.hi #0x70fbd64e30; 
[libmetasec_ml.so] 0x70fbd64dd4!0x117dd4 adrp x9, #0x70fbe42000; x9=0x0 -> x9=0x70fbe42000 
[libmetasec_ml.so] 0x70fbd64dd8!0x117dd8 add x9, x9, #0x623; x9=0x70fbe42000 x9=0x70fbe42000 -> x9=0x70fbe42623 
[libmetasec_ml.so] 0x70fbd64ddc!0x117ddc adr x10, #0x70fbd64dec; x10=0x0 -> x10=0x70fbd64dec 
[libmetasec_ml.so] 0x70fbd64de0!0x117de0 ldrb w11, [x9, x8]; w11=0x3 x9=0x70fbe42623 x8=0xe mem_r=0x70fbe42631 -> w11=0xd 
[libmetasec_ml.so] 0x70fbd64de4!0x117de4 add x10, x10, x11, lsl #2; x10=0x70fbd64dec x10=0x70fbd64dec x11=0xd -> x10=0x70fbd64e20 
[libmetasec_ml.so] 0x70fbd64de8!0x117de8 br x10; x10=0x70fbd64e20 
[libmetasec_ml.so] 0x70fbd64e20!0x117e20 ldr x8, [x1]; x8=0xe x1=0x72a7410a58 mem_r=0x72a7410a58 -> x8=0x74472b3c10 
[libmetasec_ml.so] 0x70fbd64e24!0x117e24 cbz x8, #0x70fbd64e30; x8=0x74472b3c10 
[libmetasec_ml.so] 0x70fbd64e28!0x117e28 ldrb w8, [x8]; w8=0x472b3c10 x8=0x74472b3c10 mem_r=0x74472b3c10 -> w8=0x21 
[libmetasec_ml.so] 0x70fbd64e2c!0x117e2c b #0x70fbd64df0; 
[libmetasec_ml.so] 0x70fbd64df0!0x117df0 cmp w8, #0; w8=0x21 -> w8=0x21 
[libmetasec_ml.so] 0x70fbd64df4!0x117df4 b #0x70fbd64e00; 
[libmetasec_ml.so] 0x70fbd64e00!0x117e00 cset w0, eq; w0=0xfbec0320 -> w0=0x0 
[libmetasec_ml.so] 0x70fbd64e04!0x117e04 ret ; 
[libmetasec_ml.so] 0x70fbd63738!0x116738 cbz w0, #0x70fbd63744; w0=0x0 
[libmetasec_ml.so] 0x70fbd63744!0x116744 add x2, x27, x21; x2=0x8 x27=0x73674114f3 x21=0xee -> x2=0x73674115e1 
[libmetasec_ml.so] 0x70fbd63748!0x116748 mov x0, x24; x0=0x0 x24=0x70fbec0320 -> x0=0x70fbec0320 
[libmetasec_ml.so] 0x70fbd6374c!0x11674c mov x1, x22; x1=0x72a7410a58 x22=0x72a7410a58 -> x1=0x72a7410a58 
[libmetasec_ml.so] 0x70fbd63750!0x116750 bl #0x70fbd63a04; 
[libmetasec_ml.so] 0x70fbd63a04!0x116a04 str x23, [sp, #-0x40]!; x23=0x2a45 sp=0x70d87c2990 mem_w=0x70d87c2950 -> sp=0x70d87c2950 
[libmetasec_ml.so] 0x70fbd63a08!0x116a08 stp x22, x21, [sp, #0x10]; x22=0x72a7410a58 x21=0xee sp=0x70d87c2950 mem_w=0x70d87c2960 
[libmetasec_ml.so] 0x70fbd63a0c!0x116a0c stp x20, x19, [sp, #0x20]; x20=0x72a7410970 x19=0x48 sp=0x70d87c2950 mem_w=0x70d87c2970 
[libmetasec_ml.so] 0x70fbd63a10!0x116a10 stp x29, x30, [sp, #0x30]; fp=0x70d87c2a00 lr=0x70fbd63754 sp=0x70d87c2950 mem_w=0x70d87c2980 
[libmetasec_ml.so] 0x70fbd63a14!0x116a14 add x29, sp, #0x30; fp=0x70d87c2a00 sp=0x70d87c2950 -> fp=0x70d87c2980 
[libmetasec_ml.so] 0x70fbd63a18!0x116a18 mov x19, x0; x19=0x48 x0=0x70fbec0320 -> x19=0x70fbec0320 
[libmetasec_ml.so] 0x70fbd63a1c!0x116a1c ldr w0, [x0, #8]; w0=0xfbec0320 x0=0x70fbec0320 mem_r=0x70fbec0328 -> w0=0x22 
[libmetasec_ml.so] 0x70fbd63a20!0x116a20 mov x21, x1; x21=0xee x1=0x72a7410a58 -> x21=0x72a7410a58 
[libmetasec_ml.so] 0x70fbd63a24!0x116a24 mov x1, x2; x1=0x72a7410a58 x2=0x73674115e1 -> x1=0x73674115e1 
[libmetasec_ml.so] 0x70fbd63a28!0x116a28 mov x20, x2; x20=0x72a7410970 x2=0x73674115e1 -> x20=0x73674115e1 
[libmetasec_ml.so] 0x70fbd63a2c!0x116a2c bl #0x70fbd64e38; 
[libmetasec_ml.so] 0x70fbd64e38!0x117e38 lsr w8, w0, #0x1d; w8=0x21 w0=0x22 -> w8=0x0 
[libmetasec_ml.so] 0x70fbd64e3c!0x117e3c cbnz w8, #0x70fbd64e48; w8=0x0 
[libmetasec_ml.so] 0x70fbd64e40!0x117e40 lsl w0, w0, #3; w0=0x22 w0=0x22 -> w0=0x110 
[libmetasec_ml.so] 0x70fbd64e44!0x117e44 b #0x70fbd64eb8; 
[libmetasec_ml.so] 0x70fbd64eb8!0x117eb8 cmp w0, #0x80; w0=0x110 -> w0=0x110 
[libmetasec_ml.so] 0x70fbd64ebc!0x117ebc b.lo #0x70fbd64f0c; 
[libmetasec_ml.so] 0x70fbd64ec0!0x117ec0 orr w8, w0, #0x80; w8=0x0 w0=0x110 -> w8=0x190 
[libmetasec_ml.so] 0x70fbd64ec4!0x117ec4 cmp w0, #4, lsl #12; w0=0x110 -> w0=0x110 
[libmetasec_ml.so] 0x70fbd64ec8!0x117ec8 strb w8, [x1]; w8=0x190 x1=0x73674115e1 mem_w=0x73674115e1 
[libmetasec_ml.so] 0x70fbd64ecc!0x117ecc lsr w8, w0, #7; w8=0x190 w0=0x110 -> w8=0x2 
[libmetasec_ml.so] 0x70fbd64ed0!0x117ed0 b.lo #0x70fbd64f14; 
[libmetasec_ml.so] 0x70fbd64f14!0x117f14 mov w9, #1; w9=0xfbe42623 -> w9=0x1 
[libmetasec_ml.so] 0x70fbd64f18!0x117f18 b #0x70fbd64f28; 
[libmetasec_ml.so] 0x70fbd64f28!0x117f28 mov w0, w8; w0=0x110 w8=0x2 -> w0=0x2 
[libmetasec_ml.so] 0x70fbd64f2c!0x117f2c add w8, w9, #1; w8=0x2 w9=0x1 -> w8=0x2 
[libmetasec_ml.so] 0x70fbd64f30!0x117f30 strb w0, [x1, w9, uxtw]; w0=0x2 x1=0x73674115e1 w9=0x1 mem_w=0x73674115e2 
[libmetasec_ml.so] 0x70fbd64f34!0x117f34 mov x0, x8; x0=0x2 x8=0x2 -> x0=0x2 
[libmetasec_ml.so] 0x70fbd64f38!0x117f38 ret ; 
[libmetasec_ml.so] 0x70fbd63a30!0x116a30 ldr w8, [x19, #0x10]; w8=0x2 x19=0x70fbec0320 mem_r=0x70fbec0330 -> w8=0xe 
[libmetasec_ml.so] 0x70fbd63a34!0x116a34 cmp w8, #0x10; w8=0xe -> w8=0xe 
[libmetasec_ml.so] 0x70fbd63a38!0x116a38 b.hi #0x70fbd63abc; 
[libmetasec_ml.so] 0x70fbd63a3c!0x116a3c adrp x9, #0x70fbe42000; x9=0x1 -> x9=0x70fbe42000 
[libmetasec_ml.so] 0x70fbd63a40!0x116a40 add x9, x9, #0x5d4; x9=0x70fbe42000 x9=0x70fbe42000 -> x9=0x70fbe425d4 
[libmetasec_ml.so] 0x70fbd63a44!0x116a44 adr x10, #0x70fbd63a58; x10=0x70fbd64e20 -> x10=0x70fbd63a58 
[libmetasec_ml.so] 0x70fbd63a48!0x116a48 ldrb w11, [x9, x8]; w11=0xd x9=0x70fbe425d4 x8=0xe mem_r=0x70fbe425e2 -> w11=0x2e 
[libmetasec_ml.so] 0x70fbd63a4c!0x116a4c add x10, x10, x11, lsl #2; x10=0x70fbd63a58 x10=0x70fbd63a58 x11=0x2e -> x10=0x70fbd63b10 
[libmetasec_ml.so] 0x70fbd63a50!0x116a50 mov x19, x0; x19=0x70fbec0320 x0=0x2 -> x19=0x2 
[libmetasec_ml.so] 0x70fbd63a54!0x116a54 br x10; x10=0x70fbd63b10 
[libmetasec_ml.so] 0x70fbd63b10!0x116b10 ldrb w8, [x20]; w8=0xe x20=0x73674115e1 mem_r=0x73674115e1 -> w8=0x90 
[libmetasec_ml.so] 0x70fbd63b14!0x116b14 orr w8, w8, #2; w8=0x90 w8=0x90 -> w8=0x92 
[libmetasec_ml.so] 0x70fbd63b18!0x116b18 strb w8, [x20]; w8=0x92 x20=0x73674115e1 mem_w=0x73674115e1 
[libmetasec_ml.so] 0x70fbd63b1c!0x116b1c ldr x21, [x21]; x21=0x72a7410a58 x21=0x72a7410a58 mem_r=0x72a7410a58 -> x21=0x74472b3c10 
[libmetasec_ml.so] 0x70fbd63b20!0x116b20 add x20, x20, x19; x20=0x73674115e1 x20=0x73674115e1 x19=0x2 -> x20=0x73674115e3 
[libmetasec_ml.so] 0x70fbd63b24!0x116b24 cbz x21, #0x70fbd63bf0; x21=0x74472b3c10 
[libmetasec_ml.so] 0x70fbd63b28!0x116b28 mov x0, x21; x0=0x2 x21=0x74472b3c10 -> x0=0x74472b3c10 
[libmetasec_ml.so] 0x70fbd63b2c!0x116b2c bl #0x70fbc80b40; 
[libmetasec_ml.so] 0x70fbc80b40!0x33b40 adrp x16, #0x70fbec9000; x16=0x70fbec9998 -> x16=0x70fbec9000 
[libmetasec_ml.so] 0x70fbc80b44!0x33b44 ldr x17, [x16, #0xa28]; x17=0x75402d9c80 x16=0x70fbec9000 mem_r=0x70fbec9a28 -> x17=0x75402dab00 
[libmetasec_ml.so] 0x70fbc80b48!0x33b48 add x16, x16, #0xa28; x16=0x70fbec9000 x16=0x70fbec9000 -> x16=0x70fbec9a28 
[libmetasec_ml.so] 0x70fbc80b4c!0x33b4c br x17; x17=0x75402dab00 
call func: __strlen_aarch64(0x74472b3c10)
args0: !notset!
ret: 0x8
[libmetasec_ml.so] 0x70fbd63b30!0x116b30 mov x1, x20; x1=0x73674115e1 x20=0x73674115e3 -> x1=0x73674115e3 
[libmetasec_ml.so] 0x70fbd63b34!0x116b34 mov x22, x0; x22=0x72a7410a58 x0=0x8 -> x22=0x8 
[libmetasec_ml.so] 0x70fbd63b38!0x116b38 bl #0x70fbd64eb8; 
[libmetasec_ml.so] 0x70fbd64eb8!0x117eb8 cmp w0, #0x80; w0=0x8 -> w0=0x8 
[libmetasec_ml.so] 0x70fbd64ebc!0x117ebc b.lo #0x70fbd64f0c; 
[libmetasec_ml.so] 0x70fbd64f0c!0x117f0c mov w9, wzr; w9=0xfbe425d4 -> w9=0x0 
[libmetasec_ml.so] 0x70fbd64f10!0x117f10 b #0x70fbd64f2c; 
[libmetasec_ml.so] 0x70fbd64f2c!0x117f2c add w8, w9, #1; w8=0x1010101 w9=0x0 -> w8=0x1 
[libmetasec_ml.so] 0x70fbd64f30!0x117f30 strb w0, [x1, w9, uxtw]; w0=0x8 x1=0x73674115e3 w9=0x0 mem_w=0x73674115e3 
[libmetasec_ml.so] 0x70fbd64f34!0x117f34 mov x0, x8; x0=0x8 x8=0x1 -> x0=0x1 
[libmetasec_ml.so] 0x70fbd64f38!0x117f38 ret ; 
[libmetasec_ml.so] 0x70fbd63b3c!0x116b3c mov x23, x0; x23=0x2a45 x0=0x1 -> x23=0x1 
[libmetasec_ml.so] 0x70fbd63b40!0x116b40 add x0, x20, x0; x0=0x1 x20=0x73674115e3 x0=0x1 -> x0=0x73674115e4 
[libmetasec_ml.so] 0x70fbd63b44!0x116b44 mov x1, x21; x1=0x73674115e3 x21=0x74472b3c10 -> x1=0x74472b3c10 
[libmetasec_ml.so] 0x70fbd63b48!0x116b48 mov x2, x22; x2=0x21746573746f6e21 x22=0x8 -> x2=0x8 
[libmetasec_ml.so] 0x70fbd63b4c!0x116b4c bl #0x70fbc80a20; 
[libmetasec_ml.so] 0x70fbc80a20!0x33a20 adrp x16, #0x70fbec9000; x16=0x70fbec9a28 -> x16=0x70fbec9000 
[libmetasec_ml.so] 0x70fbc80a24!0x33a24 ldr x17, [x16, #0x998]; x17=0x75402dab00 x16=0x70fbec9000 mem_r=0x70fbec9998 -> x17=0x75402d9c80 
[libmetasec_ml.so] 0x70fbc80a28!0x33a28 add x16, x16, #0x998; x16=0x70fbec9000 x16=0x70fbec9000 -> x16=0x70fbec9998 
[libmetasec_ml.so] 0x70fbc80a2c!0x33a2c br x17; x17=0x75402d9c80 
call func: __memcpy_aarch64_simd(0x73674115e4, 0x74472b3c10, 0x8)
hexdump at address 0x74472b3c10 with length 0x8:
74472b3c10: 21 6e 6f 74 73 65 74 21                         |!notset!        |
ret: 0x73674115e4
[libmetasec_ml.so] 0x70fbd63b50!0x116b50 add x8, x23, x22; x8=0x1 x23=0x1 x22=0x8 -> x8=0x9 
[libmetasec_ml.so] 0x70fbd63b54!0x116b54 b #0x70fbd63bf8; 
[libmetasec_ml.so] 0x70fbd63bf8!0x116bf8 add x0, x8, x19; x0=0x73674115e4 x8=0x9 x19=0x2 -> x0=0xb 
[libmetasec_ml.so] 0x70fbd63bfc!0x116bfc ldp x29, x30, [sp, #0x30]; fp=0x70d87c2980 lr=0x70fbd63b50 sp=0x70d87c2950 mem_r=0x70d87c2980 -> fp=0x70d87c2a00 lr=0x70fbd63754 
[libmetasec_ml.so] 0x70fbd63c00!0x116c00 ldp x20, x19, [sp, #0x20]; x20=0x73674115e3 x19=0x2 sp=0x70d87c2950 mem_r=0x70d87c2970 -> x20=0x72a7410970 x19=0x48 
[libmetasec_ml.so] 0x70fbd63c04!0x116c04 ldp x22, x21, [sp, #0x10]; x22=0x8 x21=0x74472b3c10 sp=0x70d87c2950 mem_r=0x70d87c2960 -> x22=0x72a7410a58 x21=0xee 
[libmetasec_ml.so] 0x70fbd63c08!0x116c08 ldr x23, [sp], #0x40; x23=0x1 sp=0x70d87c2950 mem_r=0x70d87c2950 -> x23=0x2a45 
[libmetasec_ml.so] 0x70fbd63c0c!0x116c0c ret ; 
[libmetasec_ml.so] 0x70fbd63754!0x116754 mov x25, x0; x25=0xb x0=0xb -> x25=0xb 
[libmetasec_ml.so] 0x70fbd63758!0x116758 b #0x70fbd63940; 
[libmetasec_ml.so] 0x70fbd63940!0x116940 add x21, x25, x21; x21=0xee x25=0xb x21=0xee -> x21=0xf9 
[libmetasec_ml.so] 0x70fbd63944!0x116944 add x28, x28, #1; x28=0x21 x28=0x21 -> x28=0x22 
[libmetasec_ml.so] 0x70fbd63948!0x116948 b #0x70fbd635f0; 
[libmetasec_ml.so] 0x70fbd635f0!0x1165f0 ldr x8, [x20]; x8=0x9 x20=0x72a7410970 mem_r=0x72a7410970 -> x8=0x70fbebec78 
[libmetasec_ml.so] 0x70fbd635f4!0x1165f4 ldr w9, [x8, #0x30]; w9=0x0 x8=0x70fbebec78 mem_r=0x70fbebeca8 -> w9=0x28 
[libmetasec_ml.so] 0x70fbd635f8!0x1165f8 cmp x28, x9; x28=0x22 x9=0x28 -> x28=0x22 
[libmetasec_ml.so] 0x70fbd635fc!0x1165fc b.hs #0x70fbd6397c; 
[libmetasec_ml.so] 0x70fbd63600!0x116600 ldr x8, [x8, #0x38]; x8=0x70fbebec78 x8=0x70fbebec78 mem_r=0x70fbebecb0 -> x8=0x70fbebf9d8 
[libmetasec_ml.so] 0x70fbd63604!0x116604 nop ; 
[libmetasec_ml.so] 0x70fbd63608!0x116608 madd x24, x28, x19, x8; x24=0x70fbec0320 x28=0x22 x19=0x48 x8=0x70fbebf9d8 -> x24=0x70fbec0368 
[libmetasec_ml.so] 0x70fbd6360c!0x11660c ldr w9, [x24, #0x18]; w9=0x28 x24=0x70fbec0368 mem_r=0x70fbec0380 -> w9=0xf0 
[libmetasec_ml.so] 0x70fbd63610!0x116610 ldr w11, [x24, #0xc]; w11=0x2e x24=0x70fbec0368 mem_r=0x70fbec0374 -> w11=0x3 
[libmetasec_ml.so] 0x70fbd63614!0x116614 add x22, x20, x9; x22=0x72a7410a58 x20=0x72a7410970 x9=0xf0 -> x22=0x72a7410a60 
[libmetasec_ml.so] 0x70fbd63618!0x116618 cbz w11, #0x70fbd63744; w11=0x3 
[libmetasec_ml.so] 0x70fbd6361c!0x11661c ldr w9, [x24, #0x14]; w9=0xf0 x24=0x70fbec0368 mem_r=0x70fbec037c -> w9=0x0 
[libmetasec_ml.so] 0x70fbd63620!0x116620 cmp w11, #1; w11=0x3 -> w11=0x3 
[libmetasec_ml.so] 0x70fbd63624!0x116624 madd x10, x28, x19, x8; x10=0x70fbd63b10 x28=0x22 x19=0x48 x8=0x70fbebf9d8 -> x10=0x70fbec0368 
[libmetasec_ml.so] 0x70fbd63628!0x116628 ccmp w11, #3, #4, ne; w11=0x3 
[libmetasec_ml.so] 0x70fbd6362c!0x11662c b.ne #0x70fbd63668; 
[libmetasec_ml.so] 0x70fbd63630!0x116630 ldr w10, [x10, #0x30]; w10=0xfbec0368 x10=0x70fbec0368 mem_r=0x70fbec0398 -> w10=0x0 
[libmetasec_ml.so] 0x70fbd63634!0x116634 tbnz w10, #2, #0x70fbd636a0; w10=0x0 
[libmetasec_ml.so] 0x70fbd63638!0x116638 cmp w11, #3; w11=0x3 -> w11=0x3 
[libmetasec_ml.so] 0x70fbd6363c!0x11663c b.eq #0x70fbd6372c; 
[libmetasec_ml.so] 0x70fbd6372c!0x11672c mov x0, x24; x0=0xb x24=0x70fbec0368 -> x0=0x70fbec0368 
[libmetasec_ml.so] 0x70fbd63730!0x116730 mov x1, x22; x1=0x74472b3c10 x22=0x72a7410a60 -> x1=0x72a7410a60 
[libmetasec_ml.so] 0x70fbd63734!0x116734 bl #0x70fbd64dc8; 
[libmetasec_ml.so] 0x70fbd64dc8!0x117dc8 ldr w8, [x0, #0x10]; w8=0xfbebf9d8 x0=0x70fbec0368 mem_r=0x70fbec0378 -> w8=0xe 
[libmetasec_ml.so] 0x70fbd64dcc!0x117dcc cmp w8, #0x10; w8=0xe -> w8=0xe 
[libmetasec_ml.so] 0x70fbd64dd0!0x117dd0 b.hi #0x70fbd64e30; 
[libmetasec_ml.so] 0x70fbd64dd4!0x117dd4 adrp x9, #0x70fbe42000; x9=0x0 -> x9=0x70fbe42000 
[libmetasec_ml.so] 0x70fbd64dd8!0x117dd8 add x9, x9, #0x623; x9=0x70fbe42000 x9=0x70fbe42000 -> x9=0x70fbe42623 
[libmetasec_ml.so] 0x70fbd64ddc!0x117ddc adr x10, #0x70fbd64dec; x10=0x0 -> x10=0x70fbd64dec 
[libmetasec_ml.so] 0x70fbd64de0!0x117de0 ldrb w11, [x9, x8]; w11=0x3 x9=0x70fbe42623 x8=0xe mem_r=0x70fbe42631 -> w11=0xd 
[libmetasec_ml.so] 0x70fbd64de4!0x117de4 add x10, x10, x11, lsl #2; x10=0x70fbd64dec x10=0x70fbd64dec x11=0xd -> x10=0x70fbd64e20 
[libmetasec_ml.so] 0x70fbd64de8!0x117de8 br x10; x10=0x70fbd64e20 
[libmetasec_ml.so] 0x70fbd64e20!0x117e20 ldr x8, [x1]; x8=0xe x1=0x72a7410a60 mem_r=0x72a7410a60 -> x8=0x74472b3f90 
[libmetasec_ml.so] 0x70fbd64e24!0x117e24 cbz x8, #0x70fbd64e30; x8=0x74472b3f90 
[libmetasec_ml.so] 0x70fbd64e28!0x117e28 ldrb w8, [x8]; w8=0x472b3f90 x8=0x74472b3f90 mem_r=0x74472b3f90 -> w8=0x21 
[libmetasec_ml.so] 0x70fbd64e2c!0x117e2c b #0x70fbd64df0; 
[libmetasec_ml.so] 0x70fbd64df0!0x117df0 cmp w8, #0; w8=0x21 -> w8=0x21 
[libmetasec_ml.so] 0x70fbd64df4!0x117df4 b #0x70fbd64e00; 
[libmetasec_ml.so] 0x70fbd64e00!0x117e00 cset w0, eq; w0=0xfbec0368 -> w0=0x0 
[libmetasec_ml.so] 0x70fbd64e04!0x117e04 ret ; 
[libmetasec_ml.so] 0x70fbd63738!0x116738 cbz w0, #0x70fbd63744; w0=0x0 
[libmetasec_ml.so] 0x70fbd63744!0x116744 add x2, x27, x21; x2=0x8 x27=0x73674114f3 x21=0xf9 -> x2=0x73674115ec 
[libmetasec_ml.so] 0x70fbd63748!0x116748 mov x0, x24; x0=0x0 x24=0x70fbec0368 -> x0=0x70fbec0368 
[libmetasec_ml.so] 0x70fbd6374c!0x11674c mov x1, x22; x1=0x72a7410a60 x22=0x72a7410a60 -> x1=0x72a7410a60 
[libmetasec_ml.so] 0x70fbd63750!0x116750 bl #0x70fbd63a04; 
[libmetasec_ml.so] 0x70fbd63a04!0x116a04 str x23, [sp, #-0x40]!; x23=0x2a45 sp=0x70d87c2990 mem_w=0x70d87c2950 -> sp=0x70d87c2950 
[libmetasec_ml.so] 0x70fbd63a08!0x116a08 stp x22, x21, [sp, #0x10]; x22=0x72a7410a60 x21=0xf9 sp=0x70d87c2950 mem_w=0x70d87c2960 
[libmetasec_ml.so] 0x70fbd63a0c!0x116a0c stp x20, x19, [sp, #0x20]; x20=0x72a7410970 x19=0x48 sp=0x70d87c2950 mem_w=0x70d87c2970 
[libmetasec_ml.so] 0x70fbd63a10!0x116a10 stp x29, x30, [sp, #0x30]; fp=0x70d87c2a00 lr=0x70fbd63754 sp=0x70d87c2950 mem_w=0x70d87c2980 
[libmetasec_ml.so] 0x70fbd63a14!0x116a14 add x29, sp, #0x30; fp=0x70d87c2a00 sp=0x70d87c2950 -> fp=0x70d87c2980 
[libmetasec_ml.so] 0x70fbd63a18!0x116a18 mov x19, x0; x19=0x48 x0=0x70fbec0368 -> x19=0x70fbec0368 
[libmetasec_ml.so] 0x70fbd63a1c!0x116a1c ldr w0, [x0, #8]; w0=0xfbec0368 x0=0x70fbec0368 mem_r=0x70fbec0370 -> w0=0x23 
[libmetasec_ml.so] 0x70fbd63a20!0x116a20 mov x21, x1; x21=0xf9 x1=0x72a7410a60 -> x21=0x72a7410a60 
[libmetasec_ml.so] 0x70fbd63a24!0x116a24 mov x1, x2; x1=0x72a7410a60 x2=0x73674115ec -> x1=0x73674115ec 
[libmetasec_ml.so] 0x70fbd63a28!0x116a28 mov x20, x2; x20=0x72a7410970 x2=0x73674115ec -> x20=0x73674115ec 
[libmetasec_ml.so] 0x70fbd63a2c!0x116a2c bl #0x70fbd64e38; 
[libmetasec_ml.so] 0x70fbd64e38!0x117e38 lsr w8, w0, #0x1d; w8=0x21 w0=0x23 -> w8=0x0 
[libmetasec_ml.so] 0x70fbd64e3c!0x117e3c cbnz w8, #0x70fbd64e48; w8=0x0 
[libmetasec_ml.so] 0x70fbd64e40!0x117e40 lsl w0, w0, #3; w0=0x23 w0=0x23 -> w0=0x118 
[libmetasec_ml.so] 0x70fbd64e44!0x117e44 b #0x70fbd64eb8; 
[libmetasec_ml.so] 0x70fbd64eb8!0x117eb8 cmp w0, #0x80; w0=0x118 -> w0=0x118 
[libmetasec_ml.so] 0x70fbd64ebc!0x117ebc b.lo #0x70fbd64f0c; 
[libmetasec_ml.so] 0x70fbd64ec0!0x117ec0 orr w8, w0, #0x80; w8=0x0 w0=0x118 -> w8=0x198 
[libmetasec_ml.so] 0x70fbd64ec4!0x117ec4 cmp w0, #4, lsl #12; w0=0x118 -> w0=0x118 
[libmetasec_ml.so] 0x70fbd64ec8!0x117ec8 strb w8, [x1]; w8=0x198 x1=0x73674115ec mem_w=0x73674115ec 
[libmetasec_ml.so] 0x70fbd64ecc!0x117ecc lsr w8, w0, #7; w8=0x198 w0=0x118 -> w8=0x2 
[libmetasec_ml.so] 0x70fbd64ed0!0x117ed0 b.lo #0x70fbd64f14; 
[libmetasec_ml.so] 0x70fbd64f14!0x117f14 mov w9, #1; w9=0xfbe42623 -> w9=0x1 
[libmetasec_ml.so] 0x70fbd64f18!0x117f18 b #0x70fbd64f28; 
[libmetasec_ml.so] 0x70fbd64f28!0x117f28 mov w0, w8; w0=0x118 w8=0x2 -> w0=0x2 
[libmetasec_ml.so] 0x70fbd64f2c!0x117f2c add w8, w9, #1; w8=0x2 w9=0x1 -> w8=0x2 
[libmetasec_ml.so] 0x70fbd64f30!0x117f30 strb w0, [x1, w9, uxtw]; w0=0x2 x1=0x73674115ec w9=0x1 mem_w=0x73674115ed 
[libmetasec_ml.so] 0x70fbd64f34!0x117f34 mov x0, x8; x0=0x2 x8=0x2 -> x0=0x2 
[libmetasec_ml.so] 0x70fbd64f38!0x117f38 ret ; 
[libmetasec_ml.so] 0x70fbd63a30!0x116a30 ldr w8, [x19, #0x10]; w8=0x2 x19=0x70fbec0368 mem_r=0x70fbec0378 -> w8=0xe 
[libmetasec_ml.so] 0x70fbd63a34!0x116a34 cmp w8, #0x10; w8=0xe -> w8=0xe 
[libmetasec_ml.so] 0x70fbd63a38!0x116a38 b.hi #0x70fbd63abc; 
[libmetasec_ml.so] 0x70fbd63a3c!0x116a3c adrp x9, #0x70fbe42000; x9=0x1 -> x9=0x70fbe42000 
[libmetasec_ml.so] 0x70fbd63a40!0x116a40 add x9, x9, #0x5d4; x9=0x70fbe42000 x9=0x70fbe42000 -> x9=0x70fbe425d4 
[libmetasec_ml.so] 0x70fbd63a44!0x116a44 adr x10, #0x70fbd63a58; x10=0x70fbd64e20 -> x10=0x70fbd63a58 
[libmetasec_ml.so] 0x70fbd63a48!0x116a48 ldrb w11, [x9, x8]; w11=0xd x9=0x70fbe425d4 x8=0xe mem_r=0x70fbe425e2 -> w11=0x2e 
[libmetasec_ml.so] 0x70fbd63a4c!0x116a4c add x10, x10, x11, lsl #2; x10=0x70fbd63a58 x10=0x70fbd63a58 x11=0x2e -> x10=0x70fbd63b10 
[libmetasec_ml.so] 0x70fbd63a50!0x116a50 mov x19, x0; x19=0x70fbec0368 x0=0x2 -> x19=0x2 
[libmetasec_ml.so] 0x70fbd63a54!0x116a54 br x10; x10=0x70fbd63b10 
[libmetasec_ml.so] 0x70fbd63b10!0x116b10 ldrb w8, [x20]; w8=0xe x20=0x73674115ec mem_r=0x73674115ec -> w8=0x98 
[libmetasec_ml.so] 0x70fbd63b14!0x116b14 orr w8, w8, #2; w8=0x98 w8=0x98 -> w8=0x9a 
[libmetasec_ml.so] 0x70fbd63b18!0x116b18 strb w8, [x20]; w8=0x9a x20=0x73674115ec mem_w=0x73674115ec 
[libmetasec_ml.so] 0x70fbd63b1c!0x116b1c ldr x21, [x21]; x21=0x72a7410a60 x21=0x72a7410a60 mem_r=0x72a7410a60 -> x21=0x74472b3f90 
[libmetasec_ml.so] 0x70fbd63b20!0x116b20 add x20, x20, x19; x20=0x73674115ec x20=0x73674115ec x19=0x2 -> x20=0x73674115ee 
[libmetasec_ml.so] 0x70fbd63b24!0x116b24 cbz x21, #0x70fbd63bf0; x21=0x74472b3f90 
[libmetasec_ml.so] 0x70fbd63b28!0x116b28 mov x0, x21; x0=0x2 x21=0x74472b3f90 -> x0=0x74472b3f90 
[libmetasec_ml.so] 0x70fbd63b2c!0x116b2c bl #0x70fbc80b40; 
[libmetasec_ml.so] 0x70fbc80b40!0x33b40 adrp x16, #0x70fbec9000; x16=0x70fbec9998 -> x16=0x70fbec9000 
[libmetasec_ml.so] 0x70fbc80b44!0x33b44 ldr x17, [x16, #0xa28]; x17=0x75402d9c80 x16=0x70fbec9000 mem_r=0x70fbec9a28 -> x17=0x75402dab00 
[libmetasec_ml.so] 0x70fbc80b48!0x33b48 add x16, x16, #0xa28; x16=0x70fbec9000 x16=0x70fbec9000 -> x16=0x70fbec9a28 
[libmetasec_ml.so] 0x70fbc80b4c!0x33b4c br x17; x17=0x75402dab00 
call func: __strlen_aarch64(0x74472b3f90)
args0: !notset!
ret: 0x8
[libmetasec_ml.so] 0x70fbd63b30!0x116b30 mov x1, x20; x1=0x73674115ec x20=0x73674115ee -> x1=0x73674115ee 
[libmetasec_ml.so] 0x70fbd63b34!0x116b34 mov x22, x0; x22=0x72a7410a60 x0=0x8 -> x22=0x8 
[libmetasec_ml.so] 0x70fbd63b38!0x116b38 bl #0x70fbd64eb8; 
[libmetasec_ml.so] 0x70fbd64eb8!0x117eb8 cmp w0, #0x80; w0=0x8 -> w0=0x8 
[libmetasec_ml.so] 0x70fbd64ebc!0x117ebc b.lo #0x70fbd64f0c; 
[libmetasec_ml.so] 0x70fbd64f0c!0x117f0c mov w9, wzr; w9=0xfbe425d4 -> w9=0x0 
[libmetasec_ml.so] 0x70fbd64f10!0x117f10 b #0x70fbd64f2c; 
[libmetasec_ml.so] 0x70fbd64f2c!0x117f2c add w8, w9, #1; w8=0x1010101 w9=0x0 -> w8=0x1 
[libmetasec_ml.so] 0x70fbd64f30!0x117f30 strb w0, [x1, w9, uxtw]; w0=0x8 x1=0x73674115ee w9=0x0 mem_w=0x73674115ee 
[libmetasec_ml.so] 0x70fbd64f34!0x117f34 mov x0, x8; x0=0x8 x8=0x1 -> x0=0x1 
[libmetasec_ml.so] 0x70fbd64f38!0x117f38 ret ; 
[libmetasec_ml.so] 0x70fbd63b3c!0x116b3c mov x23, x0; x23=0x2a45 x0=0x1 -> x23=0x1 
[libmetasec_ml.so] 0x70fbd63b40!0x116b40 add x0, x20, x0; x0=0x1 x20=0x73674115ee x0=0x1 -> x0=0x73674115ef 
[libmetasec_ml.so] 0x70fbd63b44!0x116b44 mov x1, x21; x1=0x73674115ee x21=0x74472b3f90 -> x1=0x74472b3f90 
[libmetasec_ml.so] 0x70fbd63b48!0x116b48 mov x2, x22; x2=0x21746573746f6e21 x22=0x8 -> x2=0x8 
[libmetasec_ml.so] 0x70fbd63b4c!0x116b4c bl #0x70fbc80a20; 
[libmetasec_ml.so] 0x70fbc80a20!0x33a20 adrp x16, #0x70fbec9000; x16=0x70fbec9a28 -> x16=0x70fbec9000 
[libmetasec_ml.so] 0x70fbc80a24!0x33a24 ldr x17, [x16, #0x998]; x17=0x75402dab00 x16=0x70fbec9000 mem_r=0x70fbec9998 -> x17=0x75402d9c80 
[libmetasec_ml.so] 0x70fbc80a28!0x33a28 add x16, x16, #0x998; x16=0x70fbec9000 x16=0x70fbec9000 -> x16=0x70fbec9998 
[libmetasec_ml.so] 0x70fbc80a2c!0x33a2c br x17; x17=0x75402d9c80 
call func: __memcpy_aarch64_simd(0x73674115ef, 0x74472b3f90, 0x8)
hexdump at address 0x74472b3f90 with length 0x8:
74472b3f90: 21 6e 6f 74 73 65 74 21                         |!notset!        |
ret: 0x73674115ef
[libmetasec_ml.so] 0x70fbd63b50!0x116b50 add x8, x23, x22; x8=0x1 x23=0x1 x22=0x8 -> x8=0x9 
[libmetasec_ml.so] 0x70fbd63b54!0x116b54 b #0x70fbd63bf8; 
[libmetasec_ml.so] 0x70fbd63bf8!0x116bf8 add x0, x8, x19; x0=0x73674115ef x8=0x9 x19=0x2 -> x0=0xb 
[libmetasec_ml.so] 0x70fbd63bfc!0x116bfc ldp x29, x30, [sp, #0x30]; fp=0x70d87c2980 lr=0x70fbd63b50 sp=0x70d87c2950 mem_r=0x70d87c2980 -> fp=0x70d87c2a00 lr=0x70fbd63754 
[libmetasec_ml.so] 0x70fbd63c00!0x116c00 ldp x20, x19, [sp, #0x20]; x20=0x73674115ee x19=0x2 sp=0x70d87c2950 mem_r=0x70d87c2970 -> x20=0x72a7410970 x19=0x48 
[libmetasec_ml.so] 0x70fbd63c04!0x116c04 ldp x22, x21, [sp, #0x10]; x22=0x8 x21=0x74472b3f90 sp=0x70d87c2950 mem_r=0x70d87c2960 -> x22=0x72a7410a60 x21=0xf9 
[libmetasec_ml.so] 0x70fbd63c08!0x116c08 ldr x23, [sp], #0x40; x23=0x1 sp=0x70d87c2950 mem_r=0x70d87c2950 -> x23=0x2a45 
[libmetasec_ml.so] 0x70fbd63c0c!0x116c0c ret ; 
[libmetasec_ml.so] 0x70fbd63754!0x116754 mov x25, x0; x25=0xb x0=0xb -> x25=0xb 
[libmetasec_ml.so] 0x70fbd63758!0x116758 b #0x70fbd63940; 
[libmetasec_ml.so] 0x70fbd63940!0x116940 add x21, x25, x21; x21=0xf9 x25=0xb x21=0xf9 -> x21=0x104 
[libmetasec_ml.so] 0x70fbd63944!0x116944 add x28, x28, #1; x28=0x22 x28=0x22 -> x28=0x23 
[libmetasec_ml.so] 0x70fbd63948!0x116948 b #0x70fbd635f0; 
[libmetasec_ml.so] 0x70fbd635f0!0x1165f0 ldr x8, [x20]; x8=0x9 x20=0x72a7410970 mem_r=0x72a7410970 -> x8=0x70fbebec78 
[libmetasec_ml.so] 0x70fbd635f4!0x1165f4 ldr w9, [x8, #0x30]; w9=0x0 x8=0x70fbebec78 mem_r=0x70fbebeca8 -> w9=0x28 
[libmetasec_ml.so] 0x70fbd635f8!0x1165f8 cmp x28, x9; x28=0x23 x9=0x28 -> x28=0x23 
[libmetasec_ml.so] 0x70fbd635fc!0x1165fc b.hs #0x70fbd6397c; 
[libmetasec_ml.so] 0x70fbd63600!0x116600 ldr x8, [x8, #0x38]; x8=0x70fbebec78 x8=0x70fbebec78 mem_r=0x70fbebecb0 -> x8=0x70fbebf9d8 
[libmetasec_ml.so] 0x70fbd63604!0x116604 nop ; 
[libmetasec_ml.so] 0x70fbd63608!0x116608 madd x24, x28, x19, x8; x24=0x70fbec0368 x28=0x23 x19=0x48 x8=0x70fbebf9d8 -> x24=0x70fbec03b0 
[libmetasec_ml.so] 0x70fbd6360c!0x11660c ldr w9, [x24, #0x18]; w9=0x28 x24=0x70fbec03b0 mem_r=0x70fbec03c8 -> w9=0xf8 
[libmetasec_ml.so] 0x70fbd63610!0x116610 ldr w11, [x24, #0xc]; w11=0x2e x24=0x70fbec03b0 mem_r=0x70fbec03bc -> w11=0x3 
[libmetasec_ml.so] 0x70fbd63614!0x116614 add x22, x20, x9; x22=0x72a7410a60 x20=0x72a7410970 x9=0xf8 -> x22=0x72a7410a68 
[libmetasec_ml.so] 0x70fbd63618!0x116618 cbz w11, #0x70fbd63744; w11=0x3 
[libmetasec_ml.so] 0x70fbd6361c!0x11661c ldr w9, [x24, #0x14]; w9=0xf8 x24=0x70fbec03b0 mem_r=0x70fbec03c4 -> w9=0x0 
[libmetasec_ml.so] 0x70fbd63620!0x116620 cmp w11, #1; w11=0x3 -> w11=0x3 
[libmetasec_ml.so] 0x70fbd63624!0x116624 madd x10, x28, x19, x8; x10=0x70fbd63b10 x28=0x23 x19=0x48 x8=0x70fbebf9d8 -> x10=0x70fbec03b0 
[libmetasec_ml.so] 0x70fbd63628!0x116628 ccmp w11, #3, #4, ne; w11=0x3 
[libmetasec_ml.so] 0x70fbd6362c!0x11662c b.ne #0x70fbd63668; 
[libmetasec_ml.so] 0x70fbd63630!0x116630 ldr w10, [x10, #0x30]; w10=0xfbec03b0 x10=0x70fbec03b0 mem_r=0x70fbec03e0 -> w10=0x0 
[libmetasec_ml.so] 0x70fbd63634!0x116634 tbnz w10, #2, #0x70fbd636a0; w10=0x0 
[libmetasec_ml.so] 0x70fbd63638!0x116638 cmp w11, #3; w11=0x3 -> w11=0x3 
[libmetasec_ml.so] 0x70fbd6363c!0x11663c b.eq #0x70fbd6372c; 
[libmetasec_ml.so] 0x70fbd6372c!0x11672c mov x0, x24; x0=0xb x24=0x70fbec03b0 -> x0=0x70fbec03b0 
[libmetasec_ml.so] 0x70fbd63730!0x116730 mov x1, x22; x1=0x74472b3f90 x22=0x72a7410a68 -> x1=0x72a7410a68 
[libmetasec_ml.so] 0x70fbd63734!0x116734 bl #0x70fbd64dc8; 
[libmetasec_ml.so] 0x70fbd64dc8!0x117dc8 ldr w8, [x0, #0x10]; w8=0xfbebf9d8 x0=0x70fbec03b0 mem_r=0x70fbec03c0 -> w8=0xe 
[libmetasec_ml.so] 0x70fbd64dcc!0x117dcc cmp w8, #0x10; w8=0xe -> w8=0xe 
[libmetasec_ml.so] 0x70fbd64dd0!0x117dd0 b.hi #0x70fbd64e30; 
[libmetasec_ml.so] 0x70fbd64dd4!0x117dd4 adrp x9, #0x70fbe42000; x9=0x0 -> x9=0x70fbe42000 
[libmetasec_ml.so] 0x70fbd64dd8!0x117dd8 add x9, x9, #0x623; x9=0x70fbe42000 x9=0x70fbe42000 -> x9=0x70fbe42623 
[libmetasec_ml.so] 0x70fbd64ddc!0x117ddc adr x10, #0x70fbd64dec; x10=0x0 -> x10=0x70fbd64dec 
[libmetasec_ml.so] 0x70fbd64de0!0x117de0 ldrb w11, [x9, x8]; w11=0x3 x9=0x70fbe42623 x8=0xe mem_r=0x70fbe42631 -> w11=0xd 
[libmetasec_ml.so] 0x70fbd64de4!0x117de4 add x10, x10, x11, lsl #2; x10=0x70fbd64dec x10=0x70fbd64dec x11=0xd -> x10=0x70fbd64e20 
[libmetasec_ml.so] 0x70fbd64de8!0x117de8 br x10; x10=0x70fbd64e20 
[libmetasec_ml.so] 0x70fbd64e20!0x117e20 ldr x8, [x1]; x8=0xe x1=0x72a7410a68 mem_r=0x72a7410a68 -> x8=0x74472b4110 
[libmetasec_ml.so] 0x70fbd64e24!0x117e24 cbz x8, #0x70fbd64e30; x8=0x74472b4110 
[libmetasec_ml.so] 0x70fbd64e28!0x117e28 ldrb w8, [x8]; w8=0x472b4110 x8=0x74472b4110 mem_r=0x74472b4110 -> w8=0x21 
[libmetasec_ml.so] 0x70fbd64e2c!0x117e2c b #0x70fbd64df0; 
[libmetasec_ml.so] 0x70fbd64df0!0x117df0 cmp w8, #0; w8=0x21 -> w8=0x21 
[libmetasec_ml.so] 0x70fbd64df4!0x117df4 b #0x70fbd64e00; 
[libmetasec_ml.so] 0x70fbd64e00!0x117e00 cset w0, eq; w0=0xfbec03b0 -> w0=0x0 
[libmetasec_ml.so] 0x70fbd64e04!0x117e04 ret ; 
[libmetasec_ml.so] 0x70fbd63738!0x116738 cbz w0, #0x70fbd63744; w0=0x0 
[libmetasec_ml.so] 0x70fbd63744!0x116744 add x2, x27, x21; x2=0x8 x27=0x73674114f3 x21=0x104 -> x2=0x73674115f7 
[libmetasec_ml.so] 0x70fbd63748!0x116748 mov x0, x24; x0=0x0 x24=0x70fbec03b0 -> x0=0x70fbec03b0 
[libmetasec_ml.so] 0x70fbd6374c!0x11674c mov x1, x22; x1=0x72a7410a68 x22=0x72a7410a68 -> x1=0x72a7410a68 
[libmetasec_ml.so] 0x70fbd63750!0x116750 bl #0x70fbd63a04; 
[libmetasec_ml.so] 0x70fbd63a04!0x116a04 str x23, [sp, #-0x40]!; x23=0x2a45 sp=0x70d87c2990 mem_w=0x70d87c2950 -> sp=0x70d87c2950 
[libmetasec_ml.so] 0x70fbd63a08!0x116a08 stp x22, x21, [sp, #0x10]; x22=0x72a7410a68 x21=0x104 sp=0x70d87c2950 mem_w=0x70d87c2960 
[libmetasec_ml.so] 0x70fbd63a0c!0x116a0c stp x20, x19, [sp, #0x20]; x20=0x72a7410970 x19=0x48 sp=0x70d87c2950 mem_w=0x70d87c2970 
[libmetasec_ml.so] 0x70fbd63a10!0x116a10 stp x29, x30, [sp, #0x30]; fp=0x70d87c2a00 lr=0x70fbd63754 sp=0x70d87c2950 mem_w=0x70d87c2980 
[libmetasec_ml.so] 0x70fbd63a14!0x116a14 add x29, sp, #0x30; fp=0x70d87c2a00 sp=0x70d87c2950 -> fp=0x70d87c2980 
[libmetasec_ml.so] 0x70fbd63a18!0x116a18 mov x19, x0; x19=0x48 x0=0x70fbec03b0 -> x19=0x70fbec03b0 
[libmetasec_ml.so] 0x70fbd63a1c!0x116a1c ldr w0, [x0, #8]; w0=0xfbec03b0 x0=0x70fbec03b0 mem_r=0x70fbec03b8 -> w0=0x24 
[libmetasec_ml.so] 0x70fbd63a20!0x116a20 mov x21, x1; x21=0x104 x1=0x72a7410a68 -> x21=0x72a7410a68 
[libmetasec_ml.so] 0x70fbd63a24!0x116a24 mov x1, x2; x1=0x72a7410a68 x2=0x73674115f7 -> x1=0x73674115f7 
[libmetasec_ml.so] 0x70fbd63a28!0x116a28 mov x20, x2; x20=0x72a7410970 x2=0x73674115f7 -> x20=0x73674115f7 
[libmetasec_ml.so] 0x70fbd63a2c!0x116a2c bl #0x70fbd64e38; 
[libmetasec_ml.so] 0x70fbd64e38!0x117e38 lsr w8, w0, #0x1d; w8=0x21 w0=0x24 -> w8=0x0 
[libmetasec_ml.so] 0x70fbd64e3c!0x117e3c cbnz w8, #0x70fbd64e48; w8=0x0 
[libmetasec_ml.so] 0x70fbd64e40!0x117e40 lsl w0, w0, #3; w0=0x24 w0=0x24 -> w0=0x120 
[libmetasec_ml.so] 0x70fbd64e44!0x117e44 b #0x70fbd64eb8; 
[libmetasec_ml.so] 0x70fbd64eb8!0x117eb8 cmp w0, #0x80; w0=0x120 -> w0=0x120 
[libmetasec_ml.so] 0x70fbd64ebc!0x117ebc b.lo #0x70fbd64f0c; 
[libmetasec_ml.so] 0x70fbd64ec0!0x117ec0 orr w8, w0, #0x80; w8=0x0 w0=0x120 -> w8=0x1a0 
[libmetasec_ml.so] 0x70fbd64ec4!0x117ec4 cmp w0, #4, lsl #12; w0=0x120 -> w0=0x120 
[libmetasec_ml.so] 0x70fbd64ec8!0x117ec8 strb w8, [x1]; w8=0x1a0 x1=0x73674115f7 mem_w=0x73674115f7 
[libmetasec_ml.so] 0x70fbd64ecc!0x117ecc lsr w8, w0, #7; w8=0x1a0 w0=0x120 -> w8=0x2 
[libmetasec_ml.so] 0x70fbd64ed0!0x117ed0 b.lo #0x70fbd64f14; 
[libmetasec_ml.so] 0x70fbd64f14!0x117f14 mov w9, #1; w9=0xfbe42623 -> w9=0x1 
[libmetasec_ml.so] 0x70fbd64f18!0x117f18 b #0x70fbd64f28; 
[libmetasec_ml.so] 0x70fbd64f28!0x117f28 mov w0, w8; w0=0x120 w8=0x2 -> w0=0x2 
[libmetasec_ml.so] 0x70fbd64f2c!0x117f2c add w8, w9, #1; w8=0x2 w9=0x1 -> w8=0x2 
[libmetasec_ml.so] 0x70fbd64f30!0x117f30 strb w0, [x1, w9, uxtw]; w0=0x2 x1=0x73674115f7 w9=0x1 mem_w=0x73674115f8 
[libmetasec_ml.so] 0x70fbd64f34!0x117f34 mov x0, x8; x0=0x2 x8=0x2 -> x0=0x2 
[libmetasec_ml.so] 0x70fbd64f38!0x117f38 ret ; 
[libmetasec_ml.so] 0x70fbd63a30!0x116a30 ldr w8, [x19, #0x10]; w8=0x2 x19=0x70fbec03b0 mem_r=0x70fbec03c0 -> w8=0xe 
[libmetasec_ml.so] 0x70fbd63a34!0x116a34 cmp w8, #0x10; w8=0xe -> w8=0xe 
[libmetasec_ml.so] 0x70fbd63a38!0x116a38 b.hi #0x70fbd63abc; 
[libmetasec_ml.so] 0x70fbd63a3c!0x116a3c adrp x9, #0x70fbe42000; x9=0x1 -> x9=0x70fbe42000 
[libmetasec_ml.so] 0x70fbd63a40!0x116a40 add x9, x9, #0x5d4; x9=0x70fbe42000 x9=0x70fbe42000 -> x9=0x70fbe425d4 
[libmetasec_ml.so] 0x70fbd63a44!0x116a44 adr x10, #0x70fbd63a58; x10=0x70fbd64e20 -> x10=0x70fbd63a58 
[libmetasec_ml.so] 0x70fbd63a48!0x116a48 ldrb w11, [x9, x8]; w11=0xd x9=0x70fbe425d4 x8=0xe mem_r=0x70fbe425e2 -> w11=0x2e 
[libmetasec_ml.so] 0x70fbd63a4c!0x116a4c add x10, x10, x11, lsl #2; x10=0x70fbd63a58 x10=0x70fbd63a58 x11=0x2e -> x10=0x70fbd63b10 
[libmetasec_ml.so] 0x70fbd63a50!0x116a50 mov x19, x0; x19=0x70fbec03b0 x0=0x2 -> x19=0x2 
[libmetasec_ml.so] 0x70fbd63a54!0x116a54 br x10; x10=0x70fbd63b10 
[libmetasec_ml.so] 0x70fbd63b10!0x116b10 ldrb w8, [x20]; w8=0xe x20=0x73674115f7 mem_r=0x73674115f7 -> w8=0xa0 
[libmetasec_ml.so] 0x70fbd63b14!0x116b14 orr w8, w8, #2; w8=0xa0 w8=0xa0 -> w8=0xa2 
[libmetasec_ml.so] 0x70fbd63b18!0x116b18 strb w8, [x20]; w8=0xa2 x20=0x73674115f7 mem_w=0x73674115f7 
[libmetasec_ml.so] 0x70fbd63b1c!0x116b1c ldr x21, [x21]; x21=0x72a7410a68 x21=0x72a7410a68 mem_r=0x72a7410a68 -> x21=0x74472b4110 
[libmetasec_ml.so] 0x70fbd63b20!0x116b20 add x20, x20, x19; x20=0x73674115f7 x20=0x73674115f7 x19=0x2 -> x20=0x73674115f9 
[libmetasec_ml.so] 0x70fbd63b24!0x116b24 cbz x21, #0x70fbd63bf0; x21=0x74472b4110 
[libmetasec_ml.so] 0x70fbd63b28!0x116b28 mov x0, x21; x0=0x2 x21=0x74472b4110 -> x0=0x74472b4110 
[libmetasec_ml.so] 0x70fbd63b2c!0x116b2c bl #0x70fbc80b40; 
[libmetasec_ml.so] 0x70fbc80b40!0x33b40 adrp x16, #0x70fbec9000; x16=0x70fbec9998 -> x16=0x70fbec9000 
[libmetasec_ml.so] 0x70fbc80b44!0x33b44 ldr x17, [x16, #0xa28]; x17=0x75402d9c80 x16=0x70fbec9000 mem_r=0x70fbec9a28 -> x17=0x75402dab00 
[libmetasec_ml.so] 0x70fbc80b48!0x33b48 add x16, x16, #0xa28; x16=0x70fbec9000 x16=0x70fbec9000 -> x16=0x70fbec9a28 
[libmetasec_ml.so] 0x70fbc80b4c!0x33b4c br x17; x17=0x75402dab00 
call func: __strlen_aarch64(0x74472b4110)
args0: !notset!
ret: 0x8
[libmetasec_ml.so] 0x70fbd63b30!0x116b30 mov x1, x20; x1=0x73674115f7 x20=0x73674115f9 -> x1=0x73674115f9 
[libmetasec_ml.so] 0x70fbd63b34!0x116b34 mov x22, x0; x22=0x72a7410a68 x0=0x8 -> x22=0x8 
[libmetasec_ml.so] 0x70fbd63b38!0x116b38 bl #0x70fbd64eb8; 
[libmetasec_ml.so] 0x70fbd64eb8!0x117eb8 cmp w0, #0x80; w0=0x8 -> w0=0x8 
[libmetasec_ml.so] 0x70fbd64ebc!0x117ebc b.lo #0x70fbd64f0c; 
[libmetasec_ml.so] 0x70fbd64f0c!0x117f0c mov w9, wzr; w9=0xfbe425d4 -> w9=0x0 
[libmetasec_ml.so] 0x70fbd64f10!0x117f10 b #0x70fbd64f2c; 
[libmetasec_ml.so] 0x70fbd64f2c!0x117f2c add w8, w9, #1; w8=0x1010101 w9=0x0 -> w8=0x1 
[libmetasec_ml.so] 0x70fbd64f30!0x117f30 strb w0, [x1, w9, uxtw]; w0=0x8 x1=0x73674115f9 w9=0x0 mem_w=0x73674115f9 
[libmetasec_ml.so] 0x70fbd64f34!0x117f34 mov x0, x8; x0=0x8 x8=0x1 -> x0=0x1 
[libmetasec_ml.so] 0x70fbd64f38!0x117f38 ret ; 
[libmetasec_ml.so] 0x70fbd63b3c!0x116b3c mov x23, x0; x23=0x2a45 x0=0x1 -> x23=0x1 
[libmetasec_ml.so] 0x70fbd63b40!0x116b40 add x0, x20, x0; x0=0x1 x20=0x73674115f9 x0=0x1 -> x0=0x73674115fa 
[libmetasec_ml.so] 0x70fbd63b44!0x116b44 mov x1, x21; x1=0x73674115f9 x21=0x74472b4110 -> x1=0x74472b4110 
[libmetasec_ml.so] 0x70fbd63b48!0x116b48 mov x2, x22; x2=0x21746573746f6e21 x22=0x8 -> x2=0x8 
[libmetasec_ml.so] 0x70fbd63b4c!0x116b4c bl #0x70fbc80a20; 
[libmetasec_ml.so] 0x70fbc80a20!0x33a20 adrp x16, #0x70fbec9000; x16=0x70fbec9a28 -> x16=0x70fbec9000 
[libmetasec_ml.so] 0x70fbc80a24!0x33a24 ldr x17, [x16, #0x998]; x17=0x75402dab00 x16=0x70fbec9000 mem_r=0x70fbec9998 -> x17=0x75402d9c80 
[libmetasec_ml.so] 0x70fbc80a28!0x33a28 add x16, x16, #0x998; x16=0x70fbec9000 x16=0x70fbec9000 -> x16=0x70fbec9998 
[libmetasec_ml.so] 0x70fbc80a2c!0x33a2c br x17; x17=0x75402d9c80 
call func: __memcpy_aarch64_simd(0x73674115fa, 0x74472b4110, 0x8)
hexdump at address 0x74472b4110 with length 0x8:
74472b4110: 21 6e 6f 74 73 65 74 21                         |!notset!        |
ret: 0x73674115fa
[libmetasec_ml.so] 0x70fbd63b50!0x116b50 add x8, x23, x22; x8=0x1 x23=0x1 x22=0x8 -> x8=0x9 
[libmetasec_ml.so] 0x70fbd63b54!0x116b54 b #0x70fbd63bf8; 
[libmetasec_ml.so] 0x70fbd63bf8!0x116bf8 add x0, x8, x19; x0=0x73674115fa x8=0x9 x19=0x2 -> x0=0xb 
[libmetasec_ml.so] 0x70fbd63bfc!0x116bfc ldp x29, x30, [sp, #0x30]; fp=0x70d87c2980 lr=0x70fbd63b50 sp=0x70d87c2950 mem_r=0x70d87c2980 -> fp=0x70d87c2a00 lr=0x70fbd63754 
[libmetasec_ml.so] 0x70fbd63c00!0x116c00 ldp x20, x19, [sp, #0x20]; x20=0x73674115f9 x19=0x2 sp=0x70d87c2950 mem_r=0x70d87c2970 -> x20=0x72a7410970 x19=0x48 
[libmetasec_ml.so] 0x70fbd63c04!0x116c04 ldp x22, x21, [sp, #0x10]; x22=0x8 x21=0x74472b4110 sp=0x70d87c2950 mem_r=0x70d87c2960 -> x22=0x72a7410a68 x21=0x104 
[libmetasec_ml.so] 0x70fbd63c08!0x116c08 ldr x23, [sp], #0x40; x23=0x1 sp=0x70d87c2950 mem_r=0x70d87c2950 -> x23=0x2a45 
[libmetasec_ml.so] 0x70fbd63c0c!0x116c0c ret ; 
[libmetasec_ml.so] 0x70fbd63754!0x116754 mov x25, x0; x25=0xb x0=0xb -> x25=0xb 
[libmetasec_ml.so] 0x70fbd63758!0x116758 b #0x70fbd63940; 
[libmetasec_ml.so] 0x70fbd63940!0x116940 add x21, x25, x21; x21=0x104 x25=0xb x21=0x104 -> x21=0x10f 
[libmetasec_ml.so] 0x70fbd63944!0x116944 add x28, x28, #1; x28=0x23 x28=0x23 -> x28=0x24 
[libmetasec_ml.so] 0x70fbd63948!0x116948 b #0x70fbd635f0; 
[libmetasec_ml.so] 0x70fbd635f0!0x1165f0 ldr x8, [x20]; x8=0x9 x20=0x72a7410970 mem_r=0x72a7410970 -> x8=0x70fbebec78 
[libmetasec_ml.so] 0x70fbd635f4!0x1165f4 ldr w9, [x8, #0x30]; w9=0x0 x8=0x70fbebec78 mem_r=0x70fbebeca8 -> w9=0x28 
[libmetasec_ml.so] 0x70fbd635f8!0x1165f8 cmp x28, x9; x28=0x24 x9=0x28 -> x28=0x24 
[libmetasec_ml.so] 0x70fbd635fc!0x1165fc b.hs #0x70fbd6397c; 
[libmetasec_ml.so] 0x70fbd63600!0x116600 ldr x8, [x8, #0x38]; x8=0x70fbebec78 x8=0x70fbebec78 mem_r=0x70fbebecb0 -> x8=0x70fbebf9d8 
[libmetasec_ml.so] 0x70fbd63604!0x116604 nop ; 
[libmetasec_ml.so] 0x70fbd63608!0x116608 madd x24, x28, x19, x8; x24=0x70fbec03b0 x28=0x24 x19=0x48 x8=0x70fbebf9d8 -> x24=0x70fbec03f8 
[libmetasec_ml.so] 0x70fbd6360c!0x11660c ldr w9, [x24, #0x18]; w9=0x28 x24=0x70fbec03f8 mem_r=0x70fbec0410 -> w9=0x100 
[libmetasec_ml.so] 0x70fbd63610!0x116610 ldr w11, [x24, #0xc]; w11=0x2e x24=0x70fbec03f8 mem_r=0x70fbec0404 -> w11=0x3 
[libmetasec_ml.so] 0x70fbd63614!0x116614 add x22, x20, x9; x22=0x72a7410a68 x20=0x72a7410970 x9=0x100 -> x22=0x72a7410a70 
[libmetasec_ml.so] 0x70fbd63618!0x116618 cbz w11, #0x70fbd63744; w11=0x3 
[libmetasec_ml.so] 0x70fbd6361c!0x11661c ldr w9, [x24, #0x14]; w9=0x100 x24=0x70fbec03f8 mem_r=0x70fbec040c -> w9=0x0 
[libmetasec_ml.so] 0x70fbd63620!0x116620 cmp w11, #1; w11=0x3 -> w11=0x3 
[libmetasec_ml.so] 0x70fbd63624!0x116624 madd x10, x28, x19, x8; x10=0x70fbd63b10 x28=0x24 x19=0x48 x8=0x70fbebf9d8 -> x10=0x70fbec03f8 
[libmetasec_ml.so] 0x70fbd63628!0x116628 ccmp w11, #3, #4, ne; w11=0x3 
[libmetasec_ml.so] 0x70fbd6362c!0x11662c b.ne #0x70fbd63668; 
[libmetasec_ml.so] 0x70fbd63630!0x116630 ldr w10, [x10, #0x30]; w10=0xfbec03f8 x10=0x70fbec03f8 mem_r=0x70fbec0428 -> w10=0x0 
[libmetasec_ml.so] 0x70fbd63634!0x116634 tbnz w10, #2, #0x70fbd636a0; w10=0x0 
[libmetasec_ml.so] 0x70fbd63638!0x116638 cmp w11, #3; w11=0x3 -> w11=0x3 
[libmetasec_ml.so] 0x70fbd6363c!0x11663c b.eq #0x70fbd6372c; 
[libmetasec_ml.so] 0x70fbd6372c!0x11672c mov x0, x24; x0=0xb x24=0x70fbec03f8 -> x0=0x70fbec03f8 
[libmetasec_ml.so] 0x70fbd63730!0x116730 mov x1, x22; x1=0x74472b4110 x22=0x72a7410a70 -> x1=0x72a7410a70 
[libmetasec_ml.so] 0x70fbd63734!0x116734 bl #0x70fbd64dc8; 
[libmetasec_ml.so] 0x70fbd64dc8!0x117dc8 ldr w8, [x0, #0x10]; w8=0xfbebf9d8 x0=0x70fbec03f8 mem_r=0x70fbec0408 -> w8=0xe 
[libmetasec_ml.so] 0x70fbd64dcc!0x117dcc cmp w8, #0x10; w8=0xe -> w8=0xe 
[libmetasec_ml.so] 0x70fbd64dd0!0x117dd0 b.hi #0x70fbd64e30; 
[libmetasec_ml.so] 0x70fbd64dd4!0x117dd4 adrp x9, #0x70fbe42000; x9=0x0 -> x9=0x70fbe42000 
[libmetasec_ml.so] 0x70fbd64dd8!0x117dd8 add x9, x9, #0x623; x9=0x70fbe42000 x9=0x70fbe42000 -> x9=0x70fbe42623 
[libmetasec_ml.so] 0x70fbd64ddc!0x117ddc adr x10, #0x70fbd64dec; x10=0x0 -> x10=0x70fbd64dec 
[libmetasec_ml.so] 0x70fbd64de0!0x117de0 ldrb w11, [x9, x8]; w11=0x3 x9=0x70fbe42623 x8=0xe mem_r=0x70fbe42631 -> w11=0xd 
[libmetasec_ml.so] 0x70fbd64de4!0x117de4 add x10, x10, x11, lsl #2; x10=0x70fbd64dec x10=0x70fbd64dec x11=0xd -> x10=0x70fbd64e20 
[libmetasec_ml.so] 0x70fbd64de8!0x117de8 br x10; x10=0x70fbd64e20 
[libmetasec_ml.so] 0x70fbd64e20!0x117e20 ldr x8, [x1]; x8=0xe x1=0x72a7410a70 mem_r=0x72a7410a70 -> x8=0x74472b3ed0 
[libmetasec_ml.so] 0x70fbd64e24!0x117e24 cbz x8, #0x70fbd64e30; x8=0x74472b3ed0 
[libmetasec_ml.so] 0x70fbd64e28!0x117e28 ldrb w8, [x8]; w8=0x472b3ed0 x8=0x74472b3ed0 mem_r=0x74472b3ed0 -> w8=0x21 
[libmetasec_ml.so] 0x70fbd64e2c!0x117e2c b #0x70fbd64df0; 
[libmetasec_ml.so] 0x70fbd64df0!0x117df0 cmp w8, #0; w8=0x21 -> w8=0x21 
[libmetasec_ml.so] 0x70fbd64df4!0x117df4 b #0x70fbd64e00; 
[libmetasec_ml.so] 0x70fbd64e00!0x117e00 cset w0, eq; w0=0xfbec03f8 -> w0=0x0 
[libmetasec_ml.so] 0x70fbd64e04!0x117e04 ret ; 
[libmetasec_ml.so] 0x70fbd63738!0x116738 cbz w0, #0x70fbd63744; w0=0x0 
[libmetasec_ml.so] 0x70fbd63744!0x116744 add x2, x27, x21; x2=0x8 x27=0x73674114f3 x21=0x10f -> x2=0x7367411602 
[libmetasec_ml.so] 0x70fbd63748!0x116748 mov x0, x24; x0=0x0 x24=0x70fbec03f8 -> x0=0x70fbec03f8 
[libmetasec_ml.so] 0x70fbd6374c!0x11674c mov x1, x22; x1=0x72a7410a70 x22=0x72a7410a70 -> x1=0x72a7410a70 
[libmetasec_ml.so] 0x70fbd63750!0x116750 bl #0x70fbd63a04; 
[libmetasec_ml.so] 0x70fbd63a04!0x116a04 str x23, [sp, #-0x40]!; x23=0x2a45 sp=0x70d87c2990 mem_w=0x70d87c2950 -> sp=0x70d87c2950 
[libmetasec_ml.so] 0x70fbd63a08!0x116a08 stp x22, x21, [sp, #0x10]; x22=0x72a7410a70 x21=0x10f sp=0x70d87c2950 mem_w=0x70d87c2960 
[libmetasec_ml.so] 0x70fbd63a0c!0x116a0c stp x20, x19, [sp, #0x20]; x20=0x72a7410970 x19=0x48 sp=0x70d87c2950 mem_w=0x70d87c2970 
[libmetasec_ml.so] 0x70fbd63a10!0x116a10 stp x29, x30, [sp, #0x30]; fp=0x70d87c2a00 lr=0x70fbd63754 sp=0x70d87c2950 mem_w=0x70d87c2980 
[libmetasec_ml.so] 0x70fbd63a14!0x116a14 add x29, sp, #0x30; fp=0x70d87c2a00 sp=0x70d87c2950 -> fp=0x70d87c2980 
[libmetasec_ml.so] 0x70fbd63a18!0x116a18 mov x19, x0; x19=0x48 x0=0x70fbec03f8 -> x19=0x70fbec03f8 
[libmetasec_ml.so] 0x70fbd63a1c!0x116a1c ldr w0, [x0, #8]; w0=0xfbec03f8 x0=0x70fbec03f8 mem_r=0x70fbec0400 -> w0=0x25 
[libmetasec_ml.so] 0x70fbd63a20!0x116a20 mov x21, x1; x21=0x10f x1=0x72a7410a70 -> x21=0x72a7410a70 
[libmetasec_ml.so] 0x70fbd63a24!0x116a24 mov x1, x2; x1=0x72a7410a70 x2=0x7367411602 -> x1=0x7367411602 
[libmetasec_ml.so] 0x70fbd63a28!0x116a28 mov x20, x2; x20=0x72a7410970 x2=0x7367411602 -> x20=0x7367411602 
[libmetasec_ml.so] 0x70fbd63a2c!0x116a2c bl #0x70fbd64e38; 
[libmetasec_ml.so] 0x70fbd64e38!0x117e38 lsr w8, w0, #0x1d; w8=0x21 w0=0x25 -> w8=0x0 
[libmetasec_ml.so] 0x70fbd64e3c!0x117e3c cbnz w8, #0x70fbd64e48; w8=0x0 
[libmetasec_ml.so] 0x70fbd64e40!0x117e40 lsl w0, w0, #3; w0=0x25 w0=0x25 -> w0=0x128 
[libmetasec_ml.so] 0x70fbd64e44!0x117e44 b #0x70fbd64eb8; 
[libmetasec_ml.so] 0x70fbd64eb8!0x117eb8 cmp w0, #0x80; w0=0x128 -> w0=0x128 
[libmetasec_ml.so] 0x70fbd64ebc!0x117ebc b.lo #0x70fbd64f0c; 
[libmetasec_ml.so] 0x70fbd64ec0!0x117ec0 orr w8, w0, #0x80; w8=0x0 w0=0x128 -> w8=0x1a8 
[libmetasec_ml.so] 0x70fbd64ec4!0x117ec4 cmp w0, #4, lsl #12; w0=0x128 -> w0=0x128 
[libmetasec_ml.so] 0x70fbd64ec8!0x117ec8 strb w8, [x1]; w8=0x1a8 x1=0x7367411602 mem_w=0x7367411602 
[libmetasec_ml.so] 0x70fbd64ecc!0x117ecc lsr w8, w0, #7; w8=0x1a8 w0=0x128 -> w8=0x2 
[libmetasec_ml.so] 0x70fbd64ed0!0x117ed0 b.lo #0x70fbd64f14; 
[libmetasec_ml.so] 0x70fbd64f14!0x117f14 mov w9, #1; w9=0xfbe42623 -> w9=0x1 
[libmetasec_ml.so] 0x70fbd64f18!0x117f18 b #0x70fbd64f28; 
[libmetasec_ml.so] 0x70fbd64f28!0x117f28 mov w0, w8; w0=0x128 w8=0x2 -> w0=0x2 
[libmetasec_ml.so] 0x70fbd64f2c!0x117f2c add w8, w9, #1; w8=0x2 w9=0x1 -> w8=0x2 
[libmetasec_ml.so] 0x70fbd64f30!0x117f30 strb w0, [x1, w9, uxtw]; w0=0x2 x1=0x7367411602 w9=0x1 mem_w=0x7367411603 
[libmetasec_ml.so] 0x70fbd64f34!0x117f34 mov x0, x8; x0=0x2 x8=0x2 -> x0=0x2 
[libmetasec_ml.so] 0x70fbd64f38!0x117f38 ret ; 
[libmetasec_ml.so] 0x70fbd63a30!0x116a30 ldr w8, [x19, #0x10]; w8=0x2 x19=0x70fbec03f8 mem_r=0x70fbec0408 -> w8=0xe 
[libmetasec_ml.so] 0x70fbd63a34!0x116a34 cmp w8, #0x10; w8=0xe -> w8=0xe 
[libmetasec_ml.so] 0x70fbd63a38!0x116a38 b.hi #0x70fbd63abc; 
[libmetasec_ml.so] 0x70fbd63a3c!0x116a3c adrp x9, #0x70fbe42000; x9=0x1 -> x9=0x70fbe42000 
[libmetasec_ml.so] 0x70fbd63a40!0x116a40 add x9, x9, #0x5d4; x9=0x70fbe42000 x9=0x70fbe42000 -> x9=0x70fbe425d4 
[libmetasec_ml.so] 0x70fbd63a44!0x116a44 adr x10, #0x70fbd63a58; x10=0x70fbd64e20 -> x10=0x70fbd63a58 
[libmetasec_ml.so] 0x70fbd63a48!0x116a48 ldrb w11, [x9, x8]; w11=0xd x9=0x70fbe425d4 x8=0xe mem_r=0x70fbe425e2 -> w11=0x2e 
[libmetasec_ml.so] 0x70fbd63a4c!0x116a4c add x10, x10, x11, lsl #2; x10=0x70fbd63a58 x10=0x70fbd63a58 x11=0x2e -> x10=0x70fbd63b10 
[libmetasec_ml.so] 0x70fbd63a50!0x116a50 mov x19, x0; x19=0x70fbec03f8 x0=0x2 -> x19=0x2 
[libmetasec_ml.so] 0x70fbd63a54!0x116a54 br x10; x10=0x70fbd63b10 
[libmetasec_ml.so] 0x70fbd63b10!0x116b10 ldrb w8, [x20]; w8=0xe x20=0x7367411602 mem_r=0x7367411602 -> w8=0xa8 
[libmetasec_ml.so] 0x70fbd63b14!0x116b14 orr w8, w8, #2; w8=0xa8 w8=0xa8 -> w8=0xaa 
[libmetasec_ml.so] 0x70fbd63b18!0x116b18 strb w8, [x20]; w8=0xaa x20=0x7367411602 mem_w=0x7367411602 
[libmetasec_ml.so] 0x70fbd63b1c!0x116b1c ldr x21, [x21]; x21=0x72a7410a70 x21=0x72a7410a70 mem_r=0x72a7410a70 -> x21=0x74472b3ed0 
[libmetasec_ml.so] 0x70fbd63b20!0x116b20 add x20, x20, x19; x20=0x7367411602 x20=0x7367411602 x19=0x2 -> x20=0x7367411604 
[libmetasec_ml.so] 0x70fbd63b24!0x116b24 cbz x21, #0x70fbd63bf0; x21=0x74472b3ed0 
[libmetasec_ml.so] 0x70fbd63b28!0x116b28 mov x0, x21; x0=0x2 x21=0x74472b3ed0 -> x0=0x74472b3ed0 
[libmetasec_ml.so] 0x70fbd63b2c!0x116b2c bl #0x70fbc80b40; 
[libmetasec_ml.so] 0x70fbc80b40!0x33b40 adrp x16, #0x70fbec9000; x16=0x70fbec9998 -> x16=0x70fbec9000 
[libmetasec_ml.so] 0x70fbc80b44!0x33b44 ldr x17, [x16, #0xa28]; x17=0x75402d9c80 x16=0x70fbec9000 mem_r=0x70fbec9a28 -> x17=0x75402dab00 
[libmetasec_ml.so] 0x70fbc80b48!0x33b48 add x16, x16, #0xa28; x16=0x70fbec9000 x16=0x70fbec9000 -> x16=0x70fbec9a28 
[libmetasec_ml.so] 0x70fbc80b4c!0x33b4c br x17; x17=0x75402dab00 
call func: __strlen_aarch64(0x74472b3ed0)
args0: !notset!
ret: 0x8
[libmetasec_ml.so] 0x70fbd63b30!0x116b30 mov x1, x20; x1=0x7367411602 x20=0x7367411604 -> x1=0x7367411604 
[libmetasec_ml.so] 0x70fbd63b34!0x116b34 mov x22, x0; x22=0x72a7410a70 x0=0x8 -> x22=0x8 
[libmetasec_ml.so] 0x70fbd63b38!0x116b38 bl #0x70fbd64eb8; 
[libmetasec_ml.so] 0x70fbd64eb8!0x117eb8 cmp w0, #0x80; w0=0x8 -> w0=0x8 
[libmetasec_ml.so] 0x70fbd64ebc!0x117ebc b.lo #0x70fbd64f0c; 
[libmetasec_ml.so] 0x70fbd64f0c!0x117f0c mov w9, wzr; w9=0xfbe425d4 -> w9=0x0 
[libmetasec_ml.so] 0x70fbd64f10!0x117f10 b #0x70fbd64f2c; 
[libmetasec_ml.so] 0x70fbd64f2c!0x117f2c add w8, w9, #1; w8=0x1010101 w9=0x0 -> w8=0x1 
[libmetasec_ml.so] 0x70fbd64f30!0x117f30 strb w0, [x1, w9, uxtw]; w0=0x8 x1=0x7367411604 w9=0x0 mem_w=0x7367411604 
[libmetasec_ml.so] 0x70fbd64f34!0x117f34 mov x0, x8; x0=0x8 x8=0x1 -> x0=0x1 
[libmetasec_ml.so] 0x70fbd64f38!0x117f38 ret ; 
[libmetasec_ml.so] 0x70fbd63b3c!0x116b3c mov x23, x0; x23=0x2a45 x0=0x1 -> x23=0x1 
[libmetasec_ml.so] 0x70fbd63b40!0x116b40 add x0, x20, x0; x0=0x1 x20=0x7367411604 x0=0x1 -> x0=0x7367411605 
[libmetasec_ml.so] 0x70fbd63b44!0x116b44 mov x1, x21; x1=0x7367411604 x21=0x74472b3ed0 -> x1=0x74472b3ed0 
[libmetasec_ml.so] 0x70fbd63b48!0x116b48 mov x2, x22; x2=0x21746573746f6e21 x22=0x8 -> x2=0x8 
[libmetasec_ml.so] 0x70fbd63b4c!0x116b4c bl #0x70fbc80a20; 
[libmetasec_ml.so] 0x70fbc80a20!0x33a20 adrp x16, #0x70fbec9000; x16=0x70fbec9a28 -> x16=0x70fbec9000 
[libmetasec_ml.so] 0x70fbc80a24!0x33a24 ldr x17, [x16, #0x998]; x17=0x75402dab00 x16=0x70fbec9000 mem_r=0x70fbec9998 -> x17=0x75402d9c80 
[libmetasec_ml.so] 0x70fbc80a28!0x33a28 add x16, x16, #0x998; x16=0x70fbec9000 x16=0x70fbec9000 -> x16=0x70fbec9998 
[libmetasec_ml.so] 0x70fbc80a2c!0x33a2c br x17; x17=0x75402d9c80 
call func: __memcpy_aarch64_simd(0x7367411605, 0x74472b3ed0, 0x8)
hexdump at address 0x74472b3ed0 with length 0x8:
74472b3ed0: 21 6e 6f 74 73 65 74 21                         |!notset!        |
ret: 0x7367411605
[libmetasec_ml.so] 0x70fbd63b50!0x116b50 add x8, x23, x22; x8=0x1 x23=0x1 x22=0x8 -> x8=0x9 
[libmetasec_ml.so] 0x70fbd63b54!0x116b54 b #0x70fbd63bf8; 
[libmetasec_ml.so] 0x70fbd63bf8!0x116bf8 add x0, x8, x19; x0=0x7367411605 x8=0x9 x19=0x2 -> x0=0xb 
[libmetasec_ml.so] 0x70fbd63bfc!0x116bfc ldp x29, x30, [sp, #0x30]; fp=0x70d87c2980 lr=0x70fbd63b50 sp=0x70d87c2950 mem_r=0x70d87c2980 -> fp=0x70d87c2a00 lr=0x70fbd63754 
[libmetasec_ml.so] 0x70fbd63c00!0x116c00 ldp x20, x19, [sp, #0x20]; x20=0x7367411604 x19=0x2 sp=0x70d87c2950 mem_r=0x70d87c2970 -> x20=0x72a7410970 x19=0x48 
[libmetasec_ml.so] 0x70fbd63c04!0x116c04 ldp x22, x21, [sp, #0x10]; x22=0x8 x21=0x74472b3ed0 sp=0x70d87c2950 mem_r=0x70d87c2960 -> x22=0x72a7410a70 x21=0x10f 
[libmetasec_ml.so] 0x70fbd63c08!0x116c08 ldr x23, [sp], #0x40; x23=0x1 sp=0x70d87c2950 mem_r=0x70d87c2950 -> x23=0x2a45 
[libmetasec_ml.so] 0x70fbd63c0c!0x116c0c ret ; 
[libmetasec_ml.so] 0x70fbd63754!0x116754 mov x25, x0; x25=0xb x0=0xb -> x25=0xb 
[libmetasec_ml.so] 0x70fbd63758!0x116758 b #0x70fbd63940; 
[libmetasec_ml.so] 0x70fbd63940!0x116940 add x21, x25, x21; x21=0x10f x25=0xb x21=0x10f -> x21=0x11a 
[libmetasec_ml.so] 0x70fbd63944!0x116944 add x28, x28, #1; x28=0x24 x28=0x24 -> x28=0x25 
[libmetasec_ml.so] 0x70fbd63948!0x116948 b #0x70fbd635f0; 
[libmetasec_ml.so] 0x70fbd635f0!0x1165f0 ldr x8, [x20]; x8=0x9 x20=0x72a7410970 mem_r=0x72a7410970 -> x8=0x70fbebec78 
[libmetasec_ml.so] 0x70fbd635f4!0x1165f4 ldr w9, [x8, #0x30]; w9=0x0 x8=0x70fbebec78 mem_r=0x70fbebeca8 -> w9=0x28 
[libmetasec_ml.so] 0x70fbd635f8!0x1165f8 cmp x28, x9; x28=0x25 x9=0x28 -> x28=0x25 
[libmetasec_ml.so] 0x70fbd635fc!0x1165fc b.hs #0x70fbd6397c; 
[libmetasec_ml.so] 0x70fbd63600!0x116600 ldr x8, [x8, #0x38]; x8=0x70fbebec78 x8=0x70fbebec78 mem_r=0x70fbebecb0 -> x8=0x70fbebf9d8 
[libmetasec_ml.so] 0x70fbd63604!0x116604 nop ; 
[libmetasec_ml.so] 0x70fbd63608!0x116608 madd x24, x28, x19, x8; x24=0x70fbec03f8 x28=0x25 x19=0x48 x8=0x70fbebf9d8 -> x24=0x70fbec0440 
[libmetasec_ml.so] 0x70fbd6360c!0x11660c ldr w9, [x24, #0x18]; w9=0x28 x24=0x70fbec0440 mem_r=0x70fbec0458 -> w9=0x108 
[libmetasec_ml.so] 0x70fbd63610!0x116610 ldr w11, [x24, #0xc]; w11=0x2e x24=0x70fbec0440 mem_r=0x70fbec044c -> w11=0x3 
[libmetasec_ml.so] 0x70fbd63614!0x116614 add x22, x20, x9; x22=0x72a7410a70 x20=0x72a7410970 x9=0x108 -> x22=0x72a7410a78 
[libmetasec_ml.so] 0x70fbd63618!0x116618 cbz w11, #0x70fbd63744; w11=0x3 
[libmetasec_ml.so] 0x70fbd6361c!0x11661c ldr w9, [x24, #0x14]; w9=0x108 x24=0x70fbec0440 mem_r=0x70fbec0454 -> w9=0x0 
[libmetasec_ml.so] 0x70fbd63620!0x116620 cmp w11, #1; w11=0x3 -> w11=0x3 
[libmetasec_ml.so] 0x70fbd63624!0x116624 madd x10, x28, x19, x8; x10=0x70fbd63b10 x28=0x25 x19=0x48 x8=0x70fbebf9d8 -> x10=0x70fbec0440 
[libmetasec_ml.so] 0x70fbd63628!0x116628 ccmp w11, #3, #4, ne; w11=0x3 
[libmetasec_ml.so] 0x70fbd6362c!0x11662c b.ne #0x70fbd63668; 
[libmetasec_ml.so] 0x70fbd63630!0x116630 ldr w10, [x10, #0x30]; w10=0xfbec0440 x10=0x70fbec0440 mem_r=0x70fbec0470 -> w10=0x0 
[libmetasec_ml.so] 0x70fbd63634!0x116634 tbnz w10, #2, #0x70fbd636a0; w10=0x0 
[libmetasec_ml.so] 0x70fbd63638!0x116638 cmp w11, #3; w11=0x3 -> w11=0x3 
[libmetasec_ml.so] 0x70fbd6363c!0x11663c b.eq #0x70fbd6372c; 
[libmetasec_ml.so] 0x70fbd6372c!0x11672c mov x0, x24; x0=0xb x24=0x70fbec0440 -> x0=0x70fbec0440 
[libmetasec_ml.so] 0x70fbd63730!0x116730 mov x1, x22; x1=0x74472b3ed0 x22=0x72a7410a78 -> x1=0x72a7410a78 
[libmetasec_ml.so] 0x70fbd63734!0x116734 bl #0x70fbd64dc8; 
[libmetasec_ml.so] 0x70fbd64dc8!0x117dc8 ldr w8, [x0, #0x10]; w8=0xfbebf9d8 x0=0x70fbec0440 mem_r=0x70fbec0450 -> w8=0x4 
[libmetasec_ml.so] 0x70fbd64dcc!0x117dcc cmp w8, #0x10; w8=0x4 -> w8=0x4 
[libmetasec_ml.so] 0x70fbd64dd0!0x117dd0 b.hi #0x70fbd64e30; 
[libmetasec_ml.so] 0x70fbd64dd4!0x117dd4 adrp x9, #0x70fbe42000; x9=0x0 -> x9=0x70fbe42000 
[libmetasec_ml.so] 0x70fbd64dd8!0x117dd8 add x9, x9, #0x623; x9=0x70fbe42000 x9=0x70fbe42000 -> x9=0x70fbe42623 
[libmetasec_ml.so] 0x70fbd64ddc!0x117ddc adr x10, #0x70fbd64dec; x10=0x0 -> x10=0x70fbd64dec 
[libmetasec_ml.so] 0x70fbd64de0!0x117de0 ldrb w11, [x9, x8]; w11=0x3 x9=0x70fbe42623 x8=0x4 mem_r=0x70fbe42627 -> w11=0x3 
[libmetasec_ml.so] 0x70fbd64de4!0x117de4 add x10, x10, x11, lsl #2; x10=0x70fbd64dec x10=0x70fbd64dec x11=0x3 -> x10=0x70fbd64df8 
[libmetasec_ml.so] 0x70fbd64de8!0x117de8 br x10; x10=0x70fbd64df8 
[libmetasec_ml.so] 0x70fbd64df8!0x117df8 ldr x8, [x1]; x8=0x4 x1=0x72a7410a78 mem_r=0x72a7410a78 -> x8=0xfffffffffff0bdc1 
[libmetasec_ml.so] 0x70fbd64dfc!0x117dfc cmp x8, #0; x8=0xfffffffffff0bdc1 -> x8=0xfffffffffff0bdc1 
[libmetasec_ml.so] 0x70fbd64e00!0x117e00 cset w0, eq; w0=0xfbec0440 -> w0=0x0 
[libmetasec_ml.so] 0x70fbd64e04!0x117e04 ret ; 
[libmetasec_ml.so] 0x70fbd63738!0x116738 cbz w0, #0x70fbd63744; w0=0x0 
[libmetasec_ml.so] 0x70fbd63744!0x116744 add x2, x27, x21; x2=0x8 x27=0x73674114f3 x21=0x11a -> x2=0x736741160d 
[libmetasec_ml.so] 0x70fbd63748!0x116748 mov x0, x24; x0=0x0 x24=0x70fbec0440 -> x0=0x70fbec0440 
[libmetasec_ml.so] 0x70fbd6374c!0x11674c mov x1, x22; x1=0x72a7410a78 x22=0x72a7410a78 -> x1=0x72a7410a78 
[libmetasec_ml.so] 0x70fbd63750!0x116750 bl #0x70fbd63a04; 
[libmetasec_ml.so] 0x70fbd63a04!0x116a04 str x23, [sp, #-0x40]!; x23=0x2a45 sp=0x70d87c2990 mem_w=0x70d87c2950 -> sp=0x70d87c2950 
[libmetasec_ml.so] 0x70fbd63a08!0x116a08 stp x22, x21, [sp, #0x10]; x22=0x72a7410a78 x21=0x11a sp=0x70d87c2950 mem_w=0x70d87c2960 
[libmetasec_ml.so] 0x70fbd63a0c!0x116a0c stp x20, x19, [sp, #0x20]; x20=0x72a7410970 x19=0x48 sp=0x70d87c2950 mem_w=0x70d87c2970 
[libmetasec_ml.so] 0x70fbd63a10!0x116a10 stp x29, x30, [sp, #0x30]; fp=0x70d87c2a00 lr=0x70fbd63754 sp=0x70d87c2950 mem_w=0x70d87c2980 
[libmetasec_ml.so] 0x70fbd63a14!0x116a14 add x29, sp, #0x30; fp=0x70d87c2a00 sp=0x70d87c2950 -> fp=0x70d87c2980 
[libmetasec_ml.so] 0x70fbd63a18!0x116a18 mov x19, x0; x19=0x48 x0=0x70fbec0440 -> x19=0x70fbec0440 
[libmetasec_ml.so] 0x70fbd63a1c!0x116a1c ldr w0, [x0, #8]; w0=0xfbec0440 x0=0x70fbec0440 mem_r=0x70fbec0448 -> w0=0x26 
[libmetasec_ml.so] 0x70fbd63a20!0x116a20 mov x21, x1; x21=0x11a x1=0x72a7410a78 -> x21=0x72a7410a78 
[libmetasec_ml.so] 0x70fbd63a24!0x116a24 mov x1, x2; x1=0x72a7410a78 x2=0x736741160d -> x1=0x736741160d 
[libmetasec_ml.so] 0x70fbd63a28!0x116a28 mov x20, x2; x20=0x72a7410970 x2=0x736741160d -> x20=0x736741160d 
[libmetasec_ml.so] 0x70fbd63a2c!0x116a2c bl #0x70fbd64e38; 
[libmetasec_ml.so] 0x70fbd64e38!0x117e38 lsr w8, w0, #0x1d; w8=0xfff0bdc1 w0=0x26 -> w8=0x0 
[libmetasec_ml.so] 0x70fbd64e3c!0x117e3c cbnz w8, #0x70fbd64e48; w8=0x0 
[libmetasec_ml.so] 0x70fbd64e40!0x117e40 lsl w0, w0, #3; w0=0x26 w0=0x26 -> w0=0x130 
[libmetasec_ml.so] 0x70fbd64e44!0x117e44 b #0x70fbd64eb8; 
[libmetasec_ml.so] 0x70fbd64eb8!0x117eb8 cmp w0, #0x80; w0=0x130 -> w0=0x130 
[libmetasec_ml.so] 0x70fbd64ebc!0x117ebc b.lo #0x70fbd64f0c; 
[libmetasec_ml.so] 0x70fbd64ec0!0x117ec0 orr w8, w0, #0x80; w8=0x0 w0=0x130 -> w8=0x1b0 
[libmetasec_ml.so] 0x70fbd64ec4!0x117ec4 cmp w0, #4, lsl #12; w0=0x130 -> w0=0x130 
[libmetasec_ml.so] 0x70fbd64ec8!0x117ec8 strb w8, [x1]; w8=0x1b0 x1=0x736741160d mem_w=0x736741160d 
[libmetasec_ml.so] 0x70fbd64ecc!0x117ecc lsr w8, w0, #7; w8=0x1b0 w0=0x130 -> w8=0x2 
[libmetasec_ml.so] 0x70fbd64ed0!0x117ed0 b.lo #0x70fbd64f14; 
[libmetasec_ml.so] 0x70fbd64f14!0x117f14 mov w9, #1; w9=0xfbe42623 -> w9=0x1 
[libmetasec_ml.so] 0x70fbd64f18!0x117f18 b #0x70fbd64f28; 
[libmetasec_ml.so] 0x70fbd64f28!0x117f28 mov w0, w8; w0=0x130 w8=0x2 -> w0=0x2 
[libmetasec_ml.so] 0x70fbd64f2c!0x117f2c add w8, w9, #1; w8=0x2 w9=0x1 -> w8=0x2 
[libmetasec_ml.so] 0x70fbd64f30!0x117f30 strb w0, [x1, w9, uxtw]; w0=0x2 x1=0x736741160d w9=0x1 mem_w=0x736741160e 
[libmetasec_ml.so] 0x70fbd64f34!0x117f34 mov x0, x8; x0=0x2 x8=0x2 -> x0=0x2 
[libmetasec_ml.so] 0x70fbd64f38!0x117f38 ret ; 
[libmetasec_ml.so] 0x70fbd63a30!0x116a30 ldr w8, [x19, #0x10]; w8=0x2 x19=0x70fbec0440 mem_r=0x70fbec0450 -> w8=0x4 
[libmetasec_ml.so] 0x70fbd63a34!0x116a34 cmp w8, #0x10; w8=0x4 -> w8=0x4 
[libmetasec_ml.so] 0x70fbd63a38!0x116a38 b.hi #0x70fbd63abc; 
[libmetasec_ml.so] 0x70fbd63a3c!0x116a3c adrp x9, #0x70fbe42000; x9=0x1 -> x9=0x70fbe42000 
[libmetasec_ml.so] 0x70fbd63a40!0x116a40 add x9, x9, #0x5d4; x9=0x70fbe42000 x9=0x70fbe42000 -> x9=0x70fbe425d4 
[libmetasec_ml.so] 0x70fbd63a44!0x116a44 adr x10, #0x70fbd63a58; x10=0x70fbd64df8 -> x10=0x70fbd63a58 
[libmetasec_ml.so] 0x70fbd63a48!0x116a48 ldrb w11, [x9, x8]; w11=0x3 x9=0x70fbe425d4 x8=0x4 mem_r=0x70fbe425d8 -> w11=0x1f 
[libmetasec_ml.so] 0x70fbd63a4c!0x116a4c add x10, x10, x11, lsl #2; x10=0x70fbd63a58 x10=0x70fbd63a58 x11=0x1f -> x10=0x70fbd63ad4 
[libmetasec_ml.so] 0x70fbd63a50!0x116a50 mov x19, x0; x19=0x70fbec0440 x0=0x2 -> x19=0x2 
[libmetasec_ml.so] 0x70fbd63a54!0x116a54 br x10; x10=0x70fbd63ad4 
[libmetasec_ml.so] 0x70fbd63ad4!0x116ad4 ldr x0, [x21]; x0=0x2 x21=0x72a7410a78 mem_r=0x72a7410a78 -> x0=0xfffffffffff0bdc1 
[libmetasec_ml.so] 0x70fbd63ad8!0x116ad8 add x1, x20, x19; x1=0x736741160d x20=0x736741160d x19=0x2 -> x1=0x736741160f 
[libmetasec_ml.so] 0x70fbd63adc!0x116adc bl #0x70fbd64f3c; 
[libmetasec_ml.so] 0x70fbd64f3c!0x117f3c lsl x8, x0, #1; x8=0x4 x0=0xfffffffffff0bdc1 -> x8=0xffffffffffe17b82 
[libmetasec_ml.so] 0x70fbd64f40!0x117f40 eor x0, x8, x0, asr #63; x0=0xfffffffffff0bdc1 x8=0xffffffffffe17b82 x0=0xfffffffffff0bdc1 -> x0=0x1e847d 
[libmetasec_ml.so] 0x70fbd64f44!0x117f44 b #0x70fbd64f48; 
[libmetasec_ml.so] 0x70fbd64f48!0x117f48 lsr x8, x0, #0x20; x8=0xffffffffffe17b82 x0=0x1e847d -> x8=0x0 
[libmetasec_ml.so] 0x70fbd64f4c!0x117f4c cbz w8, #0x70fbd64f94; w8=0x0 
[libmetasec_ml.so] 0x70fbd64f94!0x117f94 b #0x70fbd64eb8; 
[libmetasec_ml.so] 0x70fbd64eb8!0x117eb8 cmp w0, #0x80; w0=0x1e847d -> w0=0x1e847d 
[libmetasec_ml.so] 0x70fbd64ebc!0x117ebc b.lo #0x70fbd64f0c; 
[libmetasec_ml.so] 0x70fbd64ec0!0x117ec0 orr w8, w0, #0x80; w8=0x0 w0=0x1e847d -> w8=0x1e84fd 
[libmetasec_ml.so] 0x70fbd64ec4!0x117ec4 cmp w0, #4, lsl #12; w0=0x1e847d -> w0=0x1e847d 
[libmetasec_ml.so] 0x70fbd64ec8!0x117ec8 strb w8, [x1]; w8=0x1e84fd x1=0x736741160f mem_w=0x736741160f 
[libmetasec_ml.so] 0x70fbd64ecc!0x117ecc lsr w8, w0, #7; w8=0x1e84fd w0=0x1e847d -> w8=0x3d08 
[libmetasec_ml.so] 0x70fbd64ed0!0x117ed0 b.lo #0x70fbd64f14; 
[libmetasec_ml.so] 0x70fbd64ed4!0x117ed4 orr w8, w8, #0x80; w8=0x3d08 w8=0x3d08 -> w8=0x3d88 
[libmetasec_ml.so] 0x70fbd64ed8!0x117ed8 cmp w0, #0x200, lsl #12; w0=0x1e847d -> w0=0x1e847d 
[libmetasec_ml.so] 0x70fbd64edc!0x117edc strb w8, [x1, #1]; w8=0x3d88 x1=0x736741160f mem_w=0x7367411610 
[libmetasec_ml.so] 0x70fbd64ee0!0x117ee0 lsr w8, w0, #0xe; w8=0x3d88 w0=0x1e847d -> w8=0x7a 
[libmetasec_ml.so] 0x70fbd64ee4!0x117ee4 b.lo #0x70fbd64f1c; 
[libmetasec_ml.so] 0x70fbd64f1c!0x117f1c mov w9, #2; w9=0xfbe425d4 -> w9=0x2 
[libmetasec_ml.so] 0x70fbd64f20!0x117f20 b #0x70fbd64f28; 
[libmetasec_ml.so] 0x70fbd64f28!0x117f28 mov w0, w8; w0=0x1e847d w8=0x7a -> w0=0x7a 
[libmetasec_ml.so] 0x70fbd64f2c!0x117f2c add w8, w9, #1; w8=0x7a w9=0x2 -> w8=0x3 
[libmetasec_ml.so] 0x70fbd64f30!0x117f30 strb w0, [x1, w9, uxtw]; w0=0x7a x1=0x736741160f w9=0x2 mem_w=0x7367411611 
[libmetasec_ml.so] 0x70fbd64f34!0x117f34 mov x0, x8; x0=0x7a x8=0x3 -> x0=0x3 
[libmetasec_ml.so] 0x70fbd64f38!0x117f38 ret ; 
[libmetasec_ml.so] 0x70fbd63ae0!0x116ae0 b #0x70fbd63af0; 
[libmetasec_ml.so] 0x70fbd63af0!0x116af0 add x0, x0, x19; x0=0x3 x0=0x3 x19=0x2 -> x0=0x5 
[libmetasec_ml.so] 0x70fbd63af4!0x116af4 b #0x70fbd63bfc; 
[libmetasec_ml.so] 0x70fbd63bfc!0x116bfc ldp x29, x30, [sp, #0x30]; fp=0x70d87c2980 lr=0x70fbd63ae0 sp=0x70d87c2950 mem_r=0x70d87c2980 -> fp=0x70d87c2a00 lr=0x70fbd63754 
[libmetasec_ml.so] 0x70fbd63c00!0x116c00 ldp x20, x19, [sp, #0x20]; x20=0x736741160d x19=0x2 sp=0x70d87c2950 mem_r=0x70d87c2970 -> x20=0x72a7410970 x19=0x48 
[libmetasec_ml.so] 0x70fbd63c04!0x116c04 ldp x22, x21, [sp, #0x10]; x22=0x72a7410a78 x21=0x72a7410a78 sp=0x70d87c2950 mem_r=0x70d87c2960 -> x22=0x72a7410a78 x21=0x11a 
[libmetasec_ml.so] 0x70fbd63c08!0x116c08 ldr x23, [sp], #0x40; x23=0x2a45 sp=0x70d87c2950 mem_r=0x70d87c2950 -> x23=0x2a45 
[libmetasec_ml.so] 0x70fbd63c0c!0x116c0c ret ; 
[libmetasec_ml.so] 0x70fbd63754!0x116754 mov x25, x0; x25=0xb x0=0x5 -> x25=0x5 
[libmetasec_ml.so] 0x70fbd63758!0x116758 b #0x70fbd63940; 
[libmetasec_ml.so] 0x70fbd63940!0x116940 add x21, x25, x21; x21=0x11a x25=0x5 x21=0x11a -> x21=0x11f 
[libmetasec_ml.so] 0x70fbd63944!0x116944 add x28, x28, #1; x28=0x25 x28=0x25 -> x28=0x26 
[libmetasec_ml.so] 0x70fbd63948!0x116948 b #0x70fbd635f0; 
[libmetasec_ml.so] 0x70fbd635f0!0x1165f0 ldr x8, [x20]; x8=0x3 x20=0x72a7410970 mem_r=0x72a7410970 -> x8=0x70fbebec78 
[libmetasec_ml.so] 0x70fbd635f4!0x1165f4 ldr w9, [x8, #0x30]; w9=0x2 x8=0x70fbebec78 mem_r=0x70fbebeca8 -> w9=0x28 
[libmetasec_ml.so] 0x70fbd635f8!0x1165f8 cmp x28, x9; x28=0x26 x9=0x28 -> x28=0x26 
[libmetasec_ml.so] 0x70fbd635fc!0x1165fc b.hs #0x70fbd6397c; 
[libmetasec_ml.so] 0x70fbd63600!0x116600 ldr x8, [x8, #0x38]; x8=0x70fbebec78 x8=0x70fbebec78 mem_r=0x70fbebecb0 -> x8=0x70fbebf9d8 
[libmetasec_ml.so] 0x70fbd63604!0x116604 nop ; 
[libmetasec_ml.so] 0x70fbd63608!0x116608 madd x24, x28, x19, x8; x24=0x70fbec0440 x28=0x26 x19=0x48 x8=0x70fbebf9d8 -> x24=0x70fbec0488 
[libmetasec_ml.so] 0x70fbd6360c!0x11660c ldr w9, [x24, #0x18]; w9=0x28 x24=0x70fbec0488 mem_r=0x70fbec04a0 -> w9=0x110 
[libmetasec_ml.so] 0x70fbd63610!0x116610 ldr w11, [x24, #0xc]; w11=0x1f x24=0x70fbec0488 mem_r=0x70fbec0494 -> w11=0x3 
[libmetasec_ml.so] 0x70fbd63614!0x116614 add x22, x20, x9; x22=0x72a7410a78 x20=0x72a7410970 x9=0x110 -> x22=0x72a7410a80 
[libmetasec_ml.so] 0x70fbd63618!0x116618 cbz w11, #0x70fbd63744; w11=0x3 
[libmetasec_ml.so] 0x70fbd6361c!0x11661c ldr w9, [x24, #0x14]; w9=0x110 x24=0x70fbec0488 mem_r=0x70fbec049c -> w9=0x0 
[libmetasec_ml.so] 0x70fbd63620!0x116620 cmp w11, #1; w11=0x3 -> w11=0x3 
[libmetasec_ml.so] 0x70fbd63624!0x116624 madd x10, x28, x19, x8; x10=0x70fbd63ad4 x28=0x26 x19=0x48 x8=0x70fbebf9d8 -> x10=0x70fbec0488 
[libmetasec_ml.so] 0x70fbd63628!0x116628 ccmp w11, #3, #4, ne; w11=0x3 
[libmetasec_ml.so] 0x70fbd6362c!0x11662c b.ne #0x70fbd63668; 
[libmetasec_ml.so] 0x70fbd63630!0x116630 ldr w10, [x10, #0x30]; w10=0xfbec0488 x10=0x70fbec0488 mem_r=0x70fbec04b8 -> w10=0x0 
[libmetasec_ml.so] 0x70fbd63634!0x116634 tbnz w10, #2, #0x70fbd636a0; w10=0x0 
[libmetasec_ml.so] 0x70fbd63638!0x116638 cmp w11, #3; w11=0x3 -> w11=0x3 
[libmetasec_ml.so] 0x70fbd6363c!0x11663c b.eq #0x70fbd6372c; 
[libmetasec_ml.so] 0x70fbd6372c!0x11672c mov x0, x24; x0=0x5 x24=0x70fbec0488 -> x0=0x70fbec0488 
[libmetasec_ml.so] 0x70fbd63730!0x116730 mov x1, x22; x1=0x736741160f x22=0x72a7410a80 -> x1=0x72a7410a80 
[libmetasec_ml.so] 0x70fbd63734!0x116734 bl #0x70fbd64dc8; 
[libmetasec_ml.so] 0x70fbd64dc8!0x117dc8 ldr w8, [x0, #0x10]; w8=0xfbebf9d8 x0=0x70fbec0488 mem_r=0x70fbec0498 -> w8=0xf 
[libmetasec_ml.so] 0x70fbd64dcc!0x117dcc cmp w8, #0x10; w8=0xf -> w8=0xf 
[libmetasec_ml.so] 0x70fbd64dd0!0x117dd0 b.hi #0x70fbd64e30; 
[libmetasec_ml.so] 0x70fbd64dd4!0x117dd4 adrp x9, #0x70fbe42000; x9=0x0 -> x9=0x70fbe42000 
[libmetasec_ml.so] 0x70fbd64dd8!0x117dd8 add x9, x9, #0x623; x9=0x70fbe42000 x9=0x70fbe42000 -> x9=0x70fbe42623 
[libmetasec_ml.so] 0x70fbd64ddc!0x117ddc adr x10, #0x70fbd64dec; x10=0x0 -> x10=0x70fbd64dec 
[libmetasec_ml.so] 0x70fbd64de0!0x117de0 ldrb w11, [x9, x8]; w11=0x3 x9=0x70fbe42623 x8=0xf mem_r=0x70fbe42632 -> w11=0x3 
[libmetasec_ml.so] 0x70fbd64de4!0x117de4 add x10, x10, x11, lsl #2; x10=0x70fbd64dec x10=0x70fbd64dec x11=0x3 -> x10=0x70fbd64df8 
[libmetasec_ml.so] 0x70fbd64de8!0x117de8 br x10; x10=0x70fbd64df8 
[libmetasec_ml.so] 0x70fbd64df8!0x117df8 ldr x8, [x1]; x8=0xf x1=0x72a7410a80 mem_r=0x72a7410a80 -> x8=0x0 
[libmetasec_ml.so] 0x70fbd64dfc!0x117dfc cmp x8, #0; x8=0x0 -> x8=0x0 
[libmetasec_ml.so] 0x70fbd64e00!0x117e00 cset w0, eq; w0=0xfbec0488 -> w0=0x1 
[libmetasec_ml.so] 0x70fbd64e04!0x117e04 ret ; 
[libmetasec_ml.so] 0x70fbd63738!0x116738 cbz w0, #0x70fbd63744; w0=0x1 
[libmetasec_ml.so] 0x70fbd6373c!0x11673c mov x25, xzr; x25=0x5 -> x25=0x0 
[libmetasec_ml.so] 0x70fbd63740!0x116740 b #0x70fbd63940; 
[libmetasec_ml.so] 0x70fbd63940!0x116940 add x21, x25, x21; x21=0x11f x25=0x0 x21=0x11f -> x21=0x11f 
[libmetasec_ml.so] 0x70fbd63944!0x116944 add x28, x28, #1; x28=0x26 x28=0x26 -> x28=0x27 
[libmetasec_ml.so] 0x70fbd63948!0x116948 b #0x70fbd635f0; 
[libmetasec_ml.so] 0x70fbd635f0!0x1165f0 ldr x8, [x20]; x8=0x0 x20=0x72a7410970 mem_r=0x72a7410970 -> x8=0x70fbebec78 
[libmetasec_ml.so] 0x70fbd635f4!0x1165f4 ldr w9, [x8, #0x30]; w9=0xfbe42623 x8=0x70fbebec78 mem_r=0x70fbebeca8 -> w9=0x28 
[libmetasec_ml.so] 0x70fbd635f8!0x1165f8 cmp x28, x9; x28=0x27 x9=0x28 -> x28=0x27 
[libmetasec_ml.so] 0x70fbd635fc!0x1165fc b.hs #0x70fbd6397c; 
[libmetasec_ml.so] 0x70fbd63600!0x116600 ldr x8, [x8, #0x38]; x8=0x70fbebec78 x8=0x70fbebec78 mem_r=0x70fbebecb0 -> x8=0x70fbebf9d8 
[libmetasec_ml.so] 0x70fbd63604!0x116604 nop ; 
[libmetasec_ml.so] 0x70fbd63608!0x116608 madd x24, x28, x19, x8; x24=0x70fbec0488 x28=0x27 x19=0x48 x8=0x70fbebf9d8 -> x24=0x70fbec04d0 
[libmetasec_ml.so] 0x70fbd6360c!0x11660c ldr w9, [x24, #0x18]; w9=0x28 x24=0x70fbec04d0 mem_r=0x70fbec04e8 -> w9=0x120 
[libmetasec_ml.so] 0x70fbd63610!0x116610 ldr w11, [x24, #0xc]; w11=0x3 x24=0x70fbec04d0 mem_r=0x70fbec04dc -> w11=0x3 
[libmetasec_ml.so] 0x70fbd63614!0x116614 add x22, x20, x9; x22=0x72a7410a80 x20=0x72a7410970 x9=0x120 -> x22=0x72a7410a90 
[libmetasec_ml.so] 0x70fbd63618!0x116618 cbz w11, #0x70fbd63744; w11=0x3 
[libmetasec_ml.so] 0x70fbd6361c!0x11661c ldr w9, [x24, #0x14]; w9=0x120 x24=0x70fbec04d0 mem_r=0x70fbec04e4 -> w9=0x0 
[libmetasec_ml.so] 0x70fbd63620!0x116620 cmp w11, #1; w11=0x3 -> w11=0x3 
[libmetasec_ml.so] 0x70fbd63624!0x116624 madd x10, x28, x19, x8; x10=0x70fbd64df8 x28=0x27 x19=0x48 x8=0x70fbebf9d8 -> x10=0x70fbec04d0 
[libmetasec_ml.so] 0x70fbd63628!0x116628 ccmp w11, #3, #4, ne; w11=0x3 
[libmetasec_ml.so] 0x70fbd6362c!0x11662c b.ne #0x70fbd63668; 
[libmetasec_ml.so] 0x70fbd63630!0x116630 ldr w10, [x10, #0x30]; w10=0xfbec04d0 x10=0x70fbec04d0 mem_r=0x70fbec0500 -> w10=0x0 
[libmetasec_ml.so] 0x70fbd63634!0x116634 tbnz w10, #2, #0x70fbd636a0; w10=0x0 
[libmetasec_ml.so] 0x70fbd63638!0x116638 cmp w11, #3; w11=0x3 -> w11=0x3 
[libmetasec_ml.so] 0x70fbd6363c!0x11663c b.eq #0x70fbd6372c; 
[libmetasec_ml.so] 0x70fbd6372c!0x11672c mov x0, x24; x0=0x1 x24=0x70fbec04d0 -> x0=0x70fbec04d0 
[libmetasec_ml.so] 0x70fbd63730!0x116730 mov x1, x22; x1=0x72a7410a80 x22=0x72a7410a90 -> x1=0x72a7410a90 
[libmetasec_ml.so] 0x70fbd63734!0x116734 bl #0x70fbd64dc8; 
[libmetasec_ml.so] 0x70fbd64dc8!0x117dc8 ldr w8, [x0, #0x10]; w8=0xfbebf9d8 x0=0x70fbec04d0 mem_r=0x70fbec04e0 -> w8=0x4 
[libmetasec_ml.so] 0x70fbd64dcc!0x117dcc cmp w8, #0x10; w8=0x4 -> w8=0x4 
[libmetasec_ml.so] 0x70fbd64dd0!0x117dd0 b.hi #0x70fbd64e30; 
[libmetasec_ml.so] 0x70fbd64dd4!0x117dd4 adrp x9, #0x70fbe42000; x9=0x0 -> x9=0x70fbe42000 
[libmetasec_ml.so] 0x70fbd64dd8!0x117dd8 add x9, x9, #0x623; x9=0x70fbe42000 x9=0x70fbe42000 -> x9=0x70fbe42623 
[libmetasec_ml.so] 0x70fbd64ddc!0x117ddc adr x10, #0x70fbd64dec; x10=0x0 -> x10=0x70fbd64dec 
[libmetasec_ml.so] 0x70fbd64de0!0x117de0 ldrb w11, [x9, x8]; w11=0x3 x9=0x70fbe42623 x8=0x4 mem_r=0x70fbe42627 -> w11=0x3 
[libmetasec_ml.so] 0x70fbd64de4!0x117de4 add x10, x10, x11, lsl #2; x10=0x70fbd64dec x10=0x70fbd64dec x11=0x3 -> x10=0x70fbd64df8 
[libmetasec_ml.so] 0x70fbd64de8!0x117de8 br x10; x10=0x70fbd64df8 
[libmetasec_ml.so] 0x70fbd64df8!0x117df8 ldr x8, [x1]; x8=0x4 x1=0x72a7410a90 mem_r=0x72a7410a90 -> x8=0x1a04b2eba07 
[libmetasec_ml.so] 0x70fbd64dfc!0x117dfc cmp x8, #0; x8=0x1a04b2eba07 -> x8=0x1a04b2eba07 
[libmetasec_ml.so] 0x70fbd64e00!0x117e00 cset w0, eq; w0=0xfbec04d0 -> w0=0x0 
[libmetasec_ml.so] 0x70fbd64e04!0x117e04 ret ; 
[libmetasec_ml.so] 0x70fbd63738!0x116738 cbz w0, #0x70fbd63744; w0=0x0 
[libmetasec_ml.so] 0x70fbd63744!0x116744 add x2, x27, x21; x2=0x736741160d x27=0x73674114f3 x21=0x11f -> x2=0x7367411612 
[libmetasec_ml.so] 0x70fbd63748!0x116748 mov x0, x24; x0=0x0 x24=0x70fbec04d0 -> x0=0x70fbec04d0 
[libmetasec_ml.so] 0x70fbd6374c!0x11674c mov x1, x22; x1=0x72a7410a90 x22=0x72a7410a90 -> x1=0x72a7410a90 
[libmetasec_ml.so] 0x70fbd63750!0x116750 bl #0x70fbd63a04; 
[libmetasec_ml.so] 0x70fbd63a04!0x116a04 str x23, [sp, #-0x40]!; x23=0x2a45 sp=0x70d87c2990 mem_w=0x70d87c2950 -> sp=0x70d87c2950 
[libmetasec_ml.so] 0x70fbd63a08!0x116a08 stp x22, x21, [sp, #0x10]; x22=0x72a7410a90 x21=0x11f sp=0x70d87c2950 mem_w=0x70d87c2960 
[libmetasec_ml.so] 0x70fbd63a0c!0x116a0c stp x20, x19, [sp, #0x20]; x20=0x72a7410970 x19=0x48 sp=0x70d87c2950 mem_w=0x70d87c2970 
[libmetasec_ml.so] 0x70fbd63a10!0x116a10 stp x29, x30, [sp, #0x30]; fp=0x70d87c2a00 lr=0x70fbd63754 sp=0x70d87c2950 mem_w=0x70d87c2980 
[libmetasec_ml.so] 0x70fbd63a14!0x116a14 add x29, sp, #0x30; fp=0x70d87c2a00 sp=0x70d87c2950 -> fp=0x70d87c2980 
[libmetasec_ml.so] 0x70fbd63a18!0x116a18 mov x19, x0; x19=0x48 x0=0x70fbec04d0 -> x19=0x70fbec04d0 
[libmetasec_ml.so] 0x70fbd63a1c!0x116a1c ldr w0, [x0, #8]; w0=0xfbec04d0 x0=0x70fbec04d0 mem_r=0x70fbec04d8 -> w0=0x28 
[libmetasec_ml.so] 0x70fbd63a20!0x116a20 mov x21, x1; x21=0x11f x1=0x72a7410a90 -> x21=0x72a7410a90 
[libmetasec_ml.so] 0x70fbd63a24!0x116a24 mov x1, x2; x1=0x72a7410a90 x2=0x7367411612 -> x1=0x7367411612 
[libmetasec_ml.so] 0x70fbd63a28!0x116a28 mov x20, x2; x20=0x72a7410970 x2=0x7367411612 -> x20=0x7367411612 
[libmetasec_ml.so] 0x70fbd63a2c!0x116a2c bl #0x70fbd64e38; 
[libmetasec_ml.so] 0x70fbd64e38!0x117e38 lsr w8, w0, #0x1d; w8=0x4b2eba07 w0=0x28 -> w8=0x0 
[libmetasec_ml.so] 0x70fbd64e3c!0x117e3c cbnz w8, #0x70fbd64e48; w8=0x0 
[libmetasec_ml.so] 0x70fbd64e40!0x117e40 lsl w0, w0, #3; w0=0x28 w0=0x28 -> w0=0x140 
[libmetasec_ml.so] 0x70fbd64e44!0x117e44 b #0x70fbd64eb8; 
[libmetasec_ml.so] 0x70fbd64eb8!0x117eb8 cmp w0, #0x80; w0=0x140 -> w0=0x140 
[libmetasec_ml.so] 0x70fbd64ebc!0x117ebc b.lo #0x70fbd64f0c; 
[libmetasec_ml.so] 0x70fbd64ec0!0x117ec0 orr w8, w0, #0x80; w8=0x0 w0=0x140 -> w8=0x1c0 
[libmetasec_ml.so] 0x70fbd64ec4!0x117ec4 cmp w0, #4, lsl #12; w0=0x140 -> w0=0x140 
[libmetasec_ml.so] 0x70fbd64ec8!0x117ec8 strb w8, [x1]; w8=0x1c0 x1=0x7367411612 mem_w=0x7367411612 
[libmetasec_ml.so] 0x70fbd64ecc!0x117ecc lsr w8, w0, #7; w8=0x1c0 w0=0x140 -> w8=0x2 
[libmetasec_ml.so] 0x70fbd64ed0!0x117ed0 b.lo #0x70fbd64f14; 
[libmetasec_ml.so] 0x70fbd64f14!0x117f14 mov w9, #1; w9=0xfbe42623 -> w9=0x1 
[libmetasec_ml.so] 0x70fbd64f18!0x117f18 b #0x70fbd64f28; 
[libmetasec_ml.so] 0x70fbd64f28!0x117f28 mov w0, w8; w0=0x140 w8=0x2 -> w0=0x2 
[libmetasec_ml.so] 0x70fbd64f2c!0x117f2c add w8, w9, #1; w8=0x2 w9=0x1 -> w8=0x2 
[libmetasec_ml.so] 0x70fbd64f30!0x117f30 strb w0, [x1, w9, uxtw]; w0=0x2 x1=0x7367411612 w9=0x1 mem_w=0x7367411613 
[libmetasec_ml.so] 0x70fbd64f34!0x117f34 mov x0, x8; x0=0x2 x8=0x2 -> x0=0x2 
[libmetasec_ml.so] 0x70fbd64f38!0x117f38 ret ; 
[libmetasec_ml.so] 0x70fbd63a30!0x116a30 ldr w8, [x19, #0x10]; w8=0x2 x19=0x70fbec04d0 mem_r=0x70fbec04e0 -> w8=0x4 
[libmetasec_ml.so] 0x70fbd63a34!0x116a34 cmp w8, #0x10; w8=0x4 -> w8=0x4 
[libmetasec_ml.so] 0x70fbd63a38!0x116a38 b.hi #0x70fbd63abc; 
[libmetasec_ml.so] 0x70fbd63a3c!0x116a3c adrp x9, #0x70fbe42000; x9=0x1 -> x9=0x70fbe42000 
[libmetasec_ml.so] 0x70fbd63a40!0x116a40 add x9, x9, #0x5d4; x9=0x70fbe42000 x9=0x70fbe42000 -> x9=0x70fbe425d4 
[libmetasec_ml.so] 0x70fbd63a44!0x116a44 adr x10, #0x70fbd63a58; x10=0x70fbd64df8 -> x10=0x70fbd63a58 
[libmetasec_ml.so] 0x70fbd63a48!0x116a48 ldrb w11, [x9, x8]; w11=0x3 x9=0x70fbe425d4 x8=0x4 mem_r=0x70fbe425d8 -> w11=0x1f 
[libmetasec_ml.so] 0x70fbd63a4c!0x116a4c add x10, x10, x11, lsl #2; x10=0x70fbd63a58 x10=0x70fbd63a58 x11=0x1f -> x10=0x70fbd63ad4 
[libmetasec_ml.so] 0x70fbd63a50!0x116a50 mov x19, x0; x19=0x70fbec04d0 x0=0x2 -> x19=0x2 
[libmetasec_ml.so] 0x70fbd63a54!0x116a54 br x10; x10=0x70fbd63ad4 
[libmetasec_ml.so] 0x70fbd63ad4!0x116ad4 ldr x0, [x21]; x0=0x2 x21=0x72a7410a90 mem_r=0x72a7410a90 -> x0=0x1a04b2eba07 
[libmetasec_ml.so] 0x70fbd63ad8!0x116ad8 add x1, x20, x19; x1=0x7367411612 x20=0x7367411612 x19=0x2 -> x1=0x7367411614 
[libmetasec_ml.so] 0x70fbd63adc!0x116adc bl #0x70fbd64f3c; 
[libmetasec_ml.so] 0x70fbd64f3c!0x117f3c lsl x8, x0, #1; x8=0x4 x0=0x1a04b2eba07 -> x8=0x340965d740e 
[libmetasec_ml.so] 0x70fbd64f40!0x117f40 eor x0, x8, x0, asr #63; x0=0x1a04b2eba07 x8=0x340965d740e x0=0x1a04b2eba07 -> x0=0x340965d740e 
[libmetasec_ml.so] 0x70fbd64f44!0x117f44 b #0x70fbd64f48; 
[libmetasec_ml.so] 0x70fbd64f48!0x117f48 lsr x8, x0, #0x20; x8=0x340965d740e x0=0x340965d740e -> x8=0x340 
[libmetasec_ml.so] 0x70fbd64f4c!0x117f4c cbz w8, #0x70fbd64f94; w8=0x340 
[libmetasec_ml.so] 0x70fbd64f50!0x117f50 orr w9, w0, #0x80; w9=0xfbe425d4 w0=0x965d740e -> w9=0x965d748e 
[libmetasec_ml.so] 0x70fbd64f54!0x117f54 lsr w10, w0, #7; w10=0xfbd63ad4 w0=0x965d740e -> w10=0x12cbae8 
[libmetasec_ml.so] 0x70fbd64f58!0x117f58 lsr w11, w0, #0xe; w11=0x1f w0=0x965d740e -> w11=0x25975 
[libmetasec_ml.so] 0x70fbd64f5c!0x117f5c lsr w12, w0, #0x15; w12=0x4b2 w0=0x965d740e -> w12=0x4b2 
[libmetasec_ml.so] 0x70fbd64f60!0x117f60 cmp w8, #7; w8=0x340 -> w8=0x340 
[libmetasec_ml.so] 0x70fbd64f64!0x117f64 strb w9, [x1]; w9=0x965d748e x1=0x7367411614 mem_w=0x7367411614 
[libmetasec_ml.so] 0x70fbd64f68!0x117f68 orr w9, w10, #0x80; w9=0x965d748e w10=0x12cbae8 -> w9=0x12cbae8 
[libmetasec_ml.so] 0x70fbd64f6c!0x117f6c orr w10, w11, #0x80; w10=0x12cbae8 w11=0x25975 -> w10=0x259f5 
[libmetasec_ml.so] 0x70fbd64f70!0x117f70 orr w11, w12, #0x80; w11=0x25975 w12=0x4b2 -> w11=0x4b2 
[libmetasec_ml.so] 0x70fbd64f74!0x117f74 extr w8, w8, w0, #0x1c; w8=0x340 w8=0x340 w0=0x965d740e -> w8=0x3409 
[libmetasec_ml.so] 0x70fbd64f78!0x117f78 strb w9, [x1, #1]; w9=0x12cbae8 x1=0x7367411614 mem_w=0x7367411615 
[libmetasec_ml.so] 0x70fbd64f7c!0x117f7c strb w10, [x1, #2]; w10=0x259f5 x1=0x7367411614 mem_w=0x7367411616 
[libmetasec_ml.so] 0x70fbd64f80!0x117f80 strb w11, [x1, #3]; w11=0x4b2 x1=0x7367411614 mem_w=0x7367411617 
[libmetasec_ml.so] 0x70fbd64f84!0x117f84 b.hi #0x70fbd64f98; 
[libmetasec_ml.so] 0x70fbd64f98!0x117f98 orr w9, w8, #0x80; w9=0x12cbae8 w8=0x3409 -> w9=0x3489 
[libmetasec_ml.so] 0x70fbd64f9c!0x117f9c lsr x8, x0, #0x23; x8=0x3409 x0=0x340965d740e -> x8=0x68 
[libmetasec_ml.so] 0x70fbd64fa0!0x117fa0 strb w9, [x1, #4]; w9=0x3489 x1=0x7367411614 mem_w=0x7367411618 
[libmetasec_ml.so] 0x70fbd64fa4!0x117fa4 mov w9, #5; w9=0x3489 -> w9=0x5 
[libmetasec_ml.so] 0x70fbd64fa8!0x117fa8 cmp w8, #0x80; w8=0x68 -> w8=0x68 
[libmetasec_ml.so] 0x70fbd64fac!0x117fac b.lo #0x70fbd64fc4; 
[libmetasec_ml.so] 0x70fbd64fc4!0x117fc4 add x0, x9, #1; x0=0x340965d740e x9=0x5 -> x0=0x6 
[libmetasec_ml.so] 0x70fbd64fc8!0x117fc8 strb w8, [x1, x9]; w8=0x68 x1=0x7367411614 x9=0x5 mem_w=0x7367411619 
[libmetasec_ml.so] 0x70fbd64fcc!0x117fcc ret ; 
[libmetasec_ml.so] 0x70fbd63ae0!0x116ae0 b #0x70fbd63af0; 
[libmetasec_ml.so] 0x70fbd63af0!0x116af0 add x0, x0, x19; x0=0x6 x0=0x6 x19=0x2 -> x0=0x8 
[libmetasec_ml.so] 0x70fbd63af4!0x116af4 b #0x70fbd63bfc; 
[libmetasec_ml.so] 0x70fbd63bfc!0x116bfc ldp x29, x30, [sp, #0x30]; fp=0x70d87c2980 lr=0x70fbd63ae0 sp=0x70d87c2950 mem_r=0x70d87c2980 -> fp=0x70d87c2a00 lr=0x70fbd63754 
[libmetasec_ml.so] 0x70fbd63c00!0x116c00 ldp x20, x19, [sp, #0x20]; x20=0x7367411612 x19=0x2 sp=0x70d87c2950 mem_r=0x70d87c2970 -> x20=0x72a7410970 x19=0x48 
[libmetasec_ml.so] 0x70fbd63c04!0x116c04 ldp x22, x21, [sp, #0x10]; x22=0x72a7410a90 x21=0x72a7410a90 sp=0x70d87c2950 mem_r=0x70d87c2960 -> x22=0x72a7410a90 x21=0x11f 
[libmetasec_ml.so] 0x70fbd63c08!0x116c08 ldr x23, [sp], #0x40; x23=0x2a45 sp=0x70d87c2950 mem_r=0x70d87c2950 -> x23=0x2a45 
[libmetasec_ml.so] 0x70fbd63c0c!0x116c0c ret ; 
[libmetasec_ml.so] 0x70fbd63754!0x116754 mov x25, x0; x25=0x0 x0=0x8 -> x25=0x8 
[libmetasec_ml.so] 0x70fbd63758!0x116758 b #0x70fbd63940; 
[libmetasec_ml.so] 0x70fbd63940!0x116940 add x21, x25, x21; x21=0x11f x25=0x8 x21=0x11f -> x21=0x127 
[libmetasec_ml.so] 0x70fbd63944!0x116944 add x28, x28, #1; x28=0x27 x28=0x27 -> x28=0x28 
[libmetasec_ml.so] 0x70fbd63948!0x116948 b #0x70fbd635f0; 
[libmetasec_ml.so] 0x70fbd635f0!0x1165f0 ldr x8, [x20]; x8=0x68 x20=0x72a7410970 mem_r=0x72a7410970 -> x8=0x70fbebec78 
[libmetasec_ml.so] 0x70fbd635f4!0x1165f4 ldr w9, [x8, #0x30]; w9=0x5 x8=0x70fbebec78 mem_r=0x70fbebeca8 -> w9=0x28 
[libmetasec_ml.so] 0x70fbd635f8!0x1165f8 cmp x28, x9; x28=0x28 x9=0x28 -> x28=0x28 
[libmetasec_ml.so] 0x70fbd635fc!0x1165fc b.hs #0x70fbd6397c; 
[libmetasec_ml.so] 0x70fbd6397c!0x11697c mov x24, xzr; x24=0x70fbec04d0 -> x24=0x0 
[libmetasec_ml.so] 0x70fbd63980!0x116980 mov x25, xzr; x25=0x8 -> x25=0x0 
[libmetasec_ml.so] 0x70fbd63984!0x116984 ldr w8, [x20, #8]; w8=0xfbebec78 x20=0x72a7410970 mem_r=0x72a7410978 -> w8=0x0 
[libmetasec_ml.so] 0x70fbd63988!0x116988 cmp x25, x8; x25=0x0 x8=0x0 -> x25=0x0 
[libmetasec_ml.so] 0x70fbd6398c!0x11698c b.hs #0x70fbd639e0; 
[libmetasec_ml.so] 0x70fbd639e0!0x1169e0 mov x0, x21; x0=0x8 x21=0x127 -> x0=0x127 
[libmetasec_ml.so] 0x70fbd639e4!0x1169e4 ldp x29, x30, [sp, #0x70]; fp=0x70d87c2a00 lr=0x70fbd63754 sp=0x70d87c2990 mem_r=0x70d87c2a00 -> fp=0x70d87c2ba0 lr=0x70fbf160f0 
[libmetasec_ml.so] 0x70fbd639e8!0x1169e8 ldp x20, x19, [sp, #0x60]; x20=0x72a7410970 x19=0x48 sp=0x70d87c2990 mem_r=0x70d87c29f0 -> x20=0x73674114f2 x19=0x1 
[libmetasec_ml.so] 0x70fbd639ec!0x1169ec ldp x22, x21, [sp, #0x50]; x22=0x72a7410a90 x21=0x127 sp=0x70d87c2990 mem_r=0x70d87c29e0 -> x22=0x73674114f3 x21=0x72a7410bf0 
[libmetasec_ml.so] 0x70fbd639f0!0x1169f0 ldp x24, x23, [sp, #0x40]; x24=0x0 x23=0x2a45 sp=0x70d87c2990 mem_r=0x70d87c29d0 -> x24=0x70fbec0b48 x23=0x2a45 
[libmetasec_ml.so] 0x70fbd639f4!0x1169f4 ldp x26, x25, [sp, #0x30]; x26=0x70fbda533c x25=0x0 sp=0x70d87c2990 mem_r=0x70d87c29c0 -> x26=0x70fbda533c x25=0x0 
[libmetasec_ml.so] 0x70fbd639f8!0x1169f8 ldp x28, x27, [sp, #0x20]; x28=0x28 x27=0x73674114f3 sp=0x70d87c2990 mem_r=0x70d87c29b0 -> x28=0xb x27=0x73674114e0 
[libmetasec_ml.so] 0x70fbd639fc!0x1169fc add sp, sp, #0x80; sp=0x70d87c2990 sp=0x70d87c2990 -> sp=0x70d87c2a10 
[libmetasec_ml.so] 0x70fbd63a00!0x116a00 ret ; 
[libmetasec_ml.so] 0x70fbd63bbc!0x116bbc mov x21, x0; x21=0x72a7410bf0 x0=0x127 -> x21=0x127 
[libmetasec_ml.so] 0x70fbd63bc0!0x116bc0 bl #0x70fbd64d1c; 
[libmetasec_ml.so] 0x70fbd64d1c!0x117d1c cmp w0, #0x80; w0=0x127 -> w0=0x127 
[libmetasec_ml.so] 0x70fbd64d20!0x117d20 b.hs #0x70fbd64d2c; 
[libmetasec_ml.so] 0x70fbd64d2c!0x117d2c cmp w0, #4, lsl #12; w0=0x127 -> w0=0x127 
[libmetasec_ml.so] 0x70fbd64d30!0x117d30 b.hs #0x70fbd64d3c; 
[libmetasec_ml.so] 0x70fbd64d34!0x117d34 mov w0, #2; w0=0x127 -> w0=0x2 
[libmetasec_ml.so] 0x70fbd64d38!0x117d38 ret ; 
[libmetasec_ml.so] 0x70fbd63bc4!0x116bc4 cmp w0, #1; w0=0x2 -> w0=0x2 
[libmetasec_ml.so] 0x70fbd63bc8!0x116bc8 b.eq #0x70fbd63bdc; 
[libmetasec_ml.so] 0x70fbd63bcc!0x116bcc add x0, x20, w0, uxtw; x0=0x2 x20=0x73674114f2 w0=0x2 -> x0=0x73674114f4 
[libmetasec_ml.so] 0x70fbd63bd0!0x116bd0 mov x1, x22; x1=0x81 x22=0x73674114f3 -> x1=0x73674114f3 
[libmetasec_ml.so] 0x70fbd63bd4!0x116bd4 mov x2, x21; x2=0x7fffffff x21=0x127 -> x2=0x127 
[libmetasec_ml.so] 0x70fbd63bd8!0x116bd8 bl #0x70fbc805b0; 
[libmetasec_ml.so] 0x70fbc805b0!0x335b0 adrp x16, #0x70fbec9000; x16=0x726ab76fd8 -> x16=0x70fbec9000 
[libmetasec_ml.so] 0x70fbc805b4!0x335b4 ldr x17, [x16, #0x760]; x17=0x60000000 x16=0x70fbec9000 mem_r=0x70fbec9760 -> x17=0x75402d9c80 
[libmetasec_ml.so] 0x70fbc805b8!0x335b8 add x16, x16, #0x760; x16=0x70fbec9000 x16=0x70fbec9000 -> x16=0x70fbec9760 
[libmetasec_ml.so] 0x70fbc805bc!0x335bc br x17; x17=0x75402d9c80 
call func: __memcpy_aarch64_simd(0x73674114f4, 0x73674114f3, 0x127)
hexdump at address 0x73674114f3 with length 0x127:
73674114f3: 08 02 1a 04 31 31 32 38 22 10 34 30 38 37 33 33 |....1128".408733|
7367411503: 36 32 38 33 31 35 34 35 38 33 2a 08 21 6e 6f 74 |6283154583*.!not|
7367411513: 73 65 74 21 32 08 21 6e 6f 74 73 65 74 21 38 fd |set!2.!notset!8.|
7367411523: 88 7a 40 fd 88 7a 48 fd 88 7a 50 fd 88 7a 5a 08 |.z@..zH..zP..zZ.|
7367411533: 21 6e 6f 74 73 65 74 21 62 08 21 6e 6f 74 73 65 |!notset!b.!notse|
7367411543: 74 21 6a 08 21 6e 6f 74 73 65 74 21 70 fd 88 7a |t!j.!notset!p..z|
7367411553: 7a 08 21 6e 6f 74 73 65 74 21 85 01 f0 23 74 c9 |z.!notset!...#t.|
7367411563: 8d 01 f0 23 74 c9 95 01 f0 23 74 c9 9d 01 f0 23 |...#t....#t....#|
7367411573: 74 c9 a5 01 f0 23 74 c9 ad 01 f0 23 74 c9 b2 01 |t....#t....#t...|
7367411583: 08 21 6e 6f 74 73 65 74 21 b8 01 fd 88 7a c0 01 |.!notset!....z..|
7367411593: fd 88 7a c8 01 fd 88 7a d0 01 c0 eb f5 b2 89 68 |..z....z.......h|
73674115a3: d8 01 fd 88 7a e0 01 94 ee f5 b2 89 68 e8 01 fd |....z.......h...|
73674115b3: 88 7a f2 01 08 21 6e 6f 74 73 65 74 21 fa 01 08 |.z...!notset!...|
73674115c3: 21 6e 6f 74 73 65 74 21 82 02 08 21 6e 6f 74 73 |!notset!...!nots|
73674115d3: 65 74 21 8a 02 08 21 6e 6f 74 73 65 74 21 92 02 |et!...!notset!..|
73674115e3: 08 21 6e 6f 74 73 65 74 21 9a 02 08 21 6e 6f 74 |.!notset!...!not|
73674115f3: 73 65 74 21 a2 02 08 21 6e 6f 74 73 65 74 21 aa |set!...!notset!.|
7367411603: 02 08 21 6e 6f 74 73 65 74 21 b0 02 fd 88 7a c0 |..!notset!....z.|
7367411613: 02 8e e8 f5 b2 89 68                            |......h         |
ret: 0x73674114f4
[libmetasec_ml.so] 0x70fbd63bdc!0x116bdc mov w0, w21; w0=0x674114f4 w21=0x127 -> w0=0x127 
[libmetasec_ml.so] 0x70fbd63be0!0x116be0 mov x1, x20; x1=0x73674114f3 x20=0x73674114f2 -> x1=0x73674114f2 
[libmetasec_ml.so] 0x70fbd63be4!0x116be4 bl #0x70fbd64eb8; 
[libmetasec_ml.so] 0x70fbd64eb8!0x117eb8 cmp w0, #0x80; w0=0x127 -> w0=0x127 
[libmetasec_ml.so] 0x70fbd64ebc!0x117ebc b.lo #0x70fbd64f0c; 
[libmetasec_ml.so] 0x70fbd64ec0!0x117ec0 orr w8, w0, #0x80; w8=0x1 w0=0x127 -> w8=0x1a7 
[libmetasec_ml.so] 0x70fbd64ec4!0x117ec4 cmp w0, #4, lsl #12; w0=0x127 -> w0=0x127 
[libmetasec_ml.so] 0x70fbd64ec8!0x117ec8 strb w8, [x1]; w8=0x1a7 x1=0x73674114f2 mem_w=0x73674114f2 
[libmetasec_ml.so] 0x70fbd64ecc!0x117ecc lsr w8, w0, #7; w8=0x1a7 w0=0x127 -> w8=0x2 
[libmetasec_ml.so] 0x70fbd64ed0!0x117ed0 b.lo #0x70fbd64f14; 
[libmetasec_ml.so] 0x70fbd64f14!0x117f14 mov w9, #1; w9=0x0 -> w9=0x1 
[libmetasec_ml.so] 0x70fbd64f18!0x117f18 b #0x70fbd64f28; 
[libmetasec_ml.so] 0x70fbd64f28!0x117f28 mov w0, w8; w0=0x127 w8=0x2 -> w0=0x2 
[libmetasec_ml.so] 0x70fbd64f2c!0x117f2c add w8, w9, #1; w8=0x2 w9=0x1 -> w8=0x2 
[libmetasec_ml.so] 0x70fbd64f30!0x117f30 strb w0, [x1, w9, uxtw]; w0=0x2 x1=0x73674114f2 w9=0x1 mem_w=0x73674114f3 
[libmetasec_ml.so] 0x70fbd64f34!0x117f34 mov x0, x8; x0=0x2 x8=0x2 -> x0=0x2 
[libmetasec_ml.so] 0x70fbd64f38!0x117f38 ret ; 
[libmetasec_ml.so] 0x70fbd63be8!0x116be8 add x8, x0, x21; x8=0x2 x0=0x2 x21=0x127 -> x8=0x129 
[libmetasec_ml.so] 0x70fbd63bec!0x116bec b #0x70fbd63bf8; 
[libmetasec_ml.so] 0x70fbd63bf8!0x116bf8 add x0, x8, x19; x0=0x2 x8=0x129 x19=0x1 -> x0=0x12a 
[libmetasec_ml.so] 0x70fbd63bfc!0x116bfc ldp x29, x30, [sp, #0x30]; fp=0x70d87c2ba0 lr=0x70fbd63be8 sp=0x70d87c2b70 mem_r=0x70d87c2ba0 -> fp=0x70d87c2c20 lr=0x70fbd63754 
[libmetasec_ml.so] 0x70fbd63c00!0x116c00 ldp x20, x19, [sp, #0x20]; x20=0x73674114f2 x19=0x1 sp=0x70d87c2b70 mem_r=0x70d87c2b90 -> x20=0x72a7410b88 x19=0x48 
[libmetasec_ml.so] 0x70fbd63c04!0x116c04 ldp x22, x21, [sp, #0x10]; x22=0x73674114f3 x21=0x127 sp=0x70d87c2b70 mem_r=0x70d87c2b80 -> x22=0x72a7410bf0 x21=0x11 
[libmetasec_ml.so] 0x70fbd63c08!0x116c08 ldr x23, [sp], #0x40; x23=0x2a45 sp=0x70d87c2b70 mem_r=0x70d87c2b70 -> x23=0x2a45 
[libmetasec_ml.so] 0x70fbd63c0c!0x116c0c ret ; 
[libmetasec_ml.so] 0x70fbd63754!0x116754 mov x25, x0; x25=0x0 x0=0x12a -> x25=0x12a 
[libmetasec_ml.so] 0x70fbd63758!0x116758 b #0x70fbd63940; 
[libmetasec_ml.so] 0x70fbd63940!0x116940 add x21, x25, x21; x21=0x11 x25=0x12a x21=0x11 -> x21=0x13b 
[libmetasec_ml.so] 0x70fbd63944!0x116944 add x28, x28, #1; x28=0xb x28=0xb -> x28=0xc 
[libmetasec_ml.so] 0x70fbd63948!0x116948 b #0x70fbd635f0; 
[libmetasec_ml.so] 0x70fbd635f0!0x1165f0 ldr x8, [x20]; x8=0x129 x20=0x72a7410b88 mem_r=0x72a7410b88 -> x8=0x70fbebef10 
[libmetasec_ml.so] 0x70fbd635f4!0x1165f4 ldr w9, [x8, #0x30]; w9=0x1 x8=0x70fbebef10 mem_r=0x70fbebef40 -> w9=0x17 
[libmetasec_ml.so] 0x70fbd635f8!0x1165f8 cmp x28, x9; x28=0xc x9=0x17 -> x28=0xc 
[libmetasec_ml.so] 0x70fbd635fc!0x1165fc b.hs #0x70fbd6397c; 
[libmetasec_ml.so] 0x70fbd63600!0x116600 ldr x8, [x8, #0x38]; x8=0x70fbebef10 x8=0x70fbebef10 mem_r=0x70fbebef48 -> x8=0x70fbec0830 
[libmetasec_ml.so] 0x70fbd63604!0x116604 nop ; 
[libmetasec_ml.so] 0x70fbd63608!0x116608 madd x24, x28, x19, x8; x24=0x70fbec0b48 x28=0xc x19=0x48 x8=0x70fbec0830 -> x24=0x70fbec0b90 
[libmetasec_ml.so] 0x70fbd6360c!0x11660c ldr w9, [x24, #0x18]; w9=0x17 x24=0x70fbec0b90 mem_r=0x70fbec0ba8 -> w9=0x70 
[libmetasec_ml.so] 0x70fbd63610!0x116610 ldr w11, [x24, #0xc]; w11=0x372ba608 x24=0x70fbec0b90 mem_r=0x70fbec0b9c -> w11=0x3 
[libmetasec_ml.so] 0x70fbd63614!0x116614 add x22, x20, x9; x22=0x72a7410bf0 x20=0x72a7410b88 x9=0x70 -> x22=0x72a7410bf8 
[libmetasec_ml.so] 0x70fbd63618!0x116618 cbz w11, #0x70fbd63744; w11=0x3 
[libmetasec_ml.so] 0x70fbd6361c!0x11661c ldr w9, [x24, #0x14]; w9=0x70 x24=0x70fbec0b90 mem_r=0x70fbec0ba4 -> w9=0x0 
[libmetasec_ml.so] 0x70fbd63620!0x116620 cmp w11, #1; w11=0x3 -> w11=0x3 
[libmetasec_ml.so] 0x70fbd63624!0x116624 madd x10, x28, x19, x8; x10=0x2f x28=0xc x19=0x48 x8=0x70fbec0830 -> x10=0x70fbec0b90 
[libmetasec_ml.so] 0x70fbd63628!0x116628 ccmp w11, #3, #4, ne; w11=0x3 
[libmetasec_ml.so] 0x70fbd6362c!0x11662c b.ne #0x70fbd63668; 
[libmetasec_ml.so] 0x70fbd63630!0x116630 ldr w10, [x10, #0x30]; w10=0xfbec0b90 x10=0x70fbec0b90 mem_r=0x70fbec0bc0 -> w10=0x0 
[libmetasec_ml.so] 0x70fbd63634!0x116634 tbnz w10, #2, #0x70fbd636a0; w10=0x0 
[libmetasec_ml.so] 0x70fbd63638!0x116638 cmp w11, #3; w11=0x3 -> w11=0x3 
[libmetasec_ml.so] 0x70fbd6363c!0x11663c b.eq #0x70fbd6372c; 
[libmetasec_ml.so] 0x70fbd6372c!0x11672c mov x0, x24; x0=0x12a x24=0x70fbec0b90 -> x0=0x70fbec0b90 
[libmetasec_ml.so] 0x70fbd63730!0x116730 mov x1, x22; x1=0x73674114f2 x22=0x72a7410bf8 -> x1=0x72a7410bf8 
[libmetasec_ml.so] 0x70fbd63734!0x116734 bl #0x70fbd64dc8; 
[libmetasec_ml.so] 0x70fbd64dc8!0x117dc8 ldr w8, [x0, #0x10]; w8=0xfbec0830 x0=0x70fbec0b90 mem_r=0x70fbec0ba0 -> w8=0x10 
[libmetasec_ml.so] 0x70fbd64dcc!0x117dcc cmp w8, #0x10; w8=0x10 -> w8=0x10 
[libmetasec_ml.so] 0x70fbd64dd0!0x117dd0 b.hi #0x70fbd64e30; 
[libmetasec_ml.so] 0x70fbd64dd4!0x117dd4 adrp x9, #0x70fbe42000; x9=0x0 -> x9=0x70fbe42000 
[libmetasec_ml.so] 0x70fbd64dd8!0x117dd8 add x9, x9, #0x623; x9=0x70fbe42000 x9=0x70fbe42000 -> x9=0x70fbe42623 
[libmetasec_ml.so] 0x70fbd64ddc!0x117ddc adr x10, #0x70fbd64dec; x10=0x0 -> x10=0x70fbd64dec 
[libmetasec_ml.so] 0x70fbd64de0!0x117de0 ldrb w11, [x9, x8]; w11=0x3 x9=0x70fbe42623 x8=0x10 mem_r=0x70fbe42633 -> w11=0x3 
[libmetasec_ml.so] 0x70fbd64de4!0x117de4 add x10, x10, x11, lsl #2; x10=0x70fbd64dec x10=0x70fbd64dec x11=0x3 -> x10=0x70fbd64df8 
[libmetasec_ml.so] 0x70fbd64de8!0x117de8 br x10; x10=0x70fbd64df8 
[libmetasec_ml.so] 0x70fbd64df8!0x117df8 ldr x8, [x1]; x8=0x10 x1=0x72a7410bf8 mem_r=0x72a7410bf8 -> x8=0x72a7410a98 
[libmetasec_ml.so] 0x70fbd64dfc!0x117dfc cmp x8, #0; x8=0x72a7410a98 -> x8=0x72a7410a98 
[libmetasec_ml.so] 0x70fbd64e00!0x117e00 cset w0, eq; w0=0xfbec0b90 -> w0=0x0 
[libmetasec_ml.so] 0x70fbd64e04!0x117e04 ret ; 
[libmetasec_ml.so] 0x70fbd63738!0x116738 cbz w0, #0x70fbd63744; w0=0x0 
[libmetasec_ml.so] 0x70fbd63744!0x116744 add x2, x27, x21; x2=0xffffffffffffffdd x27=0x73674114e0 x21=0x13b -> x2=0x736741161b 
[libmetasec_ml.so] 0x70fbd63748!0x116748 mov x0, x24; x0=0x0 x24=0x70fbec0b90 -> x0=0x70fbec0b90 
[libmetasec_ml.so] 0x70fbd6374c!0x11674c mov x1, x22; x1=0x72a7410bf8 x22=0x72a7410bf8 -> x1=0x72a7410bf8 
[libmetasec_ml.so] 0x70fbd63750!0x116750 bl #0x70fbd63a04; 
[libmetasec_ml.so] 0x70fbd63a04!0x116a04 str x23, [sp, #-0x40]!; x23=0x2a45 sp=0x70d87c2bb0 mem_w=0x70d87c2b70 -> sp=0x70d87c2b70 
[libmetasec_ml.so] 0x70fbd63a08!0x116a08 stp x22, x21, [sp, #0x10]; x22=0x72a7410bf8 x21=0x13b sp=0x70d87c2b70 mem_w=0x70d87c2b80 
[libmetasec_ml.so] 0x70fbd63a0c!0x116a0c stp x20, x19, [sp, #0x20]; x20=0x72a7410b88 x19=0x48 sp=0x70d87c2b70 mem_w=0x70d87c2b90 
[libmetasec_ml.so] 0x70fbd63a10!0x116a10 stp x29, x30, [sp, #0x30]; fp=0x70d87c2c20 lr=0x70fbd63754 sp=0x70d87c2b70 mem_w=0x70d87c2ba0 
[libmetasec_ml.so] 0x70fbd63a14!0x116a14 add x29, sp, #0x30; fp=0x70d87c2c20 sp=0x70d87c2b70 -> fp=0x70d87c2ba0 
[libmetasec_ml.so] 0x70fbd63a18!0x116a18 mov x19, x0; x19=0x48 x0=0x70fbec0b90 -> x19=0x70fbec0b90 
[libmetasec_ml.so] 0x70fbd63a1c!0x116a1c ldr w0, [x0, #8]; w0=0xfbec0b90 x0=0x70fbec0b90 mem_r=0x70fbec0b98 -> w0=0xd 
[libmetasec_ml.so] 0x70fbd63a20!0x116a20 mov x21, x1; x21=0x13b x1=0x72a7410bf8 -> x21=0x72a7410bf8 
[libmetasec_ml.so] 0x70fbd63a24!0x116a24 mov x1, x2; x1=0x72a7410bf8 x2=0x736741161b -> x1=0x736741161b 
[libmetasec_ml.so] 0x70fbd63a28!0x116a28 mov x20, x2; x20=0x72a7410b88 x2=0x736741161b -> x20=0x736741161b 
[libmetasec_ml.so] 0x70fbd63a2c!0x116a2c bl #0x70fbd64e38; 
[libmetasec_ml.so] 0x70fbd64e38!0x117e38 lsr w8, w0, #0x1d; w8=0xa7410a98 w0=0xd -> w8=0x0 
[libmetasec_ml.so] 0x70fbd64e3c!0x117e3c cbnz w8, #0x70fbd64e48; w8=0x0 
[libmetasec_ml.so] 0x70fbd64e40!0x117e40 lsl w0, w0, #3; w0=0xd w0=0xd -> w0=0x68 
[libmetasec_ml.so] 0x70fbd64e44!0x117e44 b #0x70fbd64eb8; 
[libmetasec_ml.so] 0x70fbd64eb8!0x117eb8 cmp w0, #0x80; w0=0x68 -> w0=0x68 
[libmetasec_ml.so] 0x70fbd64ebc!0x117ebc b.lo #0x70fbd64f0c; 
[libmetasec_ml.so] 0x70fbd64f0c!0x117f0c mov w9, wzr; w9=0xfbe42623 -> w9=0x0 
[libmetasec_ml.so] 0x70fbd64f10!0x117f10 b #0x70fbd64f2c; 
[libmetasec_ml.so] 0x70fbd64f2c!0x117f2c add w8, w9, #1; w8=0x0 w9=0x0 -> w8=0x1 
[libmetasec_ml.so] 0x70fbd64f30!0x117f30 strb w0, [x1, w9, uxtw]; w0=0x68 x1=0x736741161b w9=0x0 mem_w=0x736741161b 
[libmetasec_ml.so] 0x70fbd64f34!0x117f34 mov x0, x8; x0=0x68 x8=0x1 -> x0=0x1 
[libmetasec_ml.so] 0x70fbd64f38!0x117f38 ret ; 
[libmetasec_ml.so] 0x70fbd63a30!0x116a30 ldr w8, [x19, #0x10]; w8=0x1 x19=0x70fbec0b90 mem_r=0x70fbec0ba0 -> w8=0x10 
[libmetasec_ml.so] 0x70fbd63a34!0x116a34 cmp w8, #0x10; w8=0x10 -> w8=0x10 
[libmetasec_ml.so] 0x70fbd63a38!0x116a38 b.hi #0x70fbd63abc; 
[libmetasec_ml.so] 0x70fbd63a3c!0x116a3c adrp x9, #0x70fbe42000; x9=0x0 -> x9=0x70fbe42000 
[libmetasec_ml.so] 0x70fbd63a40!0x116a40 add x9, x9, #0x5d4; x9=0x70fbe42000 x9=0x70fbe42000 -> x9=0x70fbe425d4 
[libmetasec_ml.so] 0x70fbd63a44!0x116a44 adr x10, #0x70fbd63a58; x10=0x70fbd64df8 -> x10=0x70fbd63a58 
[libmetasec_ml.so] 0x70fbd63a48!0x116a48 ldrb w11, [x9, x8]; w11=0x3 x9=0x70fbe425d4 x8=0x10 mem_r=0x70fbe425e4 -> w11=0x50 
[libmetasec_ml.so] 0x70fbd63a4c!0x116a4c add x10, x10, x11, lsl #2; x10=0x70fbd63a58 x10=0x70fbd63a58 x11=0x50 -> x10=0x70fbd63b98 
[libmetasec_ml.so] 0x70fbd63a50!0x116a50 mov x19, x0; x19=0x70fbec0b90 x0=0x1 -> x19=0x1 
[libmetasec_ml.so] 0x70fbd63a54!0x116a54 br x10; x10=0x70fbd63b98 
[libmetasec_ml.so] 0x70fbd63b98!0x116b98 ldrb w8, [x20]; w8=0x10 x20=0x736741161b mem_r=0x736741161b -> w8=0x68 
[libmetasec_ml.so] 0x70fbd63b9c!0x116b9c orr w8, w8, #2; w8=0x68 w8=0x68 -> w8=0x6a 
[libmetasec_ml.so] 0x70fbd63ba0!0x116ba0 strb w8, [x20]; w8=0x6a x20=0x736741161b mem_w=0x736741161b 
[libmetasec_ml.so] 0x70fbd63ba4!0x116ba4 ldr x0, [x21]; x0=0x1 x21=0x72a7410bf8 mem_r=0x72a7410bf8 -> x0=0x72a7410a98 
[libmetasec_ml.so] 0x70fbd63ba8!0x116ba8 add x20, x20, x19; x20=0x736741161b x20=0x736741161b x19=0x1 -> x20=0x736741161c 
[libmetasec_ml.so] 0x70fbd63bac!0x116bac cbz x0, #0x70fbd63bf0; x0=0x72a7410a98 
[libmetasec_ml.so] 0x70fbd63bb0!0x116bb0 add x22, x20, #1; x22=0x72a7410bf8 x20=0x736741161c -> x22=0x736741161d 
[libmetasec_ml.so] 0x70fbd63bb4!0x116bb4 mov x1, x22; x1=0x736741161b x22=0x736741161d -> x1=0x736741161d 
[libmetasec_ml.so] 0x70fbd63bb8!0x116bb8 bl #0x70fbd635b8; 
[libmetasec_ml.so] 0x70fbd635b8!0x1165b8 b #0x70fbf16000; 
[libmetasec_ml.so] 0x70fbd635cc!0x1165cc stp x20, x19, [sp, #0x60]; x20=0x736741161c x19=0x1 sp=0x70d87c2990 mem_w=0x70d87c29f0 
[libmetasec_ml.so] 0x70fbd635d0!0x1165d0 stp x29, x30, [sp, #0x70]; fp=0x70d87c2ba0 lr=0x70fbf160f0 sp=0x70d87c2990 mem_w=0x70d87c2a00 
[libmetasec_ml.so] 0x70fbd635d4!0x1165d4 add x29, sp, #0x70; fp=0x70d87c2ba0 sp=0x70d87c2990 -> fp=0x70d87c2a00 
[libmetasec_ml.so] 0x70fbd635d8!0x1165d8 mov x27, x1; x27=0x73674114e0 x1=0x736741161d -> x27=0x736741161d 
[libmetasec_ml.so] 0x70fbd635dc!0x1165dc mov x20, x0; x20=0x736741161c x0=0x72a7410a98 -> x20=0x72a7410a98 
[libmetasec_ml.so] 0x70fbd635e0!0x1165e0 mov x28, xzr; x28=0xc -> x28=0x0 
[libmetasec_ml.so] 0x70fbd635e4!0x1165e4 mov x21, xzr; x21=0x72a7410bf8 -> x21=0x0 
[libmetasec_ml.so] 0x70fbd635e8!0x1165e8 mov w19, #0x48; w19=0x1 -> w19=0x48 
[libmetasec_ml.so] 0x70fbd635ec!0x1165ec str x1, [sp, #0x18]; x1=0x736741161d sp=0x70d87c2990 mem_w=0x70d87c29a8 
[libmetasec_ml.so] 0x70fbd635f0!0x1165f0 ldr x8, [x20]; x8=0x6a x20=0x72a7410a98 mem_r=0x72a7410a98 -> x8=0x70fbebed30 
[libmetasec_ml.so] 0x70fbd635f4!0x1165f4 ldr w9, [x8, #0x30]; w9=0xfbe425d4 x8=0x70fbebed30 mem_r=0x70fbebed60 -> w9=0x6 
[libmetasec_ml.so] 0x70fbd635f8!0x1165f8 cmp x28, x9; x28=0x0 x9=0x6 -> x28=0x0 
[libmetasec_ml.so] 0x70fbd635fc!0x1165fc b.hs #0x70fbd6397c; 
[libmetasec_ml.so] 0x70fbd63600!0x116600 ldr x8, [x8, #0x38]; x8=0x70fbebed30 x8=0x70fbebed30 mem_r=0x70fbebed68 -> x8=0x70fbec0518 
[libmetasec_ml.so] 0x70fbd63604!0x116604 nop ; 
[libmetasec_ml.so] 0x70fbd63608!0x116608 madd x24, x28, x19, x8; x24=0x70fbec0b90 x28=0x0 x19=0x48 x8=0x70fbec0518 -> x24=0x70fbec0518 
[libmetasec_ml.so] 0x70fbd6360c!0x11660c ldr w9, [x24, #0x18]; w9=0x6 x24=0x70fbec0518 mem_r=0x70fbec0530 -> w9=0x18 
[libmetasec_ml.so] 0x70fbd63610!0x116610 ldr w11, [x24, #0xc]; w11=0x50 x24=0x70fbec0518 mem_r=0x70fbec0524 -> w11=0x3 
[libmetasec_ml.so] 0x70fbd63614!0x116614 add x22, x20, x9; x22=0x736741161d x20=0x72a7410a98 x9=0x18 -> x22=0x72a7410ab0 
[libmetasec_ml.so] 0x70fbd63618!0x116618 cbz w11, #0x70fbd63744; w11=0x3 
[libmetasec_ml.so] 0x70fbd6361c!0x11661c ldr w9, [x24, #0x14]; w9=0x18 x24=0x70fbec0518 mem_r=0x70fbec052c -> w9=0x0 
[libmetasec_ml.so] 0x70fbd63620!0x116620 cmp w11, #1; w11=0x3 -> w11=0x3 
[libmetasec_ml.so] 0x70fbd63624!0x116624 madd x10, x28, x19, x8; x10=0x70fbd63b98 x28=0x0 x19=0x48 x8=0x70fbec0518 -> x10=0x70fbec0518 
[libmetasec_ml.so] 0x70fbd63628!0x116628 ccmp w11, #3, #4, ne; w11=0x3 
[libmetasec_ml.so] 0x70fbd6362c!0x11662c b.ne #0x70fbd63668; 
[libmetasec_ml.so] 0x70fbd63630!0x116630 ldr w10, [x10, #0x30]; w10=0xfbec0518 x10=0x70fbec0518 mem_r=0x70fbec0548 -> w10=0x0 
[libmetasec_ml.so] 0x70fbd63634!0x116634 tbnz w10, #2, #0x70fbd636a0; w10=0x0 
[libmetasec_ml.so] 0x70fbd63638!0x116638 cmp w11, #3; w11=0x3 -> w11=0x3 
[libmetasec_ml.so] 0x70fbd6363c!0x11663c b.eq #0x70fbd6372c; 
[libmetasec_ml.so] 0x70fbd6372c!0x11672c mov x0, x24; x0=0x72a7410a98 x24=0x70fbec0518 -> x0=0x70fbec0518 
[libmetasec_ml.so] 0x70fbd63730!0x116730 mov x1, x22; x1=0x736741161d x22=0x72a7410ab0 -> x1=0x72a7410ab0 
[libmetasec_ml.so] 0x70fbd63734!0x116734 bl #0x70fbd64dc8; 
[libmetasec_ml.so] 0x70fbd64dc8!0x117dc8 ldr w8, [x0, #0x10]; w8=0xfbec0518 x0=0x70fbec0518 mem_r=0x70fbec0528 -> w8=0x4 
[libmetasec_ml.so] 0x70fbd64dcc!0x117dcc cmp w8, #0x10; w8=0x4 -> w8=0x4 
[libmetasec_ml.so] 0x70fbd64dd0!0x117dd0 b.hi #0x70fbd64e30; 
[libmetasec_ml.so] 0x70fbd64dd4!0x117dd4 adrp x9, #0x70fbe42000; x9=0x0 -> x9=0x70fbe42000 
[libmetasec_ml.so] 0x70fbd64dd8!0x117dd8 add x9, x9, #0x623; x9=0x70fbe42000 x9=0x70fbe42000 -> x9=0x70fbe42623 
[libmetasec_ml.so] 0x70fbd64ddc!0x117ddc adr x10, #0x70fbd64dec; x10=0x0 -> x10=0x70fbd64dec 
[libmetasec_ml.so] 0x70fbd64de0!0x117de0 ldrb w11, [x9, x8]; w11=0x3 x9=0x70fbe42623 x8=0x4 mem_r=0x70fbe42627 -> w11=0x3 
[libmetasec_ml.so] 0x70fbd64de4!0x117de4 add x10, x10, x11, lsl #2; x10=0x70fbd64dec x10=0x70fbd64dec x11=0x3 -> x10=0x70fbd64df8 
[libmetasec_ml.so] 0x70fbd64de8!0x117de8 br x10; x10=0x70fbd64df8 
[libmetasec_ml.so] 0x70fbd64df8!0x117df8 ldr x8, [x1]; x8=0x4 x1=0x72a7410ab0 mem_r=0x72a7410ab0 -> x8=0x0 
[libmetasec_ml.so] 0x70fbd64dfc!0x117dfc cmp x8, #0; x8=0x0 -> x8=0x0 
[libmetasec_ml.so] 0x70fbd64e00!0x117e00 cset w0, eq; w0=0xfbec0518 -> w0=0x1 
[libmetasec_ml.so] 0x70fbd64e04!0x117e04 ret ; 
[libmetasec_ml.so] 0x70fbd63738!0x116738 cbz w0, #0x70fbd63744; w0=0x1 
[libmetasec_ml.so] 0x70fbd6373c!0x11673c mov x25, xzr; x25=0x12a -> x25=0x0 
[libmetasec_ml.so] 0x70fbd63740!0x116740 b #0x70fbd63940; 
[libmetasec_ml.so] 0x70fbd63940!0x116940 add x21, x25, x21; x21=0x0 x25=0x0 x21=0x0 -> x21=0x0 
[libmetasec_ml.so] 0x70fbd63944!0x116944 add x28, x28, #1; x28=0x0 x28=0x0 -> x28=0x1 
[libmetasec_ml.so] 0x70fbd63948!0x116948 b #0x70fbd635f0; 
[libmetasec_ml.so] 0x70fbd635f0!0x1165f0 ldr x8, [x20]; x8=0x0 x20=0x72a7410a98 mem_r=0x72a7410a98 -> x8=0x70fbebed30 
[libmetasec_ml.so] 0x70fbd635f4!0x1165f4 ldr w9, [x8, #0x30]; w9=0xfbe42623 x8=0x70fbebed30 mem_r=0x70fbebed60 -> w9=0x6 
[libmetasec_ml.so] 0x70fbd635f8!0x1165f8 cmp x28, x9; x28=0x1 x9=0x6 -> x28=0x1 
[libmetasec_ml.so] 0x70fbd635fc!0x1165fc b.hs #0x70fbd6397c; 
[libmetasec_ml.so] 0x70fbd63600!0x116600 ldr x8, [x8, #0x38]; x8=0x70fbebed30 x8=0x70fbebed30 mem_r=0x70fbebed68 -> x8=0x70fbec0518 
[libmetasec_ml.so] 0x70fbd63604!0x116604 nop ; 
[libmetasec_ml.so] 0x70fbd63608!0x116608 madd x24, x28, x19, x8; x24=0x70fbec0518 x28=0x1 x19=0x48 x8=0x70fbec0518 -> x24=0x70fbec0560 
[libmetasec_ml.so] 0x70fbd6360c!0x11660c ldr w9, [x24, #0x18]; w9=0x6 x24=0x70fbec0560 mem_r=0x70fbec0578 -> w9=0x20 
[libmetasec_ml.so] 0x70fbd63610!0x116610 ldr w11, [x24, #0xc]; w11=0x3 x24=0x70fbec0560 mem_r=0x70fbec056c -> w11=0x3 
[libmetasec_ml.so] 0x70fbd63614!0x116614 add x22, x20, x9; x22=0x72a7410ab0 x20=0x72a7410a98 x9=0x20 -> x22=0x72a7410ab8 
[libmetasec_ml.so] 0x70fbd63618!0x116618 cbz w11, #0x70fbd63744; w11=0x3 
[libmetasec_ml.so] 0x70fbd6361c!0x11661c ldr w9, [x24, #0x14]; w9=0x20 x24=0x70fbec0560 mem_r=0x70fbec0574 -> w9=0x0 
[libmetasec_ml.so] 0x70fbd63620!0x116620 cmp w11, #1; w11=0x3 -> w11=0x3 
[libmetasec_ml.so] 0x70fbd63624!0x116624 madd x10, x28, x19, x8; x10=0x70fbd64df8 x28=0x1 x19=0x48 x8=0x70fbec0518 -> x10=0x70fbec0560 
[libmetasec_ml.so] 0x70fbd63628!0x116628 ccmp w11, #3, #4, ne; w11=0x3 
[libmetasec_ml.so] 0x70fbd6362c!0x11662c b.ne #0x70fbd63668; 
[libmetasec_ml.so] 0x70fbd63630!0x116630 ldr w10, [x10, #0x30]; w10=0xfbec0560 x10=0x70fbec0560 mem_r=0x70fbec0590 -> w10=0x0 
[libmetasec_ml.so] 0x70fbd63634!0x116634 tbnz w10, #2, #0x70fbd636a0; w10=0x0 
[libmetasec_ml.so] 0x70fbd63638!0x116638 cmp w11, #3; w11=0x3 -> w11=0x3 
[libmetasec_ml.so] 0x70fbd6363c!0x11663c b.eq #0x70fbd6372c; 
[libmetasec_ml.so] 0x70fbd6372c!0x11672c mov x0, x24; x0=0x1 x24=0x70fbec0560 -> x0=0x70fbec0560 
[libmetasec_ml.so] 0x70fbd63730!0x116730 mov x1, x22; x1=0x72a7410ab0 x22=0x72a7410ab8 -> x1=0x72a7410ab8 
[libmetasec_ml.so] 0x70fbd63734!0x116734 bl #0x70fbd64dc8; 
[libmetasec_ml.so] 0x70fbd64dc8!0x117dc8 ldr w8, [x0, #0x10]; w8=0xfbec0518 x0=0x70fbec0560 mem_r=0x70fbec0570 -> w8=0xd 
[libmetasec_ml.so] 0x70fbd64dcc!0x117dcc cmp w8, #0x10; w8=0xd -> w8=0xd 
[libmetasec_ml.so] 0x70fbd64dd0!0x117dd0 b.hi #0x70fbd64e30; 
[libmetasec_ml.so] 0x70fbd64dd4!0x117dd4 adrp x9, #0x70fbe42000; x9=0x0 -> x9=0x70fbe42000 
[libmetasec_ml.so] 0x70fbd64dd8!0x117dd8 add x9, x9, #0x623; x9=0x70fbe42000 x9=0x70fbe42000 -> x9=0x70fbe42623 
[libmetasec_ml.so] 0x70fbd64ddc!0x117ddc adr x10, #0x70fbd64dec; x10=0x0 -> x10=0x70fbd64dec 
[libmetasec_ml.so] 0x70fbd64de0!0x117de0 ldrb w11, [x9, x8]; w11=0x3 x9=0x70fbe42623 x8=0xd mem_r=0x70fbe42630 -> w11=0x0 
[libmetasec_ml.so] 0x70fbd64de4!0x117de4 add x10, x10, x11, lsl #2; x10=0x70fbd64dec x10=0x70fbd64dec x11=0x0 -> x10=0x70fbd64dec 
[libmetasec_ml.so] 0x70fbd64de8!0x117de8 br x10; x10=0x70fbd64dec 
[libmetasec_ml.so] 0x70fbd64dec!0x117dec ldr w8, [x1]; w8=0xd x1=0x72a7410ab8 mem_r=0x72a7410ab8 -> w8=0x0 
[libmetasec_ml.so] 0x70fbd64df0!0x117df0 cmp w8, #0; w8=0x0 -> w8=0x0 
[libmetasec_ml.so] 0x70fbd64df4!0x117df4 b #0x70fbd64e00; 
[libmetasec_ml.so] 0x70fbd64e00!0x117e00 cset w0, eq; w0=0xfbec0560 -> w0=0x1 
[libmetasec_ml.so] 0x70fbd64e04!0x117e04 ret ; 
[libmetasec_ml.so] 0x70fbd63738!0x116738 cbz w0, #0x70fbd63744; w0=0x1 
[libmetasec_ml.so] 0x70fbd6373c!0x11673c mov x25, xzr; x25=0x0 -> x25=0x0 
[libmetasec_ml.so] 0x70fbd63740!0x116740 b #0x70fbd63940; 
[libmetasec_ml.so] 0x70fbd63940!0x116940 add x21, x25, x21; x21=0x0 x25=0x0 x21=0x0 -> x21=0x0 
[libmetasec_ml.so] 0x70fbd63944!0x116944 add x28, x28, #1; x28=0x1 x28=0x1 -> x28=0x2 
[libmetasec_ml.so] 0x70fbd63948!0x116948 b #0x70fbd635f0; 
[libmetasec_ml.so] 0x70fbd635f0!0x1165f0 ldr x8, [x20]; x8=0x0 x20=0x72a7410a98 mem_r=0x72a7410a98 -> x8=0x70fbebed30 
[libmetasec_ml.so] 0x70fbd635f4!0x1165f4 ldr w9, [x8, #0x30]; w9=0xfbe42623 x8=0x70fbebed30 mem_r=0x70fbebed60 -> w9=0x6 
[libmetasec_ml.so] 0x70fbd635f8!0x1165f8 cmp x28, x9; x28=0x2 x9=0x6 -> x28=0x2 
[libmetasec_ml.so] 0x70fbd635fc!0x1165fc b.hs #0x70fbd6397c; 
[libmetasec_ml.so] 0x70fbd63600!0x116600 ldr x8, [x8, #0x38]; x8=0x70fbebed30 x8=0x70fbebed30 mem_r=0x70fbebed68 -> x8=0x70fbec0518 
[libmetasec_ml.so] 0x70fbd63604!0x116604 nop ; 
[libmetasec_ml.so] 0x70fbd63608!0x116608 madd x24, x28, x19, x8; x24=0x70fbec0560 x28=0x2 x19=0x48 x8=0x70fbec0518 -> x24=0x70fbec05a8 
[libmetasec_ml.so] 0x70fbd6360c!0x11660c ldr w9, [x24, #0x18]; w9=0x6 x24=0x70fbec05a8 mem_r=0x70fbec05c0 -> w9=0x28 
[libmetasec_ml.so] 0x70fbd63610!0x116610 ldr w11, [x24, #0xc]; w11=0x0 x24=0x70fbec05a8 mem_r=0x70fbec05b4 -> w11=0x3 
[libmetasec_ml.so] 0x70fbd63614!0x116614 add x22, x20, x9; x22=0x72a7410ab8 x20=0x72a7410a98 x9=0x28 -> x22=0x72a7410ac0 
[libmetasec_ml.so] 0x70fbd63618!0x116618 cbz w11, #0x70fbd63744; w11=0x3 
[libmetasec_ml.so] 0x70fbd6361c!0x11661c ldr w9, [x24, #0x14]; w9=0x28 x24=0x70fbec05a8 mem_r=0x70fbec05bc -> w9=0x0 
[libmetasec_ml.so] 0x70fbd63620!0x116620 cmp w11, #1; w11=0x3 -> w11=0x3 
[libmetasec_ml.so] 0x70fbd63624!0x116624 madd x10, x28, x19, x8; x10=0x70fbd64dec x28=0x2 x19=0x48 x8=0x70fbec0518 -> x10=0x70fbec05a8 
[libmetasec_ml.so] 0x70fbd63628!0x116628 ccmp w11, #3, #4, ne; w11=0x3 
[libmetasec_ml.so] 0x70fbd6362c!0x11662c b.ne #0x70fbd63668; 
[libmetasec_ml.so] 0x70fbd63630!0x116630 ldr w10, [x10, #0x30]; w10=0xfbec05a8 x10=0x70fbec05a8 mem_r=0x70fbec05d8 -> w10=0x0 
[libmetasec_ml.so] 0x70fbd63634!0x116634 tbnz w10, #2, #0x70fbd636a0; w10=0x0 
[libmetasec_ml.so] 0x70fbd63638!0x116638 cmp w11, #3; w11=0x3 -> w11=0x3 
[libmetasec_ml.so] 0x70fbd6363c!0x11663c b.eq #0x70fbd6372c; 
[libmetasec_ml.so] 0x70fbd6372c!0x11672c mov x0, x24; x0=0x1 x24=0x70fbec05a8 -> x0=0x70fbec05a8 
[libmetasec_ml.so] 0x70fbd63730!0x116730 mov x1, x22; x1=0x72a7410ab8 x22=0x72a7410ac0 -> x1=0x72a7410ac0 
[libmetasec_ml.so] 0x70fbd63734!0x116734 bl #0x70fbd64dc8; 
[libmetasec_ml.so] 0x70fbd64dc8!0x117dc8 ldr w8, [x0, #0x10]; w8=0xfbec0518 x0=0x70fbec05a8 mem_r=0x70fbec05b8 -> w8=0xe 
[libmetasec_ml.so] 0x70fbd64dcc!0x117dcc cmp w8, #0x10; w8=0xe -> w8=0xe 
[libmetasec_ml.so] 0x70fbd64dd0!0x117dd0 b.hi #0x70fbd64e30; 
[libmetasec_ml.so] 0x70fbd64dd4!0x117dd4 adrp x9, #0x70fbe42000; x9=0x0 -> x9=0x70fbe42000 
[libmetasec_ml.so] 0x70fbd64dd8!0x117dd8 add x9, x9, #0x623; x9=0x70fbe42000 x9=0x70fbe42000 -> x9=0x70fbe42623 
[libmetasec_ml.so] 0x70fbd64ddc!0x117ddc adr x10, #0x70fbd64dec; x10=0x0 -> x10=0x70fbd64dec 
[libmetasec_ml.so] 0x70fbd64de0!0x117de0 ldrb w11, [x9, x8]; w11=0x3 x9=0x70fbe42623 x8=0xe mem_r=0x70fbe42631 -> w11=0xd 
[libmetasec_ml.so] 0x70fbd64de4!0x117de4 add x10, x10, x11, lsl #2; x10=0x70fbd64dec x10=0x70fbd64dec x11=0xd -> x10=0x70fbd64e20 
[libmetasec_ml.so] 0x70fbd64de8!0x117de8 br x10; x10=0x70fbd64e20 
[libmetasec_ml.so] 0x70fbd64e20!0x117e20 ldr x8, [x1]; x8=0xe x1=0x72a7410ac0 mem_r=0x72a7410ac0 -> x8=0x74472b3930 
[libmetasec_ml.so] 0x70fbd64e24!0x117e24 cbz x8, #0x70fbd64e30; x8=0x74472b3930 
[libmetasec_ml.so] 0x70fbd64e28!0x117e28 ldrb w8, [x8]; w8=0x472b3930 x8=0x74472b3930 mem_r=0x74472b3930 -> w8=0x0 
[libmetasec_ml.so] 0x70fbd64e2c!0x117e2c b #0x70fbd64df0; 
[libmetasec_ml.so] 0x70fbd64df0!0x117df0 cmp w8, #0; w8=0x0 -> w8=0x0 
[libmetasec_ml.so] 0x70fbd64df4!0x117df4 b #0x70fbd64e00; 
[libmetasec_ml.so] 0x70fbd64e00!0x117e00 cset w0, eq; w0=0xfbec05a8 -> w0=0x1 
[libmetasec_ml.so] 0x70fbd64e04!0x117e04 ret ; 
[libmetasec_ml.so] 0x70fbd63738!0x116738 cbz w0, #0x70fbd63744; w0=0x1 
[libmetasec_ml.so] 0x70fbd6373c!0x11673c mov x25, xzr; x25=0x0 -> x25=0x0 
[libmetasec_ml.so] 0x70fbd63740!0x116740 b #0x70fbd63940; 
[libmetasec_ml.so] 0x70fbd63940!0x116940 add x21, x25, x21; x21=0x0 x25=0x0 x21=0x0 -> x21=0x0 
[libmetasec_ml.so] 0x70fbd63944!0x116944 add x28, x28, #1; x28=0x2 x28=0x2 -> x28=0x3 
[libmetasec_ml.so] 0x70fbd63948!0x116948 b #0x70fbd635f0; 
[libmetasec_ml.so] 0x70fbd635f0!0x1165f0 ldr x8, [x20]; x8=0x0 x20=0x72a7410a98 mem_r=0x72a7410a98 -> x8=0x70fbebed30 
[libmetasec_ml.so] 0x70fbd635f4!0x1165f4 ldr w9, [x8, #0x30]; w9=0xfbe42623 x8=0x70fbebed30 mem_r=0x70fbebed60 -> w9=0x6 
[libmetasec_ml.so] 0x70fbd635f8!0x1165f8 cmp x28, x9; x28=0x3 x9=0x6 -> x28=0x3 
[libmetasec_ml.so] 0x70fbd635fc!0x1165fc b.hs #0x70fbd6397c; 
[libmetasec_ml.so] 0x70fbd63600!0x116600 ldr x8, [x8, #0x38]; x8=0x70fbebed30 x8=0x70fbebed30 mem_r=0x70fbebed68 -> x8=0x70fbec0518 
[libmetasec_ml.so] 0x70fbd63604!0x116604 nop ; 
[libmetasec_ml.so] 0x70fbd63608!0x116608 madd x24, x28, x19, x8; x24=0x70fbec05a8 x28=0x3 x19=0x48 x8=0x70fbec0518 -> x24=0x70fbec05f0 
[libmetasec_ml.so] 0x70fbd6360c!0x11660c ldr w9, [x24, #0x18]; w9=0x6 x24=0x70fbec05f0 mem_r=0x70fbec0608 -> w9=0x30 
[libmetasec_ml.so] 0x70fbd63610!0x116610 ldr w11, [x24, #0xc]; w11=0xd x24=0x70fbec05f0 mem_r=0x70fbec05fc -> w11=0x3 
[libmetasec_ml.so] 0x70fbd63614!0x116614 add x22, x20, x9; x22=0x72a7410ac0 x20=0x72a7410a98 x9=0x30 -> x22=0x72a7410ac8 
[libmetasec_ml.so] 0x70fbd63618!0x116618 cbz w11, #0x70fbd63744; w11=0x3 
[libmetasec_ml.so] 0x70fbd6361c!0x11661c ldr w9, [x24, #0x14]; w9=0x30 x24=0x70fbec05f0 mem_r=0x70fbec0604 -> w9=0x0 
[libmetasec_ml.so] 0x70fbd63620!0x116620 cmp w11, #1; w11=0x3 -> w11=0x3 
[libmetasec_ml.so] 0x70fbd63624!0x116624 madd x10, x28, x19, x8; x10=0x70fbd64e20 x28=0x3 x19=0x48 x8=0x70fbec0518 -> x10=0x70fbec05f0 
[libmetasec_ml.so] 0x70fbd63628!0x116628 ccmp w11, #3, #4, ne; w11=0x3 
[libmetasec_ml.so] 0x70fbd6362c!0x11662c b.ne #0x70fbd63668; 
[libmetasec_ml.so] 0x70fbd63630!0x116630 ldr w10, [x10, #0x30]; w10=0xfbec05f0 x10=0x70fbec05f0 mem_r=0x70fbec0620 -> w10=0x0 
[libmetasec_ml.so] 0x70fbd63634!0x116634 tbnz w10, #2, #0x70fbd636a0; w10=0x0 
[libmetasec_ml.so] 0x70fbd63638!0x116638 cmp w11, #3; w11=0x3 -> w11=0x3 
[libmetasec_ml.so] 0x70fbd6363c!0x11663c b.eq #0x70fbd6372c; 
[libmetasec_ml.so] 0x70fbd6372c!0x11672c mov x0, x24; x0=0x1 x24=0x70fbec05f0 -> x0=0x70fbec05f0 
[libmetasec_ml.so] 0x70fbd63730!0x116730 mov x1, x22; x1=0x72a7410ac0 x22=0x72a7410ac8 -> x1=0x72a7410ac8 
[libmetasec_ml.so] 0x70fbd63734!0x116734 bl #0x70fbd64dc8; 
[libmetasec_ml.so] 0x70fbd64dc8!0x117dc8 ldr w8, [x0, #0x10]; w8=0xfbec0518 x0=0x70fbec05f0 mem_r=0x70fbec0600 -> w8=0x1 
[libmetasec_ml.so] 0x70fbd64dcc!0x117dcc cmp w8, #0x10; w8=0x1 -> w8=0x1 
[libmetasec_ml.so] 0x70fbd64dd0!0x117dd0 b.hi #0x70fbd64e30; 
[libmetasec_ml.so] 0x70fbd64dd4!0x117dd4 adrp x9, #0x70fbe42000; x9=0x0 -> x9=0x70fbe42000 
[libmetasec_ml.so] 0x70fbd64dd8!0x117dd8 add x9, x9, #0x623; x9=0x70fbe42000 x9=0x70fbe42000 -> x9=0x70fbe42623 
[libmetasec_ml.so] 0x70fbd64ddc!0x117ddc adr x10, #0x70fbd64dec; x10=0x0 -> x10=0x70fbd64dec 
[libmetasec_ml.so] 0x70fbd64de0!0x117de0 ldrb w11, [x9, x8]; w11=0x3 x9=0x70fbe42623 x8=0x1 mem_r=0x70fbe42624 -> w11=0x0 
[libmetasec_ml.so] 0x70fbd64de4!0x117de4 add x10, x10, x11, lsl #2; x10=0x70fbd64dec x10=0x70fbd64dec x11=0x0 -> x10=0x70fbd64dec 
[libmetasec_ml.so] 0x70fbd64de8!0x117de8 br x10; x10=0x70fbd64dec 
[libmetasec_ml.so] 0x70fbd64dec!0x117dec ldr w8, [x1]; w8=0x1 x1=0x72a7410ac8 mem_r=0x72a7410ac8 -> w8=0x0 
[libmetasec_ml.so] 0x70fbd64df0!0x117df0 cmp w8, #0; w8=0x0 -> w8=0x0 
[libmetasec_ml.so] 0x70fbd64df4!0x117df4 b #0x70fbd64e00; 
[libmetasec_ml.so] 0x70fbd64e00!0x117e00 cset w0, eq; w0=0xfbec05f0 -> w0=0x1 
[libmetasec_ml.so] 0x70fbd64e04!0x117e04 ret ; 
[libmetasec_ml.so] 0x70fbd63738!0x116738 cbz w0, #0x70fbd63744; w0=0x1 
[libmetasec_ml.so] 0x70fbd6373c!0x11673c mov x25, xzr; x25=0x0 -> x25=0x0 
[libmetasec_ml.so] 0x70fbd63740!0x116740 b #0x70fbd63940; 
[libmetasec_ml.so] 0x70fbd63940!0x116940 add x21, x25, x21; x21=0x0 x25=0x0 x21=0x0 -> x21=0x0 
[libmetasec_ml.so] 0x70fbd63944!0x116944 add x28, x28, #1; x28=0x3 x28=0x3 -> x28=0x4 
[libmetasec_ml.so] 0x70fbd63948!0x116948 b #0x70fbd635f0; 
[libmetasec_ml.so] 0x70fbd635f0!0x1165f0 ldr x8, [x20]; x8=0x0 x20=0x72a7410a98 mem_r=0x72a7410a98 -> x8=0x70fbebed30 
[libmetasec_ml.so] 0x70fbd635f4!0x1165f4 ldr w9, [x8, #0x30]; w9=0xfbe42623 x8=0x70fbebed30 mem_r=0x70fbebed60 -> w9=0x6 
[libmetasec_ml.so] 0x70fbd635f8!0x1165f8 cmp x28, x9; x28=0x4 x9=0x6 -> x28=0x4 
[libmetasec_ml.so] 0x70fbd635fc!0x1165fc b.hs #0x70fbd6397c; 
[libmetasec_ml.so] 0x70fbd63600!0x116600 ldr x8, [x8, #0x38]; x8=0x70fbebed30 x8=0x70fbebed30 mem_r=0x70fbebed68 -> x8=0x70fbec0518 
[libmetasec_ml.so] 0x70fbd63604!0x116604 nop ; 
[libmetasec_ml.so] 0x70fbd63608!0x116608 madd x24, x28, x19, x8; x24=0x70fbec05f0 x28=0x4 x19=0x48 x8=0x70fbec0518 -> x24=0x70fbec0638 
[libmetasec_ml.so] 0x70fbd6360c!0x11660c ldr w9, [x24, #0x18]; w9=0x6 x24=0x70fbec0638 mem_r=0x70fbec0650 -> w9=0x34 
[libmetasec_ml.so] 0x70fbd63610!0x116610 ldr w11, [x24, #0xc]; w11=0x0 x24=0x70fbec0638 mem_r=0x70fbec0644 -> w11=0x3 
[libmetasec_ml.so] 0x70fbd63614!0x116614 add x22, x20, x9; x22=0x72a7410ac8 x20=0x72a7410a98 x9=0x34 -> x22=0x72a7410acc 
[libmetasec_ml.so] 0x70fbd63618!0x116618 cbz w11, #0x70fbd63744; w11=0x3 
[libmetasec_ml.so] 0x70fbd6361c!0x11661c ldr w9, [x24, #0x14]; w9=0x34 x24=0x70fbec0638 mem_r=0x70fbec064c -> w9=0x0 
[libmetasec_ml.so] 0x70fbd63620!0x116620 cmp w11, #1; w11=0x3 -> w11=0x3 
[libmetasec_ml.so] 0x70fbd63624!0x116624 madd x10, x28, x19, x8; x10=0x70fbd64dec x28=0x4 x19=0x48 x8=0x70fbec0518 -> x10=0x70fbec0638 
[libmetasec_ml.so] 0x70fbd63628!0x116628 ccmp w11, #3, #4, ne; w11=0x3 
[libmetasec_ml.so] 0x70fbd6362c!0x11662c b.ne #0x70fbd63668; 
[libmetasec_ml.so] 0x70fbd63630!0x116630 ldr w10, [x10, #0x30]; w10=0xfbec0638 x10=0x70fbec0638 mem_r=0x70fbec0668 -> w10=0x0 
[libmetasec_ml.so] 0x70fbd63634!0x116634 tbnz w10, #2, #0x70fbd636a0; w10=0x0 
[libmetasec_ml.so] 0x70fbd63638!0x116638 cmp w11, #3; w11=0x3 -> w11=0x3 
[libmetasec_ml.so] 0x70fbd6363c!0x11663c b.eq #0x70fbd6372c; 
[libmetasec_ml.so] 0x70fbd6372c!0x11672c mov x0, x24; x0=0x1 x24=0x70fbec0638 -> x0=0x70fbec0638 
[libmetasec_ml.so] 0x70fbd63730!0x116730 mov x1, x22; x1=0x72a7410ac8 x22=0x72a7410acc -> x1=0x72a7410acc 
[libmetasec_ml.so] 0x70fbd63734!0x116734 bl #0x70fbd64dc8; 
[libmetasec_ml.so] 0x70fbd64dc8!0x117dc8 ldr w8, [x0, #0x10]; w8=0xfbec0518 x0=0x70fbec0638 mem_r=0x70fbec0648 -> w8=0x1 
[libmetasec_ml.so] 0x70fbd64dcc!0x117dcc cmp w8, #0x10; w8=0x1 -> w8=0x1 
[libmetasec_ml.so] 0x70fbd64dd0!0x117dd0 b.hi #0x70fbd64e30; 
[libmetasec_ml.so] 0x70fbd64dd4!0x117dd4 adrp x9, #0x70fbe42000; x9=0x0 -> x9=0x70fbe42000 
[libmetasec_ml.so] 0x70fbd64dd8!0x117dd8 add x9, x9, #0x623; x9=0x70fbe42000 x9=0x70fbe42000 -> x9=0x70fbe42623 
[libmetasec_ml.so] 0x70fbd64ddc!0x117ddc adr x10, #0x70fbd64dec; x10=0x0 -> x10=0x70fbd64dec 
[libmetasec_ml.so] 0x70fbd64de0!0x117de0 ldrb w11, [x9, x8]; w11=0x3 x9=0x70fbe42623 x8=0x1 mem_r=0x70fbe42624 -> w11=0x0 
[libmetasec_ml.so] 0x70fbd64de4!0x117de4 add x10, x10, x11, lsl #2; x10=0x70fbd64dec x10=0x70fbd64dec x11=0x0 -> x10=0x70fbd64dec 
[libmetasec_ml.so] 0x70fbd64de8!0x117de8 br x10; x10=0x70fbd64dec 
[libmetasec_ml.so] 0x70fbd64dec!0x117dec ldr w8, [x1]; w8=0x1 x1=0x72a7410acc mem_r=0x72a7410acc -> w8=0x0 
[libmetasec_ml.so] 0x70fbd64df0!0x117df0 cmp w8, #0; w8=0x0 -> w8=0x0 
[libmetasec_ml.so] 0x70fbd64df4!0x117df4 b #0x70fbd64e00; 
[libmetasec_ml.so] 0x70fbd64e00!0x117e00 cset w0, eq; w0=0xfbec0638 -> w0=0x1 
[libmetasec_ml.so] 0x70fbd64e04!0x117e04 ret ; 
[libmetasec_ml.so] 0x70fbd63738!0x116738 cbz w0, #0x70fbd63744; w0=0x1 
[libmetasec_ml.so] 0x70fbd6373c!0x11673c mov x25, xzr; x25=0x0 -> x25=0x0 
[libmetasec_ml.so] 0x70fbd63740!0x116740 b #0x70fbd63940; 
[libmetasec_ml.so] 0x70fbd63940!0x116940 add x21, x25, x21; x21=0x0 x25=0x0 x21=0x0 -> x21=0x0 
[libmetasec_ml.so] 0x70fbd63944!0x116944 add x28, x28, #1; x28=0x4 x28=0x4 -> x28=0x5 
[libmetasec_ml.so] 0x70fbd63948!0x116948 b #0x70fbd635f0; 
[libmetasec_ml.so] 0x70fbd635f0!0x1165f0 ldr x8, [x20]; x8=0x0 x20=0x72a7410a98 mem_r=0x72a7410a98 -> x8=0x70fbebed30 
[libmetasec_ml.so] 0x70fbd635f4!0x1165f4 ldr w9, [x8, #0x30]; w9=0xfbe42623 x8=0x70fbebed30 mem_r=0x70fbebed60 -> w9=0x6 
[libmetasec_ml.so] 0x70fbd635f8!0x1165f8 cmp x28, x9; x28=0x5 x9=0x6 -> x28=0x5 
[libmetasec_ml.so] 0x70fbd635fc!0x1165fc b.hs #0x70fbd6397c; 
[libmetasec_ml.so] 0x70fbd63600!0x116600 ldr x8, [x8, #0x38]; x8=0x70fbebed30 x8=0x70fbebed30 mem_r=0x70fbebed68 -> x8=0x70fbec0518 
[libmetasec_ml.so] 0x70fbd63604!0x116604 nop ; 
[libmetasec_ml.so] 0x70fbd63608!0x116608 madd x24, x28, x19, x8; x24=0x70fbec0638 x28=0x5 x19=0x48 x8=0x70fbec0518 -> x24=0x70fbec0680 
[libmetasec_ml.so] 0x70fbd6360c!0x11660c ldr w9, [x24, #0x18]; w9=0x6 x24=0x70fbec0680 mem_r=0x70fbec0698 -> w9=0x38 
[libmetasec_ml.so] 0x70fbd63610!0x116610 ldr w11, [x24, #0xc]; w11=0x0 x24=0x70fbec0680 mem_r=0x70fbec068c -> w11=0x3 
[libmetasec_ml.so] 0x70fbd63614!0x116614 add x22, x20, x9; x22=0x72a7410acc x20=0x72a7410a98 x9=0x38 -> x22=0x72a7410ad0 
[libmetasec_ml.so] 0x70fbd63618!0x116618 cbz w11, #0x70fbd63744; w11=0x3 
[libmetasec_ml.so] 0x70fbd6361c!0x11661c ldr w9, [x24, #0x14]; w9=0x38 x24=0x70fbec0680 mem_r=0x70fbec0694 -> w9=0x0 
[libmetasec_ml.so] 0x70fbd63620!0x116620 cmp w11, #1; w11=0x3 -> w11=0x3 
[libmetasec_ml.so] 0x70fbd63624!0x116624 madd x10, x28, x19, x8; x10=0x70fbd64dec x28=0x5 x19=0x48 x8=0x70fbec0518 -> x10=0x70fbec0680 
[libmetasec_ml.so] 0x70fbd63628!0x116628 ccmp w11, #3, #4, ne; w11=0x3 
[libmetasec_ml.so] 0x70fbd6362c!0x11662c b.ne #0x70fbd63668; 
[libmetasec_ml.so] 0x70fbd63630!0x116630 ldr w10, [x10, #0x30]; w10=0xfbec0680 x10=0x70fbec0680 mem_r=0x70fbec06b0 -> w10=0x0 
[libmetasec_ml.so] 0x70fbd63634!0x116634 tbnz w10, #2, #0x70fbd636a0; w10=0x0 
[libmetasec_ml.so] 0x70fbd63638!0x116638 cmp w11, #3; w11=0x3 -> w11=0x3 
[libmetasec_ml.so] 0x70fbd6363c!0x11663c b.eq #0x70fbd6372c; 
[libmetasec_ml.so] 0x70fbd6372c!0x11672c mov x0, x24; x0=0x1 x24=0x70fbec0680 -> x0=0x70fbec0680 
[libmetasec_ml.so] 0x70fbd63730!0x116730 mov x1, x22; x1=0x72a7410acc x22=0x72a7410ad0 -> x1=0x72a7410ad0 
[libmetasec_ml.so] 0x70fbd63734!0x116734 bl #0x70fbd64dc8; 
[libmetasec_ml.so] 0x70fbd64dc8!0x117dc8 ldr w8, [x0, #0x10]; w8=0xfbec0518 x0=0x70fbec0680 mem_r=0x70fbec0690 -> w8=0x1 
[libmetasec_ml.so] 0x70fbd64dcc!0x117dcc cmp w8, #0x10; w8=0x1 -> w8=0x1 
[libmetasec_ml.so] 0x70fbd64dd0!0x117dd0 b.hi #0x70fbd64e30; 
[libmetasec_ml.so] 0x70fbd64dd4!0x117dd4 adrp x9, #0x70fbe42000; x9=0x0 -> x9=0x70fbe42000 
[libmetasec_ml.so] 0x70fbd64dd8!0x117dd8 add x9, x9, #0x623; x9=0x70fbe42000 x9=0x70fbe42000 -> x9=0x70fbe42623 
[libmetasec_ml.so] 0x70fbd64ddc!0x117ddc adr x10, #0x70fbd64dec; x10=0x0 -> x10=0x70fbd64dec 
[libmetasec_ml.so] 0x70fbd64de0!0x117de0 ldrb w11, [x9, x8]; w11=0x3 x9=0x70fbe42623 x8=0x1 mem_r=0x70fbe42624 -> w11=0x0 
[libmetasec_ml.so] 0x70fbd64de4!0x117de4 add x10, x10, x11, lsl #2; x10=0x70fbd64dec x10=0x70fbd64dec x11=0x0 -> x10=0x70fbd64dec 
[libmetasec_ml.so] 0x70fbd64de8!0x117de8 br x10; x10=0x70fbd64dec 
[libmetasec_ml.so] 0x70fbd64dec!0x117dec ldr w8, [x1]; w8=0x1 x1=0x72a7410ad0 mem_r=0x72a7410ad0 -> w8=0x0 
[libmetasec_ml.so] 0x70fbd64df0!0x117df0 cmp w8, #0; w8=0x0 -> w8=0x0 
[libmetasec_ml.so] 0x70fbd64df4!0x117df4 b #0x70fbd64e00; 
[libmetasec_ml.so] 0x70fbd64e00!0x117e00 cset w0, eq; w0=0xfbec0680 -> w0=0x1 
[libmetasec_ml.so] 0x70fbd64e04!0x117e04 ret ; 
[libmetasec_ml.so] 0x70fbd63738!0x116738 cbz w0, #0x70fbd63744; w0=0x1 
[libmetasec_ml.so] 0x70fbd6373c!0x11673c mov x25, xzr; x25=0x0 -> x25=0x0 
[libmetasec_ml.so] 0x70fbd63740!0x116740 b #0x70fbd63940; 
[libmetasec_ml.so] 0x70fbd63940!0x116940 add x21, x25, x21; x21=0x0 x25=0x0 x21=0x0 -> x21=0x0 
[libmetasec_ml.so] 0x70fbd63944!0x116944 add x28, x28, #1; x28=0x5 x28=0x5 -> x28=0x6 
[libmetasec_ml.so] 0x70fbd63948!0x116948 b #0x70fbd635f0; 
[libmetasec_ml.so] 0x70fbd635f0!0x1165f0 ldr x8, [x20]; x8=0x0 x20=0x72a7410a98 mem_r=0x72a7410a98 -> x8=0x70fbebed30 
[libmetasec_ml.so] 0x70fbd635f4!0x1165f4 ldr w9, [x8, #0x30]; w9=0xfbe42623 x8=0x70fbebed30 mem_r=0x70fbebed60 -> w9=0x6 
[libmetasec_ml.so] 0x70fbd635f8!0x1165f8 cmp x28, x9; x28=0x6 x9=0x6 -> x28=0x6 
[libmetasec_ml.so] 0x70fbd635fc!0x1165fc b.hs #0x70fbd6397c; 
[libmetasec_ml.so] 0x70fbd6397c!0x11697c mov x24, xzr; x24=0x70fbec0680 -> x24=0x0 
[libmetasec_ml.so] 0x70fbd63980!0x116980 mov x25, xzr; x25=0x0 -> x25=0x0 
[libmetasec_ml.so] 0x70fbd63984!0x116984 ldr w8, [x20, #8]; w8=0xfbebed30 x20=0x72a7410a98 mem_r=0x72a7410aa0 -> w8=0x0 
[libmetasec_ml.so] 0x70fbd63988!0x116988 cmp x25, x8; x25=0x0 x8=0x0 -> x25=0x0 
[libmetasec_ml.so] 0x70fbd6398c!0x11698c b.hs #0x70fbd639e0; 
[libmetasec_ml.so] 0x70fbd639e0!0x1169e0 mov x0, x21; x0=0x1 x21=0x0 -> x0=0x0 
[libmetasec_ml.so] 0x70fbd639e4!0x1169e4 ldp x29, x30, [sp, #0x70]; fp=0x70d87c2a00 lr=0x70fbd63738 sp=0x70d87c2990 mem_r=0x70d87c2a00 -> fp=0x70d87c2ba0 lr=0x70fbf160f0 
[libmetasec_ml.so] 0x70fbd639e8!0x1169e8 ldp x20, x19, [sp, #0x60]; x20=0x72a7410a98 x19=0x48 sp=0x70d87c2990 mem_r=0x70d87c29f0 -> x20=0x736741161c x19=0x1 
[libmetasec_ml.so] 0x70fbd639ec!0x1169ec ldp x22, x21, [sp, #0x50]; x22=0x72a7410ad0 x21=0x0 sp=0x70d87c2990 mem_r=0x70d87c29e0 -> x22=0x736741161d x21=0x72a7410bf8 
[libmetasec_ml.so] 0x70fbd639f0!0x1169f0 ldp x24, x23, [sp, #0x40]; x24=0x0 x23=0x2a45 sp=0x70d87c2990 mem_r=0x70d87c29d0 -> x24=0x70fbec0b90 x23=0x2a45 
[libmetasec_ml.so] 0x70fbd639f4!0x1169f4 ldp x26, x25, [sp, #0x30]; x26=0x70fbda533c x25=0x0 sp=0x70d87c2990 mem_r=0x70d87c29c0 -> x26=0x70fbda533c x25=0x12a 
[libmetasec_ml.so] 0x70fbd639f8!0x1169f8 ldp x28, x27, [sp, #0x20]; x28=0x6 x27=0x736741161d sp=0x70d87c2990 mem_r=0x70d87c29b0 -> x28=0xc x27=0x73674114e0 
[libmetasec_ml.so] 0x70fbd639fc!0x1169fc add sp, sp, #0x80; sp=0x70d87c2990 sp=0x70d87c2990 -> sp=0x70d87c2a10 
[libmetasec_ml.so] 0x70fbd63a00!0x116a00 ret ; 
[libmetasec_ml.so] 0x70fbd63bbc!0x116bbc mov x21, x0; x21=0x72a7410bf8 x0=0x0 -> x21=0x0 
[libmetasec_ml.so] 0x70fbd63bc0!0x116bc0 bl #0x70fbd64d1c; 
[libmetasec_ml.so] 0x70fbd64d1c!0x117d1c cmp w0, #0x80; w0=0x0 -> w0=0x0 
[libmetasec_ml.so] 0x70fbd64d20!0x117d20 b.hs #0x70fbd64d2c; 
[libmetasec_ml.so] 0x70fbd64d24!0x117d24 mov w0, #1; w0=0x0 -> w0=0x1 
[libmetasec_ml.so] 0x70fbd64d28!0x117d28 ret ; 
[libmetasec_ml.so] 0x70fbd63bc4!0x116bc4 cmp w0, #1; w0=0x1 -> w0=0x1 
[libmetasec_ml.so] 0x70fbd63bc8!0x116bc8 b.eq #0x70fbd63bdc; 
[libmetasec_ml.so] 0x70fbd63bdc!0x116bdc mov w0, w21; w0=0x1 w21=0x0 -> w0=0x0 
[libmetasec_ml.so] 0x70fbd63be0!0x116be0 mov x1, x20; x1=0x81 x20=0x736741161c -> x1=0x736741161c 
[libmetasec_ml.so] 0x70fbd63be4!0x116be4 bl #0x70fbd64eb8; 
[libmetasec_ml.so] 0x70fbd64eb8!0x117eb8 cmp w0, #0x80; w0=0x0 -> w0=0x0 
[libmetasec_ml.so] 0x70fbd64ebc!0x117ebc b.lo #0x70fbd64f0c; 
[libmetasec_ml.so] 0x70fbd64f0c!0x117f0c mov w9, wzr; w9=0x0 -> w9=0x0 
[libmetasec_ml.so] 0x70fbd64f10!0x117f10 b #0x70fbd64f2c; 
[libmetasec_ml.so] 0x70fbd64f2c!0x117f2c add w8, w9, #1; w8=0x1 w9=0x0 -> w8=0x1 
[libmetasec_ml.so] 0x70fbd64f30!0x117f30 strb w0, [x1, w9, uxtw]; w0=0x0 x1=0x736741161c w9=0x0 mem_w=0x736741161c 
[libmetasec_ml.so] 0x70fbd64f34!0x117f34 mov x0, x8; x0=0x0 x8=0x1 -> x0=0x1 
[libmetasec_ml.so] 0x70fbd64f38!0x117f38 ret ; 
[libmetasec_ml.so] 0x70fbd63be8!0x116be8 add x8, x0, x21; x8=0x1 x0=0x1 x21=0x0 -> x8=0x1 
[libmetasec_ml.so] 0x70fbd63bec!0x116bec b #0x70fbd63bf8; 
[libmetasec_ml.so] 0x70fbd63bf8!0x116bf8 add x0, x8, x19; x0=0x1 x8=0x1 x19=0x1 -> x0=0x2 
[libmetasec_ml.so] 0x70fbd63bfc!0x116bfc ldp x29, x30, [sp, #0x30]; fp=0x70d87c2ba0 lr=0x70fbd63be8 sp=0x70d87c2b70 mem_r=0x70d87c2ba0 -> fp=0x70d87c2c20 lr=0x70fbd63754 
[libmetasec_ml.so] 0x70fbd63c00!0x116c00 ldp x20, x19, [sp, #0x20]; x20=0x736741161c x19=0x1 sp=0x70d87c2b70 mem_r=0x70d87c2b90 -> x20=0x72a7410b88 x19=0x48 
[libmetasec_ml.so] 0x70fbd63c04!0x116c04 ldp x22, x21, [sp, #0x10]; x22=0x736741161d x21=0x0 sp=0x70d87c2b70 mem_r=0x70d87c2b80 -> x22=0x72a7410bf8 x21=0x13b 
[libmetasec_ml.so] 0x70fbd63c08!0x116c08 ldr x23, [sp], #0x40; x23=0x2a45 sp=0x70d87c2b70 mem_r=0x70d87c2b70 -> x23=0x2a45 
[libmetasec_ml.so] 0x70fbd63c0c!0x116c0c ret ; 
[libmetasec_ml.so] 0x70fbd63754!0x116754 mov x25, x0; x25=0x12a x0=0x2 -> x25=0x2 
[libmetasec_ml.so] 0x70fbd63758!0x116758 b #0x70fbd63940; 
[libmetasec_ml.so] 0x70fbd63940!0x116940 add x21, x25, x21; x21=0x13b x25=0x2 x21=0x13b -> x21=0x13d 
[libmetasec_ml.so] 0x70fbd63944!0x116944 add x28, x28, #1; x28=0xc x28=0xc -> x28=0xd 
[libmetasec_ml.so] 0x70fbd63948!0x116948 b #0x70fbd635f0; 
[libmetasec_ml.so] 0x70fbd635f0!0x1165f0 ldr x8, [x20]; x8=0x1 x20=0x72a7410b88 mem_r=0x72a7410b88 -> x8=0x70fbebef10 
[libmetasec_ml.so] 0x70fbd635f4!0x1165f4 ldr w9, [x8, #0x30]; w9=0x0 x8=0x70fbebef10 mem_r=0x70fbebef40 -> w9=0x17 
[libmetasec_ml.so] 0x70fbd635f8!0x1165f8 cmp x28, x9; x28=0xd x9=0x17 -> x28=0xd 
[libmetasec_ml.so] 0x70fbd635fc!0x1165fc b.hs #0x70fbd6397c; 
[libmetasec_ml.so] 0x70fbd63600!0x116600 ldr x8, [x8, #0x38]; x8=0x70fbebef10 x8=0x70fbebef10 mem_r=0x70fbebef48 -> x8=0x70fbec0830 
[libmetasec_ml.so] 0x70fbd63604!0x116604 nop ; 
[libmetasec_ml.so] 0x70fbd63608!0x116608 madd x24, x28, x19, x8; x24=0x70fbec0b90 x28=0xd x19=0x48 x8=0x70fbec0830 -> x24=0x70fbec0bd8 
[libmetasec_ml.so] 0x70fbd6360c!0x11660c ldr w9, [x24, #0x18]; w9=0x17 x24=0x70fbec0bd8 mem_r=0x70fbec0bf0 -> w9=0x78 
[libmetasec_ml.so] 0x70fbd63610!0x116610 ldr w11, [x24, #0xc]; w11=0x372ba608 x24=0x70fbec0bd8 mem_r=0x70fbec0be4 -> w11=0x3 
[libmetasec_ml.so] 0x70fbd63614!0x116614 add x22, x20, x9; x22=0x72a7410bf8 x20=0x72a7410b88 x9=0x78 -> x22=0x72a7410c00 
[libmetasec_ml.so] 0x70fbd63618!0x116618 cbz w11, #0x70fbd63744; w11=0x3 
[libmetasec_ml.so] 0x70fbd6361c!0x11661c ldr w9, [x24, #0x14]; w9=0x78 x24=0x70fbec0bd8 mem_r=0x70fbec0bec -> w9=0x0 
[libmetasec_ml.so] 0x70fbd63620!0x116620 cmp w11, #1; w11=0x3 -> w11=0x3 
[libmetasec_ml.so] 0x70fbd63624!0x116624 madd x10, x28, x19, x8; x10=0x2f x28=0xd x19=0x48 x8=0x70fbec0830 -> x10=0x70fbec0bd8 
[libmetasec_ml.so] 0x70fbd63628!0x116628 ccmp w11, #3, #4, ne; w11=0x3 
[libmetasec_ml.so] 0x70fbd6362c!0x11662c b.ne #0x70fbd63668; 
[libmetasec_ml.so] 0x70fbd63630!0x116630 ldr w10, [x10, #0x30]; w10=0xfbec0bd8 x10=0x70fbec0bd8 mem_r=0x70fbec0c08 -> w10=0x0 
[libmetasec_ml.so] 0x70fbd63634!0x116634 tbnz w10, #2, #0x70fbd636a0; w10=0x0 
[libmetasec_ml.so] 0x70fbd63638!0x116638 cmp w11, #3; w11=0x3 -> w11=0x3 
[libmetasec_ml.so] 0x70fbd6363c!0x11663c b.eq #0x70fbd6372c; 
[libmetasec_ml.so] 0x70fbd6372c!0x11672c mov x0, x24; x0=0x2 x24=0x70fbec0bd8 -> x0=0x70fbec0bd8 
[libmetasec_ml.so] 0x70fbd63730!0x116730 mov x1, x22; x1=0x736741161c x22=0x72a7410c00 -> x1=0x72a7410c00 
[libmetasec_ml.so] 0x70fbd63734!0x116734 bl #0x70fbd64dc8; 
[libmetasec_ml.so] 0x70fbd64dc8!0x117dc8 ldr w8, [x0, #0x10]; w8=0xfbec0830 x0=0x70fbec0bd8 mem_r=0x70fbec0be8 -> w8=0xe 
[libmetasec_ml.so] 0x70fbd64dcc!0x117dcc cmp w8, #0x10; w8=0xe -> w8=0xe 
[libmetasec_ml.so] 0x70fbd64dd0!0x117dd0 b.hi #0x70fbd64e30; 
[libmetasec_ml.so] 0x70fbd64dd4!0x117dd4 adrp x9, #0x70fbe42000; x9=0x0 -> x9=0x70fbe42000 
[libmetasec_ml.so] 0x70fbd64dd8!0x117dd8 add x9, x9, #0x623; x9=0x70fbe42000 x9=0x70fbe42000 -> x9=0x70fbe42623 
[libmetasec_ml.so] 0x70fbd64ddc!0x117ddc adr x10, #0x70fbd64dec; x10=0x0 -> x10=0x70fbd64dec 
[libmetasec_ml.so] 0x70fbd64de0!0x117de0 ldrb w11, [x9, x8]; w11=0x3 x9=0x70fbe42623 x8=0xe mem_r=0x70fbe42631 -> w11=0xd 
[libmetasec_ml.so] 0x70fbd64de4!0x117de4 add x10, x10, x11, lsl #2; x10=0x70fbd64dec x10=0x70fbd64dec x11=0xd -> x10=0x70fbd64e20 
[libmetasec_ml.so] 0x70fbd64de8!0x117de8 br x10; x10=0x70fbd64e20 
[libmetasec_ml.so] 0x70fbd64e20!0x117e20 ldr x8, [x1]; x8=0xe x1=0x72a7410c00 mem_r=0x72a7410c00 -> x8=0x74472b3d90 
[libmetasec_ml.so] 0x70fbd64e24!0x117e24 cbz x8, #0x70fbd64e30; x8=0x74472b3d90 
[libmetasec_ml.so] 0x70fbd64e28!0x117e28 ldrb w8, [x8]; w8=0x472b3d90 x8=0x74472b3d90 mem_r=0x74472b3d90 -> w8=0x21 
[libmetasec_ml.so] 0x70fbd64e2c!0x117e2c b #0x70fbd64df0; 
[libmetasec_ml.so] 0x70fbd64df0!0x117df0 cmp w8, #0; w8=0x21 -> w8=0x21 
[libmetasec_ml.so] 0x70fbd64df4!0x117df4 b #0x70fbd64e00; 
[libmetasec_ml.so] 0x70fbd64e00!0x117e00 cset w0, eq; w0=0xfbec0bd8 -> w0=0x0 
[libmetasec_ml.so] 0x70fbd64e04!0x117e04 ret ; 
[libmetasec_ml.so] 0x70fbd63738!0x116738 cbz w0, #0x70fbd63744; w0=0x0 
[libmetasec_ml.so] 0x70fbd63744!0x116744 add x2, x27, x21; x2=0x7fffffff x27=0x73674114e0 x21=0x13d -> x2=0x736741161d 
[libmetasec_ml.so] 0x70fbd63748!0x116748 mov x0, x24; x0=0x0 x24=0x70fbec0bd8 -> x0=0x70fbec0bd8 
[libmetasec_ml.so] 0x70fbd6374c!0x11674c mov x1, x22; x1=0x72a7410c00 x22=0x72a7410c00 -> x1=0x72a7410c00 
[libmetasec_ml.so] 0x70fbd63750!0x116750 bl #0x70fbd63a04; 
[libmetasec_ml.so] 0x70fbd63a04!0x116a04 str x23, [sp, #-0x40]!; x23=0x2a45 sp=0x70d87c2bb0 mem_w=0x70d87c2b70 -> sp=0x70d87c2b70 
[libmetasec_ml.so] 0x70fbd63a08!0x116a08 stp x22, x21, [sp, #0x10]; x22=0x72a7410c00 x21=0x13d sp=0x70d87c2b70 mem_w=0x70d87c2b80 
[libmetasec_ml.so] 0x70fbd63a0c!0x116a0c stp x20, x19, [sp, #0x20]; x20=0x72a7410b88 x19=0x48 sp=0x70d87c2b70 mem_w=0x70d87c2b90 
[libmetasec_ml.so] 0x70fbd63a10!0x116a10 stp x29, x30, [sp, #0x30]; fp=0x70d87c2c20 lr=0x70fbd63754 sp=0x70d87c2b70 mem_w=0x70d87c2ba0 
[libmetasec_ml.so] 0x70fbd63a14!0x116a14 add x29, sp, #0x30; fp=0x70d87c2c20 sp=0x70d87c2b70 -> fp=0x70d87c2ba0 
[libmetasec_ml.so] 0x70fbd63a18!0x116a18 mov x19, x0; x19=0x48 x0=0x70fbec0bd8 -> x19=0x70fbec0bd8 
[libmetasec_ml.so] 0x70fbd63a1c!0x116a1c ldr w0, [x0, #8]; w0=0xfbec0bd8 x0=0x70fbec0bd8 mem_r=0x70fbec0be0 -> w0=0xe 
[libmetasec_ml.so] 0x70fbd63a20!0x116a20 mov x21, x1; x21=0x13d x1=0x72a7410c00 -> x21=0x72a7410c00 
[libmetasec_ml.so] 0x70fbd63a24!0x116a24 mov x1, x2; x1=0x72a7410c00 x2=0x736741161d -> x1=0x736741161d 
[libmetasec_ml.so] 0x70fbd63a28!0x116a28 mov x20, x2; x20=0x72a7410b88 x2=0x736741161d -> x20=0x736741161d 
[libmetasec_ml.so] 0x70fbd63a2c!0x116a2c bl #0x70fbd64e38; 
[libmetasec_ml.so] 0x70fbd64e38!0x117e38 lsr w8, w0, #0x1d; w8=0x21 w0=0xe -> w8=0x0 
[libmetasec_ml.so] 0x70fbd64e3c!0x117e3c cbnz w8, #0x70fbd64e48; w8=0x0 
[libmetasec_ml.so] 0x70fbd64e40!0x117e40 lsl w0, w0, #3; w0=0xe w0=0xe -> w0=0x70 
[libmetasec_ml.so] 0x70fbd64e44!0x117e44 b #0x70fbd64eb8; 
[libmetasec_ml.so] 0x70fbd64eb8!0x117eb8 cmp w0, #0x80; w0=0x70 -> w0=0x70 
[libmetasec_ml.so] 0x70fbd64ebc!0x117ebc b.lo #0x70fbd64f0c; 
[libmetasec_ml.so] 0x70fbd64f0c!0x117f0c mov w9, wzr; w9=0xfbe42623 -> w9=0x0 
[libmetasec_ml.so] 0x70fbd64f10!0x117f10 b #0x70fbd64f2c; 
[libmetasec_ml.so] 0x70fbd64f2c!0x117f2c add w8, w9, #1; w8=0x0 w9=0x0 -> w8=0x1 
[libmetasec_ml.so] 0x70fbd64f30!0x117f30 strb w0, [x1, w9, uxtw]; w0=0x70 x1=0x736741161d w9=0x0 mem_w=0x736741161d 
[libmetasec_ml.so] 0x70fbd64f34!0x117f34 mov x0, x8; x0=0x70 x8=0x1 -> x0=0x1 
[libmetasec_ml.so] 0x70fbd64f38!0x117f38 ret ; 
[libmetasec_ml.so] 0x70fbd63a30!0x116a30 ldr w8, [x19, #0x10]; w8=0x1 x19=0x70fbec0bd8 mem_r=0x70fbec0be8 -> w8=0xe 
[libmetasec_ml.so] 0x70fbd63a34!0x116a34 cmp w8, #0x10; w8=0xe -> w8=0xe 
[libmetasec_ml.so] 0x70fbd63a38!0x116a38 b.hi #0x70fbd63abc; 
[libmetasec_ml.so] 0x70fbd63a3c!0x116a3c adrp x9, #0x70fbe42000; x9=0x0 -> x9=0x70fbe42000 
[libmetasec_ml.so] 0x70fbd63a40!0x116a40 add x9, x9, #0x5d4; x9=0x70fbe42000 x9=0x70fbe42000 -> x9=0x70fbe425d4 
[libmetasec_ml.so] 0x70fbd63a44!0x116a44 adr x10, #0x70fbd63a58; x10=0x70fbd64e20 -> x10=0x70fbd63a58 
[libmetasec_ml.so] 0x70fbd63a48!0x116a48 ldrb w11, [x9, x8]; w11=0xd x9=0x70fbe425d4 x8=0xe mem_r=0x70fbe425e2 -> w11=0x2e 
[libmetasec_ml.so] 0x70fbd63a4c!0x116a4c add x10, x10, x11, lsl #2; x10=0x70fbd63a58 x10=0x70fbd63a58 x11=0x2e -> x10=0x70fbd63b10 
[libmetasec_ml.so] 0x70fbd63a50!0x116a50 mov x19, x0; x19=0x70fbec0bd8 x0=0x1 -> x19=0x1 
[libmetasec_ml.so] 0x70fbd63a54!0x116a54 br x10; x10=0x70fbd63b10 
[libmetasec_ml.so] 0x70fbd63b10!0x116b10 ldrb w8, [x20]; w8=0xe x20=0x736741161d mem_r=0x736741161d -> w8=0x70 
[libmetasec_ml.so] 0x70fbd63b14!0x116b14 orr w8, w8, #2; w8=0x70 w8=0x70 -> w8=0x72 
[libmetasec_ml.so] 0x70fbd63b18!0x116b18 strb w8, [x20]; w8=0x72 x20=0x736741161d mem_w=0x736741161d 
[libmetasec_ml.so] 0x70fbd63b1c!0x116b1c ldr x21, [x21]; x21=0x72a7410c00 x21=0x72a7410c00 mem_r=0x72a7410c00 -> x21=0x74472b3d90 
[libmetasec_ml.so] 0x70fbd63b20!0x116b20 add x20, x20, x19; x20=0x736741161d x20=0x736741161d x19=0x1 -> x20=0x736741161e 
[libmetasec_ml.so] 0x70fbd63b24!0x116b24 cbz x21, #0x70fbd63bf0; x21=0x74472b3d90 
[libmetasec_ml.so] 0x70fbd63b28!0x116b28 mov x0, x21; x0=0x1 x21=0x74472b3d90 -> x0=0x74472b3d90 
[libmetasec_ml.so] 0x70fbd63b2c!0x116b2c bl #0x70fbc80b40; 
[libmetasec_ml.so] 0x70fbc80b40!0x33b40 adrp x16, #0x70fbec9000; x16=0x726ab76fd8 -> x16=0x70fbec9000 
[libmetasec_ml.so] 0x70fbc80b44!0x33b44 ldr x17, [x16, #0xa28]; x17=0x60000000 x16=0x70fbec9000 mem_r=0x70fbec9a28 -> x17=0x75402dab00 
[libmetasec_ml.so] 0x70fbc80b48!0x33b48 add x16, x16, #0xa28; x16=0x70fbec9000 x16=0x70fbec9000 -> x16=0x70fbec9a28 
[libmetasec_ml.so] 0x70fbc80b4c!0x33b4c br x17; x17=0x75402dab00 
call func: __strlen_aarch64(0x74472b3d90)
args0: !notset!
ret: 0x8
[libmetasec_ml.so] 0x70fbd63b30!0x116b30 mov x1, x20; x1=0x736741161d x20=0x736741161e -> x1=0x736741161e 
[libmetasec_ml.so] 0x70fbd63b34!0x116b34 mov x22, x0; x22=0x72a7410c00 x0=0x8 -> x22=0x8 
[libmetasec_ml.so] 0x70fbd63b38!0x116b38 bl #0x70fbd64eb8; 
[libmetasec_ml.so] 0x70fbd64eb8!0x117eb8 cmp w0, #0x80; w0=0x8 -> w0=0x8 
[libmetasec_ml.so] 0x70fbd64ebc!0x117ebc b.lo #0x70fbd64f0c; 
[libmetasec_ml.so] 0x70fbd64f0c!0x117f0c mov w9, wzr; w9=0xfbe425d4 -> w9=0x0 
[libmetasec_ml.so] 0x70fbd64f10!0x117f10 b #0x70fbd64f2c; 
[libmetasec_ml.so] 0x70fbd64f2c!0x117f2c add w8, w9, #1; w8=0x1010101 w9=0x0 -> w8=0x1 
[libmetasec_ml.so] 0x70fbd64f30!0x117f30 strb w0, [x1, w9, uxtw]; w0=0x8 x1=0x736741161e w9=0x0 mem_w=0x736741161e 
[libmetasec_ml.so] 0x70fbd64f34!0x117f34 mov x0, x8; x0=0x8 x8=0x1 -> x0=0x1 
[libmetasec_ml.so] 0x70fbd64f38!0x117f38 ret ; 
[libmetasec_ml.so] 0x70fbd63b3c!0x116b3c mov x23, x0; x23=0x2a45 x0=0x1 -> x23=0x1 
[libmetasec_ml.so] 0x70fbd63b40!0x116b40 add x0, x20, x0; x0=0x1 x20=0x736741161e x0=0x1 -> x0=0x736741161f 
[libmetasec_ml.so] 0x70fbd63b44!0x116b44 mov x1, x21; x1=0x736741161e x21=0x74472b3d90 -> x1=0x74472b3d90 
[libmetasec_ml.so] 0x70fbd63b48!0x116b48 mov x2, x22; x2=0x21746573746f6e21 x22=0x8 -> x2=0x8 
[libmetasec_ml.so] 0x70fbd63b4c!0x116b4c bl #0x70fbc80a20; 
[libmetasec_ml.so] 0x70fbc80a20!0x33a20 adrp x16, #0x70fbec9000; x16=0x70fbec9a28 -> x16=0x70fbec9000 
[libmetasec_ml.so] 0x70fbc80a24!0x33a24 ldr x17, [x16, #0x998]; x17=0x75402dab00 x16=0x70fbec9000 mem_r=0x70fbec9998 -> x17=0x75402d9c80 
[libmetasec_ml.so] 0x70fbc80a28!0x33a28 add x16, x16, #0x998; x16=0x70fbec9000 x16=0x70fbec9000 -> x16=0x70fbec9998 
[libmetasec_ml.so] 0x70fbc80a2c!0x33a2c br x17; x17=0x75402d9c80 
call func: __memcpy_aarch64_simd(0x736741161f, 0x74472b3d90, 0x8)
hexdump at address 0x74472b3d90 with length 0x8:
74472b3d90: 21 6e 6f 74 73 65 74 21                         |!notset!        |
ret: 0x736741161f
[libmetasec_ml.so] 0x70fbd63b50!0x116b50 add x8, x23, x22; x8=0x1 x23=0x1 x22=0x8 -> x8=0x9 
[libmetasec_ml.so] 0x70fbd63b54!0x116b54 b #0x70fbd63bf8; 
[libmetasec_ml.so] 0x70fbd63bf8!0x116bf8 add x0, x8, x19; x0=0x736741161f x8=0x9 x19=0x1 -> x0=0xa 
[libmetasec_ml.so] 0x70fbd63bfc!0x116bfc ldp x29, x30, [sp, #0x30]; fp=0x70d87c2ba0 lr=0x70fbd63b50 sp=0x70d87c2b70 mem_r=0x70d87c2ba0 -> fp=0x70d87c2c20 lr=0x70fbd63754 
[libmetasec_ml.so] 0x70fbd63c00!0x116c00 ldp x20, x19, [sp, #0x20]; x20=0x736741161e x19=0x1 sp=0x70d87c2b70 mem_r=0x70d87c2b90 -> x20=0x72a7410b88 x19=0x48 
[libmetasec_ml.so] 0x70fbd63c04!0x116c04 ldp x22, x21, [sp, #0x10]; x22=0x8 x21=0x74472b3d90 sp=0x70d87c2b70 mem_r=0x70d87c2b80 -> x22=0x72a7410c00 x21=0x13d 
[libmetasec_ml.so] 0x70fbd63c08!0x116c08 ldr x23, [sp], #0x40; x23=0x1 sp=0x70d87c2b70 mem_r=0x70d87c2b70 -> x23=0x2a45 
[libmetasec_ml.so] 0x70fbd63c0c!0x116c0c ret ; 
[libmetasec_ml.so] 0x70fbd63754!0x116754 mov x25, x0; x25=0x2 x0=0xa -> x25=0xa 
[libmetasec_ml.so] 0x70fbd63758!0x116758 b #0x70fbd63940; 
[libmetasec_ml.so] 0x70fbd63940!0x116940 add x21, x25, x21; x21=0x13d x25=0xa x21=0x13d -> x21=0x147 
[libmetasec_ml.so] 0x70fbd63944!0x116944 add x28, x28, #1; x28=0xd x28=0xd -> x28=0xe 
[libmetasec_ml.so] 0x70fbd63948!0x116948 b #0x70fbd635f0; 
[libmetasec_ml.so] 0x70fbd635f0!0x1165f0 ldr x8, [x20]; x8=0x9 x20=0x72a7410b88 mem_r=0x72a7410b88 -> x8=0x70fbebef10 
[libmetasec_ml.so] 0x70fbd635f4!0x1165f4 ldr w9, [x8, #0x30]; w9=0x0 x8=0x70fbebef10 mem_r=0x70fbebef40 -> w9=0x17 
[libmetasec_ml.so] 0x70fbd635f8!0x1165f8 cmp x28, x9; x28=0xe x9=0x17 -> x28=0xe 
[libmetasec_ml.so] 0x70fbd635fc!0x1165fc b.hs #0x70fbd6397c; 
[libmetasec_ml.so] 0x70fbd63600!0x116600 ldr x8, [x8, #0x38]; x8=0x70fbebef10 x8=0x70fbebef10 mem_r=0x70fbebef48 -> x8=0x70fbec0830 
[libmetasec_ml.so] 0x70fbd63604!0x116604 nop ; 
[libmetasec_ml.so] 0x70fbd63608!0x116608 madd x24, x28, x19, x8; x24=0x70fbec0bd8 x28=0xe x19=0x48 x8=0x70fbec0830 -> x24=0x70fbec0c20 
[libmetasec_ml.so] 0x70fbd6360c!0x11660c ldr w9, [x24, #0x18]; w9=0x17 x24=0x70fbec0c20 mem_r=0x70fbec0c38 -> w9=0x80 
[libmetasec_ml.so] 0x70fbd63610!0x116610 ldr w11, [x24, #0xc]; w11=0x2e x24=0x70fbec0c20 mem_r=0x70fbec0c2c -> w11=0x3 
[libmetasec_ml.so] 0x70fbd63614!0x116614 add x22, x20, x9; x22=0x72a7410c00 x20=0x72a7410b88 x9=0x80 -> x22=0x72a7410c08 
[libmetasec_ml.so] 0x70fbd63618!0x116618 cbz w11, #0x70fbd63744; w11=0x3 
[libmetasec_ml.so] 0x70fbd6361c!0x11661c ldr w9, [x24, #0x14]; w9=0x80 x24=0x70fbec0c20 mem_r=0x70fbec0c34 -> w9=0x0 
[libmetasec_ml.so] 0x70fbd63620!0x116620 cmp w11, #1; w11=0x3 -> w11=0x3 
[libmetasec_ml.so] 0x70fbd63624!0x116624 madd x10, x28, x19, x8; x10=0x70fbd63b10 x28=0xe x19=0x48 x8=0x70fbec0830 -> x10=0x70fbec0c20 
[libmetasec_ml.so] 0x70fbd63628!0x116628 ccmp w11, #3, #4, ne; w11=0x3 
[libmetasec_ml.so] 0x70fbd6362c!0x11662c b.ne #0x70fbd63668; 
[libmetasec_ml.so] 0x70fbd63630!0x116630 ldr w10, [x10, #0x30]; w10=0xfbec0c20 x10=0x70fbec0c20 mem_r=0x70fbec0c50 -> w10=0x0 
[libmetasec_ml.so] 0x70fbd63634!0x116634 tbnz w10, #2, #0x70fbd636a0; w10=0x0 
[libmetasec_ml.so] 0x70fbd63638!0x116638 cmp w11, #3; w11=0x3 -> w11=0x3 
[libmetasec_ml.so] 0x70fbd6363c!0x11663c b.eq #0x70fbd6372c; 
[libmetasec_ml.so] 0x70fbd6372c!0x11672c mov x0, x24; x0=0xa x24=0x70fbec0c20 -> x0=0x70fbec0c20 
[libmetasec_ml.so] 0x70fbd63730!0x116730 mov x1, x22; x1=0x74472b3d90 x22=0x72a7410c08 -> x1=0x72a7410c08 
[libmetasec_ml.so] 0x70fbd63734!0x116734 bl #0x70fbd64dc8; 
[libmetasec_ml.so] 0x70fbd64dc8!0x117dc8 ldr w8, [x0, #0x10]; w8=0xfbec0830 x0=0x70fbec0c20 mem_r=0x70fbec0c30 -> w8=0x1 
[libmetasec_ml.so] 0x70fbd64dcc!0x117dcc cmp w8, #0x10; w8=0x1 -> w8=0x1 
[libmetasec_ml.so] 0x70fbd64dd0!0x117dd0 b.hi #0x70fbd64e30; 
[libmetasec_ml.so] 0x70fbd64dd4!0x117dd4 adrp x9, #0x70fbe42000; x9=0x0 -> x9=0x70fbe42000 
[libmetasec_ml.so] 0x70fbd64dd8!0x117dd8 add x9, x9, #0x623; x9=0x70fbe42000 x9=0x70fbe42000 -> x9=0x70fbe42623 
[libmetasec_ml.so] 0x70fbd64ddc!0x117ddc adr x10, #0x70fbd64dec; x10=0x0 -> x10=0x70fbd64dec 
[libmetasec_ml.so] 0x70fbd64de0!0x117de0 ldrb w11, [x9, x8]; w11=0x3 x9=0x70fbe42623 x8=0x1 mem_r=0x70fbe42624 -> w11=0x0 
[libmetasec_ml.so] 0x70fbd64de4!0x117de4 add x10, x10, x11, lsl #2; x10=0x70fbd64dec x10=0x70fbd64dec x11=0x0 -> x10=0x70fbd64dec 
[libmetasec_ml.so] 0x70fbd64de8!0x117de8 br x10; x10=0x70fbd64dec 
[libmetasec_ml.so] 0x70fbd64dec!0x117dec ldr w8, [x1]; w8=0x1 x1=0x72a7410c08 mem_r=0x72a7410c08 -> w8=0x35f 
[libmetasec_ml.so] 0x70fbd64df0!0x117df0 cmp w8, #0; w8=0x35f -> w8=0x35f 
[libmetasec_ml.so] 0x70fbd64df4!0x117df4 b #0x70fbd64e00; 
[libmetasec_ml.so] 0x70fbd64e00!0x117e00 cset w0, eq; w0=0xfbec0c20 -> w0=0x0 
[libmetasec_ml.so] 0x70fbd64e04!0x117e04 ret ; 
[libmetasec_ml.so] 0x70fbd63738!0x116738 cbz w0, #0x70fbd63744; w0=0x0 
[libmetasec_ml.so] 0x70fbd63744!0x116744 add x2, x27, x21; x2=0x8 x27=0x73674114e0 x21=0x147 -> x2=0x7367411627 
[libmetasec_ml.so] 0x70fbd63748!0x116748 mov x0, x24; x0=0x0 x24=0x70fbec0c20 -> x0=0x70fbec0c20 
[libmetasec_ml.so] 0x70fbd6374c!0x11674c mov x1, x22; x1=0x72a7410c08 x22=0x72a7410c08 -> x1=0x72a7410c08 
[libmetasec_ml.so] 0x70fbd63750!0x116750 bl #0x70fbd63a04; 
[libmetasec_ml.so] 0x70fbd63a04!0x116a04 str x23, [sp, #-0x40]!; x23=0x2a45 sp=0x70d87c2bb0 mem_w=0x70d87c2b70 -> sp=0x70d87c2b70 
[libmetasec_ml.so] 0x70fbd63a08!0x116a08 stp x22, x21, [sp, #0x10]; x22=0x72a7410c08 x21=0x147 sp=0x70d87c2b70 mem_w=0x70d87c2b80 
[libmetasec_ml.so] 0x70fbd63a0c!0x116a0c stp x20, x19, [sp, #0x20]; x20=0x72a7410b88 x19=0x48 sp=0x70d87c2b70 mem_w=0x70d87c2b90 
[libmetasec_ml.so] 0x70fbd63a10!0x116a10 stp x29, x30, [sp, #0x30]; fp=0x70d87c2c20 lr=0x70fbd63754 sp=0x70d87c2b70 mem_w=0x70d87c2ba0 
[libmetasec_ml.so] 0x70fbd63a14!0x116a14 add x29, sp, #0x30; fp=0x70d87c2c20 sp=0x70d87c2b70 -> fp=0x70d87c2ba0 
[libmetasec_ml.so] 0x70fbd63a18!0x116a18 mov x19, x0; x19=0x48 x0=0x70fbec0c20 -> x19=0x70fbec0c20 
[libmetasec_ml.so] 0x70fbd63a1c!0x116a1c ldr w0, [x0, #8]; w0=0xfbec0c20 x0=0x70fbec0c20 mem_r=0x70fbec0c28 -> w0=0xf 
[libmetasec_ml.so] 0x70fbd63a20!0x116a20 mov x21, x1; x21=0x147 x1=0x72a7410c08 -> x21=0x72a7410c08 
[libmetasec_ml.so] 0x70fbd63a24!0x116a24 mov x1, x2; x1=0x72a7410c08 x2=0x7367411627 -> x1=0x7367411627 
[libmetasec_ml.so] 0x70fbd63a28!0x116a28 mov x20, x2; x20=0x72a7410b88 x2=0x7367411627 -> x20=0x7367411627 
[libmetasec_ml.so] 0x70fbd63a2c!0x116a2c bl #0x70fbd64e38; 
[libmetasec_ml.so] 0x70fbd64e38!0x117e38 lsr w8, w0, #0x1d; w8=0x35f w0=0xf -> w8=0x0 
[libmetasec_ml.so] 0x70fbd64e3c!0x117e3c cbnz w8, #0x70fbd64e48; w8=0x0 
[libmetasec_ml.so] 0x70fbd64e40!0x117e40 lsl w0, w0, #3; w0=0xf w0=0xf -> w0=0x78 
[libmetasec_ml.so] 0x70fbd64e44!0x117e44 b #0x70fbd64eb8; 
[libmetasec_ml.so] 0x70fbd64eb8!0x117eb8 cmp w0, #0x80; w0=0x78 -> w0=0x78 
[libmetasec_ml.so] 0x70fbd64ebc!0x117ebc b.lo #0x70fbd64f0c; 
[libmetasec_ml.so] 0x70fbd64f0c!0x117f0c mov w9, wzr; w9=0xfbe42623 -> w9=0x0 
[libmetasec_ml.so] 0x70fbd64f10!0x117f10 b #0x70fbd64f2c; 
[libmetasec_ml.so] 0x70fbd64f2c!0x117f2c add w8, w9, #1; w8=0x0 w9=0x0 -> w8=0x1 
[libmetasec_ml.so] 0x70fbd64f30!0x117f30 strb w0, [x1, w9, uxtw]; w0=0x78 x1=0x7367411627 w9=0x0 mem_w=0x7367411627 
[libmetasec_ml.so] 0x70fbd64f34!0x117f34 mov x0, x8; x0=0x78 x8=0x1 -> x0=0x1 
[libmetasec_ml.so] 0x70fbd64f38!0x117f38 ret ; 
[libmetasec_ml.so] 0x70fbd63a30!0x116a30 ldr w8, [x19, #0x10]; w8=0x1 x19=0x70fbec0c20 mem_r=0x70fbec0c30 -> w8=0x1 
[libmetasec_ml.so] 0x70fbd63a34!0x116a34 cmp w8, #0x10; w8=0x1 -> w8=0x1 
[libmetasec_ml.so] 0x70fbd63a38!0x116a38 b.hi #0x70fbd63abc; 
[libmetasec_ml.so] 0x70fbd63a3c!0x116a3c adrp x9, #0x70fbe42000; x9=0x0 -> x9=0x70fbe42000 
[libmetasec_ml.so] 0x70fbd63a40!0x116a40 add x9, x9, #0x5d4; x9=0x70fbe42000 x9=0x70fbe42000 -> x9=0x70fbe425d4 
[libmetasec_ml.so] 0x70fbd63a44!0x116a44 adr x10, #0x70fbd63a58; x10=0x70fbd64dec -> x10=0x70fbd63a58 
[libmetasec_ml.so] 0x70fbd63a48!0x116a48 ldrb w11, [x9, x8]; w11=0x0 x9=0x70fbe425d4 x8=0x1 mem_r=0x70fbe425d5 -> w11=0x1b 
[libmetasec_ml.so] 0x70fbd63a4c!0x116a4c add x10, x10, x11, lsl #2; x10=0x70fbd63a58 x10=0x70fbd63a58 x11=0x1b -> x10=0x70fbd63ac4 
[libmetasec_ml.so] 0x70fbd63a50!0x116a50 mov x19, x0; x19=0x70fbec0c20 x0=0x1 -> x19=0x1 
[libmetasec_ml.so] 0x70fbd63a54!0x116a54 br x10; x10=0x70fbd63ac4 
[libmetasec_ml.so] 0x70fbd63ac4!0x116ac4 ldr w0, [x21]; w0=0x1 x21=0x72a7410c08 mem_r=0x72a7410c08 -> w0=0x35f 
[libmetasec_ml.so] 0x70fbd63ac8!0x116ac8 add x1, x20, x19; x1=0x7367411627 x20=0x7367411627 x19=0x1 -> x1=0x7367411628 
[libmetasec_ml.so] 0x70fbd63acc!0x116acc bl #0x70fbd64e54; 
[libmetasec_ml.so] 0x70fbd64e54!0x117e54 lsl w8, w0, #1; w8=0x1 w0=0x35f -> w8=0x6be 
[libmetasec_ml.so] 0x70fbd64e58!0x117e58 eor w0, w8, w0, asr #31; w0=0x35f w8=0x6be w0=0x35f -> w0=0x6be 
[libmetasec_ml.so] 0x70fbd64e5c!0x117e5c b #0x70fbd64eb8; 
[libmetasec_ml.so] 0x70fbd64eb8!0x117eb8 cmp w0, #0x80; w0=0x6be -> w0=0x6be 
[libmetasec_ml.so] 0x70fbd64ebc!0x117ebc b.lo #0x70fbd64f0c; 
[libmetasec_ml.so] 0x70fbd64ec0!0x117ec0 orr w8, w0, #0x80; w8=0x6be w0=0x6be -> w8=0x6be 
[libmetasec_ml.so] 0x70fbd64ec4!0x117ec4 cmp w0, #4, lsl #12; w0=0x6be -> w0=0x6be 
[libmetasec_ml.so] 0x70fbd64ec8!0x117ec8 strb w8, [x1]; w8=0x6be x1=0x7367411628 mem_w=0x7367411628 
[libmetasec_ml.so] 0x70fbd64ecc!0x117ecc lsr w8, w0, #7; w8=0x6be w0=0x6be -> w8=0xd 
[libmetasec_ml.so] 0x70fbd64ed0!0x117ed0 b.lo #0x70fbd64f14; 
[libmetasec_ml.so] 0x70fbd64f14!0x117f14 mov w9, #1; w9=0xfbe425d4 -> w9=0x1 
[libmetasec_ml.so] 0x70fbd64f18!0x117f18 b #0x70fbd64f28; 
[libmetasec_ml.so] 0x70fbd64f28!0x117f28 mov w0, w8; w0=0x6be w8=0xd -> w0=0xd 
[libmetasec_ml.so] 0x70fbd64f2c!0x117f2c add w8, w9, #1; w8=0xd w9=0x1 -> w8=0x2 
[libmetasec_ml.so] 0x70fbd64f30!0x117f30 strb w0, [x1, w9, uxtw]; w0=0xd x1=0x7367411628 w9=0x1 mem_w=0x7367411629 
[libmetasec_ml.so] 0x70fbd64f34!0x117f34 mov x0, x8; x0=0xd x8=0x2 -> x0=0x2 
[libmetasec_ml.so] 0x70fbd64f38!0x117f38 ret ; 
[libmetasec_ml.so] 0x70fbd63ad0!0x116ad0 b #0x70fbd63af0; 
[libmetasec_ml.so] 0x70fbd63af0!0x116af0 add x0, x0, x19; x0=0x2 x0=0x2 x19=0x1 -> x0=0x3 
[libmetasec_ml.so] 0x70fbd63af4!0x116af4 b #0x70fbd63bfc; 
[libmetasec_ml.so] 0x70fbd63bfc!0x116bfc ldp x29, x30, [sp, #0x30]; fp=0x70d87c2ba0 lr=0x70fbd63ad0 sp=0x70d87c2b70 mem_r=0x70d87c2ba0 -> fp=0x70d87c2c20 lr=0x70fbd63754 
[libmetasec_ml.so] 0x70fbd63c00!0x116c00 ldp x20, x19, [sp, #0x20]; x20=0x7367411627 x19=0x1 sp=0x70d87c2b70 mem_r=0x70d87c2b90 -> x20=0x72a7410b88 x19=0x48 
[libmetasec_ml.so] 0x70fbd63c04!0x116c04 ldp x22, x21, [sp, #0x10]; x22=0x72a7410c08 x21=0x72a7410c08 sp=0x70d87c2b70 mem_r=0x70d87c2b80 -> x22=0x72a7410c08 x21=0x147 
[libmetasec_ml.so] 0x70fbd63c08!0x116c08 ldr x23, [sp], #0x40; x23=0x2a45 sp=0x70d87c2b70 mem_r=0x70d87c2b70 -> x23=0x2a45 
[libmetasec_ml.so] 0x70fbd63c0c!0x116c0c ret ; 
[libmetasec_ml.so] 0x70fbd63754!0x116754 mov x25, x0; x25=0xa x0=0x3 -> x25=0x3 
[libmetasec_ml.so] 0x70fbd63758!0x116758 b #0x70fbd63940; 
[libmetasec_ml.so] 0x70fbd63940!0x116940 add x21, x25, x21; x21=0x147 x25=0x3 x21=0x147 -> x21=0x14a 
[libmetasec_ml.so] 0x70fbd63944!0x116944 add x28, x28, #1; x28=0xe x28=0xe -> x28=0xf 
[libmetasec_ml.so] 0x70fbd63948!0x116948 b #0x70fbd635f0; 
[libmetasec_ml.so] 0x70fbd635f0!0x1165f0 ldr x8, [x20]; x8=0x2 x20=0x72a7410b88 mem_r=0x72a7410b88 -> x8=0x70fbebef10 
[libmetasec_ml.so] 0x70fbd635f4!0x1165f4 ldr w9, [x8, #0x30]; w9=0x1 x8=0x70fbebef10 mem_r=0x70fbebef40 -> w9=0x17 
[libmetasec_ml.so] 0x70fbd635f8!0x1165f8 cmp x28, x9; x28=0xf x9=0x17 -> x28=0xf 
[libmetasec_ml.so] 0x70fbd635fc!0x1165fc b.hs #0x70fbd6397c; 
[libmetasec_ml.so] 0x70fbd63600!0x116600 ldr x8, [x8, #0x38]; x8=0x70fbebef10 x8=0x70fbebef10 mem_r=0x70fbebef48 -> x8=0x70fbec0830 
[libmetasec_ml.so] 0x70fbd63604!0x116604 nop ; 
[libmetasec_ml.so] 0x70fbd63608!0x116608 madd x24, x28, x19, x8; x24=0x70fbec0c20 x28=0xf x19=0x48 x8=0x70fbec0830 -> x24=0x70fbec0c68 
[libmetasec_ml.so] 0x70fbd6360c!0x11660c ldr w9, [x24, #0x18]; w9=0x17 x24=0x70fbec0c68 mem_r=0x70fbec0c80 -> w9=0x88 
[libmetasec_ml.so] 0x70fbd63610!0x116610 ldr w11, [x24, #0xc]; w11=0x1b x24=0x70fbec0c68 mem_r=0x70fbec0c74 -> w11=0x3 
[libmetasec_ml.so] 0x70fbd63614!0x116614 add x22, x20, x9; x22=0x72a7410c08 x20=0x72a7410b88 x9=0x88 -> x22=0x72a7410c10 
[libmetasec_ml.so] 0x70fbd63618!0x116618 cbz w11, #0x70fbd63744; w11=0x3 
[libmetasec_ml.so] 0x70fbd6361c!0x11661c ldr w9, [x24, #0x14]; w9=0x88 x24=0x70fbec0c68 mem_r=0x70fbec0c7c -> w9=0x0 
[libmetasec_ml.so] 0x70fbd63620!0x116620 cmp w11, #1; w11=0x3 -> w11=0x3 
[libmetasec_ml.so] 0x70fbd63624!0x116624 madd x10, x28, x19, x8; x10=0x70fbd63ac4 x28=0xf x19=0x48 x8=0x70fbec0830 -> x10=0x70fbec0c68 
[libmetasec_ml.so] 0x70fbd63628!0x116628 ccmp w11, #3, #4, ne; w11=0x3 
[libmetasec_ml.so] 0x70fbd6362c!0x11662c b.ne #0x70fbd63668; 
[libmetasec_ml.so] 0x70fbd63630!0x116630 ldr w10, [x10, #0x30]; w10=0xfbec0c68 x10=0x70fbec0c68 mem_r=0x70fbec0c98 -> w10=0x0 
[libmetasec_ml.so] 0x70fbd63634!0x116634 tbnz w10, #2, #0x70fbd636a0; w10=0x0 
[libmetasec_ml.so] 0x70fbd63638!0x116638 cmp w11, #3; w11=0x3 -> w11=0x3 
[libmetasec_ml.so] 0x70fbd6363c!0x11663c b.eq #0x70fbd6372c; 
[libmetasec_ml.so] 0x70fbd6372c!0x11672c mov x0, x24; x0=0x3 x24=0x70fbec0c68 -> x0=0x70fbec0c68 
[libmetasec_ml.so] 0x70fbd63730!0x116730 mov x1, x22; x1=0x7367411628 x22=0x72a7410c10 -> x1=0x72a7410c10 
[libmetasec_ml.so] 0x70fbd63734!0x116734 bl #0x70fbd64dc8; 
[libmetasec_ml.so] 0x70fbd64dc8!0x117dc8 ldr w8, [x0, #0x10]; w8=0xfbec0830 x0=0x70fbec0c68 mem_r=0x70fbec0c78 -> w8=0x4 
[libmetasec_ml.so] 0x70fbd64dcc!0x117dcc cmp w8, #0x10; w8=0x4 -> w8=0x4 
[libmetasec_ml.so] 0x70fbd64dd0!0x117dd0 b.hi #0x70fbd64e30; 
[libmetasec_ml.so] 0x70fbd64dd4!0x117dd4 adrp x9, #0x70fbe42000; x9=0x0 -> x9=0x70fbe42000 
[libmetasec_ml.so] 0x70fbd64dd8!0x117dd8 add x9, x9, #0x623; x9=0x70fbe42000 x9=0x70fbe42000 -> x9=0x70fbe42623 
[libmetasec_ml.so] 0x70fbd64ddc!0x117ddc adr x10, #0x70fbd64dec; x10=0x0 -> x10=0x70fbd64dec 
[libmetasec_ml.so] 0x70fbd64de0!0x117de0 ldrb w11, [x9, x8]; w11=0x3 x9=0x70fbe42623 x8=0x4 mem_r=0x70fbe42627 -> w11=0x3 
[libmetasec_ml.so] 0x70fbd64de4!0x117de4 add x10, x10, x11, lsl #2; x10=0x70fbd64dec x10=0x70fbd64dec x11=0x3 -> x10=0x70fbd64df8 
[libmetasec_ml.so] 0x70fbd64de8!0x117de8 br x10; x10=0x70fbd64df8 
[libmetasec_ml.so] 0x70fbd64df8!0x117df8 ldr x8, [x1]; x8=0x4 x1=0x72a7410c10 mem_r=0x72a7410c10 -> x8=0x0 
[libmetasec_ml.so] 0x70fbd64dfc!0x117dfc cmp x8, #0; x8=0x0 -> x8=0x0 
[libmetasec_ml.so] 0x70fbd64e00!0x117e00 cset w0, eq; w0=0xfbec0c68 -> w0=0x1 
[libmetasec_ml.so] 0x70fbd64e04!0x117e04 ret ; 
[libmetasec_ml.so] 0x70fbd63738!0x116738 cbz w0, #0x70fbd63744; w0=0x1 
[libmetasec_ml.so] 0x70fbd6373c!0x11673c mov x25, xzr; x25=0x3 -> x25=0x0 
[libmetasec_ml.so] 0x70fbd63740!0x116740 b #0x70fbd63940; 
[libmetasec_ml.so] 0x70fbd63940!0x116940 add x21, x25, x21; x21=0x14a x25=0x0 x21=0x14a -> x21=0x14a 
[libmetasec_ml.so] 0x70fbd63944!0x116944 add x28, x28, #1; x28=0xf x28=0xf -> x28=0x10 
[libmetasec_ml.so] 0x70fbd63948!0x116948 b #0x70fbd635f0; 
[libmetasec_ml.so] 0x70fbd635f0!0x1165f0 ldr x8, [x20]; x8=0x0 x20=0x72a7410b88 mem_r=0x72a7410b88 -> x8=0x70fbebef10 
[libmetasec_ml.so] 0x70fbd635f4!0x1165f4 ldr w9, [x8, #0x30]; w9=0xfbe42623 x8=0x70fbebef10 mem_r=0x70fbebef40 -> w9=0x17 
[libmetasec_ml.so] 0x70fbd635f8!0x1165f8 cmp x28, x9; x28=0x10 x9=0x17 -> x28=0x10 
[libmetasec_ml.so] 0x70fbd635fc!0x1165fc b.hs #0x70fbd6397c; 
[libmetasec_ml.so] 0x70fbd63600!0x116600 ldr x8, [x8, #0x38]; x8=0x70fbebef10 x8=0x70fbebef10 mem_r=0x70fbebef48 -> x8=0x70fbec0830 
[libmetasec_ml.so] 0x70fbd63604!0x116604 nop ; 
[libmetasec_ml.so] 0x70fbd63608!0x116608 madd x24, x28, x19, x8; x24=0x70fbec0c68 x28=0x10 x19=0x48 x8=0x70fbec0830 -> x24=0x70fbec0cb0 
[libmetasec_ml.so] 0x70fbd6360c!0x11660c ldr w9, [x24, #0x18]; w9=0x17 x24=0x70fbec0cb0 mem_r=0x70fbec0cc8 -> w9=0x90 
[libmetasec_ml.so] 0x70fbd63610!0x116610 ldr w11, [x24, #0xc]; w11=0x3 x24=0x70fbec0cb0 mem_r=0x70fbec0cbc -> w11=0x3 
[libmetasec_ml.so] 0x70fbd63614!0x116614 add x22, x20, x9; x22=0x72a7410c10 x20=0x72a7410b88 x9=0x90 -> x22=0x72a7410c18 
[libmetasec_ml.so] 0x70fbd63618!0x116618 cbz w11, #0x70fbd63744; w11=0x3 
[libmetasec_ml.so] 0x70fbd6361c!0x11661c ldr w9, [x24, #0x14]; w9=0x90 x24=0x70fbec0cb0 mem_r=0x70fbec0cc4 -> w9=0x0 
[libmetasec_ml.so] 0x70fbd63620!0x116620 cmp w11, #1; w11=0x3 -> w11=0x3 
[libmetasec_ml.so] 0x70fbd63624!0x116624 madd x10, x28, x19, x8; x10=0x70fbd64df8 x28=0x10 x19=0x48 x8=0x70fbec0830 -> x10=0x70fbec0cb0 
[libmetasec_ml.so] 0x70fbd63628!0x116628 ccmp w11, #3, #4, ne; w11=0x3 
[libmetasec_ml.so] 0x70fbd6362c!0x11662c b.ne #0x70fbd63668; 
[libmetasec_ml.so] 0x70fbd63630!0x116630 ldr w10, [x10, #0x30]; w10=0xfbec0cb0 x10=0x70fbec0cb0 mem_r=0x70fbec0ce0 -> w10=0x0 
[libmetasec_ml.so] 0x70fbd63634!0x116634 tbnz w10, #2, #0x70fbd636a0; w10=0x0 
[libmetasec_ml.so] 0x70fbd63638!0x116638 cmp w11, #3; w11=0x3 -> w11=0x3 
[libmetasec_ml.so] 0x70fbd6363c!0x11663c b.eq #0x70fbd6372c; 
[libmetasec_ml.so] 0x70fbd6372c!0x11672c mov x0, x24; x0=0x1 x24=0x70fbec0cb0 -> x0=0x70fbec0cb0 
[libmetasec_ml.so] 0x70fbd63730!0x116730 mov x1, x22; x1=0x72a7410c10 x22=0x72a7410c18 -> x1=0x72a7410c18 
[libmetasec_ml.so] 0x70fbd63734!0x116734 bl #0x70fbd64dc8; 
[libmetasec_ml.so] 0x70fbd64dc8!0x117dc8 ldr w8, [x0, #0x10]; w8=0xfbec0830 x0=0x70fbec0cb0 mem_r=0x70fbec0cc0 -> w8=0x4 
[libmetasec_ml.so] 0x70fbd64dcc!0x117dcc cmp w8, #0x10; w8=0x4 -> w8=0x4 
[libmetasec_ml.so] 0x70fbd64dd0!0x117dd0 b.hi #0x70fbd64e30; 
[libmetasec_ml.so] 0x70fbd64dd4!0x117dd4 adrp x9, #0x70fbe42000; x9=0x0 -> x9=0x70fbe42000 
[libmetasec_ml.so] 0x70fbd64dd8!0x117dd8 add x9, x9, #0x623; x9=0x70fbe42000 x9=0x70fbe42000 -> x9=0x70fbe42623 
[libmetasec_ml.so] 0x70fbd64ddc!0x117ddc adr x10, #0x70fbd64dec; x10=0x0 -> x10=0x70fbd64dec 
[libmetasec_ml.so] 0x70fbd64de0!0x117de0 ldrb w11, [x9, x8]; w11=0x3 x9=0x70fbe42623 x8=0x4 mem_r=0x70fbe42627 -> w11=0x3 
[libmetasec_ml.so] 0x70fbd64de4!0x117de4 add x10, x10, x11, lsl #2; x10=0x70fbd64dec x10=0x70fbd64dec x11=0x3 -> x10=0x70fbd64df8 
[libmetasec_ml.so] 0x70fbd64de8!0x117de8 br x10; x10=0x70fbd64df8 
[libmetasec_ml.so] 0x70fbd64df8!0x117df8 ldr x8, [x1]; x8=0x4 x1=0x72a7410c18 mem_r=0x72a7410c18 -> x8=0x0 
[libmetasec_ml.so] 0x70fbd64dfc!0x117dfc cmp x8, #0; x8=0x0 -> x8=0x0 
[libmetasec_ml.so] 0x70fbd64e00!0x117e00 cset w0, eq; w0=0xfbec0cb0 -> w0=0x1 
[libmetasec_ml.so] 0x70fbd64e04!0x117e04 ret ; 
[libmetasec_ml.so] 0x70fbd63738!0x116738 cbz w0, #0x70fbd63744; w0=0x1 
[libmetasec_ml.so] 0x70fbd6373c!0x11673c mov x25, xzr; x25=0x0 -> x25=0x0 
[libmetasec_ml.so] 0x70fbd63740!0x116740 b #0x70fbd63940; 
[libmetasec_ml.so] 0x70fbd63940!0x116940 add x21, x25, x21; x21=0x14a x25=0x0 x21=0x14a -> x21=0x14a 
[libmetasec_ml.so] 0x70fbd63944!0x116944 add x28, x28, #1; x28=0x10 x28=0x10 -> x28=0x11 
[libmetasec_ml.so] 0x70fbd63948!0x116948 b #0x70fbd635f0; 
[libmetasec_ml.so] 0x70fbd635f0!0x1165f0 ldr x8, [x20]; x8=0x0 x20=0x72a7410b88 mem_r=0x72a7410b88 -> x8=0x70fbebef10 
[libmetasec_ml.so] 0x70fbd635f4!0x1165f4 ldr w9, [x8, #0x30]; w9=0xfbe42623 x8=0x70fbebef10 mem_r=0x70fbebef40 -> w9=0x17 
[libmetasec_ml.so] 0x70fbd635f8!0x1165f8 cmp x28, x9; x28=0x11 x9=0x17 -> x28=0x11 
[libmetasec_ml.so] 0x70fbd635fc!0x1165fc b.hs #0x70fbd6397c; 
[libmetasec_ml.so] 0x70fbd63600!0x116600 ldr x8, [x8, #0x38]; x8=0x70fbebef10 x8=0x70fbebef10 mem_r=0x70fbebef48 -> x8=0x70fbec0830 
[libmetasec_ml.so] 0x70fbd63604!0x116604 nop ; 
[libmetasec_ml.so] 0x70fbd63608!0x116608 madd x24, x28, x19, x8; x24=0x70fbec0cb0 x28=0x11 x19=0x48 x8=0x70fbec0830 -> x24=0x70fbec0cf8 
[libmetasec_ml.so] 0x70fbd6360c!0x11660c ldr w9, [x24, #0x18]; w9=0x17 x24=0x70fbec0cf8 mem_r=0x70fbec0d10 -> w9=0x98 
[libmetasec_ml.so] 0x70fbd63610!0x116610 ldr w11, [x24, #0xc]; w11=0x3 x24=0x70fbec0cf8 mem_r=0x70fbec0d04 -> w11=0x3 
[libmetasec_ml.so] 0x70fbd63614!0x116614 add x22, x20, x9; x22=0x72a7410c18 x20=0x72a7410b88 x9=0x98 -> x22=0x72a7410c20 
[libmetasec_ml.so] 0x70fbd63618!0x116618 cbz w11, #0x70fbd63744; w11=0x3 
[libmetasec_ml.so] 0x70fbd6361c!0x11661c ldr w9, [x24, #0x14]; w9=0x98 x24=0x70fbec0cf8 mem_r=0x70fbec0d0c -> w9=0x0 
[libmetasec_ml.so] 0x70fbd63620!0x116620 cmp w11, #1; w11=0x3 -> w11=0x3 
[libmetasec_ml.so] 0x70fbd63624!0x116624 madd x10, x28, x19, x8; x10=0x70fbd64df8 x28=0x11 x19=0x48 x8=0x70fbec0830 -> x10=0x70fbec0cf8 
[libmetasec_ml.so] 0x70fbd63628!0x116628 ccmp w11, #3, #4, ne; w11=0x3 
[libmetasec_ml.so] 0x70fbd6362c!0x11662c b.ne #0x70fbd63668; 
[libmetasec_ml.so] 0x70fbd63630!0x116630 ldr w10, [x10, #0x30]; w10=0xfbec0cf8 x10=0x70fbec0cf8 mem_r=0x70fbec0d28 -> w10=0x0 
[libmetasec_ml.so] 0x70fbd63634!0x116634 tbnz w10, #2, #0x70fbd636a0; w10=0x0 
[libmetasec_ml.so] 0x70fbd63638!0x116638 cmp w11, #3; w11=0x3 -> w11=0x3 
[libmetasec_ml.so] 0x70fbd6363c!0x11663c b.eq #0x70fbd6372c; 
[libmetasec_ml.so] 0x70fbd6372c!0x11672c mov x0, x24; x0=0x1 x24=0x70fbec0cf8 -> x0=0x70fbec0cf8 
[libmetasec_ml.so] 0x70fbd63730!0x116730 mov x1, x22; x1=0x72a7410c18 x22=0x72a7410c20 -> x1=0x72a7410c20 
[libmetasec_ml.so] 0x70fbd63734!0x116734 bl #0x70fbd64dc8; 
[libmetasec_ml.so] 0x70fbd64dc8!0x117dc8 ldr w8, [x0, #0x10]; w8=0xfbec0830 x0=0x70fbec0cf8 mem_r=0x70fbec0d08 -> w8=0x4 
[libmetasec_ml.so] 0x70fbd64dcc!0x117dcc cmp w8, #0x10; w8=0x4 -> w8=0x4 
[libmetasec_ml.so] 0x70fbd64dd0!0x117dd0 b.hi #0x70fbd64e30; 
[libmetasec_ml.so] 0x70fbd64dd4!0x117dd4 adrp x9, #0x70fbe42000; x9=0x0 -> x9=0x70fbe42000 
[libmetasec_ml.so] 0x70fbd64dd8!0x117dd8 add x9, x9, #0x623; x9=0x70fbe42000 x9=0x70fbe42000 -> x9=0x70fbe42623 
[libmetasec_ml.so] 0x70fbd64ddc!0x117ddc adr x10, #0x70fbd64dec; x10=0x0 -> x10=0x70fbd64dec 
[libmetasec_ml.so] 0x70fbd64de0!0x117de0 ldrb w11, [x9, x8]; w11=0x3 x9=0x70fbe42623 x8=0x4 mem_r=0x70fbe42627 -> w11=0x3 
[libmetasec_ml.so] 0x70fbd64de4!0x117de4 add x10, x10, x11, lsl #2; x10=0x70fbd64dec x10=0x70fbd64dec x11=0x3 -> x10=0x70fbd64df8 
[libmetasec_ml.so] 0x70fbd64de8!0x117de8 br x10; x10=0x70fbd64df8 
[libmetasec_ml.so] 0x70fbd64df8!0x117df8 ldr x8, [x1]; x8=0x4 x1=0x72a7410c20 mem_r=0x72a7410c20 -> x8=0x493608f5 
[libmetasec_ml.so] 0x70fbd64dfc!0x117dfc cmp x8, #0; x8=0x493608f5 -> x8=0x493608f5 
[libmetasec_ml.so] 0x70fbd64e00!0x117e00 cset w0, eq; w0=0xfbec0cf8 -> w0=0x0 
[libmetasec_ml.so] 0x70fbd64e04!0x117e04 ret ; 
[libmetasec_ml.so] 0x70fbd63738!0x116738 cbz w0, #0x70fbd63744; w0=0x0 
[libmetasec_ml.so] 0x70fbd63744!0x116744 add x2, x27, x21; x2=0x7367411627 x27=0x73674114e0 x21=0x14a -> x2=0x736741162a 
[libmetasec_ml.so] 0x70fbd63748!0x116748 mov x0, x24; x0=0x0 x24=0x70fbec0cf8 -> x0=0x70fbec0cf8 
[libmetasec_ml.so] 0x70fbd6374c!0x11674c mov x1, x22; x1=0x72a7410c20 x22=0x72a7410c20 -> x1=0x72a7410c20 
[libmetasec_ml.so] 0x70fbd63750!0x116750 bl #0x70fbd63a04; 
[libmetasec_ml.so] 0x70fbd63a04!0x116a04 str x23, [sp, #-0x40]!; x23=0x2a45 sp=0x70d87c2bb0 mem_w=0x70d87c2b70 -> sp=0x70d87c2b70 
[libmetasec_ml.so] 0x70fbd63a08!0x116a08 stp x22, x21, [sp, #0x10]; x22=0x72a7410c20 x21=0x14a sp=0x70d87c2b70 mem_w=0x70d87c2b80 
[libmetasec_ml.so] 0x70fbd63a0c!0x116a0c stp x20, x19, [sp, #0x20]; x20=0x72a7410b88 x19=0x48 sp=0x70d87c2b70 mem_w=0x70d87c2b90 
[libmetasec_ml.so] 0x70fbd63a10!0x116a10 stp x29, x30, [sp, #0x30]; fp=0x70d87c2c20 lr=0x70fbd63754 sp=0x70d87c2b70 mem_w=0x70d87c2ba0 
[libmetasec_ml.so] 0x70fbd63a14!0x116a14 add x29, sp, #0x30; fp=0x70d87c2c20 sp=0x70d87c2b70 -> fp=0x70d87c2ba0 
[libmetasec_ml.so] 0x70fbd63a18!0x116a18 mov x19, x0; x19=0x48 x0=0x70fbec0cf8 -> x19=0x70fbec0cf8 
[libmetasec_ml.so] 0x70fbd63a1c!0x116a1c ldr w0, [x0, #8]; w0=0xfbec0cf8 x0=0x70fbec0cf8 mem_r=0x70fbec0d00 -> w0=0x12 
[libmetasec_ml.so] 0x70fbd63a20!0x116a20 mov x21, x1; x21=0x14a x1=0x72a7410c20 -> x21=0x72a7410c20 
[libmetasec_ml.so] 0x70fbd63a24!0x116a24 mov x1, x2; x1=0x72a7410c20 x2=0x736741162a -> x1=0x736741162a 
[libmetasec_ml.so] 0x70fbd63a28!0x116a28 mov x20, x2; x20=0x72a7410b88 x2=0x736741162a -> x20=0x736741162a 
[libmetasec_ml.so] 0x70fbd63a2c!0x116a2c bl #0x70fbd64e38; 
[libmetasec_ml.so] 0x70fbd64e38!0x117e38 lsr w8, w0, #0x1d; w8=0x493608f5 w0=0x12 -> w8=0x0 
[libmetasec_ml.so] 0x70fbd64e3c!0x117e3c cbnz w8, #0x70fbd64e48; w8=0x0 
[libmetasec_ml.so] 0x70fbd64e40!0x117e40 lsl w0, w0, #3; w0=0x12 w0=0x12 -> w0=0x90 
[libmetasec_ml.so] 0x70fbd64e44!0x117e44 b #0x70fbd64eb8; 
[libmetasec_ml.so] 0x70fbd64eb8!0x117eb8 cmp w0, #0x80; w0=0x90 -> w0=0x90 
[libmetasec_ml.so] 0x70fbd64ebc!0x117ebc b.lo #0x70fbd64f0c; 
[libmetasec_ml.so] 0x70fbd64ec0!0x117ec0 orr w8, w0, #0x80; w8=0x0 w0=0x90 -> w8=0x90 
[libmetasec_ml.so] 0x70fbd64ec4!0x117ec4 cmp w0, #4, lsl #12; w0=0x90 -> w0=0x90 
[libmetasec_ml.so] 0x70fbd64ec8!0x117ec8 strb w8, [x1]; w8=0x90 x1=0x736741162a mem_w=0x736741162a 
[libmetasec_ml.so] 0x70fbd64ecc!0x117ecc lsr w8, w0, #7; w8=0x90 w0=0x90 -> w8=0x1 
[libmetasec_ml.so] 0x70fbd64ed0!0x117ed0 b.lo #0x70fbd64f14; 
[libmetasec_ml.so] 0x70fbd64f14!0x117f14 mov w9, #1; w9=0xfbe42623 -> w9=0x1 
[libmetasec_ml.so] 0x70fbd64f18!0x117f18 b #0x70fbd64f28; 
[libmetasec_ml.so] 0x70fbd64f28!0x117f28 mov w0, w8; w0=0x90 w8=0x1 -> w0=0x1 
[libmetasec_ml.so] 0x70fbd64f2c!0x117f2c add w8, w9, #1; w8=0x1 w9=0x1 -> w8=0x2 
[libmetasec_ml.so] 0x70fbd64f30!0x117f30 strb w0, [x1, w9, uxtw]; w0=0x1 x1=0x736741162a w9=0x1 mem_w=0x736741162b 
[libmetasec_ml.so] 0x70fbd64f34!0x117f34 mov x0, x8; x0=0x1 x8=0x2 -> x0=0x2 
[libmetasec_ml.so] 0x70fbd64f38!0x117f38 ret ; 
[libmetasec_ml.so] 0x70fbd63a30!0x116a30 ldr w8, [x19, #0x10]; w8=0x2 x19=0x70fbec0cf8 mem_r=0x70fbec0d08 -> w8=0x4 
[libmetasec_ml.so] 0x70fbd63a34!0x116a34 cmp w8, #0x10; w8=0x4 -> w8=0x4 
[libmetasec_ml.so] 0x70fbd63a38!0x116a38 b.hi #0x70fbd63abc; 
[libmetasec_ml.so] 0x70fbd63a3c!0x116a3c adrp x9, #0x70fbe42000; x9=0x1 -> x9=0x70fbe42000 
[libmetasec_ml.so] 0x70fbd63a40!0x116a40 add x9, x9, #0x5d4; x9=0x70fbe42000 x9=0x70fbe42000 -> x9=0x70fbe425d4 
[libmetasec_ml.so] 0x70fbd63a44!0x116a44 adr x10, #0x70fbd63a58; x10=0x70fbd64df8 -> x10=0x70fbd63a58 
[libmetasec_ml.so] 0x70fbd63a48!0x116a48 ldrb w11, [x9, x8]; w11=0x3 x9=0x70fbe425d4 x8=0x4 mem_r=0x70fbe425d8 -> w11=0x1f 
[libmetasec_ml.so] 0x70fbd63a4c!0x116a4c add x10, x10, x11, lsl #2; x10=0x70fbd63a58 x10=0x70fbd63a58 x11=0x1f -> x10=0x70fbd63ad4 
[libmetasec_ml.so] 0x70fbd63a50!0x116a50 mov x19, x0; x19=0x70fbec0cf8 x0=0x2 -> x19=0x2 
[libmetasec_ml.so] 0x70fbd63a54!0x116a54 br x10; x10=0x70fbd63ad4 
[libmetasec_ml.so] 0x70fbd63ad4!0x116ad4 ldr x0, [x21]; x0=0x2 x21=0x72a7410c20 mem_r=0x72a7410c20 -> x0=0x493608f5 
[libmetasec_ml.so] 0x70fbd63ad8!0x116ad8 add x1, x20, x19; x1=0x736741162a x20=0x736741162a x19=0x2 -> x1=0x736741162c 
[libmetasec_ml.so] 0x70fbd63adc!0x116adc bl #0x70fbd64f3c; 
[libmetasec_ml.so] 0x70fbd64f3c!0x117f3c lsl x8, x0, #1; x8=0x4 x0=0x493608f5 -> x8=0x926c11ea 
[libmetasec_ml.so] 0x70fbd64f40!0x117f40 eor x0, x8, x0, asr #63; x0=0x493608f5 x8=0x926c11ea x0=0x493608f5 -> x0=0x926c11ea 
[libmetasec_ml.so] 0x70fbd64f44!0x117f44 b #0x70fbd64f48; 
[libmetasec_ml.so] 0x70fbd64f48!0x117f48 lsr x8, x0, #0x20; x8=0x926c11ea x0=0x926c11ea -> x8=0x0 
[libmetasec_ml.so] 0x70fbd64f4c!0x117f4c cbz w8, #0x70fbd64f94; w8=0x0 
[libmetasec_ml.so] 0x70fbd64f94!0x117f94 b #0x70fbd64eb8; 
[libmetasec_ml.so] 0x70fbd64eb8!0x117eb8 cmp w0, #0x80; w0=0x926c11ea -> w0=0x926c11ea 
[libmetasec_ml.so] 0x70fbd64ebc!0x117ebc b.lo #0x70fbd64f0c; 
[libmetasec_ml.so] 0x70fbd64ec0!0x117ec0 orr w8, w0, #0x80; w8=0x0 w0=0x926c11ea -> w8=0x926c11ea 
[libmetasec_ml.so] 0x70fbd64ec4!0x117ec4 cmp w0, #4, lsl #12; w0=0x926c11ea -> w0=0x926c11ea 
[libmetasec_ml.so] 0x70fbd64ec8!0x117ec8 strb w8, [x1]; w8=0x926c11ea x1=0x736741162c mem_w=0x736741162c 
[libmetasec_ml.so] 0x70fbd64ecc!0x117ecc lsr w8, w0, #7; w8=0x926c11ea w0=0x926c11ea -> w8=0x124d823 
[libmetasec_ml.so] 0x70fbd64ed0!0x117ed0 b.lo #0x70fbd64f14; 
[libmetasec_ml.so] 0x70fbd64ed4!0x117ed4 orr w8, w8, #0x80; w8=0x124d823 w8=0x124d823 -> w8=0x124d8a3 
[libmetasec_ml.so] 0x70fbd64ed8!0x117ed8 cmp w0, #0x200, lsl #12; w0=0x926c11ea -> w0=0x926c11ea 
[libmetasec_ml.so] 0x70fbd64edc!0x117edc strb w8, [x1, #1]; w8=0x124d8a3 x1=0x736741162c mem_w=0x736741162d 
[libmetasec_ml.so] 0x70fbd64ee0!0x117ee0 lsr w8, w0, #0xe; w8=0x124d8a3 w0=0x926c11ea -> w8=0x249b0 
[libmetasec_ml.so] 0x70fbd64ee4!0x117ee4 b.lo #0x70fbd64f1c; 
[libmetasec_ml.so] 0x70fbd64ee8!0x117ee8 orr w9, w8, #0x80; w9=0xfbe425d4 w8=0x249b0 -> w9=0x249b0 
[libmetasec_ml.so] 0x70fbd64eec!0x117eec lsr w8, w0, #0x15; w8=0x249b0 w0=0x926c11ea -> w8=0x493 
[libmetasec_ml.so] 0x70fbd64ef0!0x117ef0 lsr w0, w0, #0x1c; w0=0x926c11ea w0=0x926c11ea -> w0=0x9 
[libmetasec_ml.so] 0x70fbd64ef4!0x117ef4 strb w9, [x1, #2]; w9=0x249b0 x1=0x736741162c mem_w=0x736741162e 
[libmetasec_ml.so] 0x70fbd64ef8!0x117ef8 cbz w0, #0x70fbd64f24; w0=0x9 
[libmetasec_ml.so] 0x70fbd64efc!0x117efc orr w8, w8, #0x80; w8=0x493 w8=0x493 -> w8=0x493 
[libmetasec_ml.so] 0x70fbd64f00!0x117f00 mov w9, #4; w9=0x249b0 -> w9=0x4 
[libmetasec_ml.so] 0x70fbd64f04!0x117f04 strb w8, [x1, #3]; w8=0x493 x1=0x736741162c mem_w=0x736741162f 
[libmetasec_ml.so] 0x70fbd64f08!0x117f08 b #0x70fbd64f2c; 
[libmetasec_ml.so] 0x70fbd64f2c!0x117f2c add w8, w9, #1; w8=0x493 w9=0x4 -> w8=0x5 
[libmetasec_ml.so] 0x70fbd64f30!0x117f30 strb w0, [x1, w9, uxtw]; w0=0x9 x1=0x736741162c w9=0x4 mem_w=0x7367411630 
[libmetasec_ml.so] 0x70fbd64f34!0x117f34 mov x0, x8; x0=0x9 x8=0x5 -> x0=0x5 
[libmetasec_ml.so] 0x70fbd64f38!0x117f38 ret ; 
[libmetasec_ml.so] 0x70fbd63ae0!0x116ae0 b #0x70fbd63af0; 
[libmetasec_ml.so] 0x70fbd63af0!0x116af0 add x0, x0, x19; x0=0x5 x0=0x5 x19=0x2 -> x0=0x7 
[libmetasec_ml.so] 0x70fbd63af4!0x116af4 b #0x70fbd63bfc; 
[libmetasec_ml.so] 0x70fbd63bfc!0x116bfc ldp x29, x30, [sp, #0x30]; fp=0x70d87c2ba0 lr=0x70fbd63ae0 sp=0x70d87c2b70 mem_r=0x70d87c2ba0 -> fp=0x70d87c2c20 lr=0x70fbd63754 
[libmetasec_ml.so] 0x70fbd63c00!0x116c00 ldp x20, x19, [sp, #0x20]; x20=0x736741162a x19=0x2 sp=0x70d87c2b70 mem_r=0x70d87c2b90 -> x20=0x72a7410b88 x19=0x48 
[libmetasec_ml.so] 0x70fbd63c04!0x116c04 ldp x22, x21, [sp, #0x10]; x22=0x72a7410c20 x21=0x72a7410c20 sp=0x70d87c2b70 mem_r=0x70d87c2b80 -> x22=0x72a7410c20 x21=0x14a 
[libmetasec_ml.so] 0x70fbd63c08!0x116c08 ldr x23, [sp], #0x40; x23=0x2a45 sp=0x70d87c2b70 mem_r=0x70d87c2b70 -> x23=0x2a45 
[libmetasec_ml.so] 0x70fbd63c0c!0x116c0c ret ; 
[libmetasec_ml.so] 0x70fbd63754!0x116754 mov x25, x0; x25=0x0 x0=0x7 -> x25=0x7 
[libmetasec_ml.so] 0x70fbd63758!0x116758 b #0x70fbd63940; 
[libmetasec_ml.so] 0x70fbd63940!0x116940 add x21, x25, x21; x21=0x14a x25=0x7 x21=0x14a -> x21=0x151 
[libmetasec_ml.so] 0x70fbd63944!0x116944 add x28, x28, #1; x28=0x11 x28=0x11 -> x28=0x12 
[libmetasec_ml.so] 0x70fbd63948!0x116948 b #0x70fbd635f0; 
[libmetasec_ml.so] 0x70fbd635f0!0x1165f0 ldr x8, [x20]; x8=0x5 x20=0x72a7410b88 mem_r=0x72a7410b88 -> x8=0x70fbebef10 
[libmetasec_ml.so] 0x70fbd635f4!0x1165f4 ldr w9, [x8, #0x30]; w9=0x4 x8=0x70fbebef10 mem_r=0x70fbebef40 -> w9=0x17 
[libmetasec_ml.so] 0x70fbd635f8!0x1165f8 cmp x28, x9; x28=0x12 x9=0x17 -> x28=0x12 
[libmetasec_ml.so] 0x70fbd635fc!0x1165fc b.hs #0x70fbd6397c; 
[libmetasec_ml.so] 0x70fbd63600!0x116600 ldr x8, [x8, #0x38]; x8=0x70fbebef10 x8=0x70fbebef10 mem_r=0x70fbebef48 -> x8=0x70fbec0830 
[libmetasec_ml.so] 0x70fbd63604!0x116604 nop ; 
[libmetasec_ml.so] 0x70fbd63608!0x116608 madd x24, x28, x19, x8; x24=0x70fbec0cf8 x28=0x12 x19=0x48 x8=0x70fbec0830 -> x24=0x70fbec0d40 
[libmetasec_ml.so] 0x70fbd6360c!0x11660c ldr w9, [x24, #0x18]; w9=0x17 x24=0x70fbec0d40 mem_r=0x70fbec0d58 -> w9=0xa0 
[libmetasec_ml.so] 0x70fbd63610!0x116610 ldr w11, [x24, #0xc]; w11=0x1f x24=0x70fbec0d40 mem_r=0x70fbec0d4c -> w11=0x3 
[libmetasec_ml.so] 0x70fbd63614!0x116614 add x22, x20, x9; x22=0x72a7410c20 x20=0x72a7410b88 x9=0xa0 -> x22=0x72a7410c28 
[libmetasec_ml.so] 0x70fbd63618!0x116618 cbz w11, #0x70fbd63744; w11=0x3 
[libmetasec_ml.so] 0x70fbd6361c!0x11661c ldr w9, [x24, #0x14]; w9=0xa0 x24=0x70fbec0d40 mem_r=0x70fbec0d54 -> w9=0x0 
[libmetasec_ml.so] 0x70fbd63620!0x116620 cmp w11, #1; w11=0x3 -> w11=0x3 
[libmetasec_ml.so] 0x70fbd63624!0x116624 madd x10, x28, x19, x8; x10=0x70fbd63ad4 x28=0x12 x19=0x48 x8=0x70fbec0830 -> x10=0x70fbec0d40 
[libmetasec_ml.so] 0x70fbd63628!0x116628 ccmp w11, #3, #4, ne; w11=0x3 
[libmetasec_ml.so] 0x70fbd6362c!0x11662c b.ne #0x70fbd63668; 
[libmetasec_ml.so] 0x70fbd63630!0x116630 ldr w10, [x10, #0x30]; w10=0xfbec0d40 x10=0x70fbec0d40 mem_r=0x70fbec0d70 -> w10=0x0 
[libmetasec_ml.so] 0x70fbd63634!0x116634 tbnz w10, #2, #0x70fbd636a0; w10=0x0 
[libmetasec_ml.so] 0x70fbd63638!0x116638 cmp w11, #3; w11=0x3 -> w11=0x3 
[libmetasec_ml.so] 0x70fbd6363c!0x11663c b.eq #0x70fbd6372c; 
[libmetasec_ml.so] 0x70fbd6372c!0x11672c mov x0, x24; x0=0x7 x24=0x70fbec0d40 -> x0=0x70fbec0d40 
[libmetasec_ml.so] 0x70fbd63730!0x116730 mov x1, x22; x1=0x736741162c x22=0x72a7410c28 -> x1=0x72a7410c28 
[libmetasec_ml.so] 0x70fbd63734!0x116734 bl #0x70fbd64dc8; 
[libmetasec_ml.so] 0x70fbd64dc8!0x117dc8 ldr w8, [x0, #0x10]; w8=0xfbec0830 x0=0x70fbec0d40 mem_r=0x70fbec0d50 -> w8=0x1 
[libmetasec_ml.so] 0x70fbd64dcc!0x117dcc cmp w8, #0x10; w8=0x1 -> w8=0x1 
[libmetasec_ml.so] 0x70fbd64dd0!0x117dd0 b.hi #0x70fbd64e30; 
[libmetasec_ml.so] 0x70fbd64dd4!0x117dd4 adrp x9, #0x70fbe42000; x9=0x0 -> x9=0x70fbe42000 
[libmetasec_ml.so] 0x70fbd64dd8!0x117dd8 add x9, x9, #0x623; x9=0x70fbe42000 x9=0x70fbe42000 -> x9=0x70fbe42623 
[libmetasec_ml.so] 0x70fbd64ddc!0x117ddc adr x10, #0x70fbd64dec; x10=0x0 -> x10=0x70fbd64dec 
[libmetasec_ml.so] 0x70fbd64de0!0x117de0 ldrb w11, [x9, x8]; w11=0x3 x9=0x70fbe42623 x8=0x1 mem_r=0x70fbe42624 -> w11=0x0 
[libmetasec_ml.so] 0x70fbd64de4!0x117de4 add x10, x10, x11, lsl #2; x10=0x70fbd64dec x10=0x70fbd64dec x11=0x0 -> x10=0x70fbd64dec 
[libmetasec_ml.so] 0x70fbd64de8!0x117de8 br x10; x10=0x70fbd64dec 
[libmetasec_ml.so] 0x70fbd64dec!0x117dec ldr w8, [x1]; w8=0x1 x1=0x72a7410c28 mem_r=0x72a7410c28 -> w8=0x6a93f661 
[libmetasec_ml.so] 0x70fbd64df0!0x117df0 cmp w8, #0; w8=0x6a93f661 -> w8=0x6a93f661 
[libmetasec_ml.so] 0x70fbd64df4!0x117df4 b #0x70fbd64e00; 
[libmetasec_ml.so] 0x70fbd64e00!0x117e00 cset w0, eq; w0=0xfbec0d40 -> w0=0x0 
[libmetasec_ml.so] 0x70fbd64e04!0x117e04 ret ; 
[libmetasec_ml.so] 0x70fbd63738!0x116738 cbz w0, #0x70fbd63744; w0=0x0 
[libmetasec_ml.so] 0x70fbd63744!0x116744 add x2, x27, x21; x2=0x736741162a x27=0x73674114e0 x21=0x151 -> x2=0x7367411631 
[libmetasec_ml.so] 0x70fbd63748!0x116748 mov x0, x24; x0=0x0 x24=0x70fbec0d40 -> x0=0x70fbec0d40 
[libmetasec_ml.so] 0x70fbd6374c!0x11674c mov x1, x22; x1=0x72a7410c28 x22=0x72a7410c28 -> x1=0x72a7410c28 
[libmetasec_ml.so] 0x70fbd63750!0x116750 bl #0x70fbd63a04; 
[libmetasec_ml.so] 0x70fbd63a04!0x116a04 str x23, [sp, #-0x40]!; x23=0x2a45 sp=0x70d87c2bb0 mem_w=0x70d87c2b70 -> sp=0x70d87c2b70 
[libmetasec_ml.so] 0x70fbd63a08!0x116a08 stp x22, x21, [sp, #0x10]; x22=0x72a7410c28 x21=0x151 sp=0x70d87c2b70 mem_w=0x70d87c2b80 
[libmetasec_ml.so] 0x70fbd63a0c!0x116a0c stp x20, x19, [sp, #0x20]; x20=0x72a7410b88 x19=0x48 sp=0x70d87c2b70 mem_w=0x70d87c2b90 
[libmetasec_ml.so] 0x70fbd63a10!0x116a10 stp x29, x30, [sp, #0x30]; fp=0x70d87c2c20 lr=0x70fbd63754 sp=0x70d87c2b70 mem_w=0x70d87c2ba0 
[libmetasec_ml.so] 0x70fbd63a14!0x116a14 add x29, sp, #0x30; fp=0x70d87c2c20 sp=0x70d87c2b70 -> fp=0x70d87c2ba0 
[libmetasec_ml.so] 0x70fbd63a18!0x116a18 mov x19, x0; x19=0x48 x0=0x70fbec0d40 -> x19=0x70fbec0d40 
[libmetasec_ml.so] 0x70fbd63a1c!0x116a1c ldr w0, [x0, #8]; w0=0xfbec0d40 x0=0x70fbec0d40 mem_r=0x70fbec0d48 -> w0=0x13 
[libmetasec_ml.so] 0x70fbd63a20!0x116a20 mov x21, x1; x21=0x151 x1=0x72a7410c28 -> x21=0x72a7410c28 
[libmetasec_ml.so] 0x70fbd63a24!0x116a24 mov x1, x2; x1=0x72a7410c28 x2=0x7367411631 -> x1=0x7367411631 
[libmetasec_ml.so] 0x70fbd63a28!0x116a28 mov x20, x2; x20=0x72a7410b88 x2=0x7367411631 -> x20=0x7367411631 
[libmetasec_ml.so] 0x70fbd63a2c!0x116a2c bl #0x70fbd64e38; 
[libmetasec_ml.so] 0x70fbd64e38!0x117e38 lsr w8, w0, #0x1d; w8=0x6a93f661 w0=0x13 -> w8=0x0 
[libmetasec_ml.so] 0x70fbd64e3c!0x117e3c cbnz w8, #0x70fbd64e48; w8=0x0 
[libmetasec_ml.so] 0x70fbd64e40!0x117e40 lsl w0, w0, #3; w0=0x13 w0=0x13 -> w0=0x98 
[libmetasec_ml.so] 0x70fbd64e44!0x117e44 b #0x70fbd64eb8; 
[libmetasec_ml.so] 0x70fbd64eb8!0x117eb8 cmp w0, #0x80; w0=0x98 -> w0=0x98 
[libmetasec_ml.so] 0x70fbd64ebc!0x117ebc b.lo #0x70fbd64f0c; 
[libmetasec_ml.so] 0x70fbd64ec0!0x117ec0 orr w8, w0, #0x80; w8=0x0 w0=0x98 -> w8=0x98 
[libmetasec_ml.so] 0x70fbd64ec4!0x117ec4 cmp w0, #4, lsl #12; w0=0x98 -> w0=0x98 
[libmetasec_ml.so] 0x70fbd64ec8!0x117ec8 strb w8, [x1]; w8=0x98 x1=0x7367411631 mem_w=0x7367411631 
[libmetasec_ml.so] 0x70fbd64ecc!0x117ecc lsr w8, w0, #7; w8=0x98 w0=0x98 -> w8=0x1 
[libmetasec_ml.so] 0x70fbd64ed0!0x117ed0 b.lo #0x70fbd64f14; 
[libmetasec_ml.so] 0x70fbd64f14!0x117f14 mov w9, #1; w9=0xfbe42623 -> w9=0x1 
[libmetasec_ml.so] 0x70fbd64f18!0x117f18 b #0x70fbd64f28; 
[libmetasec_ml.so] 0x70fbd64f28!0x117f28 mov w0, w8; w0=0x98 w8=0x1 -> w0=0x1 
[libmetasec_ml.so] 0x70fbd64f2c!0x117f2c add w8, w9, #1; w8=0x1 w9=0x1 -> w8=0x2 
[libmetasec_ml.so] 0x70fbd64f30!0x117f30 strb w0, [x1, w9, uxtw]; w0=0x1 x1=0x7367411631 w9=0x1 mem_w=0x7367411632 
[libmetasec_ml.so] 0x70fbd64f34!0x117f34 mov x0, x8; x0=0x1 x8=0x2 -> x0=0x2 
[libmetasec_ml.so] 0x70fbd64f38!0x117f38 ret ; 
[libmetasec_ml.so] 0x70fbd63a30!0x116a30 ldr w8, [x19, #0x10]; w8=0x2 x19=0x70fbec0d40 mem_r=0x70fbec0d50 -> w8=0x1 
[libmetasec_ml.so] 0x70fbd63a34!0x116a34 cmp w8, #0x10; w8=0x1 -> w8=0x1 
[libmetasec_ml.so] 0x70fbd63a38!0x116a38 b.hi #0x70fbd63abc; 
[libmetasec_ml.so] 0x70fbd63a3c!0x116a3c adrp x9, #0x70fbe42000; x9=0x1 -> x9=0x70fbe42000 
[libmetasec_ml.so] 0x70fbd63a40!0x116a40 add x9, x9, #0x5d4; x9=0x70fbe42000 x9=0x70fbe42000 -> x9=0x70fbe425d4 
[libmetasec_ml.so] 0x70fbd63a44!0x116a44 adr x10, #0x70fbd63a58; x10=0x70fbd64dec -> x10=0x70fbd63a58 
[libmetasec_ml.so] 0x70fbd63a48!0x116a48 ldrb w11, [x9, x8]; w11=0x0 x9=0x70fbe425d4 x8=0x1 mem_r=0x70fbe425d5 -> w11=0x1b 
[libmetasec_ml.so] 0x70fbd63a4c!0x116a4c add x10, x10, x11, lsl #2; x10=0x70fbd63a58 x10=0x70fbd63a58 x11=0x1b -> x10=0x70fbd63ac4 
[libmetasec_ml.so] 0x70fbd63a50!0x116a50 mov x19, x0; x19=0x70fbec0d40 x0=0x2 -> x19=0x2 
[libmetasec_ml.so] 0x70fbd63a54!0x116a54 br x10; x10=0x70fbd63ac4 
[libmetasec_ml.so] 0x70fbd63ac4!0x116ac4 ldr w0, [x21]; w0=0x2 x21=0x72a7410c28 mem_r=0x72a7410c28 -> w0=0x6a93f661 
[libmetasec_ml.so] 0x70fbd63ac8!0x116ac8 add x1, x20, x19; x1=0x7367411631 x20=0x7367411631 x19=0x2 -> x1=0x7367411633 
[libmetasec_ml.so] 0x70fbd63acc!0x116acc bl #0x70fbd64e54; 
[libmetasec_ml.so] 0x70fbd64e54!0x117e54 lsl w8, w0, #1; w8=0x1 w0=0x6a93f661 -> w8=0xd527ecc2 
[libmetasec_ml.so] 0x70fbd64e58!0x117e58 eor w0, w8, w0, asr #31; w0=0x6a93f661 w8=0xd527ecc2 w0=0x6a93f661 -> w0=0xd527ecc2 
[libmetasec_ml.so] 0x70fbd64e5c!0x117e5c b #0x70fbd64eb8; 
[libmetasec_ml.so] 0x70fbd64eb8!0x117eb8 cmp w0, #0x80; w0=0xd527ecc2 -> w0=0xd527ecc2 
[libmetasec_ml.so] 0x70fbd64ebc!0x117ebc b.lo #0x70fbd64f0c; 
[libmetasec_ml.so] 0x70fbd64ec0!0x117ec0 orr w8, w0, #0x80; w8=0xd527ecc2 w0=0xd527ecc2 -> w8=0xd527ecc2 
[libmetasec_ml.so] 0x70fbd64ec4!0x117ec4 cmp w0, #4, lsl #12; w0=0xd527ecc2 -> w0=0xd527ecc2 
[libmetasec_ml.so] 0x70fbd64ec8!0x117ec8 strb w8, [x1]; w8=0xd527ecc2 x1=0x7367411633 mem_w=0x7367411633 
[libmetasec_ml.so] 0x70fbd64ecc!0x117ecc lsr w8, w0, #7; w8=0xd527ecc2 w0=0xd527ecc2 -> w8=0x1aa4fd9 
[libmetasec_ml.so] 0x70fbd64ed0!0x117ed0 b.lo #0x70fbd64f14; 
[libmetasec_ml.so] 0x70fbd64ed4!0x117ed4 orr w8, w8, #0x80; w8=0x1aa4fd9 w8=0x1aa4fd9 -> w8=0x1aa4fd9 
[libmetasec_ml.so] 0x70fbd64ed8!0x117ed8 cmp w0, #0x200, lsl #12; w0=0xd527ecc2 -> w0=0xd527ecc2 
[libmetasec_ml.so] 0x70fbd64edc!0x117edc strb w8, [x1, #1]; w8=0x1aa4fd9 x1=0x7367411633 mem_w=0x7367411634 
[libmetasec_ml.so] 0x70fbd64ee0!0x117ee0 lsr w8, w0, #0xe; w8=0x1aa4fd9 w0=0xd527ecc2 -> w8=0x3549f 
[libmetasec_ml.so] 0x70fbd64ee4!0x117ee4 b.lo #0x70fbd64f1c; 
[libmetasec_ml.so] 0x70fbd64ee8!0x117ee8 orr w9, w8, #0x80; w9=0xfbe425d4 w8=0x3549f -> w9=0x3549f 
[libmetasec_ml.so] 0x70fbd64eec!0x117eec lsr w8, w0, #0x15; w8=0x3549f w0=0xd527ecc2 -> w8=0x6a9 
[libmetasec_ml.so] 0x70fbd64ef0!0x117ef0 lsr w0, w0, #0x1c; w0=0xd527ecc2 w0=0xd527ecc2 -> w0=0xd 
[libmetasec_ml.so] 0x70fbd64ef4!0x117ef4 strb w9, [x1, #2]; w9=0x3549f x1=0x7367411633 mem_w=0x7367411635 
[libmetasec_ml.so] 0x70fbd64ef8!0x117ef8 cbz w0, #0x70fbd64f24; w0=0xd 
[libmetasec_ml.so] 0x70fbd64efc!0x117efc orr w8, w8, #0x80; w8=0x6a9 w8=0x6a9 -> w8=0x6a9 
[libmetasec_ml.so] 0x70fbd64f00!0x117f00 mov w9, #4; w9=0x3549f -> w9=0x4 
[libmetasec_ml.so] 0x70fbd64f04!0x117f04 strb w8, [x1, #3]; w8=0x6a9 x1=0x7367411633 mem_w=0x7367411636 
[libmetasec_ml.so] 0x70fbd64f08!0x117f08 b #0x70fbd64f2c; 
[libmetasec_ml.so] 0x70fbd64f2c!0x117f2c add w8, w9, #1; w8=0x6a9 w9=0x4 -> w8=0x5 
[libmetasec_ml.so] 0x70fbd64f30!0x117f30 strb w0, [x1, w9, uxtw]; w0=0xd x1=0x7367411633 w9=0x4 mem_w=0x7367411637 
[libmetasec_ml.so] 0x70fbd64f34!0x117f34 mov x0, x8; x0=0xd x8=0x5 -> x0=0x5 
[libmetasec_ml.so] 0x70fbd64f38!0x117f38 ret ; 
[libmetasec_ml.so] 0x70fbd63ad0!0x116ad0 b #0x70fbd63af0; 
[libmetasec_ml.so] 0x70fbd63af0!0x116af0 add x0, x0, x19; x0=0x5 x0=0x5 x19=0x2 -> x0=0x7 
[libmetasec_ml.so] 0x70fbd63af4!0x116af4 b #0x70fbd63bfc; 
[libmetasec_ml.so] 0x70fbd63bfc!0x116bfc ldp x29, x30, [sp, #0x30]; fp=0x70d87c2ba0 lr=0x70fbd63ad0 sp=0x70d87c2b70 mem_r=0x70d87c2ba0 -> fp=0x70d87c2c20 lr=0x70fbd63754 
[libmetasec_ml.so] 0x70fbd63c00!0x116c00 ldp x20, x19, [sp, #0x20]; x20=0x7367411631 x19=0x2 sp=0x70d87c2b70 mem_r=0x70d87c2b90 -> x20=0x72a7410b88 x19=0x48 
[libmetasec_ml.so] 0x70fbd63c04!0x116c04 ldp x22, x21, [sp, #0x10]; x22=0x72a7410c28 x21=0x72a7410c28 sp=0x70d87c2b70 mem_r=0x70d87c2b80 -> x22=0x72a7410c28 x21=0x151 
[libmetasec_ml.so] 0x70fbd63c08!0x116c08 ldr x23, [sp], #0x40; x23=0x2a45 sp=0x70d87c2b70 mem_r=0x70d87c2b70 -> x23=0x2a45 
[libmetasec_ml.so] 0x70fbd63c0c!0x116c0c ret ; 
[libmetasec_ml.so] 0x70fbd63754!0x116754 mov x25, x0; x25=0x7 x0=0x7 -> x25=0x7 
[libmetasec_ml.so] 0x70fbd63758!0x116758 b #0x70fbd63940; 
[libmetasec_ml.so] 0x70fbd63940!0x116940 add x21, x25, x21; x21=0x151 x25=0x7 x21=0x151 -> x21=0x158 
[libmetasec_ml.so] 0x70fbd63944!0x116944 add x28, x28, #1; x28=0x12 x28=0x12 -> x28=0x13 
[libmetasec_ml.so] 0x70fbd63948!0x116948 b #0x70fbd635f0; 
[libmetasec_ml.so] 0x70fbd635f0!0x1165f0 ldr x8, [x20]; x8=0x5 x20=0x72a7410b88 mem_r=0x72a7410b88 -> x8=0x70fbebef10 
[libmetasec_ml.so] 0x70fbd635f4!0x1165f4 ldr w9, [x8, #0x30]; w9=0x4 x8=0x70fbebef10 mem_r=0x70fbebef40 -> w9=0x17 
[libmetasec_ml.so] 0x70fbd635f8!0x1165f8 cmp x28, x9; x28=0x13 x9=0x17 -> x28=0x13 
[libmetasec_ml.so] 0x70fbd635fc!0x1165fc b.hs #0x70fbd6397c; 
[libmetasec_ml.so] 0x70fbd63600!0x116600 ldr x8, [x8, #0x38]; x8=0x70fbebef10 x8=0x70fbebef10 mem_r=0x70fbebef48 -> x8=0x70fbec0830 
[libmetasec_ml.so] 0x70fbd63604!0x116604 nop ; 
[libmetasec_ml.so] 0x70fbd63608!0x116608 madd x24, x28, x19, x8; x24=0x70fbec0d40 x28=0x13 x19=0x48 x8=0x70fbec0830 -> x24=0x70fbec0d88 
[libmetasec_ml.so] 0x70fbd6360c!0x11660c ldr w9, [x24, #0x18]; w9=0x17 x24=0x70fbec0d88 mem_r=0x70fbec0da0 -> w9=0xa8 
[libmetasec_ml.so] 0x70fbd63610!0x116610 ldr w11, [x24, #0xc]; w11=0x1b x24=0x70fbec0d88 mem_r=0x70fbec0d94 -> w11=0x3 
[libmetasec_ml.so] 0x70fbd63614!0x116614 add x22, x20, x9; x22=0x72a7410c28 x20=0x72a7410b88 x9=0xa8 -> x22=0x72a7410c30 
[libmetasec_ml.so] 0x70fbd63618!0x116618 cbz w11, #0x70fbd63744; w11=0x3 
[libmetasec_ml.so] 0x70fbd6361c!0x11661c ldr w9, [x24, #0x14]; w9=0xa8 x24=0x70fbec0d88 mem_r=0x70fbec0d9c -> w9=0x0 
[libmetasec_ml.so] 0x70fbd63620!0x116620 cmp w11, #1; w11=0x3 -> w11=0x3 
[libmetasec_ml.so] 0x70fbd63624!0x116624 madd x10, x28, x19, x8; x10=0x70fbd63ac4 x28=0x13 x19=0x48 x8=0x70fbec0830 -> x10=0x70fbec0d88 
[libmetasec_ml.so] 0x70fbd63628!0x116628 ccmp w11, #3, #4, ne; w11=0x3 
[libmetasec_ml.so] 0x70fbd6362c!0x11662c b.ne #0x70fbd63668; 
[libmetasec_ml.so] 0x70fbd63630!0x116630 ldr w10, [x10, #0x30]; w10=0xfbec0d88 x10=0x70fbec0d88 mem_r=0x70fbec0db8 -> w10=0x0 
[libmetasec_ml.so] 0x70fbd63634!0x116634 tbnz w10, #2, #0x70fbd636a0; w10=0x0 
[libmetasec_ml.so] 0x70fbd63638!0x116638 cmp w11, #3; w11=0x3 -> w11=0x3 
[libmetasec_ml.so] 0x70fbd6363c!0x11663c b.eq #0x70fbd6372c; 
[libmetasec_ml.so] 0x70fbd6372c!0x11672c mov x0, x24; x0=0x7 x24=0x70fbec0d88 -> x0=0x70fbec0d88 
[libmetasec_ml.so] 0x70fbd63730!0x116730 mov x1, x22; x1=0x7367411633 x22=0x72a7410c30 -> x1=0x72a7410c30 
[libmetasec_ml.so] 0x70fbd63734!0x116734 bl #0x70fbd64dc8; 
[libmetasec_ml.so] 0x70fbd64dc8!0x117dc8 ldr w8, [x0, #0x10]; w8=0xfbec0830 x0=0x70fbec0d88 mem_r=0x70fbec0d98 -> w8=0x4 
[libmetasec_ml.so] 0x70fbd64dcc!0x117dcc cmp w8, #0x10; w8=0x4 -> w8=0x4 
[libmetasec_ml.so] 0x70fbd64dd0!0x117dd0 b.hi #0x70fbd64e30; 
[libmetasec_ml.so] 0x70fbd64dd4!0x117dd4 adrp x9, #0x70fbe42000; x9=0x0 -> x9=0x70fbe42000 
[libmetasec_ml.so] 0x70fbd64dd8!0x117dd8 add x9, x9, #0x623; x9=0x70fbe42000 x9=0x70fbe42000 -> x9=0x70fbe42623 
[libmetasec_ml.so] 0x70fbd64ddc!0x117ddc adr x10, #0x70fbd64dec; x10=0x0 -> x10=0x70fbd64dec 
[libmetasec_ml.so] 0x70fbd64de0!0x117de0 ldrb w11, [x9, x8]; w11=0x3 x9=0x70fbe42623 x8=0x4 mem_r=0x70fbe42627 -> w11=0x3 
[libmetasec_ml.so] 0x70fbd64de4!0x117de4 add x10, x10, x11, lsl #2; x10=0x70fbd64dec x10=0x70fbd64dec x11=0x3 -> x10=0x70fbd64df8 
[libmetasec_ml.so] 0x70fbd64de8!0x117de8 br x10; x10=0x70fbd64df8 
[libmetasec_ml.so] 0x70fbd64df8!0x117df8 ldr x8, [x1]; x8=0x4 x1=0x72a7410c30 mem_r=0x72a7410c30 -> x8=0x70914a52b5 
[libmetasec_ml.so] 0x70fbd64dfc!0x117dfc cmp x8, #0; x8=0x70914a52b5 -> x8=0x70914a52b5 
[libmetasec_ml.so] 0x70fbd64e00!0x117e00 cset w0, eq; w0=0xfbec0d88 -> w0=0x0 
[libmetasec_ml.so] 0x70fbd64e04!0x117e04 ret ; 
[libmetasec_ml.so] 0x70fbd63738!0x116738 cbz w0, #0x70fbd63744; w0=0x0 
[libmetasec_ml.so] 0x70fbd63744!0x116744 add x2, x27, x21; x2=0x7367411631 x27=0x73674114e0 x21=0x158 -> x2=0x7367411638 
[libmetasec_ml.so] 0x70fbd63748!0x116748 mov x0, x24; x0=0x0 x24=0x70fbec0d88 -> x0=0x70fbec0d88 
[libmetasec_ml.so] 0x70fbd6374c!0x11674c mov x1, x22; x1=0x72a7410c30 x22=0x72a7410c30 -> x1=0x72a7410c30 
[libmetasec_ml.so] 0x70fbd63750!0x116750 bl #0x70fbd63a04; 
[libmetasec_ml.so] 0x70fbd63a04!0x116a04 str x23, [sp, #-0x40]!; x23=0x2a45 sp=0x70d87c2bb0 mem_w=0x70d87c2b70 -> sp=0x70d87c2b70 
[libmetasec_ml.so] 0x70fbd63a08!0x116a08 stp x22, x21, [sp, #0x10]; x22=0x72a7410c30 x21=0x158 sp=0x70d87c2b70 mem_w=0x70d87c2b80 
[libmetasec_ml.so] 0x70fbd63a0c!0x116a0c stp x20, x19, [sp, #0x20]; x20=0x72a7410b88 x19=0x48 sp=0x70d87c2b70 mem_w=0x70d87c2b90 
[libmetasec_ml.so] 0x70fbd63a10!0x116a10 stp x29, x30, [sp, #0x30]; fp=0x70d87c2c20 lr=0x70fbd63754 sp=0x70d87c2b70 mem_w=0x70d87c2ba0 
[libmetasec_ml.so] 0x70fbd63a14!0x116a14 add x29, sp, #0x30; fp=0x70d87c2c20 sp=0x70d87c2b70 -> fp=0x70d87c2ba0 
[libmetasec_ml.so] 0x70fbd63a18!0x116a18 mov x19, x0; x19=0x48 x0=0x70fbec0d88 -> x19=0x70fbec0d88 
[libmetasec_ml.so] 0x70fbd63a1c!0x116a1c ldr w0, [x0, #8]; w0=0xfbec0d88 x0=0x70fbec0d88 mem_r=0x70fbec0d90 -> w0=0x14 
[libmetasec_ml.so] 0x70fbd63a20!0x116a20 mov x21, x1; x21=0x158 x1=0x72a7410c30 -> x21=0x72a7410c30 
[libmetasec_ml.so] 0x70fbd63a24!0x116a24 mov x1, x2; x1=0x72a7410c30 x2=0x7367411638 -> x1=0x7367411638 
[libmetasec_ml.so] 0x70fbd63a28!0x116a28 mov x20, x2; x20=0x72a7410b88 x2=0x7367411638 -> x20=0x7367411638 
[libmetasec_ml.so] 0x70fbd63a2c!0x116a2c bl #0x70fbd64e38; 
[libmetasec_ml.so] 0x70fbd64e38!0x117e38 lsr w8, w0, #0x1d; w8=0x914a52b5 w0=0x14 -> w8=0x0 
[libmetasec_ml.so] 0x70fbd64e3c!0x117e3c cbnz w8, #0x70fbd64e48; w8=0x0 
[libmetasec_ml.so] 0x70fbd64e40!0x117e40 lsl w0, w0, #3; w0=0x14 w0=0x14 -> w0=0xa0 
[libmetasec_ml.so] 0x70fbd64e44!0x117e44 b #0x70fbd64eb8; 
[libmetasec_ml.so] 0x70fbd64eb8!0x117eb8 cmp w0, #0x80; w0=0xa0 -> w0=0xa0 
[libmetasec_ml.so] 0x70fbd64ebc!0x117ebc b.lo #0x70fbd64f0c; 
[libmetasec_ml.so] 0x70fbd64ec0!0x117ec0 orr w8, w0, #0x80; w8=0x0 w0=0xa0 -> w8=0xa0 
[libmetasec_ml.so] 0x70fbd64ec4!0x117ec4 cmp w0, #4, lsl #12; w0=0xa0 -> w0=0xa0 
[libmetasec_ml.so] 0x70fbd64ec8!0x117ec8 strb w8, [x1]; w8=0xa0 x1=0x7367411638 mem_w=0x7367411638 
[libmetasec_ml.so] 0x70fbd64ecc!0x117ecc lsr w8, w0, #7; w8=0xa0 w0=0xa0 -> w8=0x1 
[libmetasec_ml.so] 0x70fbd64ed0!0x117ed0 b.lo #0x70fbd64f14; 
[libmetasec_ml.so] 0x70fbd64f14!0x117f14 mov w9, #1; w9=0xfbe42623 -> w9=0x1 
[libmetasec_ml.so] 0x70fbd64f18!0x117f18 b #0x70fbd64f28; 
[libmetasec_ml.so] 0x70fbd64f28!0x117f28 mov w0, w8; w0=0xa0 w8=0x1 -> w0=0x1 
[libmetasec_ml.so] 0x70fbd64f2c!0x117f2c add w8, w9, #1; w8=0x1 w9=0x1 -> w8=0x2 
[libmetasec_ml.so] 0x70fbd64f30!0x117f30 strb w0, [x1, w9, uxtw]; w0=0x1 x1=0x7367411638 w9=0x1 mem_w=0x7367411639 
[libmetasec_ml.so] 0x70fbd64f34!0x117f34 mov x0, x8; x0=0x1 x8=0x2 -> x0=0x2 
[libmetasec_ml.so] 0x70fbd64f38!0x117f38 ret ; 
[libmetasec_ml.so] 0x70fbd63a30!0x116a30 ldr w8, [x19, #0x10]; w8=0x2 x19=0x70fbec0d88 mem_r=0x70fbec0d98 -> w8=0x4 
[libmetasec_ml.so] 0x70fbd63a34!0x116a34 cmp w8, #0x10; w8=0x4 -> w8=0x4 
[libmetasec_ml.so] 0x70fbd63a38!0x116a38 b.hi #0x70fbd63abc; 
[libmetasec_ml.so] 0x70fbd63a3c!0x116a3c adrp x9, #0x70fbe42000; x9=0x1 -> x9=0x70fbe42000 
[libmetasec_ml.so] 0x70fbd63a40!0x116a40 add x9, x9, #0x5d4; x9=0x70fbe42000 x9=0x70fbe42000 -> x9=0x70fbe425d4 
[libmetasec_ml.so] 0x70fbd63a44!0x116a44 adr x10, #0x70fbd63a58; x10=0x70fbd64df8 -> x10=0x70fbd63a58 
[libmetasec_ml.so] 0x70fbd63a48!0x116a48 ldrb w11, [x9, x8]; w11=0x3 x9=0x70fbe425d4 x8=0x4 mem_r=0x70fbe425d8 -> w11=0x1f 
[libmetasec_ml.so] 0x70fbd63a4c!0x116a4c add x10, x10, x11, lsl #2; x10=0x70fbd63a58 x10=0x70fbd63a58 x11=0x1f -> x10=0x70fbd63ad4 
[libmetasec_ml.so] 0x70fbd63a50!0x116a50 mov x19, x0; x19=0x70fbec0d88 x0=0x2 -> x19=0x2 
[libmetasec_ml.so] 0x70fbd63a54!0x116a54 br x10; x10=0x70fbd63ad4 
[libmetasec_ml.so] 0x70fbd63ad4!0x116ad4 ldr x0, [x21]; x0=0x2 x21=0x72a7410c30 mem_r=0x72a7410c30 -> x0=0x70914a52b5 
[libmetasec_ml.so] 0x70fbd63ad8!0x116ad8 add x1, x20, x19; x1=0x7367411638 x20=0x7367411638 x19=0x2 -> x1=0x736741163a 
[libmetasec_ml.so] 0x70fbd63adc!0x116adc bl #0x70fbd64f3c; 
[libmetasec_ml.so] 0x70fbd64f3c!0x117f3c lsl x8, x0, #1; x8=0x4 x0=0x70914a52b5 -> x8=0xe12294a56a 
[libmetasec_ml.so] 0x70fbd64f40!0x117f40 eor x0, x8, x0, asr #63; x0=0x70914a52b5 x8=0xe12294a56a x0=0x70914a52b5 -> x0=0xe12294a56a 
[libmetasec_ml.so] 0x70fbd64f44!0x117f44 b #0x70fbd64f48; 
[libmetasec_ml.so] 0x70fbd64f48!0x117f48 lsr x8, x0, #0x20; x8=0xe12294a56a x0=0xe12294a56a -> x8=0xe1 
[libmetasec_ml.so] 0x70fbd64f4c!0x117f4c cbz w8, #0x70fbd64f94; w8=0xe1 
[libmetasec_ml.so] 0x70fbd64f50!0x117f50 orr w9, w0, #0x80; w9=0xfbe425d4 w0=0x2294a56a -> w9=0x2294a5ea 
[libmetasec_ml.so] 0x70fbd64f54!0x117f54 lsr w10, w0, #7; w10=0xfbd63ad4 w0=0x2294a56a -> w10=0x45294a 
[libmetasec_ml.so] 0x70fbd64f58!0x117f58 lsr w11, w0, #0xe; w11=0x1f w0=0x2294a56a -> w11=0x8a52 
[libmetasec_ml.so] 0x70fbd64f5c!0x117f5c lsr w12, w0, #0x15; w12=0x38 w0=0x2294a56a -> w12=0x114 
[libmetasec_ml.so] 0x70fbd64f60!0x117f60 cmp w8, #7; w8=0xe1 -> w8=0xe1 
[libmetasec_ml.so] 0x70fbd64f64!0x117f64 strb w9, [x1]; w9=0x2294a5ea x1=0x736741163a mem_w=0x736741163a 
[libmetasec_ml.so] 0x70fbd64f68!0x117f68 orr w9, w10, #0x80; w9=0x2294a5ea w10=0x45294a -> w9=0x4529ca 
[libmetasec_ml.so] 0x70fbd64f6c!0x117f6c orr w10, w11, #0x80; w10=0x45294a w11=0x8a52 -> w10=0x8ad2 
[libmetasec_ml.so] 0x70fbd64f70!0x117f70 orr w11, w12, #0x80; w11=0x8a52 w12=0x114 -> w11=0x194 
[libmetasec_ml.so] 0x70fbd64f74!0x117f74 extr w8, w8, w0, #0x1c; w8=0xe1 w8=0xe1 w0=0x2294a56a -> w8=0xe12 
[libmetasec_ml.so] 0x70fbd64f78!0x117f78 strb w9, [x1, #1]; w9=0x4529ca x1=0x736741163a mem_w=0x736741163b 
[libmetasec_ml.so] 0x70fbd64f7c!0x117f7c strb w10, [x1, #2]; w10=0x8ad2 x1=0x736741163a mem_w=0x736741163c 
[libmetasec_ml.so] 0x70fbd64f80!0x117f80 strb w11, [x1, #3]; w11=0x194 x1=0x736741163a mem_w=0x736741163d 
[libmetasec_ml.so] 0x70fbd64f84!0x117f84 b.hi #0x70fbd64f98; 
[libmetasec_ml.so] 0x70fbd64f98!0x117f98 orr w9, w8, #0x80; w9=0x4529ca w8=0xe12 -> w9=0xe92 
[libmetasec_ml.so] 0x70fbd64f9c!0x117f9c lsr x8, x0, #0x23; x8=0xe12 x0=0xe12294a56a -> x8=0x1c 
[libmetasec_ml.so] 0x70fbd64fa0!0x117fa0 strb w9, [x1, #4]; w9=0xe92 x1=0x736741163a mem_w=0x736741163e 
[libmetasec_ml.so] 0x70fbd64fa4!0x117fa4 mov w9, #5; w9=0xe92 -> w9=0x5 
[libmetasec_ml.so] 0x70fbd64fa8!0x117fa8 cmp w8, #0x80; w8=0x1c -> w8=0x1c 
[libmetasec_ml.so] 0x70fbd64fac!0x117fac b.lo #0x70fbd64fc4; 
[libmetasec_ml.so] 0x70fbd64fc4!0x117fc4 add x0, x9, #1; x0=0xe12294a56a x9=0x5 -> x0=0x6 
[libmetasec_ml.so] 0x70fbd64fc8!0x117fc8 strb w8, [x1, x9]; w8=0x1c x1=0x736741163a x9=0x5 mem_w=0x736741163f 
[libmetasec_ml.so] 0x70fbd64fcc!0x117fcc ret ; 
[libmetasec_ml.so] 0x70fbd63ae0!0x116ae0 b #0x70fbd63af0; 
[libmetasec_ml.so] 0x70fbd63af0!0x116af0 add x0, x0, x19; x0=0x6 x0=0x6 x19=0x2 -> x0=0x8 
[libmetasec_ml.so] 0x70fbd63af4!0x116af4 b #0x70fbd63bfc; 
[libmetasec_ml.so] 0x70fbd63bfc!0x116bfc ldp x29, x30, [sp, #0x30]; fp=0x70d87c2ba0 lr=0x70fbd63ae0 sp=0x70d87c2b70 mem_r=0x70d87c2ba0 -> fp=0x70d87c2c20 lr=0x70fbd63754 
[libmetasec_ml.so] 0x70fbd63c00!0x116c00 ldp x20, x19, [sp, #0x20]; x20=0x7367411638 x19=0x2 sp=0x70d87c2b70 mem_r=0x70d87c2b90 -> x20=0x72a7410b88 x19=0x48 
[libmetasec_ml.so] 0x70fbd63c04!0x116c04 ldp x22, x21, [sp, #0x10]; x22=0x72a7410c30 x21=0x72a7410c30 sp=0x70d87c2b70 mem_r=0x70d87c2b80 -> x22=0x72a7410c30 x21=0x158 
[libmetasec_ml.so] 0x70fbd63c08!0x116c08 ldr x23, [sp], #0x40; x23=0x2a45 sp=0x70d87c2b70 mem_r=0x70d87c2b70 -> x23=0x2a45 
[libmetasec_ml.so] 0x70fbd63c0c!0x116c0c ret ; 
[libmetasec_ml.so] 0x70fbd63754!0x116754 mov x25, x0; x25=0x7 x0=0x8 -> x25=0x8 
[libmetasec_ml.so] 0x70fbd63758!0x116758 b #0x70fbd63940; 
[libmetasec_ml.so] 0x70fbd63940!0x116940 add x21, x25, x21; x21=0x158 x25=0x8 x21=0x158 -> x21=0x160 
[libmetasec_ml.so] 0x70fbd63944!0x116944 add x28, x28, #1; x28=0x13 x28=0x13 -> x28=0x14 
[libmetasec_ml.so] 0x70fbd63948!0x116948 b #0x70fbd635f0; 
[libmetasec_ml.so] 0x70fbd635f0!0x1165f0 ldr x8, [x20]; x8=0x1c x20=0x72a7410b88 mem_r=0x72a7410b88 -> x8=0x70fbebef10 
[libmetasec_ml.so] 0x70fbd635f4!0x1165f4 ldr w9, [x8, #0x30]; w9=0x5 x8=0x70fbebef10 mem_r=0x70fbebef40 -> w9=0x17 
[libmetasec_ml.so] 0x70fbd635f8!0x1165f8 cmp x28, x9; x28=0x14 x9=0x17 -> x28=0x14 
[libmetasec_ml.so] 0x70fbd635fc!0x1165fc b.hs #0x70fbd6397c; 
[libmetasec_ml.so] 0x70fbd63600!0x116600 ldr x8, [x8, #0x38]; x8=0x70fbebef10 x8=0x70fbebef10 mem_r=0x70fbebef48 -> x8=0x70fbec0830 
[libmetasec_ml.so] 0x70fbd63604!0x116604 nop ; 
[libmetasec_ml.so] 0x70fbd63608!0x116608 madd x24, x28, x19, x8; x24=0x70fbec0d88 x28=0x14 x19=0x48 x8=0x70fbec0830 -> x24=0x70fbec0dd0 
[libmetasec_ml.so] 0x70fbd6360c!0x11660c ldr w9, [x24, #0x18]; w9=0x17 x24=0x70fbec0dd0 mem_r=0x70fbec0de8 -> w9=0xb0 
[libmetasec_ml.so] 0x70fbd63610!0x116610 ldr w11, [x24, #0xc]; w11=0x194 x24=0x70fbec0dd0 mem_r=0x70fbec0ddc -> w11=0x3 
[libmetasec_ml.so] 0x70fbd63614!0x116614 add x22, x20, x9; x22=0x72a7410c30 x20=0x72a7410b88 x9=0xb0 -> x22=0x72a7410c38 
[libmetasec_ml.so] 0x70fbd63618!0x116618 cbz w11, #0x70fbd63744; w11=0x3 
[libmetasec_ml.so] 0x70fbd6361c!0x11661c ldr w9, [x24, #0x14]; w9=0xb0 x24=0x70fbec0dd0 mem_r=0x70fbec0de4 -> w9=0x0 
[libmetasec_ml.so] 0x70fbd63620!0x116620 cmp w11, #1; w11=0x3 -> w11=0x3 
[libmetasec_ml.so] 0x70fbd63624!0x116624 madd x10, x28, x19, x8; x10=0x8ad2 x28=0x14 x19=0x48 x8=0x70fbec0830 -> x10=0x70fbec0dd0 
[libmetasec_ml.so] 0x70fbd63628!0x116628 ccmp w11, #3, #4, ne; w11=0x3 
[libmetasec_ml.so] 0x70fbd6362c!0x11662c b.ne #0x70fbd63668; 
[libmetasec_ml.so] 0x70fbd63630!0x116630 ldr w10, [x10, #0x30]; w10=0xfbec0dd0 x10=0x70fbec0dd0 mem_r=0x70fbec0e00 -> w10=0x0 
[libmetasec_ml.so] 0x70fbd63634!0x116634 tbnz w10, #2, #0x70fbd636a0; w10=0x0 
[libmetasec_ml.so] 0x70fbd63638!0x116638 cmp w11, #3; w11=0x3 -> w11=0x3 
[libmetasec_ml.so] 0x70fbd6363c!0x11663c b.eq #0x70fbd6372c; 
[libmetasec_ml.so] 0x70fbd6372c!0x11672c mov x0, x24; x0=0x8 x24=0x70fbec0dd0 -> x0=0x70fbec0dd0 
[libmetasec_ml.so] 0x70fbd63730!0x116730 mov x1, x22; x1=0x736741163a x22=0x72a7410c38 -> x1=0x72a7410c38 
[libmetasec_ml.so] 0x70fbd63734!0x116734 bl #0x70fbd64dc8; 
[libmetasec_ml.so] 0x70fbd64dc8!0x117dc8 ldr w8, [x0, #0x10]; w8=0xfbec0830 x0=0x70fbec0dd0 mem_r=0x70fbec0de0 -> w8=0x1 
[libmetasec_ml.so] 0x70fbd64dcc!0x117dcc cmp w8, #0x10; w8=0x1 -> w8=0x1 
[libmetasec_ml.so] 0x70fbd64dd0!0x117dd0 b.hi #0x70fbd64e30; 
[libmetasec_ml.so] 0x70fbd64dd4!0x117dd4 adrp x9, #0x70fbe42000; x9=0x0 -> x9=0x70fbe42000 
[libmetasec_ml.so] 0x70fbd64dd8!0x117dd8 add x9, x9, #0x623; x9=0x70fbe42000 x9=0x70fbe42000 -> x9=0x70fbe42623 
[libmetasec_ml.so] 0x70fbd64ddc!0x117ddc adr x10, #0x70fbd64dec; x10=0x0 -> x10=0x70fbd64dec 
[libmetasec_ml.so] 0x70fbd64de0!0x117de0 ldrb w11, [x9, x8]; w11=0x3 x9=0x70fbe42623 x8=0x1 mem_r=0x70fbe42624 -> w11=0x0 
[libmetasec_ml.so] 0x70fbd64de4!0x117de4 add x10, x10, x11, lsl #2; x10=0x70fbd64dec x10=0x70fbd64dec x11=0x0 -> x10=0x70fbd64dec 
[libmetasec_ml.so] 0x70fbd64de8!0x117de8 br x10; x10=0x70fbd64dec 
[libmetasec_ml.so] 0x70fbd64dec!0x117dec ldr w8, [x1]; w8=0x1 x1=0x72a7410c38 mem_r=0x72a7410c38 -> w8=0x0 
[libmetasec_ml.so] 0x70fbd64df0!0x117df0 cmp w8, #0; w8=0x0 -> w8=0x0 
[libmetasec_ml.so] 0x70fbd64df4!0x117df4 b #0x70fbd64e00; 
[libmetasec_ml.so] 0x70fbd64e00!0x117e00 cset w0, eq; w0=0xfbec0dd0 -> w0=0x1 
[libmetasec_ml.so] 0x70fbd64e04!0x117e04 ret ; 
[libmetasec_ml.so] 0x70fbd63738!0x116738 cbz w0, #0x70fbd63744; w0=0x1 
[libmetasec_ml.so] 0x70fbd6373c!0x11673c mov x25, xzr; x25=0x8 -> x25=0x0 
[libmetasec_ml.so] 0x70fbd63740!0x116740 b #0x70fbd63940; 
[libmetasec_ml.so] 0x70fbd63940!0x116940 add x21, x25, x21; x21=0x160 x25=0x0 x21=0x160 -> x21=0x160 
[libmetasec_ml.so] 0x70fbd63944!0x116944 add x28, x28, #1; x28=0x14 x28=0x14 -> x28=0x15 
[libmetasec_ml.so] 0x70fbd63948!0x116948 b #0x70fbd635f0; 
[libmetasec_ml.so] 0x70fbd635f0!0x1165f0 ldr x8, [x20]; x8=0x0 x20=0x72a7410b88 mem_r=0x72a7410b88 -> x8=0x70fbebef10 
[libmetasec_ml.so] 0x70fbd635f4!0x1165f4 ldr w9, [x8, #0x30]; w9=0xfbe42623 x8=0x70fbebef10 mem_r=0x70fbebef40 -> w9=0x17 
[libmetasec_ml.so] 0x70fbd635f8!0x1165f8 cmp x28, x9; x28=0x15 x9=0x17 -> x28=0x15 
[libmetasec_ml.so] 0x70fbd635fc!0x1165fc b.hs #0x70fbd6397c; 
[libmetasec_ml.so] 0x70fbd63600!0x116600 ldr x8, [x8, #0x38]; x8=0x70fbebef10 x8=0x70fbebef10 mem_r=0x70fbebef48 -> x8=0x70fbec0830 
[libmetasec_ml.so] 0x70fbd63604!0x116604 nop ; 
[libmetasec_ml.so] 0x70fbd63608!0x116608 madd x24, x28, x19, x8; x24=0x70fbec0dd0 x28=0x15 x19=0x48 x8=0x70fbec0830 -> x24=0x70fbec0e18 
[libmetasec_ml.so] 0x70fbd6360c!0x11660c ldr w9, [x24, #0x18]; w9=0x17 x24=0x70fbec0e18 mem_r=0x70fbec0e30 -> w9=0xb4 
[libmetasec_ml.so] 0x70fbd63610!0x116610 ldr w11, [x24, #0xc]; w11=0x0 x24=0x70fbec0e18 mem_r=0x70fbec0e24 -> w11=0x3 
[libmetasec_ml.so] 0x70fbd63614!0x116614 add x22, x20, x9; x22=0x72a7410c38 x20=0x72a7410b88 x9=0xb4 -> x22=0x72a7410c3c 
[libmetasec_ml.so] 0x70fbd63618!0x116618 cbz w11, #0x70fbd63744; w11=0x3 
[libmetasec_ml.so] 0x70fbd6361c!0x11661c ldr w9, [x24, #0x14]; w9=0xb4 x24=0x70fbec0e18 mem_r=0x70fbec0e2c -> w9=0x0 
[libmetasec_ml.so] 0x70fbd63620!0x116620 cmp w11, #1; w11=0x3 -> w11=0x3 
[libmetasec_ml.so] 0x70fbd63624!0x116624 madd x10, x28, x19, x8; x10=0x70fbd64dec x28=0x15 x19=0x48 x8=0x70fbec0830 -> x10=0x70fbec0e18 
[libmetasec_ml.so] 0x70fbd63628!0x116628 ccmp w11, #3, #4, ne; w11=0x3 
[libmetasec_ml.so] 0x70fbd6362c!0x11662c b.ne #0x70fbd63668; 
[libmetasec_ml.so] 0x70fbd63630!0x116630 ldr w10, [x10, #0x30]; w10=0xfbec0e18 x10=0x70fbec0e18 mem_r=0x70fbec0e48 -> w10=0x0 
[libmetasec_ml.so] 0x70fbd63634!0x116634 tbnz w10, #2, #0x70fbd636a0; w10=0x0 
[libmetasec_ml.so] 0x70fbd63638!0x116638 cmp w11, #3; w11=0x3 -> w11=0x3 
[libmetasec_ml.so] 0x70fbd6363c!0x11663c b.eq #0x70fbd6372c; 
[libmetasec_ml.so] 0x70fbd6372c!0x11672c mov x0, x24; x0=0x1 x24=0x70fbec0e18 -> x0=0x70fbec0e18 
[libmetasec_ml.so] 0x70fbd63730!0x116730 mov x1, x22; x1=0x72a7410c38 x22=0x72a7410c3c -> x1=0x72a7410c3c 
[libmetasec_ml.so] 0x70fbd63734!0x116734 bl #0x70fbd64dc8; 
[libmetasec_ml.so] 0x70fbd64dc8!0x117dc8 ldr w8, [x0, #0x10]; w8=0xfbec0830 x0=0x70fbec0e18 mem_r=0x70fbec0e28 -> w8=0x1 
[libmetasec_ml.so] 0x70fbd64dcc!0x117dcc cmp w8, #0x10; w8=0x1 -> w8=0x1 
[libmetasec_ml.so] 0x70fbd64dd0!0x117dd0 b.hi #0x70fbd64e30; 
[libmetasec_ml.so] 0x70fbd64dd4!0x117dd4 adrp x9, #0x70fbe42000; x9=0x0 -> x9=0x70fbe42000 
[libmetasec_ml.so] 0x70fbd64dd8!0x117dd8 add x9, x9, #0x623; x9=0x70fbe42000 x9=0x70fbe42000 -> x9=0x70fbe42623 
[libmetasec_ml.so] 0x70fbd64ddc!0x117ddc adr x10, #0x70fbd64dec; x10=0x0 -> x10=0x70fbd64dec 
[libmetasec_ml.so] 0x70fbd64de0!0x117de0 ldrb w11, [x9, x8]; w11=0x3 x9=0x70fbe42623 x8=0x1 mem_r=0x70fbe42624 -> w11=0x0 
[libmetasec_ml.so] 0x70fbd64de4!0x117de4 add x10, x10, x11, lsl #2; x10=0x70fbd64dec x10=0x70fbd64dec x11=0x0 -> x10=0x70fbd64dec 
[libmetasec_ml.so] 0x70fbd64de8!0x117de8 br x10; x10=0x70fbd64dec 
[libmetasec_ml.so] 0x70fbd64dec!0x117dec ldr w8, [x1]; w8=0x1 x1=0x72a7410c3c mem_r=0x72a7410c3c -> w8=0x0 
[libmetasec_ml.so] 0x70fbd64df0!0x117df0 cmp w8, #0; w8=0x0 -> w8=0x0 
[libmetasec_ml.so] 0x70fbd64df4!0x117df4 b #0x70fbd64e00; 
[libmetasec_ml.so] 0x70fbd64e00!0x117e00 cset w0, eq; w0=0xfbec0e18 -> w0=0x1 
[libmetasec_ml.so] 0x70fbd64e04!0x117e04 ret ; 
[libmetasec_ml.so] 0x70fbd63738!0x116738 cbz w0, #0x70fbd63744; w0=0x1 
[libmetasec_ml.so] 0x70fbd6373c!0x11673c mov x25, xzr; x25=0x0 -> x25=0x0 
[libmetasec_ml.so] 0x70fbd63740!0x116740 b #0x70fbd63940; 
[libmetasec_ml.so] 0x70fbd63940!0x116940 add x21, x25, x21; x21=0x160 x25=0x0 x21=0x160 -> x21=0x160 
[libmetasec_ml.so] 0x70fbd63944!0x116944 add x28, x28, #1; x28=0x15 x28=0x15 -> x28=0x16 
[libmetasec_ml.so] 0x70fbd63948!0x116948 b #0x70fbd635f0; 
[libmetasec_ml.so] 0x70fbd635f0!0x1165f0 ldr x8, [x20]; x8=0x0 x20=0x72a7410b88 mem_r=0x72a7410b88 -> x8=0x70fbebef10 
[libmetasec_ml.so] 0x70fbd635f4!0x1165f4 ldr w9, [x8, #0x30]; w9=0xfbe42623 x8=0x70fbebef10 mem_r=0x70fbebef40 -> w9=0x17 
[libmetasec_ml.so] 0x70fbd635f8!0x1165f8 cmp x28, x9; x28=0x16 x9=0x17 -> x28=0x16 
[libmetasec_ml.so] 0x70fbd635fc!0x1165fc b.hs #0x70fbd6397c; 
[libmetasec_ml.so] 0x70fbd63600!0x116600 ldr x8, [x8, #0x38]; x8=0x70fbebef10 x8=0x70fbebef10 mem_r=0x70fbebef48 -> x8=0x70fbec0830 
[libmetasec_ml.so] 0x70fbd63604!0x116604 nop ; 
[libmetasec_ml.so] 0x70fbd63608!0x116608 madd x24, x28, x19, x8; x24=0x70fbec0e18 x28=0x16 x19=0x48 x8=0x70fbec0830 -> x24=0x70fbec0e60 
[libmetasec_ml.so] 0x70fbd6360c!0x11660c ldr w9, [x24, #0x18]; w9=0x17 x24=0x70fbec0e60 mem_r=0x70fbec0e78 -> w9=0xb8 
[libmetasec_ml.so] 0x70fbd63610!0x116610 ldr w11, [x24, #0xc]; w11=0x0 x24=0x70fbec0e60 mem_r=0x70fbec0e6c -> w11=0x3 
[libmetasec_ml.so] 0x70fbd63614!0x116614 add x22, x20, x9; x22=0x72a7410c3c x20=0x72a7410b88 x9=0xb8 -> x22=0x72a7410c40 
[libmetasec_ml.so] 0x70fbd63618!0x116618 cbz w11, #0x70fbd63744; w11=0x3 
[libmetasec_ml.so] 0x70fbd6361c!0x11661c ldr w9, [x24, #0x14]; w9=0xb8 x24=0x70fbec0e60 mem_r=0x70fbec0e74 -> w9=0x0 
[libmetasec_ml.so] 0x70fbd63620!0x116620 cmp w11, #1; w11=0x3 -> w11=0x3 
[libmetasec_ml.so] 0x70fbd63624!0x116624 madd x10, x28, x19, x8; x10=0x70fbd64dec x28=0x16 x19=0x48 x8=0x70fbec0830 -> x10=0x70fbec0e60 
[libmetasec_ml.so] 0x70fbd63628!0x116628 ccmp w11, #3, #4, ne; w11=0x3 
[libmetasec_ml.so] 0x70fbd6362c!0x11662c b.ne #0x70fbd63668; 
[libmetasec_ml.so] 0x70fbd63630!0x116630 ldr w10, [x10, #0x30]; w10=0xfbec0e60 x10=0x70fbec0e60 mem_r=0x70fbec0e90 -> w10=0x0 
[libmetasec_ml.so] 0x70fbd63634!0x116634 tbnz w10, #2, #0x70fbd636a0; w10=0x0 
[libmetasec_ml.so] 0x70fbd63638!0x116638 cmp w11, #3; w11=0x3 -> w11=0x3 
[libmetasec_ml.so] 0x70fbd6363c!0x11663c b.eq #0x70fbd6372c; 
[libmetasec_ml.so] 0x70fbd6372c!0x11672c mov x0, x24; x0=0x1 x24=0x70fbec0e60 -> x0=0x70fbec0e60 
[libmetasec_ml.so] 0x70fbd63730!0x116730 mov x1, x22; x1=0x72a7410c3c x22=0x72a7410c40 -> x1=0x72a7410c40 
[libmetasec_ml.so] 0x70fbd63734!0x116734 bl #0x70fbd64dc8; 
[libmetasec_ml.so] 0x70fbd64dc8!0x117dc8 ldr w8, [x0, #0x10]; w8=0xfbec0830 x0=0x70fbec0e60 mem_r=0x70fbec0e70 -> w8=0x1 
[libmetasec_ml.so] 0x70fbd64dcc!0x117dcc cmp w8, #0x10; w8=0x1 -> w8=0x1 
[libmetasec_ml.so] 0x70fbd64dd0!0x117dd0 b.hi #0x70fbd64e30; 
[libmetasec_ml.so] 0x70fbd64dd4!0x117dd4 adrp x9, #0x70fbe42000; x9=0x0 -> x9=0x70fbe42000 
[libmetasec_ml.so] 0x70fbd64dd8!0x117dd8 add x9, x9, #0x623; x9=0x70fbe42000 x9=0x70fbe42000 -> x9=0x70fbe42623 
[libmetasec_ml.so] 0x70fbd64ddc!0x117ddc adr x10, #0x70fbd64dec; x10=0x0 -> x10=0x70fbd64dec 
[libmetasec_ml.so] 0x70fbd64de0!0x117de0 ldrb w11, [x9, x8]; w11=0x3 x9=0x70fbe42623 x8=0x1 mem_r=0x70fbe42624 -> w11=0x0 
[libmetasec_ml.so] 0x70fbd64de4!0x117de4 add x10, x10, x11, lsl #2; x10=0x70fbd64dec x10=0x70fbd64dec x11=0x0 -> x10=0x70fbd64dec 
[libmetasec_ml.so] 0x70fbd64de8!0x117de8 br x10; x10=0x70fbd64dec 
[libmetasec_ml.so] 0x70fbd64dec!0x117dec ldr w8, [x1]; w8=0x1 x1=0x72a7410c40 mem_r=0x72a7410c40 -> w8=0x0 
[libmetasec_ml.so] 0x70fbd64df0!0x117df0 cmp w8, #0; w8=0x0 -> w8=0x0 
[libmetasec_ml.so] 0x70fbd64df4!0x117df4 b #0x70fbd64e00; 
[libmetasec_ml.so] 0x70fbd64e00!0x117e00 cset w0, eq; w0=0xfbec0e60 -> w0=0x1 
[libmetasec_ml.so] 0x70fbd64e04!0x117e04 ret ; 
[libmetasec_ml.so] 0x70fbd63738!0x116738 cbz w0, #0x70fbd63744; w0=0x1 
[libmetasec_ml.so] 0x70fbd6373c!0x11673c mov x25, xzr; x25=0x0 -> x25=0x0 
[libmetasec_ml.so] 0x70fbd63740!0x116740 b #0x70fbd63940; 
[libmetasec_ml.so] 0x70fbd63940!0x116940 add x21, x25, x21; x21=0x160 x25=0x0 x21=0x160 -> x21=0x160 
[libmetasec_ml.so] 0x70fbd63944!0x116944 add x28, x28, #1; x28=0x16 x28=0x16 -> x28=0x17 
[libmetasec_ml.so] 0x70fbd63948!0x116948 b #0x70fbd635f0; 
[libmetasec_ml.so] 0x70fbd635f0!0x1165f0 ldr x8, [x20]; x8=0x0 x20=0x72a7410b88 mem_r=0x72a7410b88 -> x8=0x70fbebef10 
[libmetasec_ml.so] 0x70fbd635f4!0x1165f4 ldr w9, [x8, #0x30]; w9=0xfbe42623 x8=0x70fbebef10 mem_r=0x70fbebef40 -> w9=0x17 
[libmetasec_ml.so] 0x70fbd635f8!0x1165f8 cmp x28, x9; x28=0x17 x9=0x17 -> x28=0x17 
[libmetasec_ml.so] 0x70fbd635fc!0x1165fc b.hs #0x70fbd6397c; 
[libmetasec_ml.so] 0x70fbd6397c!0x11697c mov x24, xzr; x24=0x70fbec0e60 -> x24=0x0 
[libmetasec_ml.so] 0x70fbd63980!0x116980 mov x25, xzr; x25=0x0 -> x25=0x0 
[libmetasec_ml.so] 0x70fbd63984!0x116984 ldr w8, [x20, #8]; w8=0xfbebef10 x20=0x72a7410b88 mem_r=0x72a7410b90 -> w8=0x0 
[libmetasec_ml.so] 0x70fbd63988!0x116988 cmp x25, x8; x25=0x0 x8=0x0 -> x25=0x0 
[libmetasec_ml.so] 0x70fbd6398c!0x11698c b.hs #0x70fbd639e0; 
[libmetasec_ml.so] 0x70fbd639e0!0x1169e0 mov x0, x21; x0=0x1 x21=0x160 -> x0=0x160 
[libmetasec_ml.so] 0x70fbd639e4!0x1169e4 ldp x29, x30, [sp, #0x70]; fp=0x70d87c2c20 lr=0x70fbd63738 sp=0x70d87c2bb0 mem_r=0x70d87c2c20 -> fp=0x70d87c2dc0 lr=0x70fbf160f0 
[libmetasec_ml.so] 0x70fbd639e8!0x1169e8 ldp x20, x19, [sp, #0x60]; x20=0x72a7410b88 x19=0x48 sp=0x70d87c2bb0 mem_r=0x70d87c2c10 -> x20=0x73674114df x19=0x2 
[libmetasec_ml.so] 0x70fbd639ec!0x1169ec ldp x22, x21, [sp, #0x50]; x22=0x72a7410c40 x21=0x160 sp=0x70d87c2bb0 mem_r=0x70d87c2c00 -> x22=0x73674114e0 x21=0x72a7410e30 
[libmetasec_ml.so] 0x70fbd639f0!0x1169f0 ldp x24, x23, [sp, #0x40]; x24=0x0 x23=0x2a45 sp=0x70d87c2bb0 mem_r=0x70d87c2bf0 -> x24=0x70fbec17a8 x23=0x2a45 
[libmetasec_ml.so] 0x70fbd639f4!0x1169f4 ldp x26, x25, [sp, #0x30]; x26=0x70fbda533c x25=0x0 sp=0x70d87c2bb0 mem_r=0x70d87c2be0 -> x26=0x70fbda533c x25=0x0 
[libmetasec_ml.so] 0x70fbd639f8!0x1169f8 ldp x28, x27, [sp, #0x20]; x28=0x17 x27=0x73674114e0 sp=0x70d87c2bb0 mem_r=0x70d87c2bd0 -> x28=0x16 x27=0x7367411410 
[libmetasec_ml.so] 0x70fbd639fc!0x1169fc add sp, sp, #0x80; sp=0x70d87c2bb0 sp=0x70d87c2bb0 -> sp=0x70d87c2c30 
[libmetasec_ml.so] 0x70fbd63a00!0x116a00 ret ; 
[libmetasec_ml.so] 0x70fbd63bbc!0x116bbc mov x21, x0; x21=0x72a7410e30 x0=0x160 -> x21=0x160 
[libmetasec_ml.so] 0x70fbd63bc0!0x116bc0 bl #0x70fbd64d1c; 
[libmetasec_ml.so] 0x70fbd64d1c!0x117d1c cmp w0, #0x80; w0=0x160 -> w0=0x160 
[libmetasec_ml.so] 0x70fbd64d20!0x117d20 b.hs #0x70fbd64d2c; 
[libmetasec_ml.so] 0x70fbd64d2c!0x117d2c cmp w0, #4, lsl #12; w0=0x160 -> w0=0x160 
[libmetasec_ml.so] 0x70fbd64d30!0x117d30 b.hs #0x70fbd64d3c; 
[libmetasec_ml.so] 0x70fbd64d34!0x117d34 mov w0, #2; w0=0x160 -> w0=0x2 
[libmetasec_ml.so] 0x70fbd64d38!0x117d38 ret ; 
[libmetasec_ml.so] 0x70fbd63bc4!0x116bc4 cmp w0, #1; w0=0x2 -> w0=0x2 
[libmetasec_ml.so] 0x70fbd63bc8!0x116bc8 b.eq #0x70fbd63bdc; 
[libmetasec_ml.so] 0x70fbd63bcc!0x116bcc add x0, x20, w0, uxtw; x0=0x2 x20=0x73674114df w0=0x2 -> x0=0x73674114e1 
[libmetasec_ml.so] 0x70fbd63bd0!0x116bd0 mov x1, x22; x1=0x81 x22=0x73674114e0 -> x1=0x73674114e0 
[libmetasec_ml.so] 0x70fbd63bd4!0x116bd4 mov x2, x21; x2=0x7fffffff x21=0x160 -> x2=0x160 
[libmetasec_ml.so] 0x70fbd63bd8!0x116bd8 bl #0x70fbc805b0; 
[libmetasec_ml.so] 0x70fbc805b0!0x335b0 adrp x16, #0x70fbec9000; x16=0x726ab76fd8 -> x16=0x70fbec9000 
[libmetasec_ml.so] 0x70fbc805b4!0x335b4 ldr x17, [x16, #0x760]; x17=0x60000000 x16=0x70fbec9000 mem_r=0x70fbec9760 -> x17=0x75402d9c80 
[libmetasec_ml.so] 0x70fbc805b8!0x335b8 add x16, x16, #0x760; x16=0x70fbec9000 x16=0x70fbec9000 -> x16=0x70fbec9760 
[libmetasec_ml.so] 0x70fbc805bc!0x335bc br x17; x17=0x75402d9c80 
call func: __memcpy_aarch64_simd(0x73674114e1, 0x73674114e0, 0x160)
hexdump at address 0x73674114e0 with length 0x160:
73674114e0: 08 02 32 09 76 30 34 2e 30 39 2e 30 35 38 e2 8b |..2.v04.09.058..|
73674114f0: 03 62 a7 02 08 02 1a 04 31 31 32 38 22 10 34 30 |.b......1128".40|
7367411500: 38 37 33 33 36 32 38 33 31 35 34 35 38 33 2a 08 |87336283154583*.|
7367411510: 21 6e 6f 74 73 65 74 21 32 08 21 6e 6f 74 73 65 |!notset!2.!notse|
7367411520: 74 21 38 fd 88 7a 40 fd 88 7a 48 fd 88 7a 50 fd |t!8..z@..zH..zP.|
7367411530: 88 7a 5a 08 21 6e 6f 74 73 65 74 21 62 08 21 6e |.zZ.!notset!b.!n|
7367411540: 6f 74 73 65 74 21 6a 08 21 6e 6f 74 73 65 74 21 |otset!j.!notset!|
7367411550: 70 fd 88 7a 7a 08 21 6e 6f 74 73 65 74 21 85 01 |p..zz.!notset!..|
7367411560: f0 23 74 c9 8d 01 f0 23 74 c9 95 01 f0 23 74 c9 |.#t....#t....#t.|
7367411570: 9d 01 f0 23 74 c9 a5 01 f0 23 74 c9 ad 01 f0 23 |...#t....#t....#|
7367411580: 74 c9 b2 01 08 21 6e 6f 74 73 65 74 21 b8 01 fd |t....!notset!...|
7367411590: 88 7a c0 01 fd 88 7a c8 01 fd 88 7a d0 01 c0 eb |.z....z....z....|
73674115a0: f5 b2 89 68 d8 01 fd 88 7a e0 01 94 ee f5 b2 89 |...h....z.......|
73674115b0: 68 e8 01 fd 88 7a f2 01 08 21 6e 6f 74 73 65 74 |h....z...!notset|
73674115c0: 21 fa 01 08 21 6e 6f 74 73 65 74 21 82 02 08 21 |!...!notset!...!|
73674115d0: 6e 6f 74 73 65 74 21 8a 02 08 21 6e 6f 74 73 65 |notset!...!notse|
73674115e0: 74 21 92 02 08 21 6e 6f 74 73 65 74 21 9a 02 08 |t!...!notset!...|
73674115f0: 21 6e 6f 74 73 65 74 21 a2 02 08 21 6e 6f 74 73 |!notset!...!nots|
7367411600: 65 74 21 aa 02 08 21 6e 6f 74 73 65 74 21 b0 02 |et!...!notset!..|
7367411610: fd 88 7a c0 02 8e e8 f5 b2 89 68 6a 00 72 08 21 |..z.......hj.r.!|
7367411620: 6e 6f 74 73 65 74 21 78 be 0d 90 01 ea a3 b0 93 |notset!x........|
7367411630: 09 98 01 c2 d9 9f a9 0d a0 01 ea ca d2 94 92 1c |................|
ret: 0x73674114e1
[libmetasec_ml.so] 0x70fbd63bdc!0x116bdc mov w0, w21; w0=0x674114e1 w21=0x160 -> w0=0x160 
[libmetasec_ml.so] 0x70fbd63be0!0x116be0 mov x1, x20; x1=0x73674114e0 x20=0x73674114df -> x1=0x73674114df 
[libmetasec_ml.so] 0x70fbd63be4!0x116be4 bl #0x70fbd64eb8; 
[libmetasec_ml.so] 0x70fbd64eb8!0x117eb8 cmp w0, #0x80; w0=0x160 -> w0=0x160 
[libmetasec_ml.so] 0x70fbd64ebc!0x117ebc b.lo #0x70fbd64f0c; 
[libmetasec_ml.so] 0x70fbd64ec0!0x117ec0 orr w8, w0, #0x80; w8=0x1 w0=0x160 -> w8=0x1e0 
[libmetasec_ml.so] 0x70fbd64ec4!0x117ec4 cmp w0, #4, lsl #12; w0=0x160 -> w0=0x160 
[libmetasec_ml.so] 0x70fbd64ec8!0x117ec8 strb w8, [x1]; w8=0x1e0 x1=0x73674114df mem_w=0x73674114df 
[libmetasec_ml.so] 0x70fbd64ecc!0x117ecc lsr w8, w0, #7; w8=0x1e0 w0=0x160 -> w8=0x2 
[libmetasec_ml.so] 0x70fbd64ed0!0x117ed0 b.lo #0x70fbd64f14; 
[libmetasec_ml.so] 0x70fbd64f14!0x117f14 mov w9, #1; w9=0x0 -> w9=0x1 
[libmetasec_ml.so] 0x70fbd64f18!0x117f18 b #0x70fbd64f28; 
[libmetasec_ml.so] 0x70fbd64f28!0x117f28 mov w0, w8; w0=0x160 w8=0x2 -> w0=0x2 
[libmetasec_ml.so] 0x70fbd64f2c!0x117f2c add w8, w9, #1; w8=0x2 w9=0x1 -> w8=0x2 
[libmetasec_ml.so] 0x70fbd64f30!0x117f30 strb w0, [x1, w9, uxtw]; w0=0x2 x1=0x73674114df w9=0x1 mem_w=0x73674114e0 
[libmetasec_ml.so] 0x70fbd64f34!0x117f34 mov x0, x8; x0=0x2 x8=0x2 -> x0=0x2 
[libmetasec_ml.so] 0x70fbd64f38!0x117f38 ret ; 
[libmetasec_ml.so] 0x70fbd63be8!0x116be8 add x8, x0, x21; x8=0x2 x0=0x2 x21=0x160 -> x8=0x162 
[libmetasec_ml.so] 0x70fbd63bec!0x116bec b #0x70fbd63bf8; 
[libmetasec_ml.so] 0x70fbd63bf8!0x116bf8 add x0, x8, x19; x0=0x2 x8=0x162 x19=0x2 -> x0=0x164 
[libmetasec_ml.so] 0x70fbd63bfc!0x116bfc ldp x29, x30, [sp, #0x30]; fp=0x70d87c2dc0 lr=0x70fbd63be8 sp=0x70d87c2d90 mem_r=0x70d87c2dc0 -> fp=0x70d87c2e40 lr=0x70fbd63754 
[libmetasec_ml.so] 0x70fbd63c00!0x116c00 ldp x20, x19, [sp, #0x20]; x20=0x73674114df x19=0x2 sp=0x70d87c2d90 mem_r=0x70d87c2db0 -> x20=0x72a7410d48 x19=0x48 
[libmetasec_ml.so] 0x70fbd63c04!0x116c04 ldp x22, x21, [sp, #0x10]; x22=0x73674114e0 x21=0x160 sp=0x70d87c2d90 mem_r=0x70d87c2da0 -> x22=0x72a7410e30 x21=0xcd 
[libmetasec_ml.so] 0x70fbd63c08!0x116c08 ldr x23, [sp], #0x40; x23=0x2a45 sp=0x70d87c2d90 mem_r=0x70d87c2d90 -> x23=0x2a45 
[libmetasec_ml.so] 0x70fbd63c0c!0x116c0c ret ; 
[libmetasec_ml.so] 0x70fbd63754!0x116754 mov x25, x0; x25=0x0 x0=0x164 -> x25=0x164 
[libmetasec_ml.so] 0x70fbd63758!0x116758 b #0x70fbd63940; 
[libmetasec_ml.so] 0x70fbd63940!0x116940 add x21, x25, x21; x21=0xcd x25=0x164 x21=0xcd -> x21=0x231 
[libmetasec_ml.so] 0x70fbd63944!0x116944 add x28, x28, #1; x28=0x16 x28=0x16 -> x28=0x17 
[libmetasec_ml.so] 0x70fbd63948!0x116948 b #0x70fbd635f0; 
[libmetasec_ml.so] 0x70fbd635f0!0x1165f0 ldr x8, [x20]; x8=0x162 x20=0x72a7410d48 mem_r=0x72a7410d48 -> x8=0x70fbebf080 
[libmetasec_ml.so] 0x70fbd635f4!0x1165f4 ldr w9, [x8, #0x30]; w9=0x1 x8=0x70fbebf080 mem_r=0x70fbebf0b0 -> w9=0x18 
[libmetasec_ml.so] 0x70fbd635f8!0x1165f8 cmp x28, x9; x28=0x17 x9=0x18 -> x28=0x17 
[libmetasec_ml.so] 0x70fbd635fc!0x1165fc b.hs #0x70fbd6397c; 
[libmetasec_ml.so] 0x70fbd63600!0x116600 ldr x8, [x8, #0x38]; x8=0x70fbebf080 x8=0x70fbebf080 mem_r=0x70fbebf0b8 -> x8=0x70fbec1178 
[libmetasec_ml.so] 0x70fbd63604!0x116604 nop ; 
[libmetasec_ml.so] 0x70fbd63608!0x116608 madd x24, x28, x19, x8; x24=0x70fbec17a8 x28=0x17 x19=0x48 x8=0x70fbec1178 -> x24=0x70fbec17f0 
[libmetasec_ml.so] 0x70fbd6360c!0x11660c ldr w9, [x24, #0x18]; w9=0x18 x24=0x70fbec17f0 mem_r=0x70fbec1808 -> w9=0xf0 
[libmetasec_ml.so] 0x70fbd63610!0x116610 ldr w11, [x24, #0xc]; w11=0x372ba608 x24=0x70fbec17f0 mem_r=0x70fbec17fc -> w11=0x3 
[libmetasec_ml.so] 0x70fbd63614!0x116614 add x22, x20, x9; x22=0x72a7410e30 x20=0x72a7410d48 x9=0xf0 -> x22=0x72a7410e38 
[libmetasec_ml.so] 0x70fbd63618!0x116618 cbz w11, #0x70fbd63744; w11=0x3 
[libmetasec_ml.so] 0x70fbd6361c!0x11661c ldr w9, [x24, #0x14]; w9=0xf0 x24=0x70fbec17f0 mem_r=0x70fbec1804 -> w9=0x0 
[libmetasec_ml.so] 0x70fbd63620!0x116620 cmp w11, #1; w11=0x3 -> w11=0x3 
[libmetasec_ml.so] 0x70fbd63624!0x116624 madd x10, x28, x19, x8; x10=0x2e x28=0x17 x19=0x48 x8=0x70fbec1178 -> x10=0x70fbec17f0 
[libmetasec_ml.so] 0x70fbd63628!0x116628 ccmp w11, #3, #4, ne; w11=0x3 
[libmetasec_ml.so] 0x70fbd6362c!0x11662c b.ne #0x70fbd63668; 
[libmetasec_ml.so] 0x70fbd63630!0x116630 ldr w10, [x10, #0x30]; w10=0xfbec17f0 x10=0x70fbec17f0 mem_r=0x70fbec1820 -> w10=0x0 
[libmetasec_ml.so] 0x70fbd63634!0x116634 tbnz w10, #2, #0x70fbd636a0; w10=0x0 
[libmetasec_ml.so] 0x70fbd63638!0x116638 cmp w11, #3; w11=0x3 -> w11=0x3 
[libmetasec_ml.so] 0x70fbd6363c!0x11663c b.eq #0x70fbd6372c; 
[libmetasec_ml.so] 0x70fbd6372c!0x11672c mov x0, x24; x0=0x164 x24=0x70fbec17f0 -> x0=0x70fbec17f0 
[libmetasec_ml.so] 0x70fbd63730!0x116730 mov x1, x22; x1=0x73674114df x22=0x72a7410e38 -> x1=0x72a7410e38 
[libmetasec_ml.so] 0x70fbd63734!0x116734 bl #0x70fbd64dc8; 
[libmetasec_ml.so] 0x70fbd64dc8!0x117dc8 ldr w8, [x0, #0x10]; w8=0xfbec1178 x0=0x70fbec17f0 mem_r=0x70fbec1800 -> w8=0xe 
[libmetasec_ml.so] 0x70fbd64dcc!0x117dcc cmp w8, #0x10; w8=0xe -> w8=0xe 
[libmetasec_ml.so] 0x70fbd64dd0!0x117dd0 b.hi #0x70fbd64e30; 
[libmetasec_ml.so] 0x70fbd64dd4!0x117dd4 adrp x9, #0x70fbe42000; x9=0x0 -> x9=0x70fbe42000 
[libmetasec_ml.so] 0x70fbd64dd8!0x117dd8 add x9, x9, #0x623; x9=0x70fbe42000 x9=0x70fbe42000 -> x9=0x70fbe42623 
[libmetasec_ml.so] 0x70fbd64ddc!0x117ddc adr x10, #0x70fbd64dec; x10=0x0 -> x10=0x70fbd64dec 
[libmetasec_ml.so] 0x70fbd64de0!0x117de0 ldrb w11, [x9, x8]; w11=0x3 x9=0x70fbe42623 x8=0xe mem_r=0x70fbe42631 -> w11=0xd 
[libmetasec_ml.so] 0x70fbd64de4!0x117de4 add x10, x10, x11, lsl #2; x10=0x70fbd64dec x10=0x70fbd64dec x11=0xd -> x10=0x70fbd64e20 
[libmetasec_ml.so] 0x70fbd64de8!0x117de8 br x10; x10=0x70fbd64e20 
[libmetasec_ml.so] 0x70fbd64e20!0x117e20 ldr x8, [x1]; x8=0xe x1=0x72a7410e38 mem_r=0x72a7410e38 -> x8=0x73b72ffbb0 
[libmetasec_ml.so] 0x70fbd64e24!0x117e24 cbz x8, #0x70fbd64e30; x8=0x73b72ffbb0 
[libmetasec_ml.so] 0x70fbd64e28!0x117e28 ldrb w8, [x8]; w8=0xb72ffbb0 x8=0x73b72ffbb0 mem_r=0x73b72ffbb0 -> w8=0x7b 
[libmetasec_ml.so] 0x70fbd64e2c!0x117e2c b #0x70fbd64df0; 
[libmetasec_ml.so] 0x70fbd64df0!0x117df0 cmp w8, #0; w8=0x7b -> w8=0x7b 
[libmetasec_ml.so] 0x70fbd64df4!0x117df4 b #0x70fbd64e00; 
[libmetasec_ml.so] 0x70fbd64e00!0x117e00 cset w0, eq; w0=0xfbec17f0 -> w0=0x0 
[libmetasec_ml.so] 0x70fbd64e04!0x117e04 ret ; 
[libmetasec_ml.so] 0x70fbd63738!0x116738 cbz w0, #0x70fbd63744; w0=0x0 
[libmetasec_ml.so] 0x70fbd63744!0x116744 add x2, x27, x21; x2=0xffffffffffffffe0 x27=0x7367411410 x21=0x231 -> x2=0x7367411641 
[libmetasec_ml.so] 0x70fbd63748!0x116748 mov x0, x24; x0=0x0 x24=0x70fbec17f0 -> x0=0x70fbec17f0 
[libmetasec_ml.so] 0x70fbd6374c!0x11674c mov x1, x22; x1=0x72a7410e38 x22=0x72a7410e38 -> x1=0x72a7410e38 
[libmetasec_ml.so] 0x70fbd63750!0x116750 bl #0x70fbd63a04; 
[libmetasec_ml.so] 0x70fbd63a04!0x116a04 str x23, [sp, #-0x40]!; x23=0x2a45 sp=0x70d87c2dd0 mem_w=0x70d87c2d90 -> sp=0x70d87c2d90 
[libmetasec_ml.so] 0x70fbd63a08!0x116a08 stp x22, x21, [sp, #0x10]; x22=0x72a7410e38 x21=0x231 sp=0x70d87c2d90 mem_w=0x70d87c2da0 
[libmetasec_ml.so] 0x70fbd63a0c!0x116a0c stp x20, x19, [sp, #0x20]; x20=0x72a7410d48 x19=0x48 sp=0x70d87c2d90 mem_w=0x70d87c2db0 
[libmetasec_ml.so] 0x70fbd63a10!0x116a10 stp x29, x30, [sp, #0x30]; fp=0x70d87c2e40 lr=0x70fbd63754 sp=0x70d87c2d90 mem_w=0x70d87c2dc0 
[libmetasec_ml.so] 0x70fbd63a14!0x116a14 add x29, sp, #0x30; fp=0x70d87c2e40 sp=0x70d87c2d90 -> fp=0x70d87c2dc0 
[libmetasec_ml.so] 0x70fbd63a18!0x116a18 mov x19, x0; x19=0x48 x0=0x70fbec17f0 -> x19=0x70fbec17f0 
[libmetasec_ml.so] 0x70fbd63a1c!0x116a1c ldr w0, [x0, #8]; w0=0xfbec17f0 x0=0x70fbec17f0 mem_r=0x70fbec17f8 -> w0=0x18 
[libmetasec_ml.so] 0x70fbd63a20!0x116a20 mov x21, x1; x21=0x231 x1=0x72a7410e38 -> x21=0x72a7410e38 
[libmetasec_ml.so] 0x70fbd63a24!0x116a24 mov x1, x2; x1=0x72a7410e38 x2=0x7367411641 -> x1=0x7367411641 
[libmetasec_ml.so] 0x70fbd63a28!0x116a28 mov x20, x2; x20=0x72a7410d48 x2=0x7367411641 -> x20=0x7367411641 
[libmetasec_ml.so] 0x70fbd63a2c!0x116a2c bl #0x70fbd64e38; 
[libmetasec_ml.so] 0x70fbd64e38!0x117e38 lsr w8, w0, #0x1d; w8=0x7b w0=0x18 -> w8=0x0 
[libmetasec_ml.so] 0x70fbd64e3c!0x117e3c cbnz w8, #0x70fbd64e48; w8=0x0 
[libmetasec_ml.so] 0x70fbd64e40!0x117e40 lsl w0, w0, #3; w0=0x18 w0=0x18 -> w0=0xc0 
[libmetasec_ml.so] 0x70fbd64e44!0x117e44 b #0x70fbd64eb8; 
[libmetasec_ml.so] 0x70fbd64eb8!0x117eb8 cmp w0, #0x80; w0=0xc0 -> w0=0xc0 
[libmetasec_ml.so] 0x70fbd64ebc!0x117ebc b.lo #0x70fbd64f0c; 
[libmetasec_ml.so] 0x70fbd64ec0!0x117ec0 orr w8, w0, #0x80; w8=0x0 w0=0xc0 -> w8=0xc0 
[libmetasec_ml.so] 0x70fbd64ec4!0x117ec4 cmp w0, #4, lsl #12; w0=0xc0 -> w0=0xc0 
[libmetasec_ml.so] 0x70fbd64ec8!0x117ec8 strb w8, [x1]; w8=0xc0 x1=0x7367411641 mem_w=0x7367411641 
[libmetasec_ml.so] 0x70fbd64ecc!0x117ecc lsr w8, w0, #7; w8=0xc0 w0=0xc0 -> w8=0x1 
[libmetasec_ml.so] 0x70fbd64ed0!0x117ed0 b.lo #0x70fbd64f14; 
[libmetasec_ml.so] 0x70fbd64f14!0x117f14 mov w9, #1; w9=0xfbe42623 -> w9=0x1 
[libmetasec_ml.so] 0x70fbd64f18!0x117f18 b #0x70fbd64f28; 
[libmetasec_ml.so] 0x70fbd64f28!0x117f28 mov w0, w8; w0=0xc0 w8=0x1 -> w0=0x1 
[libmetasec_ml.so] 0x70fbd64f2c!0x117f2c add w8, w9, #1; w8=0x1 w9=0x1 -> w8=0x2 
[libmetasec_ml.so] 0x70fbd64f30!0x117f30 strb w0, [x1, w9, uxtw]; w0=0x1 x1=0x7367411641 w9=0x1 mem_w=0x7367411642 
[libmetasec_ml.so] 0x70fbd64f34!0x117f34 mov x0, x8; x0=0x1 x8=0x2 -> x0=0x2 
[libmetasec_ml.so] 0x70fbd64f38!0x117f38 ret ; 
[libmetasec_ml.so] 0x70fbd63a30!0x116a30 ldr w8, [x19, #0x10]; w8=0x2 x19=0x70fbec17f0 mem_r=0x70fbec1800 -> w8=0xe 
[libmetasec_ml.so] 0x70fbd63a34!0x116a34 cmp w8, #0x10; w8=0xe -> w8=0xe 
[libmetasec_ml.so] 0x70fbd63a38!0x116a38 b.hi #0x70fbd63abc; 
[libmetasec_ml.so] 0x70fbd63a3c!0x116a3c adrp x9, #0x70fbe42000; x9=0x1 -> x9=0x70fbe42000 
[libmetasec_ml.so] 0x70fbd63a40!0x116a40 add x9, x9, #0x5d4; x9=0x70fbe42000 x9=0x70fbe42000 -> x9=0x70fbe425d4 
[libmetasec_ml.so] 0x70fbd63a44!0x116a44 adr x10, #0x70fbd63a58; x10=0x70fbd64e20 -> x10=0x70fbd63a58 
[libmetasec_ml.so] 0x70fbd63a48!0x116a48 ldrb w11, [x9, x8]; w11=0xd x9=0x70fbe425d4 x8=0xe mem_r=0x70fbe425e2 -> w11=0x2e 
[libmetasec_ml.so] 0x70fbd63a4c!0x116a4c add x10, x10, x11, lsl #2; x10=0x70fbd63a58 x10=0x70fbd63a58 x11=0x2e -> x10=0x70fbd63b10 
[libmetasec_ml.so] 0x70fbd63a50!0x116a50 mov x19, x0; x19=0x70fbec17f0 x0=0x2 -> x19=0x2 
[libmetasec_ml.so] 0x70fbd63a54!0x116a54 br x10; x10=0x70fbd63b10 
[libmetasec_ml.so] 0x70fbd63b10!0x116b10 ldrb w8, [x20]; w8=0xe x20=0x7367411641 mem_r=0x7367411641 -> w8=0xc0 
[libmetasec_ml.so] 0x70fbd63b14!0x116b14 orr w8, w8, #2; w8=0xc0 w8=0xc0 -> w8=0xc2 
[libmetasec_ml.so] 0x70fbd63b18!0x116b18 strb w8, [x20]; w8=0xc2 x20=0x7367411641 mem_w=0x7367411641 
[libmetasec_ml.so] 0x70fbd63b1c!0x116b1c ldr x21, [x21]; x21=0x72a7410e38 x21=0x72a7410e38 mem_r=0x72a7410e38 -> x21=0x73b72ffbb0 
[libmetasec_ml.so] 0x70fbd63b20!0x116b20 add x20, x20, x19; x20=0x7367411641 x20=0x7367411641 x19=0x2 -> x20=0x7367411643 
[libmetasec_ml.so] 0x70fbd63b24!0x116b24 cbz x21, #0x70fbd63bf0; x21=0x73b72ffbb0 
[libmetasec_ml.so] 0x70fbd63b28!0x116b28 mov x0, x21; x0=0x2 x21=0x73b72ffbb0 -> x0=0x73b72ffbb0 
[libmetasec_ml.so] 0x70fbd63b2c!0x116b2c bl #0x70fbc80b40; 
[libmetasec_ml.so] 0x70fbc80b40!0x33b40 adrp x16, #0x70fbec9000; x16=0x70fbec9760 -> x16=0x70fbec9000 
[libmetasec_ml.so] 0x70fbc80b44!0x33b44 ldr x17, [x16, #0xa28]; x17=0x75402d9c80 x16=0x70fbec9000 mem_r=0x70fbec9a28 -> x17=0x75402dab00 
[libmetasec_ml.so] 0x70fbc80b48!0x33b48 add x16, x16, #0xa28; x16=0x70fbec9000 x16=0x70fbec9000 -> x16=0x70fbec9a28 
[libmetasec_ml.so] 0x70fbc80b4c!0x33b4c br x17; x17=0x75402dab00 
call func: __strlen_aarch64(0x73b72ffbb0)
args0: {"cmr":16777216,"cmr2":16777216,"un_h":1907103136,"vpn":0,"kd":0,"fkd":1048672931,"pd":523044095,"dyn":"","do":1,"tk":true}
ret: 0x7b
[libmetasec_ml.so] 0x70fbd63b30!0x116b30 mov x1, x20; x1=0x73b72ffc20 x20=0x7367411643 -> x1=0x7367411643 
[libmetasec_ml.so] 0x70fbd63b34!0x116b34 mov x22, x0; x22=0x72a7410e38 x0=0x7b -> x22=0x7b 
[libmetasec_ml.so] 0x70fbd63b38!0x116b38 bl #0x70fbd64eb8; 
[libmetasec_ml.so] 0x70fbd64eb8!0x117eb8 cmp w0, #0x80; w0=0x7b -> w0=0x7b 
[libmetasec_ml.so] 0x70fbd64ebc!0x117ebc b.lo #0x70fbd64f0c; 
[libmetasec_ml.so] 0x70fbd64f0c!0x117f0c mov w9, wzr; w9=0xfbe425d4 -> w9=0x0 
[libmetasec_ml.so] 0x70fbd64f10!0x117f10 b #0x70fbd64f2c; 
[libmetasec_ml.so] 0x70fbd64f2c!0x117f2c add w8, w9, #1; w8=0x1010101 w9=0x0 -> w8=0x1 
[libmetasec_ml.so] 0x70fbd64f30!0x117f30 strb w0, [x1, w9, uxtw]; w0=0x7b x1=0x7367411643 w9=0x0 mem_w=0x7367411643 
[libmetasec_ml.so] 0x70fbd64f34!0x117f34 mov x0, x8; x0=0x7b x8=0x1 -> x0=0x1 
[libmetasec_ml.so] 0x70fbd64f38!0x117f38 ret ; 
[libmetasec_ml.so] 0x70fbd63b3c!0x116b3c mov x23, x0; x23=0x2a45 x0=0x1 -> x23=0x1 
[libmetasec_ml.so] 0x70fbd63b40!0x116b40 add x0, x20, x0; x0=0x1 x20=0x7367411643 x0=0x1 -> x0=0x7367411644 
[libmetasec_ml.so] 0x70fbd63b44!0x116b44 mov x1, x21; x1=0x7367411643 x21=0x73b72ffbb0 -> x1=0x73b72ffbb0 
[libmetasec_ml.so] 0x70fbd63b48!0x116b48 mov x2, x22; x2=0x2c x22=0x7b -> x2=0x7b 
[libmetasec_ml.so] 0x70fbd63b4c!0x116b4c bl #0x70fbc80a20; 
[libmetasec_ml.so] 0x70fbc80a20!0x33a20 adrp x16, #0x70fbec9000; x16=0x70fbec9a28 -> x16=0x70fbec9000 
[libmetasec_ml.so] 0x70fbc80a24!0x33a24 ldr x17, [x16, #0x998]; x17=0x75402dab00 x16=0x70fbec9000 mem_r=0x70fbec9998 -> x17=0x75402d9c80 
[libmetasec_ml.so] 0x70fbc80a28!0x33a28 add x16, x16, #0x998; x16=0x70fbec9000 x16=0x70fbec9000 -> x16=0x70fbec9998 
[libmetasec_ml.so] 0x70fbc80a2c!0x33a2c br x17; x17=0x75402d9c80 
call func: __memcpy_aarch64_simd(0x7367411644, 0x73b72ffbb0, 0x7b)
hexdump at address 0x73b72ffbb0 with length 0x7b:
73b72ffbb0: 7b 22 63 6d 72 22 3a 31 36 37 37 37 32 31 36 2c |{"cmr":16777216,|
73b72ffbc0: 22 63 6d 72 32 22 3a 31 36 37 37 37 32 31 36 2c |"cmr2":16777216,|
73b72ffbd0: 22 75 6e 5f 68 22 3a 31 39 30 37 31 30 33 31 33 |"un_h":190710313|
73b72ffbe0: 36 2c 22 76 70 6e 22 3a 30 2c 22 6b 64 22 3a 30 |6,"vpn":0,"kd":0|
73b72ffbf0: 2c 22 66 6b 64 22 3a 31 30 34 38 36 37 32 39 33 |,"fkd":104867293|
73b72ffc00: 31 2c 22 70 64 22 3a 35 32 33 30 34 34 30 39 35 |1,"pd":523044095|
73b72ffc10: 2c 22 64 79 6e 22 3a 22 22 2c 22 64 6f 22 3a 31 |,"dyn":"","do":1|
73b72ffc20: 2c 22 74 6b 22 3a 74 72 75 65 7d                |,"tk":true}     |
ret: 0x7367411644
[libmetasec_ml.so] 0x70fbd63b50!0x116b50 add x8, x23, x22; x8=0x1 x23=0x1 x22=0x7b -> x8=0x7c 
[libmetasec_ml.so] 0x70fbd63b54!0x116b54 b #0x70fbd63bf8; 
[libmetasec_ml.so] 0x70fbd63bf8!0x116bf8 add x0, x8, x19; x0=0x7367411644 x8=0x7c x19=0x2 -> x0=0x7e 
[libmetasec_ml.so] 0x70fbd63bfc!0x116bfc ldp x29, x30, [sp, #0x30]; fp=0x70d87c2dc0 lr=0x70fbd63b50 sp=0x70d87c2d90 mem_r=0x70d87c2dc0 -> fp=0x70d87c2e40 lr=0x70fbd63754 
[libmetasec_ml.so] 0x70fbd63c00!0x116c00 ldp x20, x19, [sp, #0x20]; x20=0x7367411643 x19=0x2 sp=0x70d87c2d90 mem_r=0x70d87c2db0 -> x20=0x72a7410d48 x19=0x48 
[libmetasec_ml.so] 0x70fbd63c04!0x116c04 ldp x22, x21, [sp, #0x10]; x22=0x7b x21=0x73b72ffbb0 sp=0x70d87c2d90 mem_r=0x70d87c2da0 -> x22=0x72a7410e38 x21=0x231 
[libmetasec_ml.so] 0x70fbd63c08!0x116c08 ldr x23, [sp], #0x40; x23=0x1 sp=0x70d87c2d90 mem_r=0x70d87c2d90 -> x23=0x2a45 
[libmetasec_ml.so] 0x70fbd63c0c!0x116c0c ret ; 
[libmetasec_ml.so] 0x70fbd63754!0x116754 mov x25, x0; x25=0x164 x0=0x7e -> x25=0x7e 
[libmetasec_ml.so] 0x70fbd63758!0x116758 b #0x70fbd63940; 
[libmetasec_ml.so] 0x70fbd63940!0x116940 add x21, x25, x21; x21=0x231 x25=0x7e x21=0x231 -> x21=0x2af 
[libmetasec_ml.so] 0x70fbd63944!0x116944 add x28, x28, #1; x28=0x17 x28=0x17 -> x28=0x18 
[libmetasec_ml.so] 0x70fbd63948!0x116948 b #0x70fbd635f0; 
[libmetasec_ml.so] 0x70fbd635f0!0x1165f0 ldr x8, [x20]; x8=0x7c x20=0x72a7410d48 mem_r=0x72a7410d48 -> x8=0x70fbebf080 
[libmetasec_ml.so] 0x70fbd635f4!0x1165f4 ldr w9, [x8, #0x30]; w9=0x0 x8=0x70fbebf080 mem_r=0x70fbebf0b0 -> w9=0x18 
[libmetasec_ml.so] 0x70fbd635f8!0x1165f8 cmp x28, x9; x28=0x18 x9=0x18 -> x28=0x18 
[libmetasec_ml.so] 0x70fbd635fc!0x1165fc b.hs #0x70fbd6397c; 
[libmetasec_ml.so] 0x70fbd6397c!0x11697c mov x24, xzr; x24=0x70fbec17f0 -> x24=0x0 
[libmetasec_ml.so] 0x70fbd63980!0x116980 mov x25, xzr; x25=0x7e -> x25=0x0 
[libmetasec_ml.so] 0x70fbd63984!0x116984 ldr w8, [x20, #8]; w8=0xfbebf080 x20=0x72a7410d48 mem_r=0x72a7410d50 -> w8=0x0 
[libmetasec_ml.so] 0x70fbd63988!0x116988 cmp x25, x8; x25=0x0 x8=0x0 -> x25=0x0 
[libmetasec_ml.so] 0x70fbd6398c!0x11698c b.hs #0x70fbd639e0; 
[libmetasec_ml.so] 0x70fbd639e0!0x1169e0 mov x0, x21; x0=0x7e x21=0x2af -> x0=0x2af 
[libmetasec_ml.so] 0x70fbd639e4!0x1169e4 ldp x29, x30, [sp, #0x70]; fp=0x70d87c2e40 lr=0x70fbd63754 sp=0x70d87c2dd0 mem_r=0x70d87c2e40 -> fp=0x70d87c3000 lr=0x70fbf160f0 
[libmetasec_ml.so] 0x70fbd639e8!0x1169e8 ldp x20, x19, [sp, #0x60]; x20=0x72a7410d48 x19=0x48 sp=0x70d87c2dd0 mem_r=0x70d87c2e30 -> x20=0x72a7410d48 x19=0x70d87c3248 
[libmetasec_ml.so] 0x70fbd639ec!0x1169ec ldp x22, x21, [sp, #0x50]; x22=0x72a7410e38 x21=0x2af sp=0x70d87c2dd0 mem_r=0x70d87c2e20 -> x22=0xaaaaaaaaaaaaaaab x21=0x26fe 
[libmetasec_ml.so] 0x70fbd639f0!0x1169f0 ldp x24, x23, [sp, #0x40]; x24=0x0 x23=0x2a45 sp=0x70d87c2dd0 mem_r=0x70d87c2e10 -> x24=0x10 x23=0x2a45 
[libmetasec_ml.so] 0x70fbd639f4!0x1169f4 ldp x26, x25, [sp, #0x30]; x26=0x70fbda533c x25=0x0 sp=0x70d87c2dd0 mem_r=0x70d87c2e00 -> x26=0x70fbda533c x25=0x70fbda26fc 
[libmetasec_ml.so] 0x70fbd639f8!0x1169f8 ldp x28, x27, [sp, #0x20]; x28=0x18 x27=0x7367411410 sp=0x70d87c2dd0 mem_r=0x70d87c2df0 -> x28=0x1 x27=0x29d 
[libmetasec_ml.so] 0x70fbd639fc!0x1169fc add sp, sp, #0x80; sp=0x70d87c2dd0 sp=0x70d87c2dd0 -> sp=0x70d87c2e50 
[libmetasec_ml.so] 0x70fbd63a00!0x116a00 ret ; 
