09-01 22:09:29.694  1735  2500 I ActivityManager: Force stopping com.ss.android.ugc.aweme appid=10281 user=0: from pid 26588
09-01 22:09:29.697  1735  2500 I AppsFilter: interaction: PackageSetting{63c5ba2 com.google.android.microdroid.empty_payload/10259} -> PackageSetting{45a8215 com.ss.android.ugc.aweme/10281} BLOCKED
09-01 22:09:29.706  2370  2370 D CarrierSvcBindHelper: onHandleForceStop: [com.ss.android.ugc.aweme]
09-01 22:09:29.777  1735  2500 I ActivityTaskManager: START u0 {flg=0x10000000 cmp=com.ss.android.ugc.aweme/.splash.SplashActivity} with LAUNCH_SINGLE_TOP from uid 0 (BAL_ALLOW_ALLOWLISTED_UID) result code=0
09-01 22:09:29.777  2069  2093 V WindowManagerShell: Transition requested (#31): android.os.BinderProxy@bfc8f7c TransitionRequestInfo { type = OPEN, triggerTask = TaskInfo{userId=0 taskId=278 effectiveUid=10281 displayId=0 isRunning=true baseIntent=Intent { flg=0x10000000 cmp=com.ss.android.ugc.aweme/.splash.SplashActivity } baseActivity=ComponentInfo{com.ss.android.ugc.aweme/com.ss.android.ugc.aweme.main.MainActivity} topActivity=ComponentInfo{com.ss.android.ugc.aweme/com.ss.android.ugc.aweme.main.MainActivity} origActivity=ComponentInfo{com.ss.android.ugc.aweme/com.ss.android.ugc.aweme.splash.SplashActivity} realActivity=ComponentInfo{com.ss.android.ugc.aweme/com.ss.android.ugc.aweme.main.MainActivity} numActivities=1 lastActiveTime=6307675 supportsMultiWindow=true resizeMode=2 isResizeable=true minWidth=-1 minHeight=-1 defaultMinSize=220 token=WCT{android.window.IWindowContainerToken$Stub$Proxy@4291005} topActivityType=1 pictureInPictureParams=null shouldDockBigOverlays=false launchIntoPipHostTaskId=-1 lastParentTaskIdBeforePip=-1 displayCutoutSafeInsets=Rect(0, 128 - 0, 0) topActivityInfo=ActivityInfo{13b885a com.ss.android.ugc.aweme.splash.SplashActivity} launchCookies=[] positionInParent=Point(0, 0) parentTaskId=-1 isFocused=false isVisible=false isVisibleRequested=false isTopActivityNoDisplay=false isSleeping=false locusId=null displayAreaFeatureId=1 isTopActivityTransparent=false isActivityStackTransparent=false lastNonFullscreenBounds=Rect(276, 692 - 804, 1772) capturedLink=null capturedLinkTimestamp=0 requestedVisibleTypes=-9 topActivityRequestOpenInBrowserEducationTimestamp=0 appCompatTaskInfo=AppCompatTaskInfo { topActivityInSizeCompat=false eligibleForLetterboxEducation= false isLetterboxEducationEnabled= false isLetterboxDoubleTapEnabled= false eligibleForUserAspectRatioButton= false topActivityBoundsLetterboxed= false isFromLetterboxDoubleTap= false topActivityLetterboxVerticalPosition= -1 topActivityLetterboxHorizontalPosition= -1 topActivityLetterboxWidth=-1 topActivityLetterboxHeight=-1 topActivityLetterboxAppWidth=-1 topActivityLetterboxAppHeight=-1 isUserFullscreenOverrideEnabled=false isSystemFullscreenOverrideEnabled=false hasMinAspectRatioOverride=false topActivityLetterboxBounds=null cameraCompatTaskInfo=CameraCompatTaskInfo { freeformCameraCompatMode=inactive}} topActivityMainWindowFrame=null}, pipChange = null, remoteTransition = null, displayChange = null, flags = 0, debugId = 31 }
09-01 22:09:29.785  1735  3011 I AppsFilter: interaction: PackageSetting{63c5ba2 com.google.android.microdroid.empty_payload/10259} -> PackageSetting{6f35b08 com.ss.android.ugc.aweme/10281} BLOCKED
09-01 22:09:29.787  2069  2093 D WindowManagerShell: setLauncherKeepClearAreaHeight: visible=false, height=527
09-01 22:09:29.792  1735  1803 I ActivityManager: Start proc 26598:com.ss.android.ugc.aweme/u0a281 for next-top-activity {com.ss.android.ugc.aweme/com.ss.android.ugc.aweme.splash.SplashActivity}
09-01 22:09:29.799  1735  3011 D CoreBackPreview: Window{ad56487 u0 Splash Screen com.ss.android.ugc.aweme}: Setting back callback OnBackInvokedCallbackInfo{mCallback=android.window.IOnBackInvokedCallback$Stub$Proxy@6bc5d7f, mPriority=0, mIsAnimationCallback=false, mOverrideBehavior=0}
09-01 22:09:29.806  1735  1791 V WindowManager: Sent Transition (#31) createdAt=09-01 22:09:29.767 via request=TransitionRequestInfo { type = OPEN, triggerTask = TaskInfo{userId=0 taskId=278 effectiveUid=10281 displayId=0 isRunning=true baseIntent=Intent { flg=0x10000000 cmp=com.ss.android.ugc.aweme/.splash.SplashActivity } baseActivity=ComponentInfo{com.ss.android.ugc.aweme/com.ss.android.ugc.aweme.main.MainActivity} topActivity=ComponentInfo{com.ss.android.ugc.aweme/com.ss.android.ugc.aweme.main.MainActivity} origActivity=ComponentInfo{com.ss.android.ugc.aweme/com.ss.android.ugc.aweme.splash.SplashActivity} realActivity=ComponentInfo{com.ss.android.ugc.aweme/com.ss.android.ugc.aweme.main.MainActivity} numActivities=1 lastActiveTime=6307675 supportsMultiWindow=true resizeMode=2 isResizeable=true minWidth=-1 minHeight=-1 defaultMinSize=220 token=WCT{RemoteToken{e1224d Task{4d4c91c #278 type=standard A=10281:com.ss.android.ugc.aweme}}} topActivityType=1 pictureInPictureParams=null shouldDockBigOverlays=false launchIntoPipHostTaskId=-1 lastParentTaskIdBeforePip=-1 displayCutoutSafeInsets=Rect(0, 128 - 0, 0) topActivityInfo=ActivityInfo{cdd4102 com.ss.android.ugc.aweme.splash.SplashActivity} launchCookies=[] positionInParent=Point(0, 0) parentTaskId=-1 isFocused=false isVisible=false isVisibleRequested=false isTopActivityNoDisplay=false isSleeping=false locusId=null displayAreaFeatureId=1 isTopActivityTransparent=false isActivityStackTransparent=false lastNonFullscreenBounds=Rect(276, 692 - 804, 1772) capturedLink=null capturedLinkTimestamp=0 requestedVisibleTypes=-9 topActivityRequestOpenInBrowserEducationTimestamp=0 appCompatTaskInfo=AppCompatTaskInfo { topActivityInSizeCompat=false eligibleForLetterboxEducation= false isLetterboxEducationEnabled= false isLetterboxDoubleTapEnabled= false eligibleForUserAspectRatioButton= false topActivityBoundsLetterboxed= false isFromLetterboxDoubleTap= false topActivityLetterboxVerticalPosition= -1 topActivityLetterboxHorizontalPosition= -1 topActivityLetterboxWidth=-1 topActivityLetterboxHeight=-1 topActivityLetterboxAppWidth=-1 topActivityLetterboxAppHeight=-1 isUserFullscreenOverrideEnabled=false isSystemFullscreenOverrideEnabled=false hasMinAspectRatioOverride=false topActivityLetterboxBounds=null cameraCompatTaskInfo=CameraCompatTaskInfo { freeformCameraCompatMode=inactive}} topActivityMainWindowFrame=null}, pipChange = null, remoteTransition = null, displayChange = null, flags = 0, debugId = 31 }
09-01 22:09:29.806  1735  1791 V WindowManager:     startWCT=WindowContainerTransaction { changes= {} hops= [] errorCallbackToken=null taskFragmentOrganizer=null }
09-01 22:09:29.806  2069  2716 V WindowManagerShell: onTransitionReady(transaction=7451768260217)
09-01 22:09:29.806  1735  1791 V WindowManager:     info={id=31 t=OPEN f=0x0 trk=0 r=[0@Point(0, 0)] c=[
09-01 22:09:29.806  1735  1791 V WindowManager:         {WCT{RemoteToken{e1224d Task{4d4c91c #278 type=standard A=10281:com.ss.android.ugc.aweme}}} m=OPEN f=NONE leash=Surface(name=Task=278)/@0x9403611 sb=Rect(0, 0 - 1080, 2400) eb=Rect(0, 0 - 1080, 2400) epz=Point(1080, 2400) d=0 taskParent=-1},
09-01 22:09:29.806  1735  1791 V WindowManager:         {WCT{RemoteToken{6589ace Task{13b3d3b #1 type=home}}} m=TO_BACK f=SHOW_WALLPAPER leash=Surface(name=Task=1)/@0xe0935ed sb=Rect(0, 0 - 1080, 2400) eb=Rect(0, 0 - 1080, 2400) epz=Point(1080, 2400) d=0 taskParent=-1}
09-01 22:09:29.806  1735  1791 V WindowManager:     ]}
09-01 22:09:29.806  2069  2093 V WindowManagerShell: onTransitionReady (#31) android.os.BinderProxy@bfc8f7c: {id=31 t=OPEN f=0x0 trk=0 r=[0@Point(0, 0)] c=[
09-01 22:09:29.806  2069  2093 V WindowManagerShell:         {m=OPEN f=NONE leash=Surface(name=Task=278)/@0x84e012c sb=Rect(0, 0 - 1080, 2400) eb=Rect(0, 0 - 1080, 2400) epz=Point(1080, 2400) d=0 taskParent=-1},
09-01 22:09:29.806  2069  2093 V WindowManagerShell:         {m=TO_BACK f=SHOW_WALLPAPER leash=Surface(name=Task=1)/@0x19a17f5 sb=Rect(0, 0 - 1080, 2400) eb=Rect(0, 0 - 1080, 2400) epz=Point(1080, 2400) d=0 taskParent=-1}
09-01 22:09:29.806  2069  2093 V WindowManagerShell:     ]}
09-01 22:09:29.806  2069  2093 V WindowManagerShell: Playing animation for (#31) android.os.BinderProxy@bfc8f7c@0
09-01 22:09:29.806  2069  2093 V WindowManagerShell: Transition doesn't have explicit remote, search filters for match for {id=31 t=OPEN f=0x0 trk=0 r=[0@Point(0, 0)] c=[{m=OPEN f=NONE leash=Surface(name=Task=278)/@0x84e012c sb=Rect(0, 0 - 1080, 2400) eb=Rect(0, 0 - 1080, 2400) epz=Point(1080, 2400) d=0 taskParent=-1},{m=TO_BACK f=SHOW_WALLPAPER leash=Surface(name=Task=1)/@0x19a17f5 sb=Rect(0, 0 - 1080, 2400) eb=Rect(0, 0 - 1080, 2400) epz=Point(1080, 2400) d=0 taskParent=-1}]}
09-01 22:09:29.806  2069  2093 V WindowManagerShell:  Checking filter Pair{{types=[] flags=0x0] notFlags=0x0 checks=[{atype=undefined independent=true modes=[CLOSE,TO_BACK] flags=IN_TASK_WITH_EMBEDDED_ACTIVITY mustBeTask=false order=ANY topActivity=null launchCookie=null taskFragmentToken=android.os.BinderProxy@1834bfb windowingMode=undefined}]} RemoteTransition { remoteTransition = android.window.IRemoteTransition$Stub$Proxy@5300418, appThread = android.app.IApplicationThread$Stub$Proxy@9413e71, debugName = overlayBackTransition }}
09-01 22:09:29.807  2069  2093 V WindowManagerShell:  Checking filter Pair{{types=[] flags=0x0] notFlags=0x0 checks=[{atype=dream independent=true modes=[OPEN,TO_FRONT] flags=NONE mustBeTask=false order=ANY topActivity=null launchCookie=null windowingMode=undefined},{atype=home independent=true modes=[CLOSE,TO_BACK] flags=NONE mustBeTask=false order=ANY topActivity=null launchCookie=null windowingMode=undefined}]} RemoteTransition { remoteTransition = android.window.IRemoteTransition$Stub$Proxy@e343456, appThread = android.app.IApplicationThread$Stub$Proxy@4b0acd7, debugName = LauncherToDream }}
09-01 22:09:29.807  2069  2093 V WindowManagerShell:  Checking filter Pair{{types=[] flags=0x0] notFlags=0x100 checks=[{atype=home independent=true modes=[OPEN,TO_FRONT] flags=NONE mustBeTask=false order=TOP topActivity=ComponentInfo{com.google.android.apps.nexuslauncher/com.google.android.apps.nexuslauncher.NexusLauncherActivity} launchCookie=null windowingMode=undefined},{atype=standard independent=true modes=[CLOSE,TO_BACK] flags=NONE mustBeTask=false order=ANY topActivity=null launchCookie=null windowingMode=undefined},{NOT atype=undefined independent=true modes=[] flags=NONE mustBeTask=true order=ANY topActivity=null launchCookie=null customAnim=true windowingMode=undefined}]} RemoteTransition { remoteTransition = android.window.IRemoteTransition$Stub$Proxy@92d49c4, appThread = android.app.IApplicationThread$Stub$Proxy@65a50ad, debugName = QuickstepLaunchHome }}
09-01 22:09:29.807  2069  2093 V WindowManagerShell:  Delegate animation for (#31) to null
09-01 22:09:29.807  2069  2093 V WindowManagerShell: start default transition animation, info = {id=31 t=OPEN f=0x0 trk=0 r=[0@Point(0, 0)] c=[{m=OPEN f=NONE leash=Surface(name=Task=278)/@0x84e012c sb=Rect(0, 0 - 1080, 2400) eb=Rect(0, 0 - 1080, 2400) epz=Point(1080, 2400) d=0 taskParent=-1},{m=TO_BACK f=SHOW_WALLPAPER leash=Surface(name=Task=1)/@0x19a17f5 sb=Rect(0, 0 - 1080, 2400) eb=Rect(0, 0 - 1080, 2400) epz=Point(1080, 2400) d=0 taskParent=-1}]}
09-01 22:09:29.807  2069  2093 V WindowManagerShell: loadAnimation: anim=android.view.animation.AnimationSet@c973e30 animAttr=0x13 type=OPEN isEntrance=false
09-01 22:09:29.807  2069  2093 V WindowManagerShell: loadAnimation: anim=android.view.animation.AnimationSet@96a0d5c animAttr=0x12 type=OPEN isEntrance=true
09-01 22:09:29.807  2069  2093 V WindowManagerShell:  animated by com.android.wm.shell.transition.DefaultTransitionHandler@777dd2d
09-01 22:09:29.829  1735  1803 I ActivityManager: Start proc 26612:com.google.android.odad/u0a123 for service {com.google.android.odad/androidx.work.impl.background.systemjob.SystemJobService}
09-01 22:09:29.939 26598 26598 D nativeloader: Configuring clns-7 for other apk /data/app/~~na7dq0QJPM3TlOgWfFFaKg==/com.ss.android.ugc.aweme-sWxsoc19sPwX3CppMH73Qg==/base.apk. target_sdk_version=34, uses_libraries=libOpenCL.so:libOpenCL-pixel.so, library_path=/data/app/~~na7dq0QJPM3TlOgWfFFaKg==/com.ss.android.ugc.aweme-sWxsoc19sPwX3CppMH73Qg==/lib/arm64:/data/app/~~na7dq0QJPM3TlOgWfFFaKg==/com.ss.android.ugc.aweme-sWxsoc19sPwX3CppMH73Qg==/base.apk!/lib/arm64-v8a, permitted_path=/data:/mnt/expand:/data/user/0/com.ss.android.ugc.aweme
09-01 22:09:29.947 26598 26598 V GraphicsEnvironment: com.ss.android.ugc.aweme is not listed in per-application setting
09-01 22:09:29.951 26598 26598 W droid.ugc.aweme: Method java.util.Set com.ss.android.ugc.MonsterSingleTon.com_ss_android_ugc_aweme_IDetailPageOperatorService(boolean) failed lock verification and will run slower.
09-01 22:09:29.951 26598 26598 W droid.ugc.aweme: Method java.util.Set com.ss.android.ugc.MonsterSingleTon.com_ss_android_ugc_aweme_aggregation_item_IAggregatedItemTypeConfig(boolean) failed lock verification and will run slower.
09-01 22:09:29.952 26598 26598 W droid.ugc.aweme: Method java.util.Set com.ss.android.ugc.MonsterSingleTon.com_ss_android_ugc_aweme_api_popview_IDynamicPopViewHandler(boolean) failed lock verification and will run slower.
09-01 22:09:29.952 26598 26598 W droid.ugc.aweme: Method java.util.Set com.ss.android.ugc.MonsterSingleTon.com_ss_android_ugc_aweme_api_tab_IHomeTabConfigExtension(boolean) failed lock verification and will run slower.
09-01 22:09:29.952 26598 26598 W droid.ugc.aweme: Method java.util.Set com.ss.android.ugc.MonsterSingleTon.com_ss_android_ugc_aweme_api_tab_IHomeTabConfigExtension_homepage_theater(boolean) failed lock verification and will run slower.
09-01 22:09:29.952 26598 26598 W droid.ugc.aweme: Method java.util.Set com.ss.android.ugc.MonsterSingleTon.com_ss_android_ugc_aweme_api_tab_IHomeTabConfigExtension_mall(boolean) failed lock verification and will run slower.
09-01 22:09:29.952 26598 26598 W droid.ugc.aweme: Method java.util.Set com.ss.android.ugc.MonsterSingleTon.com_ss_android_ugc_aweme_api_tab_IHomeTabConfigExtension_nearby(boolean) failed lock verification and will run slower.
09-01 22:09:29.952 26598 26598 W droid.ugc.aweme: Method java.util.Set com.ss.android.ugc.MonsterSingleTon.com_ss_android_ugc_aweme_base_module_ISearchComponentCustomFactory(boolean) failed lock verification and will run slower.
09-01 22:09:29.952 26598 26598 W droid.ugc.aweme: Method java.util.Set com.ss.android.ugc.MonsterSingleTon.com_ss_android_ugc_aweme_bigcard_component_IRecUserBigCardComponentFactory(boolean) failed lock verification and will run slower.
09-01 22:09:29.952 26598 26598 W droid.ugc.aweme: Method java.util.Set com.ss.android.ugc.MonsterSingleTon.com_ss_android_ugc_aweme_bizmodule_c2feed_multitab_component_root_IGrouponFeedComponentFactory(boolean) failed lock verification and will run slower.
09-01 22:09:29.952 26598 26598 W droid.ugc.aweme: Method java.util.Set com.ss.android.ugc.MonsterSingleTon.com_ss_android_ugc_aweme_bullet_BridgeMethodFactory(boolean) failed lock verification and will run slower.
09-01 22:09:29.952 26598 26598 W droid.ugc.aweme: Method java.util.Set com.ss.android.ugc.MonsterSingleTon.com_ss_android_ugc_aweme_bullet_api_IBulletBridgeProvider(boolean) failed lock verification and will run slower.
09-01 22:09:29.952 26598 26598 W droid.ugc.aweme: Method java.util.Set com.ss.android.ugc.MonsterSingleTon.com_ss_android_ugc_aweme_c2feed_flow_C2FeedApiBodyExt(boolean) failed lock verification and will run slower.
09-01 22:09:29.952 26598 26598 W droid.ugc.aweme: Method java.util.Set com.ss.android.ugc.MonsterSingleTon.com_ss_android_ugc_aweme_c2page_api_IC2LaunchPreloadTask(boolean) failed lock verification and will run slower.
09-01 22:09:29.952 26598 26598 W droid.ugc.aweme: Method java.util.Set com.ss.android.ugc.MonsterSingleTon.com_ss_android_ugc_aweme_comment_manager_longclickaction_actions_interfaces_ICommentLongPressItemRegister(boolean) failed lock verification and will run slower.
09-01 22:09:29.952 26598 26598 W droid.ugc.aweme: Method java.util.Set com.ss.android.ugc.MonsterSingleTon.com_ss_android_ugc_aweme_comment_services_ICommentSpanDelegate(boolean) failed lock verification and will run slower.
09-01 22:09:29.952 26598 26598 W droid.ugc.aweme: Method java.util.Set com.ss.android.ugc.MonsterSingleTon.com_ss_android_ugc_aweme_comment_services_header_ICommentAnchorService(boolean) failed lock verification and will run slower.
09-01 22:09:29.952 26598 26598 W droid.ugc.aweme: Method java.util.Set com.ss.android.ugc.MonsterSingleTon.com_ss_android_ugc_aweme_comment_services_router_ICommentRouteParamsAppender(boolean) failed lock verification and will run slower.
09-01 22:09:29.952 26598 26598 W droid.ugc.aweme: Method java.util.Set com.ss.android.ugc.MonsterSingleTon.com_ss_android_ugc_aweme_commercialize_anchor_AnchorListPanelFilter(boolean) failed lock verification and will run slower.
09-01 22:09:29.952 26598 26598 W droid.ugc.aweme: Method java.util.Set com.ss.android.ugc.MonsterSingleTon.com_ss_android_ugc_aweme_commercialize_feed_IFeedAdComponentPreloadProvider(boolean) failed lock verification and will run slower.
09-01 22:09:29.952 26598 26598 W droid.ugc.aweme: Method java.util.Set com.ss.android.ugc.MonsterSingleTon.com_ss_android_ugc_aweme_commercialize_power_IFeedAdPowerDowngradeTask(boolean) failed lock verification and will run slower.
09-01 22:09:29.952 26598 26598 W droid.ugc.aweme: Method java.util.Set com.ss.android.ugc.MonsterSingleTon.com_ss_android_ugc_aweme_commercialize_service_IAdPreloadViewProvider(boolean) failed lock verification and will run slower.
09-01 22:09:29.952 26598 26598 W droid.ugc.aweme: Method java.util.Set com.ss.android.ugc.MonsterSingleTon.com_ss_android_ugc_aweme_common_circle_label_ICircleLabel(boolean) failed lock verification and will run slower.
09-01 22:09:29.952 26598 26598 W droid.ugc.aweme: Method java.util.Set com.ss.android.ugc.MonsterSingleTon.com_ss_android_ugc_aweme_common_circle_label_ICirclePortraitLabel(boolean) failed lock verification and will run slower.
09-01 22:09:29.952 26598 26598 W droid.ugc.aweme: Method java.util.Set com.ss.android.ugc.MonsterSingleTon.com_ss_android_ugc_aweme_continueplay_IContinuePlayService(boolean) failed lock verification and will run slower.
09-01 22:09:29.952 26598 26598 W droid.ugc.aweme: Method java.util.Set com.ss.android.ugc.MonsterSingleTon.com_ss_android_ugc_aweme_detail_extensions_component_IDetailComponentFactory(boolean) failed lock verification and will run slower.
09-01 22:09:29.953 26598 26598 W droid.ugc.aweme: Method java.util.Set com.ss.android.ugc.MonsterSingleTon.com_ss_android_ugc_aweme_detail_ultra_IDetailFeedFactory(boolean) failed lock verification and will run slower.
09-01 22:09:29.953 26598 26598 W droid.ugc.aweme: Method java.util.Set com.ss.android.ugc.MonsterSingleTon.com_ss_android_ugc_aweme_discover_extensions_ISnapBoostClassesProvider(boolean) failed lock verification and will run slower.
09-01 22:09:29.953 26598 26598 W droid.ugc.aweme: Method java.util.Set com.ss.android.ugc.MonsterSingleTon.com_ss_android_ugc_aweme_discover_extensions_LegoTaskProvider(boolean) failed lock verification and will run slower.
09-01 22:09:29.953 26598 26598 W droid.ugc.aweme: Method java.util.Set com.ss.android.ugc.MonsterSingleTon.com_ss_android_ugc_aweme_discover_ui_feedcontainer_modules_page_module_IModule$IFactory(boolean) failed lock verification and will run slower.
09-01 22:09:29.953 26598 26598 W droid.ugc.aweme: Method java.util.Set com.ss.android.ugc.MonsterSingleTon.com_ss_android_ugc_aweme_entertainment_mob_interceptor_IMobInterceptor(boolean) failed lock verification and will run slower.
09-01 22:09:29.953 26598 26598 W droid.ugc.aweme: Method java.util.Set com.ss.android.ugc.MonsterSingleTon.com_ss_android_ugc_aweme_entertainment_mob_spi_IMobNodeExtension(boolean) failed lock verification and will run slower.
09-01 22:09:29.953 26598 26598 W droid.ugc.aweme: Method java.util.Set com.ss.android.ugc.MonsterSingleTon.com_ss_android_ugc_aweme_familiar_friends_story_list_IStoryHolderFactory(boolean) failed lock verification and will run slower.
09-01 22:09:29.953 26598 26598 W droid.ugc.aweme: Method java.util.Set com.ss.android.ugc.MonsterSingleTon.com_ss_android_ugc_aweme_familiar_notice_FTDListener(boolean) failed lock verification and will run slower.
09-01 22:09:29.953 26598 26598 W droid.ugc.aweme: Method java.util.Set com.ss.android.ugc.MonsterSingleTon.com_ss_android_ugc_aweme_familiar_notice_IFTDRegistry(boolean) failed lock verification and will run slower.
09-01 22:09:29.953 26598 26598 W droid.ugc.aweme: Method java.util.Set com.ss.android.ugc.MonsterSingleTon.com_ss_android_ugc_aweme_familiar_service_ISocialCommonBusinessInnerService(boolean) failed lock verification and will run slower.
09-01 22:09:29.953 26598 26598 W droid.ugc.aweme: Method java.util.Set com.ss.android.ugc.MonsterSingleTon.com_ss_android_ugc_aweme_familiar_story_IStoryFlowLogicFactory(boolean) failed lock verification and will run slower.
09-01 22:09:29.953 26598 26598 W droid.ugc.aweme: Method java.util.Set com.ss.android.ugc.MonsterSingleTon.com_ss_android_ugc_aweme_feed_adapter_dynamicviewholder_bulletviewholder_IBulletHolderProviderFactory(boolean) failed lock verification and will run slower.
09-01 22:09:29.953 26598 26598 W droid.ugc.aweme: Method java.util.Set com.ss.android.ugc.MonsterSingleTon.com_ss_android_ugc_aweme_feed_adapter_dynamicviewholder_customview_CustomViewFeedConfigExt(boolean) failed lock verification and will run slower.
09-01 22:09:29.953 26598 26598 W droid.ugc.aweme: Method java.util.Set com.ss.android.ugc.MonsterSingleTon.com_ss_android_ugc_aweme_feed_adapter_extend_FeedViewHolderExtendFactory(boolean) failed lock verification and will run slower.
09-01 22:09:29.954 26598 26598 W droid.ugc.aweme: Method java.util.Set com.ss.android.ugc.MonsterSingleTon.com_ss_android_ugc_aweme_feed_alien_card_template_component_IAlienCardComponentFactory(boolean) failed lock verification and will run slower.
09-01 22:09:29.954 26598 26598 W droid.ugc.aweme: Method java.util.Set com.ss.android.ugc.MonsterSingleTon.com_ss_android_ugc_aweme_feed_alien_card_template_type_natives_IAlienCardTemplateHolderFactory(boolean) failed lock verification and will run slower.
09-01 22:09:29.954 26598 26598 W droid.ugc.aweme: Method java.util.Set com.ss.android.ugc.MonsterSingleTon.com_ss_android_ugc_aweme_feed_anchor_framework_service_IFeedAnchorFrameworkService(boolean) failed lock verification and will run slower.
09-01 22:09:29.954 26598 26598 W droid.ugc.aweme: Method java.util.Set com.ss.android.ugc.MonsterSingleTon.com_ss_android_ugc_aweme_feed_api_bodyinject_FeedApiBodyExt(boolean) failed lock verification and will run slower.
09-01 22:09:29.954 26598 26598 W droid.ugc.aweme: Method java.util.Set com.ss.android.ugc.MonsterSingleTon.com_ss_android_ugc_aweme_feed_avatar_entrance_IFeedAvatarEntranceFactory(boolean) failed lock verification and will run slower.
09-01 22:09:29.954 26598 26598 W droid.ugc.aweme: Method java.util.Set com.ss.android.ugc.MonsterSingleTon.com_ss_android_ugc_aweme_feed_bottombar_provider_IBottomBarProvider(boolean) failed lock verification and will run slower.
09-01 22:09:29.954 26598 26598 W droid.ugc.aweme: Method java.util.Set com.ss.android.ugc.MonsterSingleTon.com_ss_android_ugc_aweme_feed_bottombtn_framework_service_IFeedBottomBtnFactory(boolean) failed lock verification and will run slower.
09-01 22:09:29.954 26598 26598 W droid.ugc.aweme: Method java.util.Set com.ss.android.ugc.MonsterSingleTon.com_ss_android_ugc_aweme_feed_cache_info_ICacheInfoExt(boolean) failed lock verification and will run slower.
09-01 22:09:29.954 26598 26598 W droid.ugc.aweme: Method java.util.Set com.ss.android.ugc.MonsterSingleTon.com_ss_android_ugc_aweme_feed_danmaku_IDanmakuConfigInit(boolean) failed lock verification and will run slower.
09-01 22:09:29.954 26598 26598 W droid.ugc.aweme: Method java.util.Set com.ss.android.ugc.MonsterSingleTon.com_ss_android_ugc_aweme_feed_danmaku_IDanmakuQModelCovert(boolean) failed lock verification and will run slower.
09-01 22:09:29.954 26598 26598 W droid.ugc.aweme: Method java.util.Set com.ss.android.ugc.MonsterSingleTon.com_ss_android_ugc_aweme_feed_data_processor_IFTFeedProcessor(boolean) failed lock verification and will run slower.
09-01 22:09:29.954 26598 26598 W droid.ugc.aweme: Method java.util.Set com.ss.android.ugc.MonsterSingleTon.com_ss_android_ugc_aweme_feed_extend_FeedDecoupleService(boolean) failed lock verification and will run slower.
09-01 22:09:29.954 26598 26598 W droid.ugc.aweme: Method java.util.Set com.ss.android.ugc.MonsterSingleTon.com_ss_android_ugc_aweme_feed_long_press_panel_ILPPBizActionService(boolean) failed lock verification and will run slower.
09-01 22:09:29.954 26598 26598 W droid.ugc.aweme: Method java.util.Set com.ss.android.ugc.MonsterSingleTon.com_ss_android_ugc_aweme_feed_long_press_panel_ILPPConfigSceneExtension(boolean) failed lock verification and will run slower.
09-01 22:09:29.954 26598 26598 W droid.ugc.aweme: Method java.util.Set com.ss.android.ugc.MonsterSingleTon.com_ss_android_ugc_aweme_feed_long_press_panel_modules_extension_LPPModuleExtension(boolean) failed lock verification and will run slower.
09-01 22:09:29.954 26598 26598 W droid.ugc.aweme: Method java.util.Set com.ss.android.ugc.MonsterSingleTon.com_ss_android_ugc_aweme_feed_long_press_panel_panelconfig_model_ILPPConfigModuleFactory(boolean) failed lock verification and will run slower.
09-01 22:09:29.954 26598 26598 W droid.ugc.aweme: Method java.util.Set com.ss.android.ugc.MonsterSingleTon.com_ss_android_ugc_aweme_feed_pause_mode_framework_service_IFeedPauseModeBizModuleFactory(boolean) failed lock verification and will run slower.
09-01 22:09:29.955 26598 26598 W droid.ugc.aweme: Method java.util.Set com.ss.android.ugc.MonsterSingleTon.com_ss_android_ugc_aweme_feed_plato_business_contentconsumption_IBaseListFragmentComponentFactory(boolean) failed lock verification and will run slower.
09-01 22:09:29.955 26598 26598 W droid.ugc.aweme: Method java.util.Set com.ss.android.ugc.MonsterSingleTon.com_ss_android_ugc_aweme_feed_plato_business_contentconsumption_generalvideoscaling_IBlockVideoScaleService(boolean) failed lock verification and will run slower.
09-01 22:09:29.955 26598 26598 W droid.ugc.aweme: Method java.util.Set com.ss.android.ugc.MonsterSingleTon.com_ss_android_ugc_aweme_feed_plato_business_experience_evaluate_bean_IContentBatchEvaluatorV2(boolean) failed lock verification and will run slower.
09-01 22:09:29.955 26598 26598 W droid.ugc.aweme: Method java.util.Set com.ss.android.ugc.MonsterSingleTon.com_ss_android_ugc_aweme_feed_plato_business_experience_evaluate_bean_IContentEvaluator(boolean) failed lock verification and will run slower.
09-01 22:09:29.955 26598 26598 W droid.ugc.aweme: Method java.util.Set com.ss.android.ugc.MonsterSingleTon.com_ss_android_ugc_aweme_feed_plato_business_experience_evaluate_bean_IContentEvaluatorV2(boolean) failed lock verification and will run slower.
09-01 22:09:29.955 26598 26598 W droid.ugc.aweme: Method java.util.Set com.ss.android.ugc.MonsterSingleTon.com_ss_android_ugc_aweme_feed_plato_business_experience_filter_provider_IFeedInfoProvider(boolean) failed lock verification and will run slower.
09-01 22:09:29.955 26598 26598 W droid.ugc.aweme: Method java.util.Set com.ss.android.ugc.MonsterSingleTon.com_ss_android_ugc_aweme_feed_plato_business_experience_v2sequence_business_global_GlobalFeatureProviderService(boolean) failed lock verification and will run slower.
09-01 22:09:29.955 26598 26598 W droid.ugc.aweme: Method java.util.Set com.ss.android.ugc.MonsterSingleTon.com_ss_android_ugc_aweme_feed_plato_business_experience_v2sequence_core_LogLogicFeatures(boolean) failed lock verification and will run slower.
09-01 22:09:29.955 26598 26598 W droid.ugc.aweme: Method java.util.Set com.ss.android.ugc.MonsterSingleTon.com_ss_android_ugc_aweme_feed_plato_business_experience_v2sequence_core_net_CustomFreeRideFilter(boolean) failed lock verification and will run slower.
09-01 22:09:29.956 26598 26598 W droid.ugc.aweme: Method java.util.Set com.ss.android.ugc.MonsterSingleTon.com_ss_android_ugc_aweme_feed_plato_business_experience_v2sequence_core_net_FeatureFreeRideListener(boolean) failed lock verification and will run slower.
09-01 22:09:29.956 26598 26598 W droid.ugc.aweme: Method java.util.Set com.ss.android.ugc.MonsterSingleTon.com_ss_android_ugc_aweme_feed_plato_business_experience_v2sequence_core_net_FreeRideApiConfigProvider(boolean) failed lock verification and will run slower.
09-01 22:09:29.956 26598 26598 W droid.ugc.aweme: Method java.util.Set com.ss.android.ugc.MonsterSingleTon.com_ss_android_ugc_aweme_feed_plato_business_experience_v2sequence_core_net_FreeRideConfigProvider(boolean) failed lock verification and will run slower.
09-01 22:09:29.956 26598 26598 W droid.ugc.aweme: Method java.util.Set com.ss.android.ugc.MonsterSingleTon.com_ss_android_ugc_aweme_feed_plato_business_experience_v2sequence_core_pack_PackConfigProvider(boolean) failed lock verification and will run slower.
09-01 22:09:29.956 26598 26598 W droid.ugc.aweme: Method java.util.Set com.ss.android.ugc.MonsterSingleTon.com_ss_android_ugc_aweme_feed_plato_business_experience_v2sequence_core_process_ProcessedFeatureConfigProvider(boolean) failed lock verification and will run slower.
09-01 22:09:29.956 26598 26598 W droid.ugc.aweme: Method java.util.Set com.ss.android.ugc.MonsterSingleTon.com_ss_android_ugc_aweme_feed_plato_business_experience_v2sequence_core_provider_LogFeatureConfigProvider(boolean) failed lock verification and will run slower.
09-01 22:09:29.956 26598 26598 W droid.ugc.aweme: Method java.util.Set com.ss.android.ugc.MonsterSingleTon.com_ss_android_ugc_aweme_feed_plato_business_experience_v2sequence_core_scene_store_SceneStoreConfigProvider(boolean) failed lock verification and will run slower.
09-01 22:09:29.956 26598 26598 W droid.ugc.aweme: Method java.util.Set com.ss.android.ugc.MonsterSingleTon.com_ss_android_ugc_aweme_feed_plato_common_fullfeed_template_IFullFeedExtensionsFactoryProvider(boolean) failed lock verification and will run slower.
09-01 22:09:29.956 26598 26598 W droid.ugc.aweme: Method java.util.Set com.ss.android.ugc.MonsterSingleTon.com_ss_android_ugc_aweme_feed_plato_common_pure_card_PureCardModeContributor(boolean) failed lock verification and will run slower.
09-01 22:09:29.956 26598 26598 W droid.ugc.aweme: Method java.util.Set com.ss.android.ugc.MonsterSingleTon.com_ss_android_ugc_aweme_feed_quick_uimodule_extend_IExtendBottomActionUIModuleExtension(boolean) failed lock verification and will run slower.
09-01 22:09:29.956 26598 26598 W droid.ugc.aweme: Method java.util.Set com.ss.android.ugc.MonsterSingleTon.com_ss_android_ugc_aweme_feed_quick_uimodule_extend_IExtendFeedRootUIModuleExtension(boolean) failed lock verification and will run slower.
09-01 22:09:29.956 26598 26598 W droid.ugc.aweme: Method java.util.Set com.ss.android.ugc.MonsterSingleTon.com_ss_android_ugc_aweme_feed_quick_uimodule_extension_FeedConfigExt(boolean) failed lock verification and will run slower.
09-01 22:09:29.956 26598 26598 W droid.ugc.aweme: Method java.util.Set com.ss.android.ugc.MonsterSingleTon.com_ss_android_ugc_aweme_feed_quick_uimodule_extension_FeedModuleExt(boolean) failed lock verification and will run slower.
09-01 22:09:29.956 26598 26598 W droid.ugc.aweme: Method java.util.Set com.ss.android.ugc.MonsterSingleTon.com_ss_android_ugc_aweme_feed_service_IFeatureProviderService(boolean) failed lock verification and will run slower.
09-01 22:09:29.956 26598 26598 W droid.ugc.aweme: Method java.util.Set com.ss.android.ugc.MonsterSingleTon.com_ss_android_ugc_aweme_feed_service_INearbyFeedTypeConfig(boolean) failed lock verification and will run slower.
09-01 22:09:29.956 26598 26598 W droid.ugc.aweme: Method java.util.Set com.ss.android.ugc.MonsterSingleTon.com_ss_android_ugc_aweme_feed_service_ISequenceItemProviderService(boolean) failed lock verification and will run slower.
09-01 22:09:29.956 26598 26598 W droid.ugc.aweme: Method java.util.Set com.ss.android.ugc.MonsterSingleTon.com_ss_android_ugc_aweme_feed_service_ISingleColumnSequenceConfigProvider(boolean) failed lock verification and will run slower.
09-01 22:09:29.956 26598 26598 W droid.ugc.aweme: Method java.util.Set com.ss.android.ugc.MonsterSingleTon.com_ss_android_ugc_aweme_feed_tag_ITagBusiness(boolean) failed lock verification and will run slower.
09-01 22:09:29.956 26598 26598 W droid.ugc.aweme: Method java.util.Set com.ss.android.ugc.MonsterSingleTon.com_ss_android_ugc_aweme_feed_tag_component_ICommonTagBusinessComponentFactory(boolean) failed lock verification and will run slower.
09-01 22:09:29.956 26598 26598 W droid.ugc.aweme: Method java.util.Set com.ss.android.ugc.MonsterSingleTon.com_ss_android_ugc_aweme_feed_trackevent_TrackNodeExtension(boolean) failed lock verification and will run slower.
09-01 22:09:29.956 26598 26598 W droid.ugc.aweme: Method java.util.Set com.ss.android.ugc.MonsterSingleTon.com_ss_android_ugc_aweme_feed_ui_masklayer2_OptionActionExtension(boolean) failed lock verification and will run slower.
09-01 22:09:29.956 26598 26598 W droid.ugc.aweme: Method java.util.Set com.ss.android.ugc.MonsterSingleTon.com_ss_android_ugc_aweme_flux_component_IFluxComponentRegister(boolean) failed lock verification and will run slower.
09-01 22:09:29.957 26598 26598 W droid.ugc.aweme: Method java.util.Set com.ss.android.ugc.MonsterSingleTon.com_ss_android_ugc_aweme_flux_component_IFluxComponentSceneRegister(boolean) failed lock verification and will run slower.
09-01 22:09:29.957 26598 26598 W droid.ugc.aweme: Method java.util.Set com.ss.android.ugc.MonsterSingleTon.com_ss_android_ugc_aweme_flux_register_button_IActionGroupModuleRegister(boolean) failed lock verification and will run slower.
09-01 22:09:29.957 26598 26598 W droid.ugc.aweme: Method java.util.Set com.ss.android.ugc.MonsterSingleTon.com_ss_android_ugc_aweme_frontier_ws_IWsListenerRegister(boolean) failed lock verification and will run slower.
09-01 22:09:29.957 26598 26598 W droid.ugc.aweme: Method java.util.Set com.ss.android.ugc.MonsterSingleTon.com_ss_android_ugc_aweme_homepage_land_interceptor_BaseGeneralLandingStrategyInterceptor(boolean) failed lock verification and will run slower.
09-01 22:09:29.957 26598 26598 W droid.ugc.aweme: Method java.util.Set com.ss.android.ugc.MonsterSingleTon.com_ss_android_ugc_aweme_homepage_touch_IMsgReachClientFactory(boolean) failed lock verification and will run slower.
09-01 22:09:29.957 26598 26598 W droid.ugc.aweme: Method java.util.Set com.ss.android.ugc.MonsterSingleTon.com_ss_android_ugc_aweme_horizon_playcontrol_IPhotosPlayStrategyProvider(boolean) failed lock verification and will run slower.
09-01 22:09:29.957 26598 26598 W droid.ugc.aweme: Method java.util.Set com.ss.android.ugc.MonsterSingleTon.com_ss_android_ugc_aweme_horizon_presenter_IHorizonPresenterRegistry(boolean) failed lock verification and will run slower.
09-01 22:09:29.957 26598 26598 W droid.ugc.aweme: Method java.util.Set com.ss.android.ugc.MonsterSingleTon.com_ss_android_ugc_aweme_im_external_IRoomBinderService(boolean) failed lock verification and will run slower.
09-01 22:09:29.957 26598 26598 W droid.ugc.aweme: Method java.util.Set com.ss.android.ugc.MonsterSingleTon.com_ss_android_ugc_aweme_im_sdk_share_pipeline_factory_interfaces_AfterSendSliceFactory(boolean) failed lock verification and will run slower.
09-01 22:09:29.957 26598 26598 W droid.ugc.aweme: Method java.util.Set com.ss.android.ugc.MonsterSingleTon.com_ss_android_ugc_aweme_im_sdk_share_pipeline_factory_interfaces_BeforeSendSliceFactory(boolean) failed lock verification and will run slower.
09-01 22:09:29.957 26598 26598 W droid.ugc.aweme: Method java.util.Set com.ss.android.ugc.MonsterSingleTon.com_ss_android_ugc_aweme_im_sdk_share_pipeline_factory_interfaces_ParserSliceFactory(boolean) failed lock verification and will run slower.
09-01 22:09:29.957 26598 26598 W droid.ugc.aweme: Method java.util.Set com.ss.android.ugc.MonsterSingleTon.com_ss_android_ugc_aweme_im_sdk_share_pipeline_factory_interfaces_SendRespSliceFactory(boolean) failed lock verification and will run slower.
09-01 22:09:29.957 26598 26598 W droid.ugc.aweme: Method java.util.Set com.ss.android.ugc.MonsterSingleTon.com_ss_android_ugc_aweme_im_sdk_share_pipeline_factory_interfaces_SendSliceFactory(boolean) failed lock verification and will run slower.
09-01 22:09:29.957 26598 26598 W droid.ugc.aweme: Method java.util.Set com.ss.android.ugc.MonsterSingleTon.com_ss_android_ugc_aweme_live_ILiveHostOuterService$ILiveJsbProvider(boolean) failed lock verification and will run slower.
09-01 22:09:29.957 26598 26598 W droid.ugc.aweme: Method java.util.Set com.ss.android.ugc.MonsterSingleTon.com_ss_android_ugc_aweme_local_test_services_UgDebugEditButtonViewProvider(boolean) failed lock verification and will run slower.
09-01 22:09:29.957 26598 26598 W droid.ugc.aweme: Method java.util.Set com.ss.android.ugc.MonsterSingleTon.com_ss_android_ugc_aweme_local_test_services_UgDebugTextButtonViewProvider(boolean) failed lock verification and will run slower.
09-01 22:09:29.957 26598 26598 W droid.ugc.aweme: Method java.util.Set com.ss.android.ugc.MonsterSingleTon.com_ss_android_ugc_aweme_local_test_services_UgDebugTextInfoViewProvider(boolean) failed lock verification and will run slower.
09-01 22:09:29.957 26598 26598 W droid.ugc.aweme: Method java.util.Set com.ss.android.ugc.MonsterSingleTon.com_ss_android_ugc_aweme_localize_service_tabledefine_ILocalizeTableDefineService(boolean) failed lock verification and will run slower.
09-01 22:09:29.957 26598 26598 W droid.ugc.aweme: Method java.util.Set com.ss.android.ugc.MonsterSingleTon.com_ss_android_ugc_aweme_main_landing_boot_interceptor_LandingStrategyProvider(boolean) failed lock verification and will run slower.
09-01 22:09:29.957 26598 26598 W droid.ugc.aweme: Method java.util.Set com.ss.android.ugc.MonsterSingleTon.com_ss_android_ugc_aweme_mate_guide_ISocialTipBannerProvider(boolean) failed lock verification and will run slower.
09-01 22:09:29.957 26598 26598 W droid.ugc.aweme: Method java.util.Set com.ss.android.ugc.MonsterSingleTon.com_ss_android_ugc_aweme_ml_video_channel_component_base_IMLVideoChannelComponentFactory(boolean) failed lock verification and will run slower.
09-01 22:09:29.958 26598 26598 W droid.ugc.aweme: Method java.util.Set com.ss.android.ugc.MonsterSingleTon.com_ss_android_ugc_aweme_ml_video_channel_newarch_component_base_IMLVideoComponentFactory(boolean) failed lock verification and will run slower.
09-01 22:09:29.958 26598 26598 W droid.ugc.aweme: Method java.util.Set com.ss.android.ugc.MonsterSingleTon.com_ss_android_ugc_aweme_ml_video_channel_pad_v1_repository_pack_base_PadElementPacker(boolean) failed lock verification and will run slower.
09-01 22:09:29.958 26598 26598 W droid.ugc.aweme: Method java.util.Set com.ss.android.ugc.MonsterSingleTon.com_ss_android_ugc_aweme_ml_video_channel_repository_filter_IDataFilter(boolean) failed lock verification and will run slower.
09-01 22:09:29.958 26598 26598 W droid.ugc.aweme: Method java.util.Set com.ss.android.ugc.MonsterSingleTon.com_ss_android_ugc_aweme_ml_video_channel_repository_pack_ElementPacker(boolean) failed lock verification and will run slower.
09-01 22:09:29.958 26598 26598 W droid.ugc.aweme: Method java.util.Set com.ss.android.ugc.MonsterSingleTon.com_ss_android_ugc_aweme_ml_video_channel_repository_strategy_PageLayoutStrategy(boolean) failed lock verification and will run slower.
09-01 22:09:29.958 26598 26598 W droid.ugc.aweme: Method java.util.Set com.ss.android.ugc.MonsterSingleTon.com_ss_android_ugc_aweme_ml_video_channel_repository_transformer_ICardTransformer(boolean) failed lock verification and will run slower.
09-01 22:09:29.958 26598 26598 W droid.ugc.aweme: Method java.util.Set com.ss.android.ugc.MonsterSingleTon.com_ss_android_ugc_aweme_modules_relatedList_click_IRVListItemClickProcessor(boolean) failed lock verification and will run slower.
09-01 22:09:29.958 26598 26598 W droid.ugc.aweme: Method java.util.Set com.ss.android.ugc.MonsterSingleTon.com_ss_android_ugc_aweme_monitor_scroll_IHomeScrollMonitorHandler(boolean) failed lock verification and will run slower.
09-01 22:09:29.958 26598 26598 W droid.ugc.aweme: Method java.util.Set com.ss.android.ugc.MonsterSingleTon.com_ss_android_ugc_aweme_newhubble_ability_IAbilityFactory(boolean) failed lock verification and will run slower.
09-01 22:09:29.958 26598 26598 W droid.ugc.aweme: Method java.util.Set com.ss.android.ugc.MonsterSingleTon.com_ss_android_ugc_aweme_notice_api_count_biz_IMessageTabDotBizFactory(boolean) failed lock verification and will run slower.
09-01 22:09:29.958 26598 26598 W droid.ugc.aweme: Method java.util.Set com.ss.android.ugc.MonsterSingleTon.com_ss_android_ugc_aweme_payment_ability_IPaymentAbilityProvider(boolean) failed lock verification and will run slower.
09-01 22:09:29.958 26598 26598 W droid.ugc.aweme: Method java.util.Set com.ss.android.ugc.MonsterSingleTon.com_ss_android_ugc_aweme_payment_ability_IPaymentCommonAbilityProvider(boolean) failed lock verification and will run slower.
09-01 22:09:29.958 26598 26598 W droid.ugc.aweme: Method java.util.Set com.ss.android.ugc.MonsterSingleTon.com_ss_android_ugc_aweme_playlet_cinema_component_base_IPlayletCinemaComponentFactory(boolean) failed lock verification and will run slower.
09-01 22:09:29.958 26598 26598 W droid.ugc.aweme: Method java.util.Set com.ss.android.ugc.MonsterSingleTon.com_ss_android_ugc_aweme_playlet_cinema_repository_filter_IDataFilterFactory(boolean) failed lock verification and will run slower.
09-01 22:09:29.958 26598 26598 W droid.ugc.aweme: Method java.util.Set com.ss.android.ugc.MonsterSingleTon.com_ss_android_ugc_aweme_poi_dcard_IPoiDCardVHDelegateProvider(boolean) failed lock verification and will run slower.
09-01 22:09:29.958 26598 26598 W droid.ugc.aweme: Method java.util.Set com.ss.android.ugc.MonsterSingleTon.com_ss_android_ugc_aweme_poi_service_IPoiDCardFeedsInterceptor(boolean) failed lock verification and will run slower.
09-01 22:09:29.958 26598 26598 W droid.ugc.aweme: Method java.util.Set com.ss.android.ugc.MonsterSingleTon.com_ss_android_ugc_aweme_popview_pizza_IPizzaLocCheckHandler(boolean) failed lock verification and will run slower.
09-01 22:09:29.958 26598 26598 W droid.ugc.aweme: Method java.util.Set com.ss.android.ugc.MonsterSingleTon.com_ss_android_ugc_aweme_privacy_permissionpanel_filter_IPermissionItemFilter(boolean) failed lock verification and will run slower.
09-01 22:09:29.958 26598 26598 W droid.ugc.aweme: Method java.util.Set com.ss.android.ugc.MonsterSingleTon.com_ss_android_ugc_aweme_privacy_permissionpanel_items_interceptor_IItemClickInterceptor(boolean) failed lock verification and will run slower.
09-01 22:09:29.958 26598 26598 W droid.ugc.aweme: Method java.util.Set com.ss.android.ugc.MonsterSingleTon.com_ss_android_ugc_aweme_profile_center_IEntryItem(boolean) failed lock verification and will run slower.
09-01 22:09:29.958 26598 26598 W droid.ugc.aweme: Method java.util.Set com.ss.android.ugc.MonsterSingleTon.com_ss_android_ugc_aweme_profile_ui_subtab_IProfileCollectSubTabCreator(boolean) failed lock verification and will run slower.
09-01 22:09:29.958 26598 26598 W droid.ugc.aweme: Method java.util.Set com.ss.android.ugc.MonsterSingleTon.com_ss_android_ugc_aweme_profile_ui_tab_IProfileTab(boolean) failed lock verification and will run slower.
09-01 22:09:29.958 26598 26598 W droid.ugc.aweme: Method java.util.Set com.ss.android.ugc.MonsterSingleTon.com_ss_android_ugc_aweme_publish_editsavelocal_bachdetect_ISaveLocalExtractor(boolean) failed lock verification and will run slower.
09-01 22:09:29.958 26598 26598 W droid.ugc.aweme: Method java.util.Set com.ss.android.ugc.MonsterSingleTon.com_ss_android_ugc_aweme_resume_AppFakeColdStartService(boolean) failed lock verification and will run slower.
09-01 22:09:29.958 26598 26598 W droid.ugc.aweme: Method java.util.Set com.ss.android.ugc.MonsterSingleTon.com_ss_android_ugc_aweme_search_IPageModuleRegistry(boolean) failed lock verification and will run slower.
09-01 22:09:29.958 26598 26598 W droid.ugc.aweme: Method java.util.Set com.ss.android.ugc.MonsterSingleTon.com_ss_android_ugc_aweme_search_common_list_protocol_ICardFactoryRegistry(boolean) failed lock verification and will run slower.
09-01 22:09:29.959 26598 26598 W droid.ugc.aweme: Method java.util.Set com.ss.android.ugc.MonsterSingleTon.com_ss_android_ugc_aweme_search_dynamic_core_ability_ISearchDynamicAbility$IFactory(boolean) failed lock verification and will run slower.
09-01 22:09:29.959 26598 26598 W droid.ugc.aweme: Method java.util.Set com.ss.android.ugc.MonsterSingleTon.com_ss_android_ugc_aweme_search_op_standard_SearchServiceToken$IProvider(boolean) failed lock verification and will run slower.
09-01 22:09:29.959 26598 26598 W droid.ugc.aweme: Method java.util.Set com.ss.android.ugc.MonsterSingleTon.com_ss_android_ugc_aweme_search_sse_common_SseBusinessDataType(boolean) failed lock verification and will run slower.
09-01 22:09:29.959 26598 26598 W droid.ugc.aweme: Method java.util.Set com.ss.android.ugc.MonsterSingleTon.com_ss_android_ugc_aweme_services_composer_feature_settings_ICameraSettingsItemService(boolean) failed lock verification and will run slower.
09-01 22:09:29.959 26598 26598 W droid.ugc.aweme: Method java.util.Set com.ss.android.ugc.MonsterSingleTon.com_ss_android_ugc_aweme_setting_search_data_ISettingSearchRegistry(boolean) failed lock verification and will run slower.
09-01 22:09:29.959 26598 26598 W droid.ugc.aweme: Method java.util.Set com.ss.android.ugc.MonsterSingleTon.com_ss_android_ugc_aweme_share_bottomoftitle_ISharePanelBottomOfTitleViewService(boolean) failed lock verification and will run slower.
09-01 22:09:29.959 26598 26598 W droid.ugc.aweme: Method java.util.Set com.ss.android.ugc.MonsterSingleTon.com_ss_android_ugc_aweme_shortvideo_infini_draft_IDraftRestorerProvider(boolean) failed lock verification and will run slower.
09-01 22:09:29.959 26598 26598 W droid.ugc.aweme: Method java.util.Set com.ss.android.ugc.MonsterSingleTon.com_ss_android_ugc_aweme_sidebar_ISideBarComponentConfigExtension(boolean) failed lock verification and will run slower.
09-01 22:09:29.959 26598 26598 W droid.ugc.aweme: Method java.util.Set com.ss.android.ugc.MonsterSingleTon.com_ss_android_ugc_aweme_smart_IPlayletInsertAdPredictService(boolean) failed lock verification and will run slower.
09-01 22:09:29.959 26598 26598 W droid.ugc.aweme: Method java.util.Set com.ss.android.ugc.MonsterSingleTon.com_ss_android_ugc_aweme_social_camera_component_QuickStoryPublishStrategyFactory(boolean) failed lock verification and will run slower.
09-01 22:09:29.959 26598 26598 W droid.ugc.aweme: Method java.util.Set com.ss.android.ugc.MonsterSingleTon.com_ss_android_ugc_aweme_specact_common_ByteSyncRegister(boolean) failed lock verification and will run slower.
09-01 22:09:29.959 26598 26598 W droid.ugc.aweme: Method java.util.Set com.ss.android.ugc.MonsterSingleTon.com_ss_android_ugc_aweme_specact_pendant_sync_UgDebugButtonViewProvider(boolean) failed lock verification and will run slower.
09-01 22:09:29.959 26598 26598 W droid.ugc.aweme: Method java.util.Set com.ss.android.ugc.MonsterSingleTon.com_ss_android_ugc_aweme_split_mv_lib_IViewTypeCollect(boolean) failed lock verification and will run slower.
09-01 22:09:29.959 26598 26598 W droid.ugc.aweme: Method java.util.Set com.ss.android.ugc.MonsterSingleTon.com_ss_android_ugc_aweme_split_mv_lib_msg_IMsgContentCollect(boolean) failed lock verification and will run slower.
09-01 22:09:29.959 26598 26598 W droid.ugc.aweme: Method java.util.Set com.ss.android.ugc.MonsterSingleTon.com_ss_android_ugc_aweme_tools_infini_advanceeditor_v2_bottombar_IADVEditorBottomBarConfigProvider(boolean) failed lock verification and will run slower.
09-01 22:09:29.959 26598 26598 W droid.ugc.aweme: Method java.util.Set com.ss.android.ugc.MonsterSingleTon.com_ss_android_ugc_aweme_tools_infini_forward_gesture_IBaseGestureProcessorProvider(boolean) failed lock verification and will run slower.
09-01 22:09:29.959 26598 26598 W droid.ugc.aweme: Method java.util.Set com.ss.android.ugc.MonsterSingleTon.com_ss_android_ugc_aweme_usercenter_service_IUCBusinessService(boolean) failed lock verification and will run slower.
09-01 22:09:29.959 26598 26598 W droid.ugc.aweme: Method java.util.Set com.ss.android.ugc.MonsterSingleTon.com_ss_android_ugc_aweme_vh_SkylightComponentRegistry(boolean) failed lock verification and will run slower.
09-01 22:09:29.960 26598 26598 W droid.ugc.aweme: Method java.util.Set com.ss.android.ugc.MonsterSingleTon.com_ss_android_ugc_aweme_xtab_newtab_component_factory_ILiveTabFeedChannelComponentFactory(boolean) failed lock verification and will run slower.
09-01 22:09:29.975 26598 26598 D nativeloader: Load /data/app/~~na7dq0QJPM3TlOgWfFFaKg==/com.ss.android.ugc.aweme-sWxsoc19sPwX3CppMH73Qg==/lib/arm64/libc++_shared.so using ns clns-7 from class loader (caller=/data/app/~~na7dq0QJPM3TlOgWfFFaKg==/com.ss.android.ugc.aweme-sWxsoc19sPwX3CppMH73Qg==/base.apk!classes16.dex): ok
09-01 22:09:29.976 26598 26598 D nativeloader: Load /data/app/~~na7dq0QJPM3TlOgWfFFaKg==/com.ss.android.ugc.aweme-sWxsoc19sPwX3CppMH73Qg==/lib/arm64/libkeva.so using ns clns-7 from class loader (caller=/data/app/~~na7dq0QJPM3TlOgWfFFaKg==/com.ss.android.ugc.aweme-sWxsoc19sPwX3CppMH73Qg==/base.apk!classes16.dex): ok
09-01 22:09:29.987 26598 26598 D nativeloader: Load /data/app/~~na7dq0QJPM3TlOgWfFFaKg==/com.ss.android.ugc.aweme-sWxsoc19sPwX3CppMH73Qg==/lib/arm64/libflipped.so using ns clns-7 from class loader (caller=/data/app/~~na7dq0QJPM3TlOgWfFFaKg==/com.ss.android.ugc.aweme-sWxsoc19sPwX3CppMH73Qg==/base.apk!classes16.dex): ok
09-01 22:09:29.991 26598 26598 I System.out: ApplicationExitInfo(timestamp=2026/9/1 20:29 pid=11016 realUid=10281 packageUid=10281 definingUid=10281 user=0 process=com.ss.android.ugc.aweme reason=10 (USER REQUESTED) subreason=22 (REMOVE TASK) status=0 importance=300 pss=0.00 rss=0.00 description=remove task state=empty trace=null timestamp=2026-09-01 20:29:21.156
09-01 22:09:29.997 26598 26598 D nativeloader: Load /data/app/~~na7dq0QJPM3TlOgWfFFaKg==/com.ss.android.ugc.aweme-sWxsoc19sPwX3CppMH73Qg==/lib/arm64/libnpth.so using ns clns-7 from class loader (caller=/data/app/~~na7dq0QJPM3TlOgWfFFaKg==/com.ss.android.ugc.aweme-sWxsoc19sPwX3CppMH73Qg==/base.apk!classes16.dex): ok
09-01 22:09:30.015 26598 26648 D nativeloader: Load /data/app/~~na7dq0QJPM3TlOgWfFFaKg==/com.ss.android.ugc.aweme-sWxsoc19sPwX3CppMH73Qg==/lib/arm64/libjato.so using ns clns-7 from class loader (caller=/data/app/~~na7dq0QJPM3TlOgWfFFaKg==/com.ss.android.ugc.aweme-sWxsoc19sPwX3CppMH73Qg==/base.apk!classes4.dex): ok
09-01 22:09:30.017 26598 26671 D nativeloader: Load /data/app/~~na7dq0QJPM3TlOgWfFFaKg==/com.ss.android.ugc.aweme-sWxsoc19sPwX3CppMH73Qg==/lib/arm64/libsoloader.so using ns clns-7 from class loader (caller=/data/app/~~na7dq0QJPM3TlOgWfFFaKg==/com.ss.android.ugc.aweme-sWxsoc19sPwX3CppMH73Qg==/base.apk!classes16.dex): ok
09-01 22:09:30.076 26598 26672 D nativeloader: Load /data/app/~~na7dq0QJPM3TlOgWfFFaKg==/com.ss.android.ugc.aweme-sWxsoc19sPwX3CppMH73Qg==/lib/arm64/libbytehook.so using ns clns-7 from class loader (caller=/data/app/~~na7dq0QJPM3TlOgWfFFaKg==/com.ss.android.ugc.aweme-sWxsoc19sPwX3CppMH73Qg==/base.apk!classes16.dex): ok
09-01 22:09:30.083 26598 26674 D nativeloader: Load /data/app/~~na7dq0QJPM3TlOgWfFFaKg==/com.ss.android.ugc.aweme-sWxsoc19sPwX3CppMH73Qg==/lib/arm64/libsscronet.so using ns clns-7 from class loader (caller=/data/app/~~na7dq0QJPM3TlOgWfFFaKg==/com.ss.android.ugc.aweme-sWxsoc19sPwX3CppMH73Qg==/base.apk!classes16.dex): ok
09-01 22:09:30.087 26598 26706 D nativeloader: Load /data/app/~~na7dq0QJPM3TlOgWfFFaKg==/com.ss.android.ugc.aweme-sWxsoc19sPwX3CppMH73Qg==/lib/arm64/libalog.so using ns clns-7 from class loader (caller=/data/app/~~na7dq0QJPM3TlOgWfFFaKg==/com.ss.android.ugc.aweme-sWxsoc19sPwX3CppMH73Qg==/base.apk!classes16.dex): ok
09-01 22:09:30.091  2069  2093 V WindowManagerShell: Transition animation finished (aborted=false), notifying core (#31) android.os.BinderProxy@bfc8f7c@0
09-01 22:09:30.094  2069  2093 V WindowManagerShell: Track 0 became idle
09-01 22:09:30.094  2069  2093 V WindowManagerShell: All active transition animations finished
09-01 22:09:30.094  1735  1791 V WindowManager: Finish Transition (#31): created at 09-01 22:09:29.767 collect-started=0.111ms request-sent=9.276ms started=10.433ms ready=37.33ms sent=38.174ms finished=324.319ms
09-01 22:09:30.115 26598 26674 D nativeloader: Load /data/app/~~na7dq0QJPM3TlOgWfFFaKg==/com.ss.android.ugc.aweme-sWxsoc19sPwX3CppMH73Qg==/lib/arm64/libmetasec_ml.so using ns clns-7 from class loader (caller=/data/app/~~na7dq0QJPM3TlOgWfFFaKg==/com.ss.android.ugc.aweme-sWxsoc19sPwX3CppMH73Qg==/base.apk!classes16.dex): ok
09-01 22:09:30.166  1735  2500 D ConnectivityService: requestNetwork for uid/pid:10281/26598 activeRequest: null callbackRequest: 384 [NetworkRequest [ REQUEST id=385, [ Capabilities: INTERNET&NOT_RESTRICTED&TRUSTED&NOT_VCN_MANAGED&NOT_BANDWIDTH_CONSTRAINED Uid: 10281 RequestorUid: 10281 RequestorPkg: com.ss.android.ugc.aweme UnderlyingNetworks: Null] ]] callback flags: 0 order: 2147483647 isUidTracked: false declaredMethods: AVAIL|LOST|NC|LP
09-01 22:09:30.167  1735  1952 D OemPaidWifiNetworkFactory: got request NetworkRequest [ REQUEST id=385, [ Capabilities: INTERNET&NOT_RESTRICTED&TRUSTED&NOT_VCN_MANAGED&NOT_BANDWIDTH_CONSTRAINED Uid: 10281 RequestorUid: 10281 RequestorPkg: com.ss.android.ugc.aweme UnderlyingNetworks: Null] ]
09-01 22:09:30.167  1735  1952 D MultiInternetWifiNetworkFactory: got request NetworkRequest [ REQUEST id=385, [ Capabilities: INTERNET&NOT_RESTRICTED&TRUSTED&NOT_VCN_MANAGED&NOT_BANDWIDTH_CONSTRAINED Uid: 10281 RequestorUid: 10281 RequestorPkg: com.ss.android.ugc.aweme UnderlyingNetworks: Null] ]
09-01 22:09:30.167  1735  1952 D WifiNetworkFactory: got request NetworkRequest [ REQUEST id=385, [ Capabilities: INTERNET&NOT_RESTRICTED&TRUSTED&NOT_VCN_MANAGED&NOT_BANDWIDTH_CONSTRAINED Uid: 10281 RequestorUid: 10281 RequestorPkg: com.ss.android.ugc.aweme UnderlyingNetworks: Null] ]
09-01 22:09:30.167  1735  1952 D UntrustedWifiNetworkFactory: got request NetworkRequest [ REQUEST id=385, [ Capabilities: INTERNET&NOT_RESTRICTED&TRUSTED&NOT_VCN_MANAGED&NOT_BANDWIDTH_CONSTRAINED Uid: 10281 RequestorUid: 10281 RequestorPkg: com.ss.android.ugc.aweme UnderlyingNetworks: Null] ]
09-01 22:09:30.182 26598 26663 D nativeloader: Load /data/app/~~na7dq0QJPM3TlOgWfFFaKg==/com.ss.android.ugc.aweme-sWxsoc19sPwX3CppMH73Qg==/lib/arm64/libmonitorcollector-lib.so using ns clns-7 from class loader (caller=/data/app/~~na7dq0QJPM3TlOgWfFFaKg==/com.ss.android.ugc.aweme-sWxsoc19sPwX3CppMH73Qg==/base.apk!classes16.dex): ok
09-01 22:09:30.176 26598 26598 W -IOThreadPool-1: type=1400 audit(0.0:957): avc:  denied  { read } for  name="u:object_r:userdebug_or_eng_prop:s0" dev="tmpfs" ino=396 scontext=u:r:untrusted_app:s0:c25,c257,c512,c768 tcontext=u:object_r:userdebug_or_eng_prop:s0 tclass=file permissive=0 bug=b/305600845 app=com.ss.android.ugc.aweme
09-01 22:09:30.184 26598 26663 D nativeloader: Load /data/app/~~na7dq0QJPM3TlOgWfFFaKg==/com.ss.android.ugc.aweme-sWxsoc19sPwX3CppMH73Qg==/lib/arm64/libsysoptimizer.so using ns clns-7 from class loader (caller=/data/app/~~na7dq0QJPM3TlOgWfFFaKg==/com.ss.android.ugc.aweme-sWxsoc19sPwX3CppMH73Qg==/base.apk!classes16.dex): ok
09-01 22:09:30.192 26598 26767 D nativeloader: Load /data/app/~~na7dq0QJPM3TlOgWfFFaKg==/com.ss.android.ugc.aweme-sWxsoc19sPwX3CppMH73Qg==/lib/arm64/libhelios_bm.so using ns clns-7 from class loader (caller=/data/app/~~na7dq0QJPM3TlOgWfFFaKg==/com.ss.android.ugc.aweme-sWxsoc19sPwX3CppMH73Qg==/base.apk!classes16.dex): ok
09-01 22:09:30.193 26598 26648 D nativeloader: Load /data/app/~~na7dq0QJPM3TlOgWfFFaKg==/com.ss.android.ugc.aweme-sWxsoc19sPwX3CppMH73Qg==/lib/arm64/libshadowhook.so using ns clns-7 from class loader (caller=/data/app/~~na7dq0QJPM3TlOgWfFFaKg==/com.ss.android.ugc.aweme-sWxsoc19sPwX3CppMH73Qg==/base.apk!classes16.dex): ok
09-01 22:09:30.214 26598 26822 D nativeloader: Load /data/app/~~na7dq0QJPM3TlOgWfFFaKg==/com.ss.android.ugc.aweme-sWxsoc19sPwX3CppMH73Qg==/lib/arm64/libnative_log.so using ns clns-7 from class loader (caller=/data/app/~~na7dq0QJPM3TlOgWfFFaKg==/com.ss.android.ugc.aweme-sWxsoc19sPwX3CppMH73Qg==/base.apk!classes16.dex): ok
09-01 22:09:30.220 26598 26822 D nativeloader: Load /data/app/~~na7dq0QJPM3TlOgWfFFaKg==/com.ss.android.ugc.aweme-sWxsoc19sPwX3CppMH73Qg==/lib/arm64/libbdsword.so using ns clns-7 from class loader (caller=/data/app/~~na7dq0QJPM3TlOgWfFFaKg==/com.ss.android.ugc.aweme-sWxsoc19sPwX3CppMH73Qg==/base.apk!classes16.dex): ok
09-01 22:09:30.227 26598 26663 D nativeloader: Load /data/app/~~na7dq0QJPM3TlOgWfFFaKg==/com.ss.android.ugc.aweme-sWxsoc19sPwX3CppMH73Qg==/lib/arm64/libttcrypto.so using ns clns-7 from class loader (caller=/data/app/~~na7dq0QJPM3TlOgWfFFaKg==/com.ss.android.ugc.aweme-sWxsoc19sPwX3CppMH73Qg==/base.apk!classes16.dex): ok
09-01 22:09:30.229 26598 26663 D nativeloader: Load /data/app/~~na7dq0QJPM3TlOgWfFFaKg==/com.ss.android.ugc.aweme-sWxsoc19sPwX3CppMH73Qg==/lib/arm64/libttboringssl.so using ns clns-7 from class loader (caller=/data/app/~~na7dq0QJPM3TlOgWfFFaKg==/com.ss.android.ugc.aweme-sWxsoc19sPwX3CppMH73Qg==/base.apk!classes16.dex): ok
09-01 22:09:30.239  1735  1787 W ActivityManager: Unable to start service Intent { act=com.bun.msa.action.start.service cmp=com.mdid.msa/.service.MsaKlService (has extras) } U=0: not found
09-01 22:09:30.242 26598 26663 D nativeloader: Load /data/app/~~na7dq0QJPM3TlOgWfFFaKg==/com.ss.android.ugc.aweme-sWxsoc19sPwX3CppMH73Qg==/lib/arm64/libwcdb2.so using ns clns-7 from class loader (caller=/data/app/~~na7dq0QJPM3TlOgWfFFaKg==/com.ss.android.ugc.aweme-sWxsoc19sPwX3CppMH73Qg==/base.apk!classes16.dex): ok
09-01 22:09:30.248  1735  1787 W ActivityManager: Unable to start service Intent { act=com.bun.msa.action.bindto.service cmp=com.mdid.msa/.service.MsaIdService (has extras) } U=0: not found
09-01 22:09:30.263 26598 26750 D vulkan  : searching for layers in '/data/app/~~na7dq0QJPM3TlOgWfFFaKg==/com.ss.android.ugc.aweme-sWxsoc19sPwX3CppMH73Qg==/lib/arm64'
09-01 22:09:30.271 26598 26750 D vulkan  : searching for layers in '/data/app/~~na7dq0QJPM3TlOgWfFFaKg==/com.ss.android.ugc.aweme-sWxsoc19sPwX3CppMH73Qg==/base.apk!/lib/arm64-v8a'
09-01 22:09:30.279 26598 26850 D nativeloader: Load /data/app/~~na7dq0QJPM3TlOgWfFFaKg==/com.ss.android.ugc.aweme-sWxsoc19sPwX3CppMH73Qg==/lib/arm64/liblynx_markdown.so using ns clns-7 from class loader (caller=/data/app/~~na7dq0QJPM3TlOgWfFFaKg==/com.ss.android.ugc.aweme-sWxsoc19sPwX3CppMH73Qg==/base.apk!classes16.dex): ok
09-01 22:09:30.282 26598 26850 D nativeloader: Load /data/app/~~na7dq0QJPM3TlOgWfFFaKg==/com.ss.android.ugc.aweme-sWxsoc19sPwX3CppMH73Qg==/lib/arm64/libtttext_lite.so using ns clns-7 from class loader (caller=/data/app/~~na7dq0QJPM3TlOgWfFFaKg==/com.ss.android.ugc.aweme-sWxsoc19sPwX3CppMH73Qg==/base.apk!classes16.dex): ok
09-01 22:09:30.290 26598 26850 D nativeloader: Load /data/app/~~na7dq0QJPM3TlOgWfFFaKg==/com.ss.android.ugc.aweme-sWxsoc19sPwX3CppMH73Qg==/lib/arm64/liblynxservice.so using ns clns-7 from class loader (caller=/data/app/~~na7dq0QJPM3TlOgWfFFaKg==/com.ss.android.ugc.aweme-sWxsoc19sPwX3CppMH73Qg==/base.apk!classes16.dex): ok
09-01 22:09:30.344 26598 26904 D nativeloader: Load /data/app/~~na7dq0QJPM3TlOgWfFFaKg==/com.ss.android.ugc.aweme-sWxsoc19sPwX3CppMH73Qg==/lib/arm64/libwatson.so using ns clns-7 from class loader (caller=/data/app/~~na7dq0QJPM3TlOgWfFFaKg==/com.ss.android.ugc.aweme-sWxsoc19sPwX3CppMH73Qg==/base.apk!classes16.dex): ok
09-01 22:09:30.366  1735  4381 D ConnectivityService: requestNetwork for uid/pid:10281/26598 activeRequest: null callbackRequest: 387 [NetworkRequest [ REQUEST id=387, [ Transports: CELLULAR Capabilities: INTERNET&NOT_RESTRICTED&TRUSTED&NOT_VPN&NOT_VCN_MANAGED&NOT_BANDWIDTH_CONSTRAINED Forbidden: LOCAL_NETWORK Uid: 10281 RequestorUid: 10281 RequestorPkg: com.ss.android.ugc.aweme UnderlyingNetworks: Null] ]] callback flags: 0 order: 2147483647 isUidTracked: false declaredMethods: AVAIL
09-01 22:09:30.370  1735  4381 D ConnectivityService: requestNetwork for uid/pid:10281/26598 activeRequest: null callbackRequest: 388 [NetworkRequest [ REQUEST id=388, [ Transports: CELLULAR Capabilities: INTERNET&NOT_RESTRICTED&TRUSTED&NOT_VPN&NOT_VCN_MANAGED&NOT_BANDWIDTH_CONSTRAINED Forbidden: LOCAL_NETWORK Uid: 10281 RequestorUid: 10281 RequestorPkg: com.ss.android.ugc.aweme UnderlyingNetworks: Null] ]] callback flags: 0 order: 2147483647 isUidTracked: false declaredMethods: AVAIL
09-01 22:09:30.379  1735  4381 D ConnectivityService: requestNetwork for uid/pid:10281/26598 activeRequest: null callbackRequest: 389 [NetworkRequest [ REQUEST id=389, [ Transports: CELLULAR Capabilities: INTERNET&NOT_RESTRICTED&TRUSTED&NOT_VPN&NOT_VCN_MANAGED&NOT_BANDWIDTH_CONSTRAINED Forbidden: LOCAL_NETWORK Uid: 10281 RequestorUid: 10281 RequestorPkg: com.ss.android.ugc.aweme UnderlyingNetworks: Null] ]] callback flags: 0 order: 2147483647 isUidTracked: false declaredMethods: AVAIL
09-01 22:09:30.393 26598 26908 D nativeloader: Load /data/app/~~na7dq0QJPM3TlOgWfFFaKg==/com.ss.android.ugc.aweme-sWxsoc19sPwX3CppMH73Qg==/lib/arm64/libdelta.so using ns clns-7 from class loader (caller=/data/app/~~na7dq0QJPM3TlOgWfFFaKg==/com.ss.android.ugc.aweme-sWxsoc19sPwX3CppMH73Qg==/base.apk!classes16.dex): ok
09-01 22:09:30.396 26598 26598 W TransmitThreadP: type=1400 audit(0.0:958): avc:  denied  { getattr } for  path="/data/media" dev="dm-56" ino=137 scontext=u:r:untrusted_app:s0:c25,c257,c512,c768 tcontext=u:object_r:media_userdir_file:s0 tclass=dir permissive=0 app=com.ss.android.ugc.aweme
09-01 22:09:30.428 26598 26671 D nativeloader: Configuring clns-10 for other apk . target_sdk_version=34, uses_libraries=ALL, library_path=/data/user/0/com.ss.android.ugc.aweme/files/plugins/com.ss.android.ugc.aweme.videocache_v2/version-35109037/lib, permitted_path=/data:/mnt/expand
09-01 22:09:30.433 26598 26891 D nativeloader: Load /data/app/~~na7dq0QJPM3TlOgWfFFaKg==/com.ss.android.ugc.aweme-sWxsoc19sPwX3CppMH73Qg==/lib/arm64/libbdzstd.so using ns clns-7 from class loader (caller=/data/app/~~na7dq0QJPM3TlOgWfFFaKg==/com.ss.android.ugc.aweme-sWxsoc19sPwX3CppMH73Qg==/base.apk!classes16.dex): ok
09-01 22:09:30.446 26598 26978 D nativeloader: Load /data/app/~~na7dq0QJPM3TlOgWfFFaKg==/com.ss.android.ugc.aweme-sWxsoc19sPwX3CppMH73Qg==/lib/arm64/libEncryptor.so using ns clns-7 from class loader (caller=/data/app/~~na7dq0QJPM3TlOgWfFFaKg==/com.ss.android.ugc.aweme-sWxsoc19sPwX3CppMH73Qg==/base.apk!classes16.dex): ok
09-01 22:09:30.456  1735  1803 I ActivityManager: Start proc 26989:com.ss.android.ugc.aweme:push/u0a281 for service {com.ss.android.ugc.aweme/com.ss.android.ugc.aweme.process.KeepPushLaunchService}
09-01 22:09:30.500 26598 26598 W tp-default-51: type=1400 audit(0.0:959): avc:  denied  { read } for  name="u:object_r:qemu_hw_prop:s0" dev="tmpfs" ino=323 scontext=u:r:untrusted_app:s0:c25,c257,c512,c768 tcontext=u:object_r:qemu_hw_prop:s0 tclass=file permissive=0 app=com.ss.android.ugc.aweme
09-01 22:09:30.534 26598 26990 D nativeloader: Load /data/app/~~na7dq0QJPM3TlOgWfFFaKg==/com.ss.android.ugc.aweme-sWxsoc19sPwX3CppMH73Qg==/lib/arm64/libvcbasekit.so using ns clns-7 from class loader (caller=/data/app/~~na7dq0QJPM3TlOgWfFFaKg==/com.ss.android.ugc.aweme-sWxsoc19sPwX3CppMH73Qg==/base.apk!classes16.dex): ok
09-01 22:09:30.537  1735  3011 D CoreBackPreview: Window{731fd42 u0 com.ss.android.ugc.aweme/com.ss.android.ugc.aweme.splash.SplashActivity}: Setting back callback OnBackInvokedCallbackInfo{mCallback=android.window.IOnBackInvokedCallback$Stub$Proxy@c6dbb45, mPriority=0, mIsAnimationCallback=false, mOverrideBehavior=0}
09-01 22:09:30.541 26598 26990 D nativeloader: Load /data/app/~~na7dq0QJPM3TlOgWfFFaKg==/com.ss.android.ugc.aweme-sWxsoc19sPwX3CppMH73Qg==/lib/arm64/libvcn.so using ns clns-7 from class loader (caller=/data/app/~~na7dq0QJPM3TlOgWfFFaKg==/com.ss.android.ugc.aweme-sWxsoc19sPwX3CppMH73Qg==/base.apk!classes16.dex): ok
09-01 22:09:30.546 26598 26990 D nativeloader: Load /data/app/~~na7dq0QJPM3TlOgWfFFaKg==/com.ss.android.ugc.aweme-sWxsoc19sPwX3CppMH73Qg==/lib/arm64/libvcnverify.so using ns clns-7 from class loader (caller=/data/app/~~na7dq0QJPM3TlOgWfFFaKg==/com.ss.android.ugc.aweme-sWxsoc19sPwX3CppMH73Qg==/base.apk!classes16.dex): ok
09-01 22:09:30.552 26598 26598 W VideoPreloadHan: type=1400 audit(0.0:960): avc:  granted  { execute } for  path="/data/data/com.ss.android.ugc.aweme/files/plugins/com.ss.android.ugc.aweme.videocache_v2/version-35109037/lib/libmdlttquicheloader.so" dev="dm-56" ino=60430 scontext=u:r:untrusted_app:s0:c25,c257,c512,c768 tcontext=u:object_r:app_data_file:s0:c25,c257,c512,c768 tclass=file app=com.ss.android.ugc.aweme
09-01 22:09:30.546 26598 26990 D nativeloader: Load /data/app/~~na7dq0QJPM3TlOgWfFFaKg==/com.ss.android.ugc.aweme-sWxsoc19sPwX3CppMH73Qg==/lib/arm64/libavmdlbase.so using ns clns-7 from class loader (caller=/data/app/~~na7dq0QJPM3TlOgWfFFaKg==/com.ss.android.ugc.aweme-sWxsoc19sPwX3CppMH73Qg==/base.apk!classes16.dex): ok
09-01 22:09:30.549  1735  3011 W ActivityManager: Unable to start service Intent { act=com.bun.msa.action.start.service cmp=com.mdid.msa/.service.MsaKlService (has extras) } U=0: not found
09-01 22:09:30.551 26598 26990 D nativeloader: Load /data/app/~~na7dq0QJPM3TlOgWfFFaKg==/com.ss.android.ugc.aweme-sWxsoc19sPwX3CppMH73Qg==/lib/arm64/libavmdlv2.so using ns clns-7 from class loader (caller=/data/app/~~na7dq0QJPM3TlOgWfFFaKg==/com.ss.android.ugc.aweme-sWxsoc19sPwX3CppMH73Qg==/base.apk!classes16.dex): ok
09-01 22:09:30.552  1735  2500 W ActivityManager: Unable to start service Intent { act=com.bun.msa.action.bindto.service cmp=com.mdid.msa/.service.MsaIdService (has extras) } U=0: not found
09-01 22:09:30.554 26598 26990 D nativeloader: Load /data/user/0/com.ss.android.ugc.aweme/files/plugins/com.ss.android.ugc.aweme.videocache_v2/version-35109037/lib/libmdlttquicheloader.so using ns clns-10 from class loader (caller=<unknown>): ok
09-01 22:09:30.573 26598 26990 D nativeloader: Load /data/app/~~na7dq0QJPM3TlOgWfFFaKg==/com.ss.android.ugc.aweme-sWxsoc19sPwX3CppMH73Qg==/lib/arm64/libpreload.so using ns clns-7 from class loader (caller=/data/app/~~na7dq0QJPM3TlOgWfFFaKg==/com.ss.android.ugc.aweme-sWxsoc19sPwX3CppMH73Qg==/base.apk!classes16.dex): ok
09-01 22:09:30.581 26598 26990 D nativeloader: Load /data/app/~~na7dq0QJPM3TlOgWfFFaKg==/com.ss.android.ugc.aweme-sWxsoc19sPwX3CppMH73Qg==/lib/arm64/libByteVC1_dec.so using ns clns-7 from class loader (caller=/data/app/~~na7dq0QJPM3TlOgWfFFaKg==/com.ss.android.ugc.aweme-sWxsoc19sPwX3CppMH73Qg==/base.apk!classes16.dex): ok
09-01 22:09:30.582 26598 26990 D nativeloader: Load /data/app/~~na7dq0QJPM3TlOgWfFFaKg==/com.ss.android.ugc.aweme-sWxsoc19sPwX3CppMH73Qg==/lib/arm64/libbyteVC2dec.so using ns clns-7 from class loader (caller=/data/app/~~na7dq0QJPM3TlOgWfFFaKg==/com.ss.android.ugc.aweme-sWxsoc19sPwX3CppMH73Qg==/base.apk!classes16.dex): ok
09-01 22:09:30.592 26598 26990 D nativeloader: Load /data/app/~~na7dq0QJPM3TlOgWfFFaKg==/com.ss.android.ugc.aweme-sWxsoc19sPwX3CppMH73Qg==/lib/arm64/libttffmpeg.so using ns clns-7 from class loader (caller=/data/app/~~na7dq0QJPM3TlOgWfFFaKg==/com.ss.android.ugc.aweme-sWxsoc19sPwX3CppMH73Qg==/base.apk!classes16.dex): ok
09-01 22:09:30.598 26598 26990 D nativeloader: Load /data/app/~~na7dq0QJPM3TlOgWfFFaKg==/com.ss.android.ugc.aweme-sWxsoc19sPwX3CppMH73Qg==/lib/arm64/libttmplayer.so using ns clns-7 from class loader (caller=/data/app/~~na7dq0QJPM3TlOgWfFFaKg==/com.ss.android.ugc.aweme-sWxsoc19sPwX3CppMH73Qg==/base.apk!classes16.dex): ok
09-01 22:09:30.627 26598 26990 D nativeloader: Load /data/app/~~na7dq0QJPM3TlOgWfFFaKg==/com.ss.android.ugc.aweme-sWxsoc19sPwX3CppMH73Qg==/lib/arm64/libttmpaflns.so using ns clns-7 from class loader (caller=/data/app/~~na7dq0QJPM3TlOgWfFFaKg==/com.ss.android.ugc.aweme-sWxsoc19sPwX3CppMH73Qg==/base.apk!classes16.dex): ok
09-01 22:09:30.646 26598 26990 D nativeloader: Load libttmpaflna.so using ns clns-7 from class loader (caller=/data/app/~~na7dq0QJPM3TlOgWfFFaKg==/com.ss.android.ugc.aweme-sWxsoc19sPwX3CppMH73Qg==/base.apk!classes16.dex): dlopen failed: library "libttmpaflna.so" not found
09-01 22:09:30.684 26598 26598 W Thread-6: type=1400 audit(0.0:961): avc:  denied  { read } for  name="arp" dev="proc" ino=4026532015 scontext=u:r:untrusted_app:s0:c25,c257,c512,c768 tcontext=u:object_r:proc_net:s0 tclass=file permissive=0 app=com.ss.android.ugc.aweme
09-01 22:09:30.762  4015  4015 I GoogleInputMethodService: GoogleInputMethodService.onStartInput():1911 onStartInput(EditorInfo{EditorInfo{packageName=com.ss.android.ugc.aweme, inputType=0, inputTypeString=NULL, enableLearning=false, autoCorrection=false, autoComplete=false, imeOptions=0, privateImeOptions=null, actionName=UNSPECIFIED, actionLabel=null, initialSelStart=-1, initialSelEnd=-1, initialCapsMode=0, label=null, fieldId=0, fieldName=null, extras=null, hintText=null, hintLocales=[]}}, false)
09-01 22:09:30.764  1735  3011 W PackageConfigPersister: App-specific configuration not found for packageName: com.ss.android.ugc.aweme and userId: 0
09-01 22:09:30.820  1735  1966 D ConnectivityService: releasing NetworkRequest [ REQUEST id=387, [ Transports: CELLULAR Capabilities: INTERNET&NOT_RESTRICTED&TRUSTED&NOT_VPN&NOT_VCN_MANAGED&NOT_BANDWIDTH_CONSTRAINED Forbidden: LOCAL_NETWORK Uid: 10281 RequestorUid: 10281 RequestorPkg: com.ss.android.ugc.aweme UnderlyingNetworks: Null] ] (release request)
09-01 22:09:30.826  1735  1791 I ActivityTaskManager: Displayed com.ss.android.ugc.aweme/.splash.SplashActivity for user 0: +961ms
09-01 22:09:30.882 26598 27098 D nativeloader: Load /data/app/~~na7dq0QJPM3TlOgWfFFaKg==/com.ss.android.ugc.aweme-sWxsoc19sPwX3CppMH73Qg==/lib/arm64/libimagepipeline.so using ns clns-7 from class loader (caller=/data/app/~~na7dq0QJPM3TlOgWfFFaKg==/com.ss.android.ugc.aweme-sWxsoc19sPwX3CppMH73Qg==/base.apk!classes16.dex): ok
09-01 22:09:30.899  1735  3011 I ActivityManager: Process com.google.android.apps.dreamliner (pid 3029) has died: cch+95 CEM 
09-01 22:09:30.914  1735  1785 I ActivityManager: Process com.google.android.repairmode (pid 4027) has died: cch+95 CEM 
09-01 22:09:30.915  1735  1785 I ActivityManager: Killing 4977:com.google.android.apps.diagnosticstool/u0a154 (adj 995): depends on provider com.google.android.repairmode/.RepairModeProvider in dying proc com.google.android.repairmode (adj -10000)
09-01 22:09:30.922  1735  1966 D ConnectivityService: releasing NetworkRequest [ REQUEST id=388, [ Transports: CELLULAR Capabilities: INTERNET&NOT_RESTRICTED&TRUSTED&NOT_VPN&NOT_VCN_MANAGED&NOT_BANDWIDTH_CONSTRAINED Forbidden: LOCAL_NETWORK Uid: 10281 RequestorUid: 10281 RequestorPkg: com.ss.android.ugc.aweme UnderlyingNetworks: Null] ] (release request)
09-01 22:09:30.923  1735  1966 D ConnectivityService: releasing NetworkRequest [ REQUEST id=389, [ Transports: CELLULAR Capabilities: INTERNET&NOT_RESTRICTED&TRUSTED&NOT_VPN&NOT_VCN_MANAGED&NOT_BANDWIDTH_CONSTRAINED Forbidden: LOCAL_NETWORK Uid: 10281 RequestorUid: 10281 RequestorPkg: com.ss.android.ugc.aweme UnderlyingNetworks: Null] ] (release request)
09-01 22:09:30.927 26989 26989 D nativeloader: Configuring clns-7 for other apk /data/app/~~na7dq0QJPM3TlOgWfFFaKg==/com.ss.android.ugc.aweme-sWxsoc19sPwX3CppMH73Qg==/base.apk. target_sdk_version=34, uses_libraries=libOpenCL.so:libOpenCL-pixel.so, library_path=/data/app/~~na7dq0QJPM3TlOgWfFFaKg==/com.ss.android.ugc.aweme-sWxsoc19sPwX3CppMH73Qg==/lib/arm64:/data/app/~~na7dq0QJPM3TlOgWfFFaKg==/com.ss.android.ugc.aweme-sWxsoc19sPwX3CppMH73Qg==/base.apk!/lib/arm64-v8a, permitted_path=/data:/mnt/expand:/data/user/0/com.ss.android.ugc.aweme
09-01 22:09:30.948 26989 26989 V GraphicsEnvironment: com.ss.android.ugc.aweme is not listed in per-application setting
09-01 22:09:30.967 26989 26989 W .ugc.aweme:push: Method java.util.Set com.ss.android.ugc.MonsterSingleTon.com_ss_android_ugc_aweme_IDetailPageOperatorService(boolean) failed lock verification and will run slower.
09-01 22:09:30.967 26989 26989 W .ugc.aweme:push: Method java.util.Set com.ss.android.ugc.MonsterSingleTon.com_ss_android_ugc_aweme_aggregation_item_IAggregatedItemTypeConfig(boolean) failed lock verification and will run slower.
09-01 22:09:30.968 26989 26989 W .ugc.aweme:push: Method java.util.Set com.ss.android.ugc.MonsterSingleTon.com_ss_android_ugc_aweme_api_popview_IDynamicPopViewHandler(boolean) failed lock verification and will run slower.
09-01 22:09:30.968 26989 26989 W .ugc.aweme:push: Method java.util.Set com.ss.android.ugc.MonsterSingleTon.com_ss_android_ugc_aweme_api_tab_IHomeTabConfigExtension(boolean) failed lock verification and will run slower.
09-01 22:09:30.968 26989 26989 W .ugc.aweme:push: Method java.util.Set com.ss.android.ugc.MonsterSingleTon.com_ss_android_ugc_aweme_api_tab_IHomeTabConfigExtension_homepage_theater(boolean) failed lock verification and will run slower.
09-01 22:09:30.968 26989 26989 W .ugc.aweme:push: Method java.util.Set com.ss.android.ugc.MonsterSingleTon.com_ss_android_ugc_aweme_api_tab_IHomeTabConfigExtension_mall(boolean) failed lock verification and will run slower.
09-01 22:09:30.968 26989 26989 W .ugc.aweme:push: Method java.util.Set com.ss.android.ugc.MonsterSingleTon.com_ss_android_ugc_aweme_api_tab_IHomeTabConfigExtension_nearby(boolean) failed lock verification and will run slower.
09-01 22:09:30.969 26989 26989 W .ugc.aweme:push: Method java.util.Set com.ss.android.ugc.MonsterSingleTon.com_ss_android_ugc_aweme_base_module_ISearchComponentCustomFactory(boolean) failed lock verification and will run slower.
09-01 22:09:30.969 26989 26989 W .ugc.aweme:push: Method java.util.Set com.ss.android.ugc.MonsterSingleTon.com_ss_android_ugc_aweme_bigcard_component_IRecUserBigCardComponentFactory(boolean) failed lock verification and will run slower.
09-01 22:09:30.969 26989 26989 W .ugc.aweme:push: Method java.util.Set com.ss.android.ugc.MonsterSingleTon.com_ss_android_ugc_aweme_bizmodule_c2feed_multitab_component_root_IGrouponFeedComponentFactory(boolean) failed lock verification and will run slower.
09-01 22:09:30.970 26989 26989 W .ugc.aweme:push: Method java.util.Set com.ss.android.ugc.MonsterSingleTon.com_ss_android_ugc_aweme_bullet_BridgeMethodFactory(boolean) failed lock verification and will run slower.
09-01 22:09:30.970 26989 26989 W .ugc.aweme:push: Method java.util.Set com.ss.android.ugc.MonsterSingleTon.com_ss_android_ugc_aweme_bullet_api_IBulletBridgeProvider(boolean) failed lock verification and will run slower.
09-01 22:09:30.970 26989 26989 W .ugc.aweme:push: Method java.util.Set com.ss.android.ugc.MonsterSingleTon.com_ss_android_ugc_aweme_c2feed_flow_C2FeedApiBodyExt(boolean) failed lock verification and will run slower.
09-01 22:09:30.970 26989 26989 W .ugc.aweme:push: Method java.util.Set com.ss.android.ugc.MonsterSingleTon.com_ss_android_ugc_aweme_c2page_api_IC2LaunchPreloadTask(boolean) failed lock verification and will run slower.
09-01 22:09:30.971 26989 26989 W .ugc.aweme:push: Method java.util.Set com.ss.android.ugc.MonsterSingleTon.com_ss_android_ugc_aweme_comment_manager_longclickaction_actions_interfaces_ICommentLongPressItemRegister(boolean) failed lock verification and will run slower.
09-01 22:09:30.971 26989 26989 W .ugc.aweme:push: Method java.util.Set com.ss.android.ugc.MonsterSingleTon.com_ss_android_ugc_aweme_comment_services_ICommentSpanDelegate(boolean) failed lock verification and will run slower.
09-01 22:09:30.971 26989 26989 W .ugc.aweme:push: Method java.util.Set com.ss.android.ugc.MonsterSingleTon.com_ss_android_ugc_aweme_comment_services_header_ICommentAnchorService(boolean) failed lock verification and will run slower.
09-01 22:09:30.971 26989 26989 W .ugc.aweme:push: Method java.util.Set com.ss.android.ugc.MonsterSingleTon.com_ss_android_ugc_aweme_comment_services_router_ICommentRouteParamsAppender(boolean) failed lock verification and will run slower.
09-01 22:09:30.971 26989 26989 W .ugc.aweme:push: Method java.util.Set com.ss.android.ugc.MonsterSingleTon.com_ss_android_ugc_aweme_commercialize_anchor_AnchorListPanelFilter(boolean) failed lock verification and will run slower.
09-01 22:09:30.972 26989 26989 W .ugc.aweme:push: Method java.util.Set com.ss.android.ugc.MonsterSingleTon.com_ss_android_ugc_aweme_commercialize_feed_IFeedAdComponentPreloadProvider(boolean) failed lock verification and will run slower.
09-01 22:09:30.972 26989 26989 W .ugc.aweme:push: Method java.util.Set com.ss.android.ugc.MonsterSingleTon.com_ss_android_ugc_aweme_commercialize_power_IFeedAdPowerDowngradeTask(boolean) failed lock verification and will run slower.
09-01 22:09:30.972 26989 26989 W .ugc.aweme:push: Method java.util.Set com.ss.android.ugc.MonsterSingleTon.com_ss_android_ugc_aweme_commercialize_service_IAdPreloadViewProvider(boolean) failed lock verification and will run slower.
09-01 22:09:30.972 26989 26989 W .ugc.aweme:push: Method java.util.Set com.ss.android.ugc.MonsterSingleTon.com_ss_android_ugc_aweme_common_circle_label_ICircleLabel(boolean) failed lock verification and will run slower.
09-01 22:09:30.972 26989 26989 W .ugc.aweme:push: Method java.util.Set com.ss.android.ugc.MonsterSingleTon.com_ss_android_ugc_aweme_common_circle_label_ICirclePortraitLabel(boolean) failed lock verification and will run slower.
09-01 22:09:30.972 26989 26989 W .ugc.aweme:push: Method java.util.Set com.ss.android.ugc.MonsterSingleTon.com_ss_android_ugc_aweme_continueplay_IContinuePlayService(boolean) failed lock verification and will run slower.
09-01 22:09:30.973 26989 26989 W .ugc.aweme:push: Method java.util.Set com.ss.android.ugc.MonsterSingleTon.com_ss_android_ugc_aweme_detail_extensions_component_IDetailComponentFactory(boolean) failed lock verification and will run slower.
09-01 22:09:30.973 26989 26989 W .ugc.aweme:push: Method java.util.Set com.ss.android.ugc.MonsterSingleTon.com_ss_android_ugc_aweme_detail_ultra_IDetailFeedFactory(boolean) failed lock verification and will run slower.
09-01 22:09:30.973 26989 26989 W .ugc.aweme:push: Method java.util.Set com.ss.android.ugc.MonsterSingleTon.com_ss_android_ugc_aweme_discover_extensions_ISnapBoostClassesProvider(boolean) failed lock verification and will run slower.
09-01 22:09:30.973 26989 26989 W .ugc.aweme:push: Method java.util.Set com.ss.android.ugc.MonsterSingleTon.com_ss_android_ugc_aweme_discover_extensions_LegoTaskProvider(boolean) failed lock verification and will run slower.
09-01 22:09:30.976 26989 26989 W .ugc.aweme:push: Method java.util.Set com.ss.android.ugc.MonsterSingleTon.com_ss_android_ugc_aweme_discover_ui_feedcontainer_modules_page_module_IModule$IFactory(boolean) failed lock verification and will run slower.
09-01 22:09:30.976 26989 26989 W .ugc.aweme:push: Method java.util.Set com.ss.android.ugc.MonsterSingleTon.com_ss_android_ugc_aweme_entertainment_mob_interceptor_IMobInterceptor(boolean) failed lock verification and will run slower.
09-01 22:09:30.976 26989 26989 W .ugc.aweme:push: Method java.util.Set com.ss.android.ugc.MonsterSingleTon.com_ss_android_ugc_aweme_entertainment_mob_spi_IMobNodeExtension(boolean) failed lock verification and will run slower.
09-01 22:09:30.977 26989 26989 W .ugc.aweme:push: Method java.util.Set com.ss.android.ugc.MonsterSingleTon.com_ss_android_ugc_aweme_familiar_friends_story_list_IStoryHolderFactory(boolean) failed lock verification and will run slower.
09-01 22:09:30.977  1735  1785 I ActivityManager: Process com.google.android.onetimeinitializer (pid 4706) has died: cch+95 CEM 
09-01 22:09:30.979 26989 26989 W .ugc.aweme:push: Method java.util.Set com.ss.android.ugc.MonsterSingleTon.com_ss_android_ugc_aweme_familiar_notice_FTDListener(boolean) failed lock verification and will run slower.
09-01 22:09:30.979 26989 26989 W .ugc.aweme:push: Method java.util.Set com.ss.android.ugc.MonsterSingleTon.com_ss_android_ugc_aweme_familiar_notice_IFTDRegistry(boolean) failed lock verification and will run slower.
09-01 22:09:30.980 26989 26989 W .ugc.aweme:push: Method java.util.Set com.ss.android.ugc.MonsterSingleTon.com_ss_android_ugc_aweme_familiar_service_ISocialCommonBusinessInnerService(boolean) failed lock verification and will run slower.
09-01 22:09:30.980 26989 26989 W .ugc.aweme:push: Method java.util.Set com.ss.android.ugc.MonsterSingleTon.com_ss_android_ugc_aweme_familiar_story_IStoryFlowLogicFactory(boolean) failed lock verification and will run slower.
09-01 22:09:30.981 26989 26989 W .ugc.aweme:push: Method java.util.Set com.ss.android.ugc.MonsterSingleTon.com_ss_android_ugc_aweme_feed_adapter_dynamicviewholder_bulletviewholder_IBulletHolderProviderFactory(boolean) failed lock verification and will run slower.
09-01 22:09:30.981 26989 26989 W .ugc.aweme:push: Method java.util.Set com.ss.android.ugc.MonsterSingleTon.com_ss_android_ugc_aweme_feed_adapter_dynamicviewholder_customview_CustomViewFeedConfigExt(boolean) failed lock verification and will run slower.
09-01 22:09:30.981 26989 26989 W .ugc.aweme:push: Method java.util.Set com.ss.android.ugc.MonsterSingleTon.com_ss_android_ugc_aweme_feed_adapter_extend_FeedViewHolderExtendFactory(boolean) failed lock verification and will run slower.
09-01 22:09:30.981 26989 26989 W .ugc.aweme:push: Method java.util.Set com.ss.android.ugc.MonsterSingleTon.com_ss_android_ugc_aweme_feed_alien_card_template_component_IAlienCardComponentFactory(boolean) failed lock verification and will run slower.
09-01 22:09:30.982 26989 26989 W .ugc.aweme:push: Method java.util.Set com.ss.android.ugc.MonsterSingleTon.com_ss_android_ugc_aweme_feed_alien_card_template_type_natives_IAlienCardTemplateHolderFactory(boolean) failed lock verification and will run slower.
09-01 22:09:30.982 26989 26989 W .ugc.aweme:push: Method java.util.Set com.ss.android.ugc.MonsterSingleTon.com_ss_android_ugc_aweme_feed_anchor_framework_service_IFeedAnchorFrameworkService(boolean) failed lock verification and will run slower.
09-01 22:09:30.982 26989 26989 W .ugc.aweme:push: Method java.util.Set com.ss.android.ugc.MonsterSingleTon.com_ss_android_ugc_aweme_feed_api_bodyinject_FeedApiBodyExt(boolean) failed lock verification and will run slower.
09-01 22:09:30.982 26989 26989 W .ugc.aweme:push: Method java.util.Set com.ss.android.ugc.MonsterSingleTon.com_ss_android_ugc_aweme_feed_avatar_entrance_IFeedAvatarEntranceFactory(boolean) failed lock verification and will run slower.
09-01 22:09:30.982 26989 26989 W .ugc.aweme:push: Method java.util.Set com.ss.android.ugc.MonsterSingleTon.com_ss_android_ugc_aweme_feed_bottombar_provider_IBottomBarProvider(boolean) failed lock verification and will run slower.
09-01 22:09:30.983 26989 26989 W .ugc.aweme:push: Method java.util.Set com.ss.android.ugc.MonsterSingleTon.com_ss_android_ugc_aweme_feed_bottombtn_framework_service_IFeedBottomBtnFactory(boolean) failed lock verification and will run slower.
09-01 22:09:30.983 26989 26989 W .ugc.aweme:push: Method java.util.Set com.ss.android.ugc.MonsterSingleTon.com_ss_android_ugc_aweme_feed_cache_info_ICacheInfoExt(boolean) failed lock verification and will run slower.
09-01 22:09:30.983 26989 26989 W .ugc.aweme:push: Method java.util.Set com.ss.android.ugc.MonsterSingleTon.com_ss_android_ugc_aweme_feed_danmaku_IDanmakuConfigInit(boolean) failed lock verification and will run slower.
09-01 22:09:30.983 26989 26989 W .ugc.aweme:push: Method java.util.Set com.ss.android.ugc.MonsterSingleTon.com_ss_android_ugc_aweme_feed_danmaku_IDanmakuQModelCovert(boolean) failed lock verification and will run slower.
09-01 22:09:30.983 26989 26989 W .ugc.aweme:push: Method java.util.Set com.ss.android.ugc.MonsterSingleTon.com_ss_android_ugc_aweme_feed_data_processor_IFTFeedProcessor(boolean) failed lock verification and will run slower.
09-01 22:09:30.983 26989 26989 W .ugc.aweme:push: Method java.util.Set com.ss.android.ugc.MonsterSingleTon.com_ss_android_ugc_aweme_feed_extend_FeedDecoupleService(boolean) failed lock verification and will run slower.
09-01 22:09:30.984 26989 26989 W .ugc.aweme:push: Method java.util.Set com.ss.android.ugc.MonsterSingleTon.com_ss_android_ugc_aweme_feed_long_press_panel_ILPPBizActionService(boolean) failed lock verification and will run slower.
09-01 22:09:30.984 26989 26989 W .ugc.aweme:push: Method java.util.Set com.ss.android.ugc.MonsterSingleTon.com_ss_android_ugc_aweme_feed_long_press_panel_ILPPConfigSceneExtension(boolean) failed lock verification and will run slower.
09-01 22:09:30.984 26989 26989 W .ugc.aweme:push: Method java.util.Set com.ss.android.ugc.MonsterSingleTon.com_ss_android_ugc_aweme_feed_long_press_panel_modules_extension_LPPModuleExtension(boolean) failed lock verification and will run slower.
09-01 22:09:30.984 26989 26989 W .ugc.aweme:push: Method java.util.Set com.ss.android.ugc.MonsterSingleTon.com_ss_android_ugc_aweme_feed_long_press_panel_panelconfig_model_ILPPConfigModuleFactory(boolean) failed lock verification and will run slower.
09-01 22:09:30.984 26989 26989 W .ugc.aweme:push: Method java.util.Set com.ss.android.ugc.MonsterSingleTon.com_ss_android_ugc_aweme_feed_pause_mode_framework_service_IFeedPauseModeBizModuleFactory(boolean) failed lock verification and will run slower.
09-01 22:09:30.986 26989 26989 W .ugc.aweme:push: Method java.util.Set com.ss.android.ugc.MonsterSingleTon.com_ss_android_ugc_aweme_feed_plato_business_contentconsumption_IBaseListFragmentComponentFactory(boolean) failed lock verification and will run slower.
09-01 22:09:30.986 26989 26989 W .ugc.aweme:push: Method java.util.Set com.ss.android.ugc.MonsterSingleTon.com_ss_android_ugc_aweme_feed_plato_business_contentconsumption_generalvideoscaling_IBlockVideoScaleService(boolean) failed lock verification and will run slower.
09-01 22:09:30.986 26989 26989 W .ugc.aweme:push: Method java.util.Set com.ss.android.ugc.MonsterSingleTon.com_ss_android_ugc_aweme_feed_plato_business_experience_evaluate_bean_IContentBatchEvaluatorV2(boolean) failed lock verification and will run slower.
09-01 22:09:30.986 26989 26989 W .ugc.aweme:push: Method java.util.Set com.ss.android.ugc.MonsterSingleTon.com_ss_android_ugc_aweme_feed_plato_business_experience_evaluate_bean_IContentEvaluator(boolean) failed lock verification and will run slower.
09-01 22:09:30.987 26989 26989 W .ugc.aweme:push: Method java.util.Set com.ss.android.ugc.MonsterSingleTon.com_ss_android_ugc_aweme_feed_plato_business_experience_evaluate_bean_IContentEvaluatorV2(boolean) failed lock verification and will run slower.
09-01 22:09:30.987 26989 26989 W .ugc.aweme:push: Method java.util.Set com.ss.android.ugc.MonsterSingleTon.com_ss_android_ugc_aweme_feed_plato_business_experience_filter_provider_IFeedInfoProvider(boolean) failed lock verification and will run slower.
09-01 22:09:30.987 26989 26989 W .ugc.aweme:push: Method java.util.Set com.ss.android.ugc.MonsterSingleTon.com_ss_android_ugc_aweme_feed_plato_business_experience_v2sequence_business_global_GlobalFeatureProviderService(boolean) failed lock verification and will run slower.
09-01 22:09:30.987 26989 26989 W .ugc.aweme:push: Method java.util.Set com.ss.android.ugc.MonsterSingleTon.com_ss_android_ugc_aweme_feed_plato_business_experience_v2sequence_core_LogLogicFeatures(boolean) failed lock verification and will run slower.
09-01 22:09:30.987 26989 26989 W .ugc.aweme:push: Method java.util.Set com.ss.android.ugc.MonsterSingleTon.com_ss_android_ugc_aweme_feed_plato_business_experience_v2sequence_core_net_CustomFreeRideFilter(boolean) failed lock verification and will run slower.
09-01 22:09:30.987 26989 26989 W .ugc.aweme:push: Method java.util.Set com.ss.android.ugc.MonsterSingleTon.com_ss_android_ugc_aweme_feed_plato_business_experience_v2sequence_core_net_FeatureFreeRideListener(boolean) failed lock verification and will run slower.
09-01 22:09:30.987 26989 26989 W .ugc.aweme:push: Method java.util.Set com.ss.android.ugc.MonsterSingleTon.com_ss_android_ugc_aweme_feed_plato_business_experience_v2sequence_core_net_FreeRideApiConfigProvider(boolean) failed lock verification and will run slower.
09-01 22:09:30.987 26989 26989 W .ugc.aweme:push: Method java.util.Set com.ss.android.ugc.MonsterSingleTon.com_ss_android_ugc_aweme_feed_plato_business_experience_v2sequence_core_net_FreeRideConfigProvider(boolean) failed lock verification and will run slower.
09-01 22:09:30.987 26989 26989 W .ugc.aweme:push: Method java.util.Set com.ss.android.ugc.MonsterSingleTon.com_ss_android_ugc_aweme_feed_plato_business_experience_v2sequence_core_pack_PackConfigProvider(boolean) failed lock verification and will run slower.
09-01 22:09:30.987 26989 26989 W .ugc.aweme:push: Method java.util.Set com.ss.android.ugc.MonsterSingleTon.com_ss_android_ugc_aweme_feed_plato_business_experience_v2sequence_core_process_ProcessedFeatureConfigProvider(boolean) failed lock verification and will run slower.
09-01 22:09:30.987 26989 26989 W .ugc.aweme:push: Method java.util.Set com.ss.android.ugc.MonsterSingleTon.com_ss_android_ugc_aweme_feed_plato_business_experience_v2sequence_core_provider_LogFeatureConfigProvider(boolean) failed lock verification and will run slower.
09-01 22:09:30.987 26989 26989 W .ugc.aweme:push: Method java.util.Set com.ss.android.ugc.MonsterSingleTon.com_ss_android_ugc_aweme_feed_plato_business_experience_v2sequence_core_scene_store_SceneStoreConfigProvider(boolean) failed lock verification and will run slower.
09-01 22:09:30.987 26989 26989 W .ugc.aweme:push: Method java.util.Set com.ss.android.ugc.MonsterSingleTon.com_ss_android_ugc_aweme_feed_plato_common_fullfeed_template_IFullFeedExtensionsFactoryProvider(boolean) failed lock verification and will run slower.
09-01 22:09:30.987 26989 26989 W .ugc.aweme:push: Method java.util.Set com.ss.android.ugc.MonsterSingleTon.com_ss_android_ugc_aweme_feed_plato_common_pure_card_PureCardModeContributor(boolean) failed lock verification and will run slower.
09-01 22:09:30.987 26989 26989 W .ugc.aweme:push: Method java.util.Set com.ss.android.ugc.MonsterSingleTon.com_ss_android_ugc_aweme_feed_quick_uimodule_extend_IExtendBottomActionUIModuleExtension(boolean) failed lock verification and will run slower.
09-01 22:09:30.988 26989 26989 W .ugc.aweme:push: Method java.util.Set com.ss.android.ugc.MonsterSingleTon.com_ss_android_ugc_aweme_feed_quick_uimodule_extend_IExtendFeedRootUIModuleExtension(boolean) failed lock verification and will run slower.
09-01 22:09:30.988 26989 26989 W .ugc.aweme:push: Method java.util.Set com.ss.android.ugc.MonsterSingleTon.com_ss_android_ugc_aweme_feed_quick_uimodule_extension_FeedConfigExt(boolean) failed lock verification and will run slower.
09-01 22:09:30.988 26989 26989 W .ugc.aweme:push: Method java.util.Set com.ss.android.ugc.MonsterSingleTon.com_ss_android_ugc_aweme_feed_quick_uimodule_extension_FeedModuleExt(boolean) failed lock verification and will run slower.
09-01 22:09:30.988 26989 26989 W .ugc.aweme:push: Method java.util.Set com.ss.android.ugc.MonsterSingleTon.com_ss_android_ugc_aweme_feed_service_IFeatureProviderService(boolean) failed lock verification and will run slower.
09-01 22:09:30.988 26989 26989 W .ugc.aweme:push: Method java.util.Set com.ss.android.ugc.MonsterSingleTon.com_ss_android_ugc_aweme_feed_service_INearbyFeedTypeConfig(boolean) failed lock verification and will run slower.
09-01 22:09:30.988 26989 26989 W .ugc.aweme:push: Method java.util.Set com.ss.android.ugc.MonsterSingleTon.com_ss_android_ugc_aweme_feed_service_ISequenceItemProviderService(boolean) failed lock verification and will run slower.
09-01 22:09:30.988 26989 26989 W .ugc.aweme:push: Method java.util.Set com.ss.android.ugc.MonsterSingleTon.com_ss_android_ugc_aweme_feed_service_ISingleColumnSequenceConfigProvider(boolean) failed lock verification and will run slower.
09-01 22:09:30.988 26989 26989 W .ugc.aweme:push: Method java.util.Set com.ss.android.ugc.MonsterSingleTon.com_ss_android_ugc_aweme_feed_tag_ITagBusiness(boolean) failed lock verification and will run slower.
09-01 22:09:30.988 26989 26989 W .ugc.aweme:push: Method java.util.Set com.ss.android.ugc.MonsterSingleTon.com_ss_android_ugc_aweme_feed_tag_component_ICommonTagBusinessComponentFactory(boolean) failed lock verification and will run slower.
09-01 22:09:30.989 26989 26989 W .ugc.aweme:push: Method java.util.Set com.ss.android.ugc.MonsterSingleTon.com_ss_android_ugc_aweme_feed_trackevent_TrackNodeExtension(boolean) failed lock verification and will run slower.
09-01 22:09:30.989 26989 26989 W .ugc.aweme:push: Method java.util.Set com.ss.android.ugc.MonsterSingleTon.com_ss_android_ugc_aweme_feed_ui_masklayer2_OptionActionExtension(boolean) failed lock verification and will run slower.
09-01 22:09:30.989 26989 26989 W .ugc.aweme:push: Method java.util.Set com.ss.android.ugc.MonsterSingleTon.com_ss_android_ugc_aweme_flux_component_IFluxComponentRegister(boolean) failed lock verification and will run slower.
09-01 22:09:30.989 26989 26989 W .ugc.aweme:push: Method java.util.Set com.ss.android.ugc.MonsterSingleTon.com_ss_android_ugc_aweme_flux_component_IFluxComponentSceneRegister(boolean) failed lock verification and will run slower.
09-01 22:09:30.989 26989 26989 W .ugc.aweme:push: Method java.util.Set com.ss.android.ugc.MonsterSingleTon.com_ss_android_ugc_aweme_flux_register_button_IActionGroupModuleRegister(boolean) failed lock verification and will run slower.
09-01 22:09:30.989 26989 26989 W .ugc.aweme:push: Method java.util.Set com.ss.android.ugc.MonsterSingleTon.com_ss_android_ugc_aweme_frontier_ws_IWsListenerRegister(boolean) failed lock verification and will run slower.
09-01 22:09:30.989 26989 26989 W .ugc.aweme:push: Method java.util.Set com.ss.android.ugc.MonsterSingleTon.com_ss_android_ugc_aweme_homepage_land_interceptor_BaseGeneralLandingStrategyInterceptor(boolean) failed lock verification and will run slower.
09-01 22:09:30.989 26989 26989 W .ugc.aweme:push: Method java.util.Set com.ss.android.ugc.MonsterSingleTon.com_ss_android_ugc_aweme_homepage_touch_IMsgReachClientFactory(boolean) failed lock verification and will run slower.
09-01 22:09:30.989 26989 26989 W .ugc.aweme:push: Method java.util.Set com.ss.android.ugc.MonsterSingleTon.com_ss_android_ugc_aweme_horizon_playcontrol_IPhotosPlayStrategyProvider(boolean) failed lock verification and will run slower.
09-01 22:09:30.989 26989 26989 W .ugc.aweme:push: Method java.util.Set com.ss.android.ugc.MonsterSingleTon.com_ss_android_ugc_aweme_horizon_presenter_IHorizonPresenterRegistry(boolean) failed lock verification and will run slower.
09-01 22:09:30.989 26989 26989 W .ugc.aweme:push: Method java.util.Set com.ss.android.ugc.MonsterSingleTon.com_ss_android_ugc_aweme_im_external_IRoomBinderService(boolean) failed lock verification and will run slower.
09-01 22:09:30.990 26989 26989 W .ugc.aweme:push: Method java.util.Set com.ss.android.ugc.MonsterSingleTon.com_ss_android_ugc_aweme_im_sdk_share_pipeline_factory_interfaces_AfterSendSliceFactory(boolean) failed lock verification and will run slower.
09-01 22:09:30.990 26989 26989 W .ugc.aweme:push: Method java.util.Set com.ss.android.ugc.MonsterSingleTon.com_ss_android_ugc_aweme_im_sdk_share_pipeline_factory_interfaces_BeforeSendSliceFactory(boolean) failed lock verification and will run slower.
09-01 22:09:30.990 26989 26989 W .ugc.aweme:push: Method java.util.Set com.ss.android.ugc.MonsterSingleTon.com_ss_android_ugc_aweme_im_sdk_share_pipeline_factory_interfaces_ParserSliceFactory(boolean) failed lock verification and will run slower.
09-01 22:09:30.990 26989 26989 W .ugc.aweme:push: Method java.util.Set com.ss.android.ugc.MonsterSingleTon.com_ss_android_ugc_aweme_im_sdk_share_pipeline_factory_interfaces_SendRespSliceFactory(boolean) failed lock verification and will run slower.
09-01 22:09:30.990 26989 26989 W .ugc.aweme:push: Method java.util.Set com.ss.android.ugc.MonsterSingleTon.com_ss_android_ugc_aweme_im_sdk_share_pipeline_factory_interfaces_SendSliceFactory(boolean) failed lock verification and will run slower.
09-01 22:09:30.990 26989 26989 W .ugc.aweme:push: Method java.util.Set com.ss.android.ugc.MonsterSingleTon.com_ss_android_ugc_aweme_live_ILiveHostOuterService$ILiveJsbProvider(boolean) failed lock verification and will run slower.
09-01 22:09:30.990 26989 26989 W .ugc.aweme:push: Method java.util.Set com.ss.android.ugc.MonsterSingleTon.com_ss_android_ugc_aweme_local_test_services_UgDebugEditButtonViewProvider(boolean) failed lock verification and will run slower.
09-01 22:09:30.990 26989 26989 W .ugc.aweme:push: Method java.util.Set com.ss.android.ugc.MonsterSingleTon.com_ss_android_ugc_aweme_local_test_services_UgDebugTextButtonViewProvider(boolean) failed lock verification and will run slower.
09-01 22:09:30.991 26989 26989 W .ugc.aweme:push: Method java.util.Set com.ss.android.ugc.MonsterSingleTon.com_ss_android_ugc_aweme_local_test_services_UgDebugTextInfoViewProvider(boolean) failed lock verification and will run slower.
09-01 22:09:30.991 26989 26989 W .ugc.aweme:push: Method java.util.Set com.ss.android.ugc.MonsterSingleTon.com_ss_android_ugc_aweme_localize_service_tabledefine_ILocalizeTableDefineService(boolean) failed lock verification and will run slower.
09-01 22:09:30.991 26989 26989 W .ugc.aweme:push: Method java.util.Set com.ss.android.ugc.MonsterSingleTon.com_ss_android_ugc_aweme_main_landing_boot_interceptor_LandingStrategyProvider(boolean) failed lock verification and will run slower.
09-01 22:09:30.991 26989 26989 W .ugc.aweme:push: Method java.util.Set com.ss.android.ugc.MonsterSingleTon.com_ss_android_ugc_aweme_mate_guide_ISocialTipBannerProvider(boolean) failed lock verification and will run slower.
09-01 22:09:30.991 26989 26989 W .ugc.aweme:push: Method java.util.Set com.ss.android.ugc.MonsterSingleTon.com_ss_android_ugc_aweme_ml_video_channel_component_base_IMLVideoChannelComponentFactory(boolean) failed lock verification and will run slower.
09-01 22:09:30.992 26989 26989 W .ugc.aweme:push: Method java.util.Set com.ss.android.ugc.MonsterSingleTon.com_ss_android_ugc_aweme_ml_video_channel_newarch_component_base_IMLVideoComponentFactory(boolean) failed lock verification and will run slower.
09-01 22:09:30.992 26989 26989 W .ugc.aweme:push: Method java.util.Set com.ss.android.ugc.MonsterSingleTon.com_ss_android_ugc_aweme_ml_video_channel_pad_v1_repository_pack_base_PadElementPacker(boolean) failed lock verification and will run slower.
09-01 22:09:30.992 26989 26989 W .ugc.aweme:push: Method java.util.Set com.ss.android.ugc.MonsterSingleTon.com_ss_android_ugc_aweme_ml_video_channel_repository_filter_IDataFilter(boolean) failed lock verification and will run slower.
09-01 22:09:30.992 26989 26989 W .ugc.aweme:push: Method java.util.Set com.ss.android.ugc.MonsterSingleTon.com_ss_android_ugc_aweme_ml_video_channel_repository_pack_ElementPacker(boolean) failed lock verification and will run slower.
09-01 22:09:30.992 26989 26989 W .ugc.aweme:push: Method java.util.Set com.ss.android.ugc.MonsterSingleTon.com_ss_android_ugc_aweme_ml_video_channel_repository_strategy_PageLayoutStrategy(boolean) failed lock verification and will run slower.
09-01 22:09:30.992 26989 26989 W .ugc.aweme:push: Method java.util.Set com.ss.android.ugc.MonsterSingleTon.com_ss_android_ugc_aweme_ml_video_channel_repository_transformer_ICardTransformer(boolean) failed lock verification and will run slower.
09-01 22:09:30.992 26989 26989 W .ugc.aweme:push: Method java.util.Set com.ss.android.ugc.MonsterSingleTon.com_ss_android_ugc_aweme_modules_relatedList_click_IRVListItemClickProcessor(boolean) failed lock verification and will run slower.
09-01 22:09:30.992 26989 26989 W .ugc.aweme:push: Method java.util.Set com.ss.android.ugc.MonsterSingleTon.com_ss_android_ugc_aweme_monitor_scroll_IHomeScrollMonitorHandler(boolean) failed lock verification and will run slower.
09-01 22:09:30.992 26989 26989 W .ugc.aweme:push: Method java.util.Set com.ss.android.ugc.MonsterSingleTon.com_ss_android_ugc_aweme_newhubble_ability_IAbilityFactory(boolean) failed lock verification and will run slower.
09-01 22:09:30.992 26989 26989 W .ugc.aweme:push: Method java.util.Set com.ss.android.ugc.MonsterSingleTon.com_ss_android_ugc_aweme_notice_api_count_biz_IMessageTabDotBizFactory(boolean) failed lock verification and will run slower.
09-01 22:09:30.992 26989 26989 W .ugc.aweme:push: Method java.util.Set com.ss.android.ugc.MonsterSingleTon.com_ss_android_ugc_aweme_payment_ability_IPaymentAbilityProvider(boolean) failed lock verification and will run slower.
09-01 22:09:30.993 26989 26989 W .ugc.aweme:push: Method java.util.Set com.ss.android.ugc.MonsterSingleTon.com_ss_android_ugc_aweme_payment_ability_IPaymentCommonAbilityProvider(boolean) failed lock verification and will run slower.
09-01 22:09:30.993 26989 26989 W .ugc.aweme:push: Method java.util.Set com.ss.android.ugc.MonsterSingleTon.com_ss_android_ugc_aweme_playlet_cinema_component_base_IPlayletCinemaComponentFactory(boolean) failed lock verification and will run slower.
09-01 22:09:30.993 26989 26989 W .ugc.aweme:push: Method java.util.Set com.ss.android.ugc.MonsterSingleTon.com_ss_android_ugc_aweme_playlet_cinema_repository_filter_IDataFilterFactory(boolean) failed lock verification and will run slower.
09-01 22:09:30.993 26989 26989 W .ugc.aweme:push: Method java.util.Set com.ss.android.ugc.MonsterSingleTon.com_ss_android_ugc_aweme_poi_dcard_IPoiDCardVHDelegateProvider(boolean) failed lock verification and will run slower.
09-01 22:09:30.993 26989 26989 W .ugc.aweme:push: Method java.util.Set com.ss.android.ugc.MonsterSingleTon.com_ss_android_ugc_aweme_poi_service_IPoiDCardFeedsInterceptor(boolean) failed lock verification and will run slower.
09-01 22:09:30.993 26989 26989 W .ugc.aweme:push: Method java.util.Set com.ss.android.ugc.MonsterSingleTon.com_ss_android_ugc_aweme_popview_pizza_IPizzaLocCheckHandler(boolean) failed lock verification and will run slower.
09-01 22:09:30.993 26989 26989 W .ugc.aweme:push: Method java.util.Set com.ss.android.ugc.MonsterSingleTon.com_ss_android_ugc_aweme_privacy_permissionpanel_filter_IPermissionItemFilter(boolean) failed lock verification and will run slower.
09-01 22:09:30.993 26989 26989 W .ugc.aweme:push: Method java.util.Set com.ss.android.ugc.MonsterSingleTon.com_ss_android_ugc_aweme_privacy_permissionpanel_items_interceptor_IItemClickInterceptor(boolean) failed lock verification and will run slower.
09-01 22:09:30.993 26989 26989 W .ugc.aweme:push: Method java.util.Set com.ss.android.ugc.MonsterSingleTon.com_ss_android_ugc_aweme_profile_center_IEntryItem(boolean) failed lock verification and will run slower.
09-01 22:09:30.994 26989 26989 W .ugc.aweme:push: Method java.util.Set com.ss.android.ugc.MonsterSingleTon.com_ss_android_ugc_aweme_profile_ui_subtab_IProfileCollectSubTabCreator(boolean) failed lock verification and will run slower.
09-01 22:09:30.994 26989 26989 W .ugc.aweme:push: Method java.util.Set com.ss.android.ugc.MonsterSingleTon.com_ss_android_ugc_aweme_profile_ui_tab_IProfileTab(boolean) failed lock verification and will run slower.
09-01 22:09:30.994 26989 26989 W .ugc.aweme:push: Method java.util.Set com.ss.android.ugc.MonsterSingleTon.com_ss_android_ugc_aweme_publish_editsavelocal_bachdetect_ISaveLocalExtractor(boolean) failed lock verification and will run slower.
09-01 22:09:30.994 26989 26989 W .ugc.aweme:push: Method java.util.Set com.ss.android.ugc.MonsterSingleTon.com_ss_android_ugc_aweme_resume_AppFakeColdStartService(boolean) failed lock verification and will run slower.
09-01 22:09:30.994 26989 26989 W .ugc.aweme:push: Method java.util.Set com.ss.android.ugc.MonsterSingleTon.com_ss_android_ugc_aweme_search_IPageModuleRegistry(boolean) failed lock verification and will run slower.
09-01 22:09:30.994 26989 26989 W .ugc.aweme:push: Method java.util.Set com.ss.android.ugc.MonsterSingleTon.com_ss_android_ugc_aweme_search_common_list_protocol_ICardFactoryRegistry(boolean) failed lock verification and will run slower.
09-01 22:09:30.994 26989 26989 W .ugc.aweme:push: Method java.util.Set com.ss.android.ugc.MonsterSingleTon.com_ss_android_ugc_aweme_search_dynamic_core_ability_ISearchDynamicAbility$IFactory(boolean) failed lock verification and will run slower.
09-01 22:09:30.994 26989 26989 W .ugc.aweme:push: Method java.util.Set com.ss.android.ugc.MonsterSingleTon.com_ss_android_ugc_aweme_search_op_standard_SearchServiceToken$IProvider(boolean) failed lock verification and will run slower.
09-01 22:09:30.994 26989 26989 W .ugc.aweme:push: Method java.util.Set com.ss.android.ugc.MonsterSingleTon.com_ss_android_ugc_aweme_search_sse_common_SseBusinessDataType(boolean) failed lock verification and will run slower.
09-01 22:09:30.994 26989 26989 W .ugc.aweme:push: Method java.util.Set com.ss.android.ugc.MonsterSingleTon.com_ss_android_ugc_aweme_services_composer_feature_settings_ICameraSettingsItemService(boolean) failed lock verification and will run slower.
09-01 22:09:30.995 26989 26989 W .ugc.aweme:push: Method java.util.Set com.ss.android.ugc.MonsterSingleTon.com_ss_android_ugc_aweme_setting_search_data_ISettingSearchRegistry(boolean) failed lock verification and will run slower.
09-01 22:09:30.995 26989 26989 W .ugc.aweme:push: Method java.util.Set com.ss.android.ugc.MonsterSingleTon.com_ss_android_ugc_aweme_share_bottomoftitle_ISharePanelBottomOfTitleViewService(boolean) failed lock verification and will run slower.
09-01 22:09:30.996 26989 26989 W .ugc.aweme:push: Method java.util.Set com.ss.android.ugc.MonsterSingleTon.com_ss_android_ugc_aweme_shortvideo_infini_draft_IDraftRestorerProvider(boolean) failed lock verification and will run slower.
09-01 22:09:30.996 26989 26989 W .ugc.aweme:push: Method java.util.Set com.ss.android.ugc.MonsterSingleTon.com_ss_android_ugc_aweme_sidebar_ISideBarComponentConfigExtension(boolean) failed lock verification and will run slower.
09-01 22:09:30.996 26989 26989 W .ugc.aweme:push: Method java.util.Set com.ss.android.ugc.MonsterSingleTon.com_ss_android_ugc_aweme_smart_IPlayletInsertAdPredictService(boolean) failed lock verification and will run slower.
09-01 22:09:30.996 26989 26989 W .ugc.aweme:push: Method java.util.Set com.ss.android.ugc.MonsterSingleTon.com_ss_android_ugc_aweme_social_camera_component_QuickStoryPublishStrategyFactory(boolean) failed lock verification and will run slower.
09-01 22:09:30.996 26989 26989 W .ugc.aweme:push: Method java.util.Set com.ss.android.ugc.MonsterSingleTon.com_ss_android_ugc_aweme_specact_common_ByteSyncRegister(boolean) failed lock verification and will run slower.
09-01 22:09:30.996 26989 26989 W .ugc.aweme:push: Method java.util.Set com.ss.android.ugc.MonsterSingleTon.com_ss_android_ugc_aweme_specact_pendant_sync_UgDebugButtonViewProvider(boolean) failed lock verification and will run slower.
09-01 22:09:30.996 26989 26989 W .ugc.aweme:push: Method java.util.Set com.ss.android.ugc.MonsterSingleTon.com_ss_android_ugc_aweme_split_mv_lib_IViewTypeCollect(boolean) failed lock verification and will run slower.
09-01 22:09:30.996 26989 26989 W .ugc.aweme:push: Method java.util.Set com.ss.android.ugc.MonsterSingleTon.com_ss_android_ugc_aweme_split_mv_lib_msg_IMsgContentCollect(boolean) failed lock verification and will run slower.
09-01 22:09:30.996 26989 26989 W .ugc.aweme:push: Method java.util.Set com.ss.android.ugc.MonsterSingleTon.com_ss_android_ugc_aweme_tools_infini_advanceeditor_v2_bottombar_IADVEditorBottomBarConfigProvider(boolean) failed lock verification and will run slower.
09-01 22:09:30.996 26989 26989 W .ugc.aweme:push: Method java.util.Set com.ss.android.ugc.MonsterSingleTon.com_ss_android_ugc_aweme_tools_infini_forward_gesture_IBaseGestureProcessorProvider(boolean) failed lock verification and will run slower.
09-01 22:09:30.996 26989 26989 W .ugc.aweme:push: Method java.util.Set com.ss.android.ugc.MonsterSingleTon.com_ss_android_ugc_aweme_usercenter_service_IUCBusinessService(boolean) failed lock verification and will run slower.
09-01 22:09:30.996 26989 26989 W .ugc.aweme:push: Method java.util.Set com.ss.android.ugc.MonsterSingleTon.com_ss_android_ugc_aweme_vh_SkylightComponentRegistry(boolean) failed lock verification and will run slower.
09-01 22:09:30.997 26989 26989 W .ugc.aweme:push: Method java.util.Set com.ss.android.ugc.MonsterSingleTon.com_ss_android_ugc_aweme_xtab_newtab_component_factory_ILiveTabFeedChannelComponentFactory(boolean) failed lock verification and will run slower.
09-01 22:09:31.022  1735  1785 I ActivityManager: Process com.android.localtransport (pid 3823) has died: cch+95 CEM 
09-01 22:09:31.029 26989 26989 D nativeloader: Load /data/app/~~na7dq0QJPM3TlOgWfFFaKg==/com.ss.android.ugc.aweme-sWxsoc19sPwX3CppMH73Qg==/lib/arm64/libc++_shared.so using ns clns-7 from class loader (caller=/data/app/~~na7dq0QJPM3TlOgWfFFaKg==/com.ss.android.ugc.aweme-sWxsoc19sPwX3CppMH73Qg==/base.apk!classes16.dex): ok
09-01 22:09:31.030 26989 26989 D nativeloader: Load /data/app/~~na7dq0QJPM3TlOgWfFFaKg==/com.ss.android.ugc.aweme-sWxsoc19sPwX3CppMH73Qg==/lib/arm64/libkeva.so using ns clns-7 from class loader (caller=/data/app/~~na7dq0QJPM3TlOgWfFFaKg==/com.ss.android.ugc.aweme-sWxsoc19sPwX3CppMH73Qg==/base.apk!classes16.dex): ok
09-01 22:09:31.060 26989 26989 D nativeloader: Load /data/app/~~na7dq0QJPM3TlOgWfFFaKg==/com.ss.android.ugc.aweme-sWxsoc19sPwX3CppMH73Qg==/lib/arm64/libflipped.so using ns clns-7 from class loader (caller=/data/app/~~na7dq0QJPM3TlOgWfFFaKg==/com.ss.android.ugc.aweme-sWxsoc19sPwX3CppMH73Qg==/base.apk!classes16.dex): ok
09-01 22:09:31.061  1735  4374 I ActivityManager: Process com.android.printspooler (pid 2965) has died: cch+95 CEM 
09-01 22:09:31.076 26989 26989 D nativeloader: Load /data/app/~~na7dq0QJPM3TlOgWfFFaKg==/com.ss.android.ugc.aweme-sWxsoc19sPwX3CppMH73Qg==/lib/arm64/libnpth.so using ns clns-7 from class loader (caller=/data/app/~~na7dq0QJPM3TlOgWfFFaKg==/com.ss.android.ugc.aweme-sWxsoc19sPwX3CppMH73Qg==/base.apk!classes16.dex): ok
09-01 22:09:31.095  1735  4374 D CoreBackPreview: Window{ad56487 u0 Splash Screen com.ss.android.ugc.aweme EXITING}: Setting back callback null
09-01 22:09:31.136 26989 26989 D nativeloader: Load /data/app/~~na7dq0QJPM3TlOgWfFFaKg==/com.ss.android.ugc.aweme-sWxsoc19sPwX3CppMH73Qg==/lib/arm64/libsoloader.so using ns clns-7 from class loader (caller=/data/app/~~na7dq0QJPM3TlOgWfFFaKg==/com.ss.android.ugc.aweme-sWxsoc19sPwX3CppMH73Qg==/base.apk!classes16.dex): ok
09-01 22:09:31.190  2858  3075 W AdvertisingIdSettings: Package com.ss.android.ugc.aweme failed Ad Id permission check. Apps that target Android SDK 33 or higher should declare com.google.android.gms.permission.AD_ID in the app manifest to access Ad Id.
09-01 22:09:31.197 26598 27198 D nativeloader: Load /data/app/~~na7dq0QJPM3TlOgWfFFaKg==/com.ss.android.ugc.aweme-sWxsoc19sPwX3CppMH73Qg==/lib/arm64/libumeng-spy.so using ns clns-7 from class loader (caller=/data/app/~~na7dq0QJPM3TlOgWfFFaKg==/com.ss.android.ugc.aweme-sWxsoc19sPwX3CppMH73Qg==/base.apk!classes16.dex): ok
09-01 22:09:31.223 26598 27200 D nativeloader: Load /data/app/~~na7dq0QJPM3TlOgWfFFaKg==/com.ss.android.ugc.aweme-sWxsoc19sPwX3CppMH73Qg==/lib/arm64/libtnet-3.1.14.so using ns clns-7 from class loader (caller=/data/app/~~na7dq0QJPM3TlOgWfFFaKg==/com.ss.android.ugc.aweme-sWxsoc19sPwX3CppMH73Qg==/base.apk!classes16.dex): ok
09-01 22:09:31.232  1735  1871 D ConnectivityService: requestNetwork for uid/pid:10281/26598 activeRequest: null callbackRequest: 390 [NetworkRequest [ REQUEST id=391, [ Capabilities: INTERNET&NOT_RESTRICTED&TRUSTED&NOT_VCN_MANAGED&NOT_BANDWIDTH_CONSTRAINED Uid: 10281 RequestorUid: 10281 RequestorPkg: com.ss.android.ugc.aweme UnderlyingNetworks: Null] ]] callback flags: 0 order: 2147483647 isUidTracked: false declaredMethods: AVAIL|LOST|LP
09-01 22:09:31.234 26989 27209 D nativeloader: Load /data/app/~~na7dq0QJPM3TlOgWfFFaKg==/com.ss.android.ugc.aweme-sWxsoc19sPwX3CppMH73Qg==/lib/arm64/libalog.so using ns clns-7 from class loader (caller=/data/app/~~na7dq0QJPM3TlOgWfFFaKg==/com.ss.android.ugc.aweme-sWxsoc19sPwX3CppMH73Qg==/base.apk!classes16.dex): ok
09-01 22:09:31.234  1735  1952 D OemPaidWifiNetworkFactory: got request NetworkRequest [ REQUEST id=391, [ Capabilities: INTERNET&NOT_RESTRICTED&TRUSTED&NOT_VCN_MANAGED&NOT_BANDWIDTH_CONSTRAINED Uid: 10281 RequestorUid: 10281 RequestorPkg: com.ss.android.ugc.aweme UnderlyingNetworks: Null] ]
09-01 22:09:31.234  1735  1952 D MultiInternetWifiNetworkFactory: got request NetworkRequest [ REQUEST id=391, [ Capabilities: INTERNET&NOT_RESTRICTED&TRUSTED&NOT_VCN_MANAGED&NOT_BANDWIDTH_CONSTRAINED Uid: 10281 RequestorUid: 10281 RequestorPkg: com.ss.android.ugc.aweme UnderlyingNetworks: Null] ]
09-01 22:09:31.234  1735  1952 D WifiNetworkFactory: got request NetworkRequest [ REQUEST id=391, [ Capabilities: INTERNET&NOT_RESTRICTED&TRUSTED&NOT_VCN_MANAGED&NOT_BANDWIDTH_CONSTRAINED Uid: 10281 RequestorUid: 10281 RequestorPkg: com.ss.android.ugc.aweme UnderlyingNetworks: Null] ]
09-01 22:09:31.234  1735  1952 D UntrustedWifiNetworkFactory: got request NetworkRequest [ REQUEST id=391, [ Capabilities: INTERNET&NOT_RESTRICTED&TRUSTED&NOT_VCN_MANAGED&NOT_BANDWIDTH_CONSTRAINED Uid: 10281 RequestorUid: 10281 RequestorPkg: com.ss.android.ugc.aweme UnderlyingNetworks: Null] ]
09-01 22:09:31.304 26989 27172 D nativeloader: Load /data/app/~~na7dq0QJPM3TlOgWfFFaKg==/com.ss.android.ugc.aweme-sWxsoc19sPwX3CppMH73Qg==/lib/arm64/libsscronet.so using ns clns-7 from class loader (caller=/data/app/~~na7dq0QJPM3TlOgWfFFaKg==/com.ss.android.ugc.aweme-sWxsoc19sPwX3CppMH73Qg==/base.apk!classes16.dex): ok
09-01 22:09:31.333 26989 27246 D nativeloader: Load /data/app/~~na7dq0QJPM3TlOgWfFFaKg==/com.ss.android.ugc.aweme-sWxsoc19sPwX3CppMH73Qg==/lib/arm64/libhelios_bm.so using ns clns-7 from class loader (caller=/data/app/~~na7dq0QJPM3TlOgWfFFaKg==/com.ss.android.ugc.aweme-sWxsoc19sPwX3CppMH73Qg==/base.apk!classes16.dex): ok
09-01 22:09:31.346 26989 27172 D nativeloader: Load /data/app/~~na7dq0QJPM3TlOgWfFFaKg==/com.ss.android.ugc.aweme-sWxsoc19sPwX3CppMH73Qg==/lib/arm64/libsysoptimizer.so using ns clns-7 from class loader (caller=/data/app/~~na7dq0QJPM3TlOgWfFFaKg==/com.ss.android.ugc.aweme-sWxsoc19sPwX3CppMH73Qg==/base.apk!classes16.dex): ok
09-01 22:09:31.347 26989 27172 D nativeloader: Load /data/app/~~na7dq0QJPM3TlOgWfFFaKg==/com.ss.android.ugc.aweme-sWxsoc19sPwX3CppMH73Qg==/lib/arm64/libshadowhook.so using ns clns-7 from class loader (caller=/data/app/~~na7dq0QJPM3TlOgWfFFaKg==/com.ss.android.ugc.aweme-sWxsoc19sPwX3CppMH73Qg==/base.apk!classes16.dex): ok
09-01 22:09:31.349 26989 27171 D nativeloader: Load /data/app/~~na7dq0QJPM3TlOgWfFFaKg==/com.ss.android.ugc.aweme-sWxsoc19sPwX3CppMH73Qg==/lib/arm64/libttcrypto.so using ns clns-7 from class loader (caller=/data/app/~~na7dq0QJPM3TlOgWfFFaKg==/com.ss.android.ugc.aweme-sWxsoc19sPwX3CppMH73Qg==/base.apk!classes16.dex): ok
09-01 22:09:31.351 26989 27171 D nativeloader: Load /data/app/~~na7dq0QJPM3TlOgWfFFaKg==/com.ss.android.ugc.aweme-sWxsoc19sPwX3CppMH73Qg==/lib/arm64/libttboringssl.so using ns clns-7 from class loader (caller=/data/app/~~na7dq0QJPM3TlOgWfFFaKg==/com.ss.android.ugc.aweme-sWxsoc19sPwX3CppMH73Qg==/base.apk!classes16.dex): ok
09-01 22:09:31.368 26989 27216 D nativeloader: Load /data/app/~~na7dq0QJPM3TlOgWfFFaKg==/com.ss.android.ugc.aweme-sWxsoc19sPwX3CppMH73Qg==/lib/arm64/libmetasec_ml.so using ns clns-7 from class loader (caller=/data/app/~~na7dq0QJPM3TlOgWfFFaKg==/com.ss.android.ugc.aweme-sWxsoc19sPwX3CppMH73Qg==/base.apk!classes16.dex): ok
09-01 22:09:31.402  1735  1871 D ConnectivityService: requestNetwork for uid/pid:10281/26989 activeRequest: null callbackRequest: 392 [NetworkRequest [ REQUEST id=393, [ Capabilities: INTERNET&NOT_RESTRICTED&TRUSTED&NOT_VCN_MANAGED&NOT_BANDWIDTH_CONSTRAINED Uid: 10281 RequestorUid: 10281 RequestorPkg: com.ss.android.ugc.aweme UnderlyingNetworks: Null] ]] callback flags: 0 order: 2147483647 isUidTracked: false declaredMethods: AVAIL|LOST|NC|LP
09-01 22:09:31.404  1735  1952 D OemPaidWifiNetworkFactory: got request NetworkRequest [ REQUEST id=393, [ Capabilities: INTERNET&NOT_RESTRICTED&TRUSTED&NOT_VCN_MANAGED&NOT_BANDWIDTH_CONSTRAINED Uid: 10281 RequestorUid: 10281 RequestorPkg: com.ss.android.ugc.aweme UnderlyingNetworks: Null] ]
09-01 22:09:31.404  1735  1952 D MultiInternetWifiNetworkFactory: got request NetworkRequest [ REQUEST id=393, [ Capabilities: INTERNET&NOT_RESTRICTED&TRUSTED&NOT_VCN_MANAGED&NOT_BANDWIDTH_CONSTRAINED Uid: 10281 RequestorUid: 10281 RequestorPkg: com.ss.android.ugc.aweme UnderlyingNetworks: Null] ]
09-01 22:09:31.404  1735  1952 D WifiNetworkFactory: got request NetworkRequest [ REQUEST id=393, [ Capabilities: INTERNET&NOT_RESTRICTED&TRUSTED&NOT_VCN_MANAGED&NOT_BANDWIDTH_CONSTRAINED Uid: 10281 RequestorUid: 10281 RequestorPkg: com.ss.android.ugc.aweme UnderlyingNetworks: Null] ]
09-01 22:09:31.404  1735  1952 D UntrustedWifiNetworkFactory: got request NetworkRequest [ REQUEST id=393, [ Capabilities: INTERNET&NOT_RESTRICTED&TRUSTED&NOT_VCN_MANAGED&NOT_BANDWIDTH_CONSTRAINED Uid: 10281 RequestorUid: 10281 RequestorPkg: com.ss.android.ugc.aweme UnderlyingNetworks: Null] ]
09-01 22:09:31.408 26989 27280 D nativeloader: Load /data/app/~~na7dq0QJPM3TlOgWfFFaKg==/com.ss.android.ugc.aweme-sWxsoc19sPwX3CppMH73Qg==/lib/arm64/libmonitorcollector-lib.so using ns clns-7 from class loader (caller=/data/app/~~na7dq0QJPM3TlOgWfFFaKg==/com.ss.android.ugc.aweme-sWxsoc19sPwX3CppMH73Qg==/base.apk!classes16.dex): ok
09-01 22:09:31.414  1735  1871 D ConnectivityService: requestNetwork for uid/pid:10281/26598 activeRequest: null callbackRequest: 395 [NetworkRequest [ REQUEST id=395, [ Transports: CELLULAR Capabilities: INTERNET&NOT_RESTRICTED&TRUSTED&NOT_VPN&NOT_VCN_MANAGED&NOT_BANDWIDTH_CONSTRAINED Forbidden: LOCAL_NETWORK Uid: 10281 RequestorUid: 10281 RequestorPkg: com.ss.android.ugc.aweme UnderlyingNetworks: Null] ]] callback flags: 0 order: 2147483647 isUidTracked: false declaredMethods: AVAIL|LOST|UNAVAIL
09-01 22:09:31.431 26989 27280 D nativeloader: Load /data/app/~~na7dq0QJPM3TlOgWfFFaKg==/com.ss.android.ugc.aweme-sWxsoc19sPwX3CppMH73Qg==/lib/arm64/libbytehook.so using ns clns-7 from class loader (caller=/data/app/~~na7dq0QJPM3TlOgWfFFaKg==/com.ss.android.ugc.aweme-sWxsoc19sPwX3CppMH73Qg==/base.apk!classes16.dex): ok
09-01 22:09:31.497  1735  4374 W ActivityManager: Unable to start service Intent { act=com.bun.msa.action.start.service cmp=com.mdid.msa/.service.MsaKlService (has extras) } U=0: not found
09-01 22:09:31.500  1735  4374 W ActivityManager: Unable to start service Intent { act=com.bun.msa.action.bindto.service cmp=com.mdid.msa/.service.MsaIdService (has extras) } U=0: not found
09-01 22:09:31.556 26598 26598 W JobInfo : Job 'com.ss.android.ugc.aweme/com.umeng.message.UmengMessageCallbackHandlerService#21000' has a deadline with no functional constraints. The deadline won't improve job execution latency. Consider removing the deadline.
09-01 22:09:31.558  1735  3691 W JobInfo : Job 'com.ss.android.ugc.aweme/com.umeng.message.UmengMessageCallbackHandlerService#21000' has a deadline with no functional constraints. The deadline won't improve job execution latency. Consider removing the deadline.
09-01 22:09:31.586  1735  1966 D ConnectivityService: releasing NetworkRequest [ REQUEST id=395, [ Transports: CELLULAR Capabilities: INTERNET&NOT_RESTRICTED&TRUSTED&NOT_VPN&NOT_VCN_MANAGED&NOT_BANDWIDTH_CONSTRAINED Forbidden: LOCAL_NETWORK Uid: 10281 RequestorUid: 10281 RequestorPkg: com.ss.android.ugc.aweme UnderlyingNetworks: Null] ] (release request)
09-01 22:09:31.639  1735  3691 W JobInfo : Job 'com.ss.android.ugc.aweme/com.umeng.message.UmengMessageCallbackHandlerService#21000' has a deadline with no functional constraints. The deadline won't improve job execution latency. Consider removing the deadline.
09-01 22:09:32.384 26989 27175 D nativeloader: Load /data/app/~~na7dq0QJPM3TlOgWfFFaKg==/com.ss.android.ugc.aweme-sWxsoc19sPwX3CppMH73Qg==/lib/arm64/libjato.so using ns clns-7 from class loader (caller=/data/app/~~na7dq0QJPM3TlOgWfFFaKg==/com.ss.android.ugc.aweme-sWxsoc19sPwX3CppMH73Qg==/base.apk!classes4.dex): ok
09-01 22:09:33.961  1735  3011 I MediaFocusControl: requestAudioFocus() from uid/pid 10281/26598 AA=USAGE_MEDIA/CONTENT_TYPE_UNKNOWN clientId=android.media.AudioManager@84be7faX.1DIL@e5c21ab callingPack=com.ss.android.ugc.aweme req=1 flags=0x0 sdk=34
09-01 22:09:33.988 26598 26843 D nativeloader: Load /data/app/~~na7dq0QJPM3TlOgWfFFaKg==/com.ss.android.ugc.aweme-sWxsoc19sPwX3CppMH73Qg==/lib/arm64/libvideodec.so using ns clns-7 from class loader (caller=/data/app/~~na7dq0QJPM3TlOgWfFFaKg==/com.ss.android.ugc.aweme-sWxsoc19sPwX3CppMH73Qg==/base.apk!classes16.dex): ok
09-01 22:09:33.996 26598 26843 D nativeloader: Load /data/app/~~na7dq0QJPM3TlOgWfFFaKg==/com.ss.android.ugc.aweme-sWxsoc19sPwX3CppMH73Qg==/lib/arm64/libttmverify.so using ns clns-7 from class loader (caller=/data/app/~~na7dq0QJPM3TlOgWfFFaKg==/com.ss.android.ugc.aweme-sWxsoc19sPwX3CppMH73Qg==/base.apk!classes16.dex): ok
09-01 22:09:34.003 26598 26672 D nativeloader: Load /data/app/~~na7dq0QJPM3TlOgWfFFaKg==/com.ss.android.ugc.aweme-sWxsoc19sPwX3CppMH73Qg==/lib/arm64/libfileprotect.so using ns clns-7 from class loader (caller=/data/app/~~na7dq0QJPM3TlOgWfFFaKg==/com.ss.android.ugc.aweme-sWxsoc19sPwX3CppMH73Qg==/base.apk!classes16.dex): ok
09-01 22:09:34.162 26598 27334 D nativeloader: Load /data/app/~~na7dq0QJPM3TlOgWfFFaKg==/com.ss.android.ugc.aweme-sWxsoc19sPwX3CppMH73Qg==/lib/arm64/libttheif_dec.so using ns clns-7 from class loader (caller=/data/app/~~na7dq0QJPM3TlOgWfFFaKg==/com.ss.android.ugc.aweme-sWxsoc19sPwX3CppMH73Qg==/base.apk!classes16.dex): ok
09-01 22:09:34.181 26598 27334 D nativeloader: Load /data/app/~~na7dq0QJPM3TlOgWfFFaKg==/com.ss.android.ugc.aweme-sWxsoc19sPwX3CppMH73Qg==/lib/arm64/libbdheif.so using ns clns-7 from class loader (caller=/data/app/~~na7dq0QJPM3TlOgWfFFaKg==/com.ss.android.ugc.aweme-sWxsoc19sPwX3CppMH73Qg==/base.apk!classes16.dex): ok
09-01 22:09:34.351 26598 26672 D nativeloader: Load /data/app/~~na7dq0QJPM3TlOgWfFFaKg==/com.ss.android.ugc.aweme-sWxsoc19sPwX3CppMH73Qg==/lib/arm64/libbytenn.so using ns clns-7 from class loader (caller=/data/app/~~na7dq0QJPM3TlOgWfFFaKg==/com.ss.android.ugc.aweme-sWxsoc19sPwX3CppMH73Qg==/base.apk!classes16.dex): ok
09-01 22:09:34.354 26598 26672 D nativeloader: Load /data/app/~~na7dq0QJPM3TlOgWfFFaKg==/com.ss.android.ugc.aweme-sWxsoc19sPwX3CppMH73Qg==/lib/arm64/libbytennwrapper.so using ns clns-7 from class loader (caller=/data/app/~~na7dq0QJPM3TlOgWfFFaKg==/com.ss.android.ugc.aweme-sWxsoc19sPwX3CppMH73Qg==/base.apk!classes16.dex): ok
09-01 22:09:34.781  1735  3691 I ActivityTaskManager: START u0 {cmp=com.ss.android.ugc.aweme/.account.business.login.DYLoginActivity (has extras)} with LAUNCH_SINGLE_TOP from uid 10281 (sr=105099919) (BAL_ALLOW_VISIBLE_WINDOW) result code=0
09-01 22:09:34.782  2069  2093 V WindowManagerShell: Transition requested (#32): android.os.BinderProxy@5dbf1d TransitionRequestInfo { type = OPEN, triggerTask = TaskInfo{userId=0 taskId=278 effectiveUid=10281 displayId=0 isRunning=true baseIntent=Intent { flg=0x10000000 cmp=com.ss.android.ugc.aweme/.splash.SplashActivity } baseActivity=ComponentInfo{com.ss.android.ugc.aweme/com.ss.android.ugc.aweme.main.MainActivity} topActivity=ComponentInfo{com.ss.android.ugc.aweme/com.ss.android.ugc.aweme.account.business.login.DYLoginActivity} origActivity=ComponentInfo{com.ss.android.ugc.aweme/com.ss.android.ugc.aweme.splash.SplashActivity} realActivity=ComponentInfo{com.ss.android.ugc.aweme/com.ss.android.ugc.aweme.main.MainActivity} numActivities=2 lastActiveTime=6312678 supportsMultiWindow=true resizeMode=2 isResizeable=true minWidth=-1 minHeight=-1 defaultMinSize=220 token=WCT{android.window.IWindowContainerToken$Stub$Proxy@5936592} topActivityType=1 pictureInPictureParams=null shouldDockBigOverlays=false launchIntoPipHostTaskId=-1 lastParentTaskIdBeforePip=-1 displayCutoutSafeInsets=Rect(0, 0 - 0, 0) topActivityInfo=ActivityInfo{9a0eb63 com.ss.android.ugc.aweme.account.business.login.DYLoginActivity} launchCookies=[] positionInParent=Point(0, 0) parentTaskId=-1 isFocused=true isVisible=true isVisibleRequested=true isTopActivityNoDisplay=false isSleeping=false locusId=null displayAreaFeatureId=1 isTopActivityTransparent=true isActivityStackTransparent=false lastNonFullscreenBounds=Rect(276, 692 - 804, 1772) capturedLink=null capturedLinkTimestamp=0 requestedVisibleTypes=-9 topActivityRequestOpenInBrowserEducationTimestamp=0 appCompatTaskInfo=AppCompatTaskInfo { topActivityInSizeCompat=false eligibleForLetterboxEducation= false isLetterboxEducationEnabled= false isLetterboxDoubleTapEnabled= false eligibleForUserAspectRatioButton= false topActivityBoundsLetterboxed= false isFromLetterboxDoubleTap= false topActivityLetterboxVerticalPosition= -1 topActivityLetterboxHorizontalPosition= -1 topActivityLetterboxWidth=-1 topActivityLetterboxHeight=-1 topActivityLetterboxAppWidth=-1 topActivityLetterboxAppHeight=-1 isUserFullscreenOverrideEnabled=false isSystemFullscreenOverrideEnabled=false hasMinAspectRatioOverride=false topActivityLetterboxBounds=null cameraCompatTaskInfo=CameraCompatTaskInfo { freeformCameraCompatMode=inactive}} topActivityMainWindowFrame=null}, pipChange = null, remoteTransition = null, displayChange = null, flags = 0, debugId = 32 }
09-01 22:09:34.864  1735  3011 D CoreBackPreview: Window{650c556 u0 com.ss.android.ugc.aweme/com.ss.android.ugc.aweme.account.business.login.DYLoginActivity}: Setting back callback OnBackInvokedCallbackInfo{mCallback=android.window.IOnBackInvokedCallback$Stub$Proxy@f20cc48, mPriority=0, mIsAnimationCallback=false, mOverrideBehavior=0}
09-01 22:09:34.874  1735  3011 D CoreBackPreview: Window{b0a1fa9 u0 com.ss.android.ugc.aweme/com.ss.android.ugc.aweme.account.business.login.DYLoginActivity}: Setting back callback OnBackInvokedCallbackInfo{mCallback=android.window.IOnBackInvokedCallback$Stub$Proxy@4524692, mPriority=0, mIsAnimationCallback=false, mOverrideBehavior=0}
09-01 22:09:34.882  1735  1791 I ActivityTaskManager: Displayed com.ss.android.ugc.aweme/.account.business.login.DYLoginActivity for user 0: +101ms
09-01 22:09:34.882  1735  1791 V WindowManager: Sent Transition (#32) createdAt=09-01 22:09:34.776 via request=TransitionRequestInfo { type = OPEN, triggerTask = TaskInfo{userId=0 taskId=278 effectiveUid=10281 displayId=0 isRunning=true baseIntent=Intent { flg=0x10000000 cmp=com.ss.android.ugc.aweme/.splash.SplashActivity } baseActivity=ComponentInfo{com.ss.android.ugc.aweme/com.ss.android.ugc.aweme.main.MainActivity} topActivity=ComponentInfo{com.ss.android.ugc.aweme/com.ss.android.ugc.aweme.account.business.login.DYLoginActivity} origActivity=ComponentInfo{com.ss.android.ugc.aweme/com.ss.android.ugc.aweme.splash.SplashActivity} realActivity=ComponentInfo{com.ss.android.ugc.aweme/com.ss.android.ugc.aweme.main.MainActivity} numActivities=2 lastActiveTime=6312678 supportsMultiWindow=true resizeMode=2 isResizeable=true minWidth=-1 minHeight=-1 defaultMinSize=220 token=WCT{RemoteToken{e1224d Task{4d4c91c #278 type=standard A=10281:com.ss.android.ugc.aweme}}} topActivityType=1 pictureInPictureParams=null shouldDockBigOverlays=false launchIntoPipHostTaskId=-1 lastParentTaskIdBeforePip=-1 displayCutoutSafeInsets=Rect(0, 0 - 0, 0) topActivityInfo=ActivityInfo{64d4519 com.ss.android.ugc.aweme.account.business.login.DYLoginActivity} launchCookies=[] positionInParent=Point(0, 0) parentTaskId=-1 isFocused=true isVisible=true isVisibleRequested=true isTopActivityNoDisplay=false isSleeping=false locusId=null displayAreaFeatureId=1 isTopActivityTransparent=true isActivityStackTransparent=false lastNonFullscreenBounds=Rect(276, 692 - 804, 1772) capturedLink=null capturedLinkTimestamp=0 requestedVisibleTypes=-9 topActivityRequestOpenInBrowserEducationTimestamp=0 appCompatTaskInfo=AppCompatTaskInfo { topActivityInSizeCompat=false eligibleForLetterboxEducation= false isLetterboxEducationEnabled= false isLetterboxDoubleTapEnabled= false eligibleForUserAspectRatioButton= false topActivityBoundsLetterboxed= false isFromLetterboxDoubleTap= false topActivityLetterboxVerticalPosition= -1 topActivityLetterboxHorizontalPosition= -1 topActivityLetterboxWidth=-1 topActivityLetterboxHeight=-1 topActivityLetterboxAppWidth=-1 topActivityLetterboxAppHeight=-1 isUserFullscreenOverrideEnabled=false isSystemFullscreenOverrideEnabled=false hasMinAspectRatioOverride=false topActivityLetterboxBounds=null cameraCompatTaskInfo=CameraCompatTaskInfo { freeformCameraCompatMode=inactive}} topActivityMainWindowFrame=null}, pipChange = null, remoteTransition = null, displayChange = null, flags = 0, debugId = 32 }
09-01 22:09:34.882  1735  1791 V WindowManager:     startWCT=WindowContainerTransaction { changes= {} hops= [] errorCallbackToken=null taskFragmentOrganizer=null }
09-01 22:09:34.882  1735  1791 V WindowManager:     info={id=32 t=OPEN f=0x0 trk=0 r=[0@Point(0, 0)] c=[
09-01 22:09:34.882  1735  1791 V WindowManager:         {m=OPEN f=TRANSLUCENT|FILLS_TASK leash=Surface(name=ActivityRecord{133233909 u0 com.ss.android.ugc.aweme/.account.business.login.DYLoginActivity)/@0xf74b863 sb=Rect(0, 0 - 0, 0) eb=Rect(0, 0 - 1080, 2400) epz=Point(1080, 2400) d=-1->0 r=-1->0:-1 component=com.ss.android.ugc.aweme/.account.business.login.DYLoginActivity opt={t=CUSTOM enterResId=0 exitResId=0 mUserId=0}}
09-01 22:09:34.882  1735  1791 V WindowManager:     ]}
09-01 22:09:34.882  2069  2080 V WindowManagerShell: onTransitionReady(transaction=7451768260274)
09-01 22:09:34.882  1735  4374 D CoreBackPreview: Window{650c556 u0 com.ss.android.ugc.aweme/com.ss.android.ugc.aweme.account.business.login.DYLoginActivity}: Setting back callback null
09-01 22:09:34.882  2069  2093 V WindowManagerShell: onTransitionReady (#32) android.os.BinderProxy@5dbf1d: {id=32 t=OPEN f=0x0 trk=0 r=[0@Point(0, 0)] c=[
09-01 22:09:34.882  2069  2093 V WindowManagerShell:         {m=OPEN f=TRANSLUCENT|FILLS_TASK leash=Surface(name=ActivityRecord{133233909 u0 com.ss.android.ugc.aweme/.account.business.login.DYLoginActivity)/@0x2ce9360 sb=Rect(0, 0 - 0, 0) eb=Rect(0, 0 - 1080, 2400) epz=Point(1080, 2400) d=-1->0 r=-1->0:-1 component=com.ss.android.ugc.aweme/.account.business.login.DYLoginActivity opt={t=CUSTOM enterResId=0 exitResId=0 mUserId=0}}
09-01 22:09:34.882  2069  2093 V WindowManagerShell:     ]}
09-01 22:09:34.883  2069  2093 V WindowManagerShell: Playing animation for (#32) android.os.BinderProxy@5dbf1d@0
09-01 22:09:34.883  2069  2093 V WindowManagerShell: Transition doesn't have explicit remote, search filters for match for {id=32 t=OPEN f=0x0 trk=0 r=[0@Point(0, 0)] c=[{m=OPEN f=TRANSLUCENT|FILLS_TASK leash=Surface(name=ActivityRecord{133233909 u0 com.ss.android.ugc.aweme/.account.business.login.DYLoginActivity)/@0x2ce9360 sb=Rect(0, 0 - 0, 0) eb=Rect(0, 0 - 1080, 2400) epz=Point(1080, 2400) d=-1->0 r=-1->0:-1 component=com.ss.android.ugc.aweme/.account.business.login.DYLoginActivity opt={t=CUSTOM enterResId=0 exitResId=0 mUserId=0}}]}
09-01 22:09:34.883  2069  2093 V WindowManagerShell:  Checking filter Pair{{types=[] flags=0x0] notFlags=0x0 checks=[{atype=undefined independent=true modes=[CLOSE,TO_BACK] flags=IN_TASK_WITH_EMBEDDED_ACTIVITY mustBeTask=false order=ANY topActivity=null launchCookie=null taskFragmentToken=android.os.BinderProxy@1834bfb windowingMode=undefined}]} RemoteTransition { remoteTransition = android.window.IRemoteTransition$Stub$Proxy@5300418, appThread = android.app.IApplicationThread$Stub$Proxy@9413e71, debugName = overlayBackTransition }}
09-01 22:09:34.883  2069  2093 V WindowManagerShell:  Checking filter Pair{{types=[] flags=0x0] notFlags=0x0 checks=[{atype=dream independent=true modes=[OPEN,TO_FRONT] flags=NONE mustBeTask=false order=ANY topActivity=null launchCookie=null windowingMode=undefined},{atype=home independent=true modes=[CLOSE,TO_BACK] flags=NONE mustBeTask=false order=ANY topActivity=null launchCookie=null windowingMode=undefined}]} RemoteTransition { remoteTransition = android.window.IRemoteTransition$Stub$Proxy@e343456, appThread = android.app.IApplicationThread$Stub$Proxy@4b0acd7, debugName = LauncherToDream }}
09-01 22:09:34.883  2069  2093 V WindowManagerShell:  Checking filter Pair{{types=[] flags=0x0] notFlags=0x100 checks=[{atype=home independent=true modes=[OPEN,TO_FRONT] flags=NONE mustBeTask=false order=TOP topActivity=ComponentInfo{com.google.android.apps.nexuslauncher/com.google.android.apps.nexuslauncher.NexusLauncherActivity} launchCookie=null windowingMode=undefined},{atype=standard independent=true modes=[CLOSE,TO_BACK] flags=NONE mustBeTask=false order=ANY topActivity=null launchCookie=null windowingMode=undefined},{NOT atype=undefined independent=true modes=[] flags=NONE mustBeTask=true order=ANY topActivity=null launchCookie=null customAnim=true windowingMode=undefined}]} RemoteTransition { remoteTransition = android.window.IRemoteTransition$Stub$Proxy@92d49c4, appThread = android.app.IApplicationThread$Stub$Proxy@65a50ad, debugName = QuickstepLaunchHome }}
09-01 22:09:34.883  2069  2093 V WindowManagerShell:  Delegate animation for (#32) to null
09-01 22:09:34.883  2069  2093 V WindowManagerShell: start default transition animation, info = {id=32 t=OPEN f=0x0 trk=0 r=[0@Point(0, 0)] c=[{m=OPEN f=TRANSLUCENT|FILLS_TASK leash=Surface(name=ActivityRecord{133233909 u0 com.ss.android.ugc.aweme/.account.business.login.DYLoginActivity)/@0x2ce9360 sb=Rect(0, 0 - 0, 0) eb=Rect(0, 0 - 1080, 2400) epz=Point(1080, 2400) d=-1->0 r=-1->0:-1 component=com.ss.android.ugc.aweme/.account.business.login.DYLoginActivity opt={t=CUSTOM enterResId=0 exitResId=0 mUserId=0}}]}
09-01 22:09:34.884  2069  2093 V WindowManagerShell: Transition animation finished (aborted=false), notifying core (#32) android.os.BinderProxy@5dbf1d@0
09-01 22:09:34.887  1735  1791 V WindowManager: Finish Transition (#32): created at 09-01 22:09:34.776 collect-started=0.092ms request-sent=5.094ms started=6.186ms ready=23.442ms sent=105.811ms finished=110.87ms
09-01 22:09:34.889  2069  2093 V WindowManagerShell: Track 0 became idle
09-01 22:09:34.889  2069  2093 V WindowManagerShell: All active transition animations finished
09-01 22:09:34.889  2069  2093 V WindowManagerShell:  animated by com.android.wm.shell.transition.DefaultTransitionHandler@777dd2d
09-01 22:09:34.889  2069  2093 V WindowManagerShell: Track 0 became idle
09-01 22:09:34.889  2069  2093 V WindowManagerShell: All active transition animations finished
09-01 22:09:34.935  1735  3691 D CoreBackPreview: Window{9d97e51 u0 com.ss.android.ugc.aweme/com.ss.android.ugc.aweme.account.business.login.DYLoginActivity}: Setting back callback OnBackInvokedCallbackInfo{mCallback=android.window.IOnBackInvokedCallback$Stub$Proxy@1348053, mPriority=0, mIsAnimationCallback=false, mOverrideBehavior=0}
09-01 22:09:34.959  1735  1922 I ImeTracker: com.ss.android.ugc.aweme:d0044a05: onRequestHide at ORIGIN_SERVER reason HIDE_UNSPECIFIED_WINDOW fromUser false
09-01 22:09:34.960 26598 26598 I ImeTracker: com.ss.android.ugc.aweme:d0044a05: onCancelled at PHASE_CLIENT_ALREADY_HIDDEN
09-01 22:09:34.961  4015  4015 I GoogleInputMethodService: GoogleInputMethodService.onStartInput():1911 onStartInput(EditorInfo{EditorInfo{packageName=com.ss.android.ugc.aweme, inputType=0, inputTypeString=NULL, enableLearning=false, autoCorrection=false, autoComplete=false, imeOptions=0, privateImeOptions=null, actionName=UNSPECIFIED, actionLabel=null, initialSelStart=-1, initialSelEnd=-1, initialCapsMode=0, label=null, fieldId=0, fieldName=null, extras=null, hintText=null, hintLocales=[]}}, false)
09-01 22:09:34.965  1735  3011 W PackageConfigPersister: App-specific configuration not found for packageName: com.ss.android.ugc.aweme and userId: 0
09-01 22:09:34.985  1735  1922 I ImeTracker: com.ss.android.ugc.aweme:1f3ce982: onRequestHide at ORIGIN_SERVER reason HIDE_UNSPECIFIED_WINDOW fromUser false
09-01 22:09:34.985 26598 26598 I ImeTracker: com.ss.android.ugc.aweme:1f3ce982: onCancelled at PHASE_CLIENT_ALREADY_HIDDEN
09-01 22:09:34.987  4015  4015 I GoogleInputMethodService: GoogleInputMethodService.onStartInput():1911 onStartInput(EditorInfo{EditorInfo{packageName=com.ss.android.ugc.aweme, inputType=0, inputTypeString=NULL, enableLearning=false, autoCorrection=false, autoComplete=false, imeOptions=0, privateImeOptions=null, actionName=UNSPECIFIED, actionLabel=null, initialSelStart=-1, initialSelEnd=-1, initialCapsMode=0, label=null, fieldId=0, fieldName=null, extras=null, hintText=null, hintLocales=[]}}, false)
09-01 22:09:34.987  1735  3011 W PackageConfigPersister: App-specific configuration not found for packageName: com.ss.android.ugc.aweme and userId: 0
09-01 22:09:39.836 26598 27445 D nativeloader: Configuring clns-11 for other apk . target_sdk_version=34, uses_libraries=ALL, library_path=/data/user/0/com.ss.android.ugc.aweme/files/plugins/com.ss.android.ugc.aweme.rewarded_ad_plugin/version-35109020/lib, permitted_path=/data:/mnt/expand
09-01 22:09:39.844 26598 27445 D nativeloader: Configuring clns-12 for other apk . target_sdk_version=34, uses_libraries=ALL, library_path=/data/user/0/com.ss.android.ugc.aweme/files/plugins/com.ss.android.ugc.aweme.v8/version-351090200/lib, permitted_path=/data:/mnt/expand
09-01 22:09:39.850 26598 27445 D nativeloader: Configuring clns-13 for other apk . target_sdk_version=34, uses_libraries=ALL, library_path=/data/user/0/com.ss.android.ugc.aweme/files/plugins/com.bytedance.aweme.smart_client_plugin/version-35109020/lib, permitted_path=/data:/mnt/expand
09-01 22:09:39.858 26598 27445 D nativeloader: Configuring clns-14 for other apk . target_sdk_version=34, uses_libraries=ALL, library_path=/data/user/0/com.ss.android.ugc.aweme/files/plugins/com.ss.android.ugc.aweme.pcdn/version-35109020/lib, permitted_path=/data:/mnt/expand
09-01 22:09:39.922  1735  1905 D ActivityManager: freezing 26612 com.google.android.odad
09-01 22:09:39.953 26598 27448 D nativeloader: Load /data/app/~~na7dq0QJPM3TlOgWfFFaKg==/com.ss.android.ugc.aweme-sWxsoc19sPwX3CppMH73Qg==/lib/arm64/libbytemonitor.so using ns clns-7 from class loader (caller=/data/app/~~na7dq0QJPM3TlOgWfFFaKg==/com.ss.android.ugc.aweme-sWxsoc19sPwX3CppMH73Qg==/base.apk!classes16.dex): ok
09-01 22:09:39.956 26598 27448 D nativeloader: Load /data/app/~~na7dq0QJPM3TlOgWfFFaKg==/com.ss.android.ugc.aweme-sWxsoc19sPwX3CppMH73Qg==/lib/arm64/libworker.so using ns clns-7 from class loader (caller=/data/app/~~na7dq0QJPM3TlOgWfFFaKg==/com.ss.android.ugc.aweme-sWxsoc19sPwX3CppMH73Qg==/base.apk!classes16.dex): ok
09-01 22:09:39.962 26598 27448 D nativeloader: Load /data/app/~~na7dq0QJPM3TlOgWfFFaKg==/com.ss.android.ugc.aweme-sWxsoc19sPwX3CppMH73Qg==/lib/arm64/libbytebench.so using ns clns-7 from class loader (caller=/data/app/~~na7dq0QJPM3TlOgWfFFaKg==/com.ss.android.ugc.aweme-sWxsoc19sPwX3CppMH73Qg==/base.apk!classes16.dex): ok
09-01 22:09:39.981 26598 27448 D nativeloader: Load /data/app/~~na7dq0QJPM3TlOgWfFFaKg==/com.ss.android.ugc.aweme-sWxsoc19sPwX3CppMH73Qg==/lib/arm64/libquick.so using ns clns-7 from class loader (caller=/data/app/~~na7dq0QJPM3TlOgWfFFaKg==/com.ss.android.ugc.aweme-sWxsoc19sPwX3CppMH73Qg==/base.apk!classes16.dex): ok
09-01 22:09:39.981 26598 27448 D nativeloader: Load /data/app/~~na7dq0QJPM3TlOgWfFFaKg==/com.ss.android.ugc.aweme-sWxsoc19sPwX3CppMH73Qg==/lib/arm64/libnapi.so using ns clns-7 from class loader (caller=/data/app/~~na7dq0QJPM3TlOgWfFFaKg==/com.ss.android.ugc.aweme-sWxsoc19sPwX3CppMH73Qg==/base.apk!classes16.dex): ok
09-01 22:09:39.983 26598 27448 E BX      : [void Java_com_benchmark_port_nativePort_BSModuleInvoker_nativeSetJsWorker(JNIEnv *, jclass, jlong):523] downloadJavaScript :/data/user/0/com.ss.android.ugc.aweme/files/bytebench
09-01 22:09:39.983 26598 27448 D BX      : [void bytebench::BSController::init(long, const std::string &):29] BSController::init called,workspace:/data/user/0/com.ss.android.ugc.aweme/files/bytebench
09-01 22:09:40.248  1735  4381 V AccountManagerService: addAccountExplicitly: caller's uid=10281, pid=26598, packageName=com.ss.android.ugc.aweme, accountType=com.ss.android.ugc.aweme
09-01 22:09:40.275  1735  4381 I AccountManagerService: the accountType= com.ss.android.ugc.aweme changed with useCase=addAccount for userId=0, sending broadcast of android.accounts.LOGIN_ACCOUNTS_CHANGED
09-01 22:09:40.284  1735  1802 D ActivityManager: sync unfroze 6810 com.google.android.calendar for 3
09-01 22:09:40.295  1735  1802 D ActivityManager: sync unfroze 5812 com.google.android.apps.nbu.files for 3
09-01 22:09:40.328  1735  1803 I ActivityManager: Start proc 27462:com.google.android.apps.docs/u0a196 for broadcast {com.google.android.apps.docs/com.google.android.libraries.notifications.platform.entrypoints.accountchanged.AccountChangedReceiver}
09-01 22:09:40.348  1735  1803 I ActivityManager: Start proc 27464:com.ss.android.ugc.aweme:smp/u0a281 for service {com.ss.android.ugc.aweme/com.bytedance.sdk.account.sync.AuthenticatorService}
09-01 22:09:40.492  1735  1802 D ActivityManager: sync unfroze 7351 com.google.android.apps.photos for 3
09-01 22:09:40.494 26598 26860 D nativeloader: Configuring clns-15 for other apk . target_sdk_version=34, uses_libraries=ALL, library_path=/data/user/0/com.ss.android.ugc.aweme/files/plugins/com.ss.android.ugc.aweme.cjplugin/version-351099000/lib, permitted_path=/data:/mnt/expand
09-01 22:09:40.512 27464 27464 D nativeloader: Configuring clns-7 for other apk /data/app/~~na7dq0QJPM3TlOgWfFFaKg==/com.ss.android.ugc.aweme-sWxsoc19sPwX3CppMH73Qg==/base.apk. target_sdk_version=34, uses_libraries=libOpenCL.so:libOpenCL-pixel.so, library_path=/data/app/~~na7dq0QJPM3TlOgWfFFaKg==/com.ss.android.ugc.aweme-sWxsoc19sPwX3CppMH73Qg==/lib/arm64:/data/app/~~na7dq0QJPM3TlOgWfFFaKg==/com.ss.android.ugc.aweme-sWxsoc19sPwX3CppMH73Qg==/base.apk!/lib/arm64-v8a, permitted_path=/data:/mnt/expand:/data/user/0/com.ss.android.ugc.aweme
09-01 22:09:40.516 26598 27495 D nativeloader: Load /data/app/~~na7dq0QJPM3TlOgWfFFaKg==/com.ss.android.ugc.aweme-sWxsoc19sPwX3CppMH73Qg==/lib/arm64/libgecko_encrypt.so using ns clns-7 from class loader (caller=/data/app/~~na7dq0QJPM3TlOgWfFFaKg==/com.ss.android.ugc.aweme-sWxsoc19sPwX3CppMH73Qg==/base.apk!classes16.dex): ok
09-01 22:09:40.525 27464 27464 V GraphicsEnvironment: com.ss.android.ugc.aweme is not listed in per-application setting
09-01 22:09:40.534 27464 27464 D nativeloader: Load /data/app/~~na7dq0QJPM3TlOgWfFFaKg==/com.ss.android.ugc.aweme-sWxsoc19sPwX3CppMH73Qg==/lib/arm64/libjato.so using ns clns-7 from class loader (caller=/data/app/~~na7dq0QJPM3TlOgWfFFaKg==/com.ss.android.ugc.aweme-sWxsoc19sPwX3CppMH73Qg==/base.apk!classes4.dex): ok
09-01 22:09:40.554 27464 27464 D nativeloader: Load /data/app/~~na7dq0QJPM3TlOgWfFFaKg==/com.ss.android.ugc.aweme-sWxsoc19sPwX3CppMH73Qg==/lib/arm64/libc++_shared.so using ns clns-7 from class loader (caller=/data/app/~~na7dq0QJPM3TlOgWfFFaKg==/com.ss.android.ugc.aweme-sWxsoc19sPwX3CppMH73Qg==/base.apk!classes16.dex): ok
09-01 22:09:40.555 27464 27464 D nativeloader: Load /data/app/~~na7dq0QJPM3TlOgWfFFaKg==/com.ss.android.ugc.aweme-sWxsoc19sPwX3CppMH73Qg==/lib/arm64/libkeva.so using ns clns-7 from class loader (caller=/data/app/~~na7dq0QJPM3TlOgWfFFaKg==/com.ss.android.ugc.aweme-sWxsoc19sPwX3CppMH73Qg==/base.apk!classes16.dex): ok
09-01 22:09:40.583 27464 27464 D nativeloader: Load /data/app/~~na7dq0QJPM3TlOgWfFFaKg==/com.ss.android.ugc.aweme-sWxsoc19sPwX3CppMH73Qg==/lib/arm64/libflipped.so using ns clns-7 from class loader (caller=/data/app/~~na7dq0QJPM3TlOgWfFFaKg==/com.ss.android.ugc.aweme-sWxsoc19sPwX3CppMH73Qg==/base.apk!classes16.dex): ok
09-01 22:09:40.653  1735  1905 D ActivityManager: freezing 3461 com.google.android.cellbroadcastreceiver
09-01 22:09:40.663 27464 27464 D nativeloader: Load /data/app/~~na7dq0QJPM3TlOgWfFFaKg==/com.ss.android.ugc.aweme-sWxsoc19sPwX3CppMH73Qg==/lib/arm64/libsoloader.so using ns clns-7 from class loader (caller=/data/app/~~na7dq0QJPM3TlOgWfFFaKg==/com.ss.android.ugc.aweme-sWxsoc19sPwX3CppMH73Qg==/base.apk!classes16.dex): ok
09-01 22:09:40.726  1735  1802 D ActivityManager: sync unfroze 8722 com.google.android.apps.pixel.dcservice for 3
09-01 22:09:40.753 27464 27585 D nativeloader: Load /data/app/~~na7dq0QJPM3TlOgWfFFaKg==/com.ss.android.ugc.aweme-sWxsoc19sPwX3CppMH73Qg==/lib/arm64/libalog.so using ns clns-7 from class loader (caller=/data/app/~~na7dq0QJPM3TlOgWfFFaKg==/com.ss.android.ugc.aweme-sWxsoc19sPwX3CppMH73Qg==/base.apk!classes16.dex): ok
09-01 22:09:40.762  1735  1871 D ActivityManager: sync unfroze 5478 com.android.providers.calendar for 7
09-01 22:09:40.811 26598 26660 D nativeloader: Load /data/app/~~na7dq0QJPM3TlOgWfFFaKg==/com.ss.android.ugc.aweme-sWxsoc19sPwX3CppMH73Qg==/lib/arm64/libnpth_repair.so using ns clns-7 from class loader (caller=/data/app/~~na7dq0QJPM3TlOgWfFFaKg==/com.ss.android.ugc.aweme-sWxsoc19sPwX3CppMH73Qg==/base.apk!classes16.dex): ok
09-01 22:09:40.829  1735  3011 I AccountManagerService: the accountType= com.ss.android.ugc.aweme changed with useCase=removeAccount for userId=0, sending broadcast of android.accounts.LOGIN_ACCOUNTS_CHANGED
09-01 22:09:40.831  1735  3011 I AccountManagerService: the account with type=com.ss.android.ugc.aweme removed while useCase=removeAccount for userId=0, sending broadcast of android.accounts.action.ACCOUNT_REMOVED
09-01 22:09:40.832  1735  3011 I AccountManagerService: the account with type=com.ss.android.ugc.aweme removed while useCase=removeAccount for userId=0, sending broadcast of android.accounts.action.ACCOUNT_REMOVED
09-01 22:09:40.832  1735  3011 I AccountManagerService: the account with type=com.ss.android.ugc.aweme removed while useCase=removeAccount for userId=0, sending broadcast of android.accounts.action.ACCOUNT_REMOVED
09-01 22:09:40.833  1735  3011 I AccountManagerService: the account with type=com.ss.android.ugc.aweme removed while useCase=removeAccount for userId=0, sending broadcast of android.accounts.action.ACCOUNT_REMOVED
09-01 22:09:40.833  1735  3011 I AccountManagerService: the account with type=com.ss.android.ugc.aweme removed while useCase=removeAccount for userId=0, sending broadcast of android.accounts.action.ACCOUNT_REMOVED
09-01 22:09:40.879  1735  1802 D ActivityManager: sync unfroze 3600 android.process.acore for 3
09-01 22:09:40.880  1735  1802 D ActivityManager: sync unfroze 5245 com.android.vending:background for 3
09-01 22:09:40.880  1735  1802 D ActivityManager: sync unfroze 4301 com.android.vending for 3
09-01 22:09:40.953  1735  1803 I ActivityManager: Start proc 27647:com.google.android.apps.maps/u0a183 for broadcast {com.google.android.apps.maps/com.google.android.apps.gmm.cloudmessage.chime.ChimeCloudMessageReceiver}
09-01 22:09:41.015  1735  1802 D ActivityManager: sync unfroze 5930 com.google.android.apps.pixel.support for 3
09-01 22:09:41.123  1735  1802 D ActivityManager: sync unfroze 9363 com.google.android.apps.restore for 3
09-01 22:09:41.334  1735  3011 W ActivityManager: Unable to start service Intent { cmp=com.google.android.projection.gearhead/com.google.android.apps.auto.carservice.service.impl.GearheadCarStartupService } U=0: not found
09-01 22:09:41.335  1735  3011 W ActivityManager: Unbind failed: could not find connection for android.os.BinderProxy@f86e135
09-01 22:09:41.426  1735  1802 D ActivityManager: sync unfroze 4637 com.google.android.apps.safetyhub for 3
09-01 22:09:44.076 26598 26598 W gecko-update-th: type=1400 audit(0.0:962): avc:  granted  { execute } for  path="/data/data/com.ss.android.ugc.aweme/files/plugins/com.ss.android.ugc.aweme.pcdn/version-35109020/lib/libodlDownloader.so" dev="dm-56" ino=60209 scontext=u:r:untrusted_app:s0:c25,c257,c512,c768 tcontext=u:object_r:app_data_file:s0:c25,c257,c512,c768 tclass=file app=com.ss.android.ugc.aweme
09-01 22:09:44.085 26598 27769 D nativeloader: Load /data/user/0/com.ss.android.ugc.aweme/files/plugins/com.ss.android.ugc.aweme.pcdn/version-35109020/lib/libodlDownloader.so using ns clns-14 from class loader (caller=<unknown>): ok
09-01 22:09:44.090 26598 27769 D nativeloader: Load /data/app/~~na7dq0QJPM3TlOgWfFFaKg==/com.ss.android.ugc.aweme-sWxsoc19sPwX3CppMH73Qg==/lib/arm64/libbuffer.so using ns clns-7 from class loader (caller=/data/app/~~na7dq0QJPM3TlOgWfFFaKg==/com.ss.android.ugc.aweme-sWxsoc19sPwX3CppMH73Qg==/base.apk!classes16.dex): ok
09-01 22:09:48.857 26598 26862 W JobInfo : Job 'com.ss.android.ugc.aweme/.tools.policysecurity.OriginalSoundUploadService#3008' has a deadline with no functional constraints. The deadline won't improve job execution latency. Consider removing the deadline.
09-01 22:09:48.859  1735  3691 W JobInfo : Job 'com.ss.android.ugc.aweme/.tools.policysecurity.OriginalSoundUploadService#3008' has a deadline with no functional constraints. The deadline won't improve job execution latency. Consider removing the deadline.
09-01 22:09:49.472 27850 27850 W ps      : type=1400 audit(0.0:963): avc:  denied  { read } for  name="pid_max" dev="proc" ino=611762 scontext=u:r:untrusted_app:s0:c25,c257,c512,c768 tcontext=u:object_r:proc_pid_max:s0 tclass=file permissive=0 app=com.ss.android.ugc.aweme
09-01 22:09:49.524 27853 27853 W ps      : type=1400 audit(0.0:964): avc:  denied  { read } for  name="pid_max" dev="proc" ino=611762 scontext=u:r:untrusted_app:s0:c25,c257,c512,c768 tcontext=u:object_r:proc_pid_max:s0 tclass=file permissive=0 app=com.ss.android.ugc.aweme
09-01 22:09:49.640 26598 26598 W Thread-9: type=1400 audit(0.0:965): avc:  denied  { read } for  name="u:object_r:userdebug_or_eng_prop:s0" dev="tmpfs" ino=396 scontext=u:r:untrusted_app:s0:c25,c257,c512,c768 tcontext=u:object_r:userdebug_or_eng_prop:s0 tclass=file permissive=0 bug=b/305600845 app=com.ss.android.ugc.aweme
09-01 22:09:49.640 26598 26598 W Thread-9: type=1400 audit(0.0:966): avc:  denied  { read } for  name="u:object_r:userdebug_or_eng_prop:s0" dev="tmpfs" ino=396 scontext=u:r:untrusted_app:s0:c25,c257,c512,c768 tcontext=u:object_r:userdebug_or_eng_prop:s0 tclass=file permissive=0 bug=b/305600845 app=com.ss.android.ugc.aweme
09-01 22:09:49.640 26598 26598 W Thread-9: type=1400 audit(0.0:967): avc:  denied  { read } for  name="u:object_r:oem_unlock_prop:s0" dev="tmpfs" ino=297 scontext=u:r:untrusted_app:s0:c25,c257,c512,c768 tcontext=u:object_r:oem_unlock_prop:s0 tclass=file permissive=0 app=com.ss.android.ugc.aweme
