1	200	headers=6	body=394	url=https://vcs.zijieapi.com/vc/setting?app_name=aweme&version_name=35.1.0&app_version=35.1.0&channel=vivo_1128_64&sdk_version=4.0.1.cn&version_code=350101&device_platform=android&lang=zh&aid=1128
2	200	headers=0	body=0	url=https://aweme.snssdk.com/aweme/v1/im/conversation/floating_bar/configs?klink_egdi=AAL6F2JRRmTyRcmhfWO8fpeIax20xWdbnFyoOkbHLTA1hgY6i5yr6vS9&iid=3313280560987770&device_id=4087336283154583&ac=wifi&channel=vivo_1128_64&aid=1128&app_name=aweme&version_code=350100&version_name=35.1.0&device_platform=android&os=android&ssmix=a&device_type=Pixel+6&device_brand=google&language=zh&os_api=35&os_version=15&manifest_version_code=350101&resolution=1080*2209&dpi=420&update_version_code=35109900&_rticket=1788275337833&package=com.ss.android.ugc.aweme&mcc_mnc=46000&first_launch_timestamp=1788265682&last_deeplink_update_version_code=0&cpu_support64=true&host_abi=arm64-v8a&is_guest_mode=0&app_type=normal&minor_status=0&appTheme=light&is_preinstall=0&need_personal_recommend=1&is_android_pad=0&is_android_fold=0&ts=1788275337&cdid=3c8e225d-27e2-4294-8873-9009960e7908
3	200	headers=6	body=0	url=https://aweme.snssdk.com/aweme/v1/addiction/info/?scene_type=cold_boot&elder_mode=0&klink_egdi=AAL6F2JRRmTyRcmhfWO8fpeIax20xWdbnFyoOkbHLTA1hgY6i5yr6vS9&iid=3313280560987770&device_id=4087336283154583&ac=wifi&channel=vivo_1128_64&aid=1128&app_name=aweme&version_code=350100&version_name=35.1.0&device_platform=android&os=android&ssmix=a&device_type=Pixel+6&device_brand=google&language=zh&os_api=35&os_version=15&manifest_version_code=350101&resolution=1080*2209&dpi=420&update_version_code=35109900&_rticket=1788275337911&package=com.ss.android.ugc.aweme&mcc_mnc=46000&first_launch_timestamp=1788265682&last_deeplink_update_version_code=0&cpu_support64=true&host_abi=arm64-v8a&is_guest_mode=0&app_type=normal&minor_status=0&appTheme=light&is_preinstall=0&need_personal_recommend=1&is_android_pad=0&is_android_fold=0&ts=1788275337&cdid=3c8e225d-27e2-4294-8873-9009960e7908
4	200	headers=0	body=0	url=https://aweme.snssdk.com/aweme/v1/im/platform/config/global/?with_message_type_setting_config=true&with_group_setting_config=true&klink_egdi=AAL6F2JRRmTyRcmhfWO8fpeIax20xWdbnFyoOkbHLTA1hgY6i5yr6vS9&iid=3313280560987770&device_id=4087336283154583&ac=wifi&channel=vivo_1128_64&aid=1128&app_name=aweme&version_code=350100&version_name=35.1.0&device_platform=android&os=android&ssmix=a&device_type=Pixel+6&device_brand=google&language=zh&os_api=35&os_version=15&manifest_version_code=350101&resolution=1080*2209&dpi=420&update_version_code=35109900&_rticket=1788275337833&package=com.ss.android.ugc.aweme&mcc_mnc=46000&first_launch_timestamp=1788265682&last_deeplink_update_version_code=0&cpu_support64=true&host_abi=arm64-v8a&is_guest_mode=0&app_type=normal&minor_status=0&appTheme=light&is_preinstall=0&need_personal_recommend=1&is_android_pad=0&is_android_fold=0&ts=1788275337&cdid=3c8e225d-27e2-4294-8873-9009960e7908
5	200	headers=0	body=0	url=https://aweme.snssdk.com/aweme/v1/im/platform/config/global/?with_message_type_setting_config=true&with_group_setting_config=true&klink_egdi=AAL6F2JRRmTyRcmhfWO8fpeIax20xWdbnFyoOkbHLTA1hgY6i5yr6vS9&iid=3313280560987770&device_id=4087336283154583&ac=wifi&channel=vivo_1128_64&aid=1128&app_name=aweme&version_code=350100&version_name=35.1.0&device_platform=android&os=android&ssmix=a&device_type=Pixel+6&device_brand=google&language=zh&os_api=35&os_version=15&manifest_version_code=350101&resolution=1080*2209&dpi=420&update_version_code=35109900&_rticket=1788275337833&package=com.ss.android.ugc.aweme&mcc_mnc=46000&first_launch_timestamp=1788265682&last_deeplink_update_version_code=0&cpu_support64=true&host_abi=arm64-v8a&is_guest_mode=0&app_type=normal&minor_status=0&appTheme=light&is_preinstall=0&need_personal_recommend=1&is_android_pad=0&is_android_fold=0&ts=1788275337&cdid=3c8e225d-27e2-4294-8873-9009960e7908
6	200	headers=0	body=0	url=https://aweme.snssdk.com/aweme/v1/im/platform/config/global/?with_message_type_setting_config=true&with_group_setting_config=true&klink_egdi=AAL6F2JRRmTyRcmhfWO8fpeIax20xWdbnFyoOkbHLTA1hgY6i5yr6vS9&iid=3313280560987770&device_id=4087336283154583&ac=wifi&channel=vivo_1128_64&aid=1128&app_name=aweme&version_code=350100&version_name=35.1.0&device_platform=android&os=android&ssmix=a&device_type=Pixel+6&device_brand=google&language=zh&os_api=35&os_version=15&manifest_version_code=350101&resolution=1080*2209&dpi=420&update_version_code=35109900&_rticket=1788275337833&package=com.ss.android.ugc.aweme&mcc_mnc=46000&first_launch_timestamp=1788265682&last_deeplink_update_version_code=0&cpu_support64=true&host_abi=arm64-v8a&is_guest_mode=0&app_type=normal&minor_status=0&appTheme=light&is_preinstall=0&need_personal_recommend=1&is_android_pad=0&is_android_fold=0&ts=1788275337&cdid=3c8e225d-27e2-4294-8873-9009960e7908
7	200	headers=0	body=0	url=https://aweme.snssdk.com/aweme/v1/im/platform/config/global/?with_message_type_setting_config=true&with_group_setting_config=true&klink_egdi=AAL6F2JRRmTyRcmhfWO8fpeIax20xWdbnFyoOkbHLTA1hgY6i5yr6vS9&iid=3313280560987770&device_id=4087336283154583&ac=wifi&channel=vivo_1128_64&aid=1128&app_name=aweme&version_code=350100&version_name=35.1.0&device_platform=android&os=android&ssmix=a&device_type=Pixel+6&device_brand=google&language=zh&os_api=35&os_version=15&manifest_version_code=350101&resolution=1080*2209&dpi=420&update_version_code=35109900&_rticket=1788275337833&package=com.ss.android.ugc.aweme&mcc_mnc=46000&first_launch_timestamp=1788265682&last_deeplink_update_version_code=0&cpu_support64=true&host_abi=arm64-v8a&is_guest_mode=0&app_type=normal&minor_status=0&appTheme=light&is_preinstall=0&need_personal_recommend=1&is_android_pad=0&is_android_fold=0&ts=1788275337&cdid=3c8e225d-27e2-4294-8873-9009960e7908
8	200	headers=11	body=9	url=https://aweme.snssdk.com/%2Faweme%2Fv2%2Fmaterial%2Fcontinue%2F?klink_egdi=AAL6F2JRRmTyRcmhfWO8fpeIax20xWdbnFyoOkbHLTA1hgY6i5yr6vS9&iid=3313280560987770&device_id=4087336283154583&ac=wifi&channel=vivo_1128_64&aid=1128&app_name=aweme&version_code=350100&version_name=35.1.0&device_platform=android&os=android&ssmix=a&device_type=Pixel+6&device_brand=google&language=zh&os_api=35&os_version=15&manifest_version_code=350101&resolution=1080*2209&dpi=420&update_version_code=35109900&_rticket=1788275338149&package=com.ss.android.ugc.aweme&mcc_mnc=46000&first_launch_timestamp=1788265682&last_deeplink_update_version_code=0&cpu_support64=true&host_abi=arm64-v8a&is_guest_mode=0&app_type=normal&minor_status=0&appTheme=light&is_preinstall=0&need_personal_recommend=1&is_android_pad=0&is_android_fold=0&ts=1788275338&cdid=3c8e225d-27e2-4294-8873-9009960e7908
9	200	headers=12	body=254	url=https://aweme.snssdk.com/aweme/homepage/render/?is_click_agree_privacy=false&client_ability=1&client_mode=0&reason=cold_launch&req_interval=0&sec_uid&klink_egdi=AAL6F2JRRmTyRcmhfWO8fpeIax20xWdbnFyoOkbHLTA1hgY6i5yr6vS9&iid=3313280560987770&device_id=4087336283154583&ac=wifi&channel=vivo_1128_64&aid=1128&app_name=aweme&version_code=350100&version_name=35.1.0&device_platform=android&os=android&ssmix=a&device_type=Pixel+6&device_brand=google&language=zh&os_api=35&os_version=15&manifest_version_code=350101&resolution=1080*2209&dpi=420&update_version_code=35109900&_rticket=1788275338008&package=com.ss.android.ugc.aweme&mcc_mnc=46000&first_launch_timestamp=1788265682&last_deeplink_update_version_code=0&cpu_support64=true&host_abi=arm64-v8a&is_guest_mode=0&app_type=normal&minor_status=0&appTheme=light&is_preinstall=0&need_personal_recommend=1&is_android_pad=0&is_android_fold=0&ts=1788275338&cdid=3c8e225d-27e2-4294-8873-9009960e7908
10	200	headers=11	body=1430	url=https://aweme.snssdk.com/service/2/app_log/?version_code=350100&device_platform=android&device_id=4087336283154583&aid=1128&iid=3313280560987770&tt_data=a
11	200	headers=8	body=0	url=https://aweme.snssdk.com/aweme/v1/multicast/query/?klink_egdi=AAL6F2JRRmTyRcmhfWO8fpeIax20xWdbnFyoOkbHLTA1hgY6i5yr6vS9&iid=3313280560987770&device_id=4087336283154583&ac=wifi&channel=vivo_1128_64&aid=1128&app_name=aweme&version_code=350100&version_name=35.1.0&device_platform=android&os=android&ssmix=a&device_type=Pixel+6&device_brand=google&language=zh&os_api=35&os_version=15&manifest_version_code=350101&resolution=1080*2209&dpi=420&update_version_code=35109900&_rticket=1788275338417&package=com.ss.android.ugc.aweme&mcc_mnc=46000&first_launch_timestamp=1788265682&last_deeplink_update_version_code=0&cpu_support64=true&host_abi=arm64-v8a&is_guest_mode=0&app_type=normal&minor_status=0&appTheme=light&is_preinstall=0&need_personal_recommend=1&is_android_pad=0&is_android_fold=0&ts=1788275337&cdid=3c8e225d-27e2-4294-8873-9009960e7908
12	200	headers=0	body=0	url=https://aweme.snssdk.com/aweme/v1/multicast/query/?klink_egdi=AAL6F2JRRmTyRcmhfWO8fpeIax20xWdbnFyoOkbHLTA1hgY6i5yr6vS9&iid=3313280560987770&device_id=4087336283154583&ac=wifi&channel=vivo_1128_64&aid=1128&app_name=aweme&version_code=350100&version_name=35.1.0&device_platform=android&os=android&ssmix=a&device_type=Pixel+6&device_brand=google&language=zh&os_api=35&os_version=15&manifest_version_code=350101&resolution=1080*2209&dpi=420&update_version_code=35109900&_rticket=1788275338417&package=com.ss.android.ugc.aweme&mcc_mnc=46000&first_launch_timestamp=1788265682&last_deeplink_update_version_code=0&cpu_support64=true&host_abi=arm64-v8a&is_guest_mode=0&app_type=normal&minor_status=0&appTheme=light&is_preinstall=0&need_personal_recommend=1&is_android_pad=0&is_android_fold=0&ts=1788275337&cdid=3c8e225d-27e2-4294-8873-9009960e7908
13	200	headers=0	body=0	url=https://aweme.snssdk.com/aweme/v1/multicast/query/?klink_egdi=AAL6F2JRRmTyRcmhfWO8fpeIax20xWdbnFyoOkbHLTA1hgY6i5yr6vS9&iid=3313280560987770&device_id=4087336283154583&ac=wifi&channel=vivo_1128_64&aid=1128&app_name=aweme&version_code=350100&version_name=35.1.0&device_platform=android&os=android&ssmix=a&device_type=Pixel+6&device_brand=google&language=zh&os_api=35&os_version=15&manifest_version_code=350101&resolution=1080*2209&dpi=420&update_version_code=35109900&_rticket=1788275338417&package=com.ss.android.ugc.aweme&mcc_mnc=46000&first_launch_timestamp=1788265682&last_deeplink_update_version_code=0&cpu_support64=true&host_abi=arm64-v8a&is_guest_mode=0&app_type=normal&minor_status=0&appTheme=light&is_preinstall=0&need_personal_recommend=1&is_android_pad=0&is_android_fold=0&ts=1788275337&cdid=3c8e225d-27e2-4294-8873-9009960e7908
14	200	headers=11	body=12358	url=https://aweme.snssdk.com/service/2/app_log/?version_code=350100&device_platform=android&device_id=4087336283154583&aid=1128&iid=3313280560987770&tt_data=a
15	200	headers=8	body=0	url=https://aweme.snssdk.com/service/settings/v3/?klink_egdi=AAL6F2JRRmTyRcmhfWO8fpeIax20xWdbnFyoOkbHLTA1hgY6i5yr6vS9&iid=3313280560987770&device_id=4087336283154583&ac=wifi&channel=vivo_1128_64&aid=1128&app_name=aweme&version_code=350100&version_name=35.1.0&device_platform=android&os=android&ssmix=a&device_type=Pixel+6&device_brand=google&language=zh&os_api=35&os_version=15&manifest_version_code=350101&resolution=1080*2209&dpi=420&update_version_code=35109900&_rticket=1788275338215&package=com.ss.android.ugc.aweme&mcc_mnc=46000&first_launch_timestamp=1788265682&last_deeplink_update_version_code=0&cpu_support64=true&host_abi=arm64-v8a&is_guest_mode=0&app_type=normal&minor_status=0&appTheme=light&is_preinstall=0&need_personal_recommend=1&is_android_pad=0&is_android_fold=0&ts=1788275337&cdid=3c8e225d-27e2-4294-8873-9009960e7908&caller_name=bytedance_ad_sdk&settings_time=1788274150
16	200	headers=0	body=0	url=https://aweme.snssdk.com/service/settings/v3/?klink_egdi=AAL6F2JRRmTyRcmhfWO8fpeIax20xWdbnFyoOkbHLTA1hgY6i5yr6vS9&iid=3313280560987770&device_id=4087336283154583&ac=wifi&channel=vivo_1128_64&aid=1128&app_name=aweme&version_code=350100&version_name=35.1.0&device_platform=android&os=android&ssmix=a&device_type=Pixel+6&device_brand=google&language=zh&os_api=35&os_version=15&manifest_version_code=350101&resolution=1080*2209&dpi=420&update_version_code=35109900&_rticket=1788275338215&package=com.ss.android.ugc.aweme&mcc_mnc=46000&first_launch_timestamp=1788265682&last_deeplink_update_version_code=0&cpu_support64=true&host_abi=arm64-v8a&is_guest_mode=0&app_type=normal&minor_status=0&appTheme=light&is_preinstall=0&need_personal_recommend=1&is_android_pad=0&is_android_fold=0&ts=1788275337&cdid=3c8e225d-27e2-4294-8873-9009960e7908&caller_name=bytedance_ad_sdk&settings_time=1788274150
17	200	headers=0	body=0	url=https://aweme.snssdk.com/service/settings/v3/?klink_egdi=AAL6F2JRRmTyRcmhfWO8fpeIax20xWdbnFyoOkbHLTA1hgY6i5yr6vS9&iid=3313280560987770&device_id=4087336283154583&ac=wifi&channel=vivo_1128_64&aid=1128&app_name=aweme&version_code=350100&version_name=35.1.0&device_platform=android&os=android&ssmix=a&device_type=Pixel+6&device_brand=google&language=zh&os_api=35&os_version=15&manifest_version_code=350101&resolution=1080*2209&dpi=420&update_version_code=35109900&_rticket=1788275338215&package=com.ss.android.ugc.aweme&mcc_mnc=46000&first_launch_timestamp=1788265682&last_deeplink_update_version_code=0&cpu_support64=true&host_abi=arm64-v8a&is_guest_mode=0&app_type=normal&minor_status=0&appTheme=light&is_preinstall=0&need_personal_recommend=1&is_android_pad=0&is_android_fold=0&ts=1788275337&cdid=3c8e225d-27e2-4294-8873-9009960e7908&caller_name=bytedance_ad_sdk&settings_time=1788274150
18	200	headers=13	body=1148	url=https://aweme.snssdk.com/tfe/api/request_combine/v1/?klink_egdi=AAL6F2JRRmTyRcmhfWO8fpeIax20xWdbnFyoOkbHLTA1hgY6i5yr6vS9&iid=3313280560987770&device_id=4087336283154583&ac=wifi&channel=vivo_1128_64&aid=1128&app_name=aweme&version_code=350100&version_name=35.1.0&device_platform=android&os=android&ssmix=a&device_type=Pixel+6&device_brand=google&language=zh&os_api=35&os_version=15&manifest_version_code=350101&resolution=1080*2209&dpi=420&update_version_code=35109900&_rticket=1788275339620&package=com.ss.android.ugc.aweme&mcc_mnc=46000&first_launch_timestamp=1788265682&last_deeplink_update_version_code=0&cpu_support64=true&host_abi=arm64-v8a&is_guest_mode=0&app_type=normal&minor_status=0&appTheme=light&is_preinstall=0&need_personal_recommend=1&is_android_pad=0&is_android_fold=0&ts=1788275338&cdid=3c8e225d-27e2-4294-8873-9009960e7908&ug_ab_params=%7B%7D&ug_custom_key=%7B%22widget_install_status%22%3A%220%22%7D
19	200	headers=11	body=53	url=https://aweme.snssdk.com/aweme/v2/startup/popups/?diversion_channel&diversion_user_type&luckydog_cross_token&luckydog_task_type&gd_label&diversion_channel_type&klink_egdi=AAL6F2JRRmTyRcmhfWO8fpeIax20xWdbnFyoOkbHLTA1hgY6i5yr6vS9&iid=3313280560987770&device_id=4087336283154583&ac=wifi&channel=vivo_1128_64&aid=1128&app_name=aweme&version_code=350100&version_name=35.1.0&device_platform=android&os=android&ssmix=a&device_type=Pixel+6&device_brand=google&language=zh&os_api=35&os_version=15&manifest_version_code=350101&resolution=1080*2209&dpi=420&update_version_code=35109900&_rticket=1788275340857&package=com.ss.android.ugc.aweme&mcc_mnc=46000&first_launch_timestamp=1788265682&last_deeplink_update_version_code=0&cpu_support64=true&host_abi=arm64-v8a&is_guest_mode=0&app_type=normal&minor_status=0&appTheme=light&is_preinstall=0&need_personal_recommend=1&is_android_pad=0&is_android_fold=0&ts=1788275340&cdid=3c8e225d-27e2-4294-8873-9009960e7908
20	200	headers=0	body=0	url=https://api.amemv.com/service/settings/v2/?app=1&caller_name=tt_webview&sdk_version_code=0621140020&sdk_upto_so_versioncode=0620010001&sdk_load_so_versioncode=0620010001&os_type=android&os_api=35&target_api=34&host_abi=64&settings_time=1788272824&device_platform=Pixel+6&device_manufacturer=Google&os_version=15&package_name=com.ss.android.ugc.aweme&deviceid=4087336283154583&device_id=4087336283154583&channel=vivo_1128_64&aid=1128&app_version_code=35109900&update_version_code=35109900&sdk_scc_version=24&kernel_scc_version=-2&request_time=1788275342632
21	200	headers=0	body=0	url=https://api.amemv.com/service/settings/v2/?app=1&caller_name=tt_webview&sdk_version_code=0621140020&sdk_upto_so_versioncode=0620010001&sdk_load_so_versioncode=0620010001&os_type=android&os_api=35&target_api=34&host_abi=64&settings_time=1788272824&device_platform=Pixel+6&device_manufacturer=Google&os_version=15&package_name=com.ss.android.ugc.aweme&deviceid=4087336283154583&device_id=4087336283154583&channel=vivo_1128_64&aid=1128&app_version_code=35109900&update_version_code=35109900&sdk_scc_version=24&kernel_scc_version=-2&request_time=1788275342632
22	200	headers=0	body=0	url=https://api.amemv.com/service/settings/v2/?app=1&caller_name=tt_webview&sdk_version_code=0621140020&sdk_upto_so_versioncode=0620010001&sdk_load_so_versioncode=0620010001&os_type=android&os_api=35&target_api=34&host_abi=64&settings_time=1788272824&device_platform=Pixel+6&device_manufacturer=Google&os_version=15&package_name=com.ss.android.ugc.aweme&deviceid=4087336283154583&device_id=4087336283154583&channel=vivo_1128_64&aid=1128&app_version_code=35109900&update_version_code=35109900&sdk_scc_version=24&kernel_scc_version=-2&request_time=1788275342632
23	200	headers=0	body=0	url=https://aweme.snssdk.com/service/settings/v3/?plugin_version=35109020&device_id=4087336283154583&tma_full_version=15.9.1.1&os_version=15&version_code=350100&channel=vivo_1128_64&device_type=Pixel+6&call_name=iron_man&ctx_infos=eyJlIjoiT1R0RHFmNlZ0T2thTWhqSTNReXBLZz09IiwidiI6OTA3NDc4Nn0%3D&update_version_code=35109900&app_name=aweme&caller_name=iron_man&version_name=35.1.0&os_api=35&settings_time=1788274534&device_brand=google&bdp_version_code=15090101&tma_version=15.9.1&device_platform=android&app_id=1128&klink_egdi=AAL6F2JRRmTyRcmhfWO8fpeIax20xWdbnFyoOkbHLTA1hgY6i5yr6vS9&iid=3313280560987770&ac=wifi&aid=1128&os=android&ssmix=a&language=zh&manifest_version_code=350101&resolution=1080*2209&dpi=420&_rticket=1788275343220&package=com.ss.android.ugc.aweme&mcc_mnc=46000&first_launch_timestamp=1788265682&last_deeplink_update_version_code=0&cpu_support64=true&host_abi=arm64-v8a&is_guest_mode=0&app_type=normal&minor_status=0&appTheme=light&is_preinstall=0&need_personal_recommend=1&is_android_pad=0&is_android_fold=0&ts=1788275342&cdid=3c8e225d-27e2-4294-8873-9009960e7908
24	200	headers=0	body=0	url=https://aweme.snssdk.com/service/settings/v3/?plugin_version=35109020&device_id=4087336283154583&tma_full_version=15.9.1.1&os_version=15&version_code=350100&channel=vivo_1128_64&device_type=Pixel+6&call_name=iron_man&ctx_infos=eyJlIjoiT1R0RHFmNlZ0T2thTWhqSTNReXBLZz09IiwidiI6OTA3NDc4Nn0%3D&update_version_code=35109900&app_name=aweme&caller_name=iron_man&version_name=35.1.0&os_api=35&settings_time=1788274534&device_brand=google&bdp_version_code=15090101&tma_version=15.9.1&device_platform=android&app_id=1128&klink_egdi=AAL6F2JRRmTyRcmhfWO8fpeIax20xWdbnFyoOkbHLTA1hgY6i5yr6vS9&iid=3313280560987770&ac=wifi&aid=1128&os=android&ssmix=a&language=zh&manifest_version_code=350101&resolution=1080*2209&dpi=420&_rticket=1788275343220&package=com.ss.android.ugc.aweme&mcc_mnc=46000&first_launch_timestamp=1788265682&last_deeplink_update_version_code=0&cpu_support64=true&host_abi=arm64-v8a&is_guest_mode=0&app_type=normal&minor_status=0&appTheme=light&is_preinstall=0&need_personal_recommend=1&is_android_pad=0&is_android_fold=0&ts=1788275342&cdid=3c8e225d-27e2-4294-8873-9009960e7908
25	200	headers=0	body=0	url=https://aweme.snssdk.com/service/settings/v3/?plugin_version=35109020&device_id=4087336283154583&tma_full_version=15.9.1.1&os_version=15&version_code=350100&channel=vivo_1128_64&device_type=Pixel+6&call_name=iron_man&ctx_infos=eyJlIjoiT1R0RHFmNlZ0T2thTWhqSTNReXBLZz09IiwidiI6OTA3NDc4Nn0%3D&update_version_code=35109900&app_name=aweme&caller_name=iron_man&version_name=35.1.0&os_api=35&settings_time=1788274534&device_brand=google&bdp_version_code=15090101&tma_version=15.9.1&device_platform=android&app_id=1128&klink_egdi=AAL6F2JRRmTyRcmhfWO8fpeIax20xWdbnFyoOkbHLTA1hgY6i5yr6vS9&iid=3313280560987770&ac=wifi&aid=1128&os=android&ssmix=a&language=zh&manifest_version_code=350101&resolution=1080*2209&dpi=420&_rticket=1788275343220&package=com.ss.android.ugc.aweme&mcc_mnc=46000&first_launch_timestamp=1788265682&last_deeplink_update_version_code=0&cpu_support64=true&host_abi=arm64-v8a&is_guest_mode=0&app_type=normal&minor_status=0&appTheme=light&is_preinstall=0&need_personal_recommend=1&is_android_pad=0&is_android_fold=0&ts=1788275342&cdid=3c8e225d-27e2-4294-8873-9009960e7908
26	200	headers=8	body=0	url=https://abtest-ch.snssdk.com/common?ecomterm_sdk_version=39200&klink_egdi=AAL6F2JRRmTyRcmhfWO8fpeIax20xWdbnFyoOkbHLTA1hgY6i5yr6vS9&iid=3313280560987770&device_id=4087336283154583&ac=wifi&channel=vivo_1128_64&aid=1128&app_name=aweme&version_code=350100&version_name=35.1.0&device_platform=android&os=android&ssmix=a&device_type=Pixel+6&device_brand=google&language=zh&os_api=35&os_version=15&manifest_version_code=350101&resolution=1080*2209&dpi=420&update_version_code=35109900&_rticket=1788275343534&package=com.ss.android.ugc.aweme&mcc_mnc=46000&first_launch_timestamp=1788265682&last_deeplink_update_version_code=0&cpu_support64=true&host_abi=arm64-v8a&is_guest_mode=0&app_type=normal&minor_status=0&appTheme=light&is_preinstall=0&need_personal_recommend=1&is_android_pad=0&is_android_fold=0&ts=1788275342&cdid=3c8e225d-27e2-4294-8873-9009960e7908
27	200	headers=0	body=0	url=https://abtest-ch.snssdk.com/common?ecomterm_sdk_version=39200&klink_egdi=AAL6F2JRRmTyRcmhfWO8fpeIax20xWdbnFyoOkbHLTA1hgY6i5yr6vS9&iid=3313280560987770&device_id=4087336283154583&ac=wifi&channel=vivo_1128_64&aid=1128&app_name=aweme&version_code=350100&version_name=35.1.0&device_platform=android&os=android&ssmix=a&device_type=Pixel+6&device_brand=google&language=zh&os_api=35&os_version=15&manifest_version_code=350101&resolution=1080*2209&dpi=420&update_version_code=35109900&_rticket=1788275343534&package=com.ss.android.ugc.aweme&mcc_mnc=46000&first_launch_timestamp=1788265682&last_deeplink_update_version_code=0&cpu_support64=true&host_abi=arm64-v8a&is_guest_mode=0&app_type=normal&minor_status=0&appTheme=light&is_preinstall=0&need_personal_recommend=1&is_android_pad=0&is_android_fold=0&ts=1788275342&cdid=3c8e225d-27e2-4294-8873-9009960e7908
28	200	headers=0	body=0	url=https://abtest-ch.snssdk.com/common?ecomterm_sdk_version=39200&klink_egdi=AAL6F2JRRmTyRcmhfWO8fpeIax20xWdbnFyoOkbHLTA1hgY6i5yr6vS9&iid=3313280560987770&device_id=4087336283154583&ac=wifi&channel=vivo_1128_64&aid=1128&app_name=aweme&version_code=350100&version_name=35.1.0&device_platform=android&os=android&ssmix=a&device_type=Pixel+6&device_brand=google&language=zh&os_api=35&os_version=15&manifest_version_code=350101&resolution=1080*2209&dpi=420&update_version_code=35109900&_rticket=1788275343534&package=com.ss.android.ugc.aweme&mcc_mnc=46000&first_launch_timestamp=1788265682&last_deeplink_update_version_code=0&cpu_support64=true&host_abi=arm64-v8a&is_guest_mode=0&app_type=normal&minor_status=0&appTheme=light&is_preinstall=0&need_personal_recommend=1&is_android_pad=0&is_android_fold=0&ts=1788275342&cdid=3c8e225d-27e2-4294-8873-9009960e7908
29	200	headers=12	body=561	url=https://aweme.snssdk.com/aweme/v1/aweme/stats/?klink_egdi=AAL6F2JRRmTyRcmhfWO8fpeIax20xWdbnFyoOkbHLTA1hgY6i5yr6vS9&iid=3313280560987770&device_id=4087336283154583&ac=wifi&channel=vivo_1128_64&aid=1128&app_name=aweme&version_code=350100&version_name=35.1.0&device_platform=android&os=android&ssmix=a&device_type=Pixel+6&device_brand=google&language=zh&os_api=35&os_version=15&manifest_version_code=350101&resolution=1080*2209&dpi=420&update_version_code=35109900&_rticket=1788275346001&package=com.ss.android.ugc.aweme&mcc_mnc=46000&first_launch_timestamp=1788265682&last_deeplink_update_version_code=0&cpu_support64=true&host_abi=arm64-v8a&is_guest_mode=0&app_type=normal&minor_status=0&appTheme=light&is_preinstall=0&need_personal_recommend=1&is_android_pad=0&is_android_fold=0&ts=1788275345&cdid=3c8e225d-27e2-4294-8873-9009960e7908
30	200	headers=10	body=165	url=https://jsb.snssdk.com/src/server/v2/package
31	200	headers=0	body=0	url=https://abtest-ch.snssdk.com/common?aid=1128&device_id=4087336283154583&klink_egdi=AAL6F2JRRmTyRcmhfWO8fpeIax20xWdbnFyoOkbHLTA1hgY6i5yr6vS9&iid=3313280560987770&ac=wifi&channel=vivo_1128_64&app_name=aweme&version_code=350100&version_name=35.1.0&device_platform=android&os=android&ssmix=a&device_type=Pixel+6&device_brand=google&language=zh&os_api=35&os_version=15&manifest_version_code=350101&resolution=1080*2209&dpi=420&update_version_code=35109900&_rticket=1788275347856&package=com.ss.android.ugc.aweme&mcc_mnc=46000&first_launch_timestamp=1788265682&last_deeplink_update_version_code=0&cpu_support64=true&host_abi=arm64-v8a&is_guest_mode=0&app_type=normal&minor_status=0&appTheme=light&is_preinstall=0&need_personal_recommend=1&is_android_pad=0&is_android_fold=0&ts=1788275346&cdid=3c8e225d-27e2-4294-8873-9009960e7908
32	200	headers=0	body=0	url=https://abtest-ch.snssdk.com/common?aid=1128&device_id=4087336283154583&klink_egdi=AAL6F2JRRmTyRcmhfWO8fpeIax20xWdbnFyoOkbHLTA1hgY6i5yr6vS9&iid=3313280560987770&ac=wifi&channel=vivo_1128_64&app_name=aweme&version_code=350100&version_name=35.1.0&device_platform=android&os=android&ssmix=a&device_type=Pixel+6&device_brand=google&language=zh&os_api=35&os_version=15&manifest_version_code=350101&resolution=1080*2209&dpi=420&update_version_code=35109900&_rticket=1788275347856&package=com.ss.android.ugc.aweme&mcc_mnc=46000&first_launch_timestamp=1788265682&last_deeplink_update_version_code=0&cpu_support64=true&host_abi=arm64-v8a&is_guest_mode=0&app_type=normal&minor_status=0&appTheme=light&is_preinstall=0&need_personal_recommend=1&is_android_pad=0&is_android_fold=0&ts=1788275346&cdid=3c8e225d-27e2-4294-8873-9009960e7908
33	200	headers=0	body=0	url=https://abtest-ch.snssdk.com/common?aid=1128&device_id=4087336283154583&klink_egdi=AAL6F2JRRmTyRcmhfWO8fpeIax20xWdbnFyoOkbHLTA1hgY6i5yr6vS9&iid=3313280560987770&ac=wifi&channel=vivo_1128_64&app_name=aweme&version_code=350100&version_name=35.1.0&device_platform=android&os=android&ssmix=a&device_type=Pixel+6&device_brand=google&language=zh&os_api=35&os_version=15&manifest_version_code=350101&resolution=1080*2209&dpi=420&update_version_code=35109900&_rticket=1788275347856&package=com.ss.android.ugc.aweme&mcc_mnc=46000&first_launch_timestamp=1788265682&last_deeplink_update_version_code=0&cpu_support64=true&host_abi=arm64-v8a&is_guest_mode=0&app_type=normal&minor_status=0&appTheme=light&is_preinstall=0&need_personal_recommend=1&is_android_pad=0&is_android_fold=0&ts=1788275346&cdid=3c8e225d-27e2-4294-8873-9009960e7908
34	200	headers=9	body=115	url=https://mssdk.bytedance.com/pilvinen/v1/sseelfk/haku?lc_id=1588093228&aid=1128&app_id=1128&sdk_id&sub_aid&sdk_version=v04.09.05-ml-android&sdk_ver_code=67699968&app_version=35.1.0&os_platform=android&cpu_width=64&iid=3313280560987770&did=4087336283154583&bd_did&secdid&log_id=60991&version=1&sdk_type=2&client_type=inhouse&region_type=ml&mode=2&deploy_ids&pid=11322&full_update_version_code=35109900
35	200	headers=11	body=38182	url=https://aweme.snssdk.com/service/2/app_log/?version_code=350100&device_platform=android&device_id=4087336283154583&aid=1128&iid=3313280560987770&tt_data=a
36	200	headers=11	body=487	url=https://gecko.zijieapi.com/gkx/api/settings/v3?klink_egdi=AAL6F2JRRmTyRcmhfWO8fpeIax20xWdbnFyoOkbHLTA1hgY6i5yr6vS9&iid=3313280560987770&device_id=4087336283154583&ac=wifi&channel=vivo_1128_64&aid=1128&app_name=aweme&version_code=350100&version_name=35.1.0&device_platform=android&os=android&ssmix=a&device_type=Pixel+6&device_brand=google&language=zh&os_api=35&os_version=15&manifest_version_code=350101&resolution=1080*2209&dpi=420&update_version_code=35109900&_rticket=1788275349125&package=com.ss.android.ugc.aweme&mcc_mnc=46000&first_launch_timestamp=1788265682&last_deeplink_update_version_code=0&cpu_support64=true&host_abi=arm64-v8a&is_guest_mode=0&app_type=normal&minor_status=0&appTheme=light&is_preinstall=0&need_personal_recommend=1&is_android_pad=0&is_android_fold=0&ts=1788275348&cdid=3c8e225d-27e2-4294-8873-9009960e7908
37	200	headers=11	body=2001	url=https://gecko.zijieapi.com/gkx/api/resource/v7/coldstart?klink_egdi=AAL6F2JRRmTyRcmhfWO8fpeIax20xWdbnFyoOkbHLTA1hgY6i5yr6vS9&iid=3313280560987770&device_id=4087336283154583&ac=wifi&channel=vivo_1128_64&aid=1128&app_name=aweme&version_code=350100&version_name=35.1.0&device_platform=android&os=android&ssmix=a&device_type=Pixel+6&device_brand=google&language=zh&os_api=35&os_version=15&manifest_version_code=350101&resolution=1080*2209&dpi=420&update_version_code=35109900&_rticket=1788275349372&package=com.ss.android.ugc.aweme&mcc_mnc=46000&first_launch_timestamp=1788265682&last_deeplink_update_version_code=0&cpu_support64=true&host_abi=arm64-v8a&is_guest_mode=0&app_type=normal&minor_status=0&appTheme=light&is_preinstall=0&need_personal_recommend=1&is_android_pad=0&is_android_fold=0&ts=1788275348&cdid=3c8e225d-27e2-4294-8873-9009960e7908
38	200	headers=0	body=0	url=https://dig.bdurl.net/q?host=d6j3wcohqlces.v1d.pkoplink.com&source=vod&aid=1128
39	200	headers=0	body=0	url=https://dig.bdurl.net/q?host=d6j3wcohqlces.v1d.pkoplink.com&source=vod&aid=1128
40	200	headers=0	body=0	url=https://dig.bdurl.net/q?host=d6j3wcohqlces.v1d.pkoplink.com&source=vod&aid=1128
41	200	headers=10	body=165	url=https://jsb.snssdk.com/src/server/v2/package
42	200	headers=8	body=0	url=https://aweme.snssdk.com/service/settings/v3/?klink_egdi=AAL6F2JRRmTyRcmhfWO8fpeIax20xWdbnFyoOkbHLTA1hgY6i5yr6vS9&iid=3313280560987770&device_id=4087336283154583&ac=wifi&channel=vivo_1128_64&aid=4263&app_name=aweme&version_code=350100&version_name=35.1.0&device_platform=android&os=android&ssmix=a&device_type=Pixel+6&device_brand=google&language=zh&os_api=35&os_version=15&manifest_version_code=350101&resolution=1080*2209&dpi=420&update_version_code=35109900&_rticket=1788275354747&package=com.ss.android.ugc.aweme&mcc_mnc=46000&first_launch_timestamp=1788265682&last_deeplink_update_version_code=0&cpu_support64=true&host_abi=arm64-v8a&is_guest_mode=0&app_type=normal&minor_status=0&appTheme=light&is_preinstall=0&need_personal_recommend=1&is_android_pad=0&is_android_fold=0&ts=1788275353&cdid=3c8e225d-27e2-4294-8873-9009960e7908
43	200	headers=0	body=0	url=https://aweme.snssdk.com/service/settings/v3/?klink_egdi=AAL6F2JRRmTyRcmhfWO8fpeIax20xWdbnFyoOkbHLTA1hgY6i5yr6vS9&iid=3313280560987770&device_id=4087336283154583&ac=wifi&channel=vivo_1128_64&aid=4263&app_name=aweme&version_code=350100&version_name=35.1.0&device_platform=android&os=android&ssmix=a&device_type=Pixel+6&device_brand=google&language=zh&os_api=35&os_version=15&manifest_version_code=350101&resolution=1080*2209&dpi=420&update_version_code=35109900&_rticket=1788275354747&package=com.ss.android.ugc.aweme&mcc_mnc=46000&first_launch_timestamp=1788265682&last_deeplink_update_version_code=0&cpu_support64=true&host_abi=arm64-v8a&is_guest_mode=0&app_type=normal&minor_status=0&appTheme=light&is_preinstall=0&need_personal_recommend=1&is_android_pad=0&is_android_fold=0&ts=1788275353&cdid=3c8e225d-27e2-4294-8873-9009960e7908
44	200	headers=0	body=0	url=https://aweme.snssdk.com/service/settings/v3/?klink_egdi=AAL6F2JRRmTyRcmhfWO8fpeIax20xWdbnFyoOkbHLTA1hgY6i5yr6vS9&iid=3313280560987770&device_id=4087336283154583&ac=wifi&channel=vivo_1128_64&aid=4263&app_name=aweme&version_code=350100&version_name=35.1.0&device_platform=android&os=android&ssmix=a&device_type=Pixel+6&device_brand=google&language=zh&os_api=35&os_version=15&manifest_version_code=350101&resolution=1080*2209&dpi=420&update_version_code=35109900&_rticket=1788275354747&package=com.ss.android.ugc.aweme&mcc_mnc=46000&first_launch_timestamp=1788265682&last_deeplink_update_version_code=0&cpu_support64=true&host_abi=arm64-v8a&is_guest_mode=0&app_type=normal&minor_status=0&appTheme=light&is_preinstall=0&need_personal_recommend=1&is_android_pad=0&is_android_fold=0&ts=1788275353&cdid=3c8e225d-27e2-4294-8873-9009960e7908
45	200	headers=11	body=449	url=https://polaris.zijieapi.com/luckycat/activity/refresh_act_id/?need_token_params=1&klink_egdi=AAL6F2JRRmTyRcmhfWO8fpeIax20xWdbnFyoOkbHLTA1hgY6i5yr6vS9&iid=3313280560987770&device_id=4087336283154583&ac=wifi&channel=vivo_1128_64&aid=1128&app_name=aweme&version_code=350100&version_name=35.1.0&device_platform=android&os=android&ssmix=a&device_type=Pixel+6&device_brand=google&language=zh&os_api=35&os_version=15&manifest_version_code=350101&resolution=1080*2209&dpi=420&update_version_code=35109900&_rticket=1788275355230&package=com.ss.android.ugc.aweme&mcc_mnc=46000&first_launch_timestamp=1788265682&last_deeplink_update_version_code=0&cpu_support64=true&host_abi=arm64-v8a&is_guest_mode=0&app_type=normal&minor_status=0&appTheme=light&is_preinstall=0&need_personal_recommend=1&is_android_pad=0&is_android_fold=0&ts=1788275354&cdid=3c8e225d-27e2-4294-8873-9009960e7908&rom=GOOGLE&has_alipay=0&p_switch=1&rom_version=unknown&luckydog_api_verison=8.87.0-rc.1&luckydog_sdk_verison&luckydog_sdk_verison&is_teen_mode=0&status_bar_height=48&lucky_is_32=0&lucky_device_score=8.4364&lucky_device_type=Pixel+6&luckydog_base=ZWkSTskzn9-4_3mhabJfkkR2YvxwBoxiW_rj9VMoqp8uV8Dnf0f6dK7FSZbP_-AydNGWOQD7rvaKeoOAQiH0yX53LPEKSCcT3H7wiR2TaYCUAPcqpsE2JkDGG0-C8LiLPOPbVM3RPQF8jswe2cacoMSNQRsHNuuAWp1VRGjbkUg&luckydog_token=wXnov5t9s9cQ0rPwC9vlX1fC8noemPhjug21LcHCB9_Rp1n5ZVN1FhQwoc1xkfRx&luckydog_data=vMVxwNDHRsvj9mg9HHkvrA
46	200	headers=11	body=494	url=https://gecko.zijieapi.com/gkx/api/settings/v3?klink_egdi=AAL6F2JRRmTyRcmhfWO8fpeIax20xWdbnFyoOkbHLTA1hgY6i5yr6vS9&iid=3313280560987770&device_id=4087336283154583&ac=wifi&channel=vivo_1128_64&aid=1128&app_name=aweme&version_code=350100&version_name=35.1.0&device_platform=android&os=android&ssmix=a&device_type=Pixel+6&device_brand=google&language=zh&os_api=35&os_version=15&manifest_version_code=350101&resolution=1080*2209&dpi=420&update_version_code=35109900&_rticket=1788275355833&package=com.ss.android.ugc.aweme&mcc_mnc=46000&first_launch_timestamp=1788265682&last_deeplink_update_version_code=0&cpu_support64=true&host_abi=arm64-v8a&is_guest_mode=0&app_type=normal&minor_status=0&appTheme=light&is_preinstall=0&need_personal_recommend=1&is_android_pad=0&is_android_fold=0&ts=1788275354&cdid=3c8e225d-27e2-4294-8873-9009960e7908
47	200	headers=12	body=392	url=https://polaris.zijieapi.com/luckycat/activity/settings/get_static_settings/?luckydog_base=ZWkSTskzn9-4_3mhabJfkkR2YvxwBoxiW_rj9VMoqp8uV8Dnf0f6dK7FSZbP_-AydNGWOQD7rvaKeoOAQiH0yX53LPEKSCcT3H7wiR2TaYCUAPcqpsE2JkDGG0-C8LiLPOPbVM3RPQF8jswe2cacoMSNQRsHNuuAWp1VRGjbkUg&luckydog_token=wXnov5t9s9cQ0rPwC9vlX1fC8noemPhjug21LcHCB9_Rp1n5ZVN1FhQwoc1xkfRx&luckydog_data=vMVxwNDHRsvj9mg9HHkvrA&device_platform=android&klink_egdi=AAL6F2JRRmTyRcmhfWO8fpeIax20xWdbnFyoOkbHLTA1hgY6i5yr6vS9&iid=3313280560987770&device_id=4087336283154583&ac=wifi&channel=vivo_1128_64&aid=1128&app_name=aweme&version_code=350100&version_name=35.1.0&os=android&ssmix=a&device_type=Pixel+6&device_brand=google&language=zh&os_api=35&os_version=15&manifest_version_code=350101&resolution=1080*2209&dpi=420&update_version_code=35109900&_rticket=1788275356161&package=com.ss.android.ugc.aweme&mcc_mnc=46000&first_launch_timestamp=1788265682&last_deeplink_update_version_code=0&cpu_support64=true&host_abi=arm64-v8a&is_guest_mode=0&app_type=normal&minor_status=0&appTheme=light&is_preinstall=0&need_personal_recommend=1&is_android_pad=0&is_android_fold=0&ts=1788275355&cdid=3c8e225d-27e2-4294-8873-9009960e7908&rom=GOOGLE&has_alipay=0&p_switch=1&rom_version=unknown&luckydog_api_verison=8.87.0-rc.1&luckydog_sdk_verison=8.87.0-rc.1&is_teen_mode=0&status_bar_height=48&lucky_is_32=0&lucky_device_score=8.4364&lucky_device_type=Pixel+6
48	200	headers=11	body=460	url=https://polaris.zijieapi.com/luckycat/crossover/v:version/ack_install/?klink_egdi=AAL6F2JRRmTyRcmhfWO8fpeIax20xWdbnFyoOkbHLTA1hgY6i5yr6vS9&iid=3313280560987770&device_id=4087336283154583&ac=wifi&channel=vivo_1128_64&aid=1128&app_name=aweme&version_code=350100&version_name=35.1.0&device_platform=android&os=android&ssmix=a&device_type=Pixel+6&device_brand=google&language=zh&os_api=35&os_version=15&manifest_version_code=350101&resolution=1080*2209&dpi=420&update_version_code=35109900&_rticket=1788275356359&package=com.ss.android.ugc.aweme&mcc_mnc=46000&first_launch_timestamp=1788265682&last_deeplink_update_version_code=0&cpu_support64=true&host_abi=arm64-v8a&is_guest_mode=0&app_type=normal&minor_status=0&appTheme=light&is_preinstall=0&need_personal_recommend=1&is_android_pad=0&is_android_fold=0&ts=1788275355&cdid=3c8e225d-27e2-4294-8873-9009960e7908&rom=GOOGLE&has_alipay=0&p_switch=1&rom_version=unknown&luckydog_api_verison=8.87.0-rc.1&luckydog_sdk_verison=8.87.0-rc.1&is_teen_mode=0&status_bar_height=48&lucky_is_32=0&lucky_device_score=8.4364&lucky_device_type=Pixel+6&luckydog_base=ZWkSTskzn9-4_3mhabJfkkR2YvxwBoxiW_rj9VMoqp8uV8Dnf0f6dK7FSZbP_-AydNGWOQD7rvaKeoOAQiH0yX53LPEKSCcT3H7wiR2TaYCUAPcqpsE2JkDGG0-C8LiLPOPbVM3RPQF8jswe2cacoMSNQRsHNuuAWp1VRGjbkUg&luckydog_token=wXnov5t9s9cQ0rPwC9vlX1fC8noemPhjug21LcHCB9_Rp1n5ZVN1FhQwoc1xkfRx&luckydog_data=vMVxwNDHRsvj9mg9HHkvrA
49	200	headers=11	body=460	url=https://polaris.zijieapi.com/luckycat/crossover/v:version/general_get_time_token/?klink_egdi=AAL6F2JRRmTyRcmhfWO8fpeIax20xWdbnFyoOkbHLTA1hgY6i5yr6vS9&iid=3313280560987770&device_id=4087336283154583&ac=wifi&channel=vivo_1128_64&aid=1128&app_name=aweme&version_code=350100&version_name=35.1.0&device_platform=android&os=android&ssmix=a&device_type=Pixel+6&device_brand=google&language=zh&os_api=35&os_version=15&manifest_version_code=350101&resolution=1080*2209&dpi=420&update_version_code=35109900&_rticket=1788275356499&package=com.ss.android.ugc.aweme&mcc_mnc=46000&first_launch_timestamp=1788265682&last_deeplink_update_version_code=0&cpu_support64=true&host_abi=arm64-v8a&is_guest_mode=0&app_type=normal&minor_status=0&appTheme=light&is_preinstall=0&need_personal_recommend=1&is_android_pad=0&is_android_fold=0&ts=1788275355&cdid=3c8e225d-27e2-4294-8873-9009960e7908&rom=GOOGLE&has_alipay=0&p_switch=1&rom_version=unknown&luckydog_api_verison=8.87.0-rc.1&luckydog_sdk_verison=8.87.0-rc.1&is_teen_mode=0&status_bar_height=48&lucky_is_32=0&lucky_device_score=8.4364&lucky_device_type=Pixel+6&luckydog_base=ZWkSTskzn9-4_3mhabJfkkR2YvxwBoxiW_rj9VMoqp8uV8Dnf0f6dK7FSZbP_-AydNGWOQD7rvaKeoOAQiH0yX53LPEKSCcT3H7wiR2TaYCUAPcqpsE2JkDGG0-C8LiLPOPbVM3RPQF8jswe2cacoMSNQRsHNuuAWp1VRGjbkUg&luckydog_token=wXnov5t9s9cQ0rPwC9vlX1fC8noemPhjug21LcHCB9_Rp1n5ZVN1FhQwoc1xkfRx&luckydog_data=vMVxwNDHRsvj9mg9HHkvrA
50	200	headers=8	body=0	url=https://aweme.snssdk.com/service/settings/v2/?has_local_cache=true&app=1&default=1&settings_time=1788272691&klink_egdi=AAL6F2JRRmTyRcmhfWO8fpeIax20xWdbnFyoOkbHLTA1hgY6i5yr6vS9&iid=3313280560987770&device_id=4087336283154583&ac=wifi&channel=vivo_1128_64&aid=1128&app_name=aweme&version_code=350100&version_name=35.1.0&device_platform=android&os=android&ssmix=a&device_type=Pixel+6&device_brand=google&language=zh&os_api=35&os_version=15&manifest_version_code=350101&resolution=1080*2209&dpi=420&update_version_code=35109900&_rticket=1788275356076&package=com.ss.android.ugc.aweme&mcc_mnc=46000&first_launch_timestamp=1788265682&last_deeplink_update_version_code=0&cpu_support64=true&host_abi=arm64-v8a&is_guest_mode=0&app_type=normal&minor_status=0&appTheme=light&is_preinstall=0&need_personal_recommend=1&is_android_pad=0&is_android_fold=0&ts=1788275355&cdid=3c8e225d-27e2-4294-8873-9009960e7908
51	200	headers=0	body=0	url=https://aweme.snssdk.com/service/settings/v2/?has_local_cache=true&app=1&default=1&settings_time=1788272691&klink_egdi=AAL6F2JRRmTyRcmhfWO8fpeIax20xWdbnFyoOkbHLTA1hgY6i5yr6vS9&iid=3313280560987770&device_id=4087336283154583&ac=wifi&channel=vivo_1128_64&aid=1128&app_name=aweme&version_code=350100&version_name=35.1.0&device_platform=android&os=android&ssmix=a&device_type=Pixel+6&device_brand=google&language=zh&os_api=35&os_version=15&manifest_version_code=350101&resolution=1080*2209&dpi=420&update_version_code=35109900&_rticket=1788275356076&package=com.ss.android.ugc.aweme&mcc_mnc=46000&first_launch_timestamp=1788265682&last_deeplink_update_version_code=0&cpu_support64=true&host_abi=arm64-v8a&is_guest_mode=0&app_type=normal&minor_status=0&appTheme=light&is_preinstall=0&need_personal_recommend=1&is_android_pad=0&is_android_fold=0&ts=1788275355&cdid=3c8e225d-27e2-4294-8873-9009960e7908
52	200	headers=0	body=0	url=https://aweme.snssdk.com/service/settings/v2/?has_local_cache=true&app=1&default=1&settings_time=1788272691&klink_egdi=AAL6F2JRRmTyRcmhfWO8fpeIax20xWdbnFyoOkbHLTA1hgY6i5yr6vS9&iid=3313280560987770&device_id=4087336283154583&ac=wifi&channel=vivo_1128_64&aid=1128&app_name=aweme&version_code=350100&version_name=35.1.0&device_platform=android&os=android&ssmix=a&device_type=Pixel+6&device_brand=google&language=zh&os_api=35&os_version=15&manifest_version_code=350101&resolution=1080*2209&dpi=420&update_version_code=35109900&_rticket=1788275356076&package=com.ss.android.ugc.aweme&mcc_mnc=46000&first_launch_timestamp=1788265682&last_deeplink_update_version_code=0&cpu_support64=true&host_abi=arm64-v8a&is_guest_mode=0&app_type=normal&minor_status=0&appTheme=light&is_preinstall=0&need_personal_recommend=1&is_android_pad=0&is_android_fold=0&ts=1788275355&cdid=3c8e225d-27e2-4294-8873-9009960e7908
53	200	headers=11	body=107	url=https://webcast.amemv.com/webcast/distribution/check_user_live_status/?iid=3313280560987770&device_id=4087336283154583&ac=wifi&channel=vivo_1128_64&aid=1128&app_name=aweme&version_code=350100&version_name=35.1.0&device_platform=android&os=android&device_type=Pixel+6&device_brand=google&language=zh&os_version=15&manifest_version_code=350101&resolution=1080*2209&dpi=420&update_version_code=35109900&package=com.ss.android.ugc.aweme&mcc_mnc=46000&is_guest_mode=0&app_type=normal&minor_status=0&appTheme=light&is_preinstall=0&need_personal_recommend=1&is_android_pad=0&is_android_fold=0&ts=1788275356&cdid=3c8e225d-27e2-4294-8873-9009960e7908
54	200	headers=11	body=460	url=https://polaris.zijieapi.com/luckycat/crossover/v:version/ack_install/?klink_egdi=AAL6F2JRRmTyRcmhfWO8fpeIax20xWdbnFyoOkbHLTA1hgY6i5yr6vS9&iid=3313280560987770&device_id=4087336283154583&ac=wifi&channel=vivo_1128_64&aid=1128&app_name=aweme&version_code=350100&version_name=35.1.0&device_platform=android&os=android&ssmix=a&device_type=Pixel+6&device_brand=google&language=zh&os_api=35&os_version=15&manifest_version_code=350101&resolution=1080*2209&dpi=420&update_version_code=35109900&_rticket=1788275357499&package=com.ss.android.ugc.aweme&mcc_mnc=46000&first_launch_timestamp=1788265682&last_deeplink_update_version_code=0&cpu_support64=true&host_abi=arm64-v8a&is_guest_mode=0&app_type=normal&minor_status=0&appTheme=light&is_preinstall=0&need_personal_recommend=1&is_android_pad=0&is_android_fold=0&ts=1788275357&cdid=3c8e225d-27e2-4294-8873-9009960e7908&rom=GOOGLE&has_alipay=0&p_switch=1&rom_version=unknown&luckydog_api_verison=8.87.0-rc.1&luckydog_sdk_verison=8.87.0-rc.1&is_teen_mode=0&status_bar_height=48&lucky_is_32=0&lucky_device_score=8.4364&lucky_device_type=Pixel+6&luckydog_base=ZWkSTskzn9-4_3mhabJfkkR2YvxwBoxiW_rj9VMoqp8uV8Dnf0f6dK7FSZbP_-AydNGWOQD7rvaKeoOAQiH0yX53LPEKSCcT3H7wiR2TaYCUAPcqpsE2JkDGG0-C8LiLPOPbVM3RPQF8jswe2cacoMSNQRsHNuuAWp1VRGjbkUg&luckydog_token=wXnov5t9s9cQ0rPwC9vlX1fC8noemPhjug21LcHCB9_Rp1n5ZVN1FhQwoc1xkfRx&luckydog_data=vMVxwNDHRsvj9mg9HHkvrA
55	200	headers=8	body=0	url=https://aweme.snssdk.com/aweme/ug/general/cold_start?klink_egdi=AAL6F2JRRmTyRcmhfWO8fpeIax20xWdbnFyoOkbHLTA1hgY6i5yr6vS9&iid=3313280560987770&device_id=4087336283154583&ac=wifi&channel=vivo_1128_64&aid=1128&app_name=aweme&version_code=350100&version_name=35.1.0&device_platform=android&os=android&ssmix=a&device_type=Pixel+6&device_brand=google&language=zh&os_api=35&os_version=15&manifest_version_code=350101&resolution=1080*2209&dpi=420&update_version_code=35109900&_rticket=1788275358383&package=com.ss.android.ugc.aweme&mcc_mnc=46000&first_launch_timestamp=1788265682&last_deeplink_update_version_code=0&cpu_support64=true&host_abi=arm64-v8a&is_guest_mode=0&app_type=normal&minor_status=0&appTheme=light&is_preinstall=0&need_personal_recommend=1&is_android_pad=0&is_android_fold=0&ts=1788275358&cdid=3c8e225d-27e2-4294-8873-9009960e7908&luckydog_base=ZWkSTskzn9-4_3mhabJfkkR2YvxwBoxiW_rj9VMoqp8uV8Dnf0f6dK7FSZbP_-AydNGWOQD7rvaKeoOAQiH0yX53LPEKSCcT3H7wiR2TaYCUAPcqpsE2JkDGG0-C8LiLPOPbVM3RPQF8jswe2cacoMSNQRsHNuuAWp1VRGjbkUg&luckydog_token=wXnov5t9s9cQ0rPwC9vlX1fC8noemPhjug21LcHCB9_Rp1n5ZVN1FhQwoc1xkfRx&luckydog_data=vMVxwNDHRsvj9mg9HHkvrA
56	200	headers=0	body=0	url=https://aweme.snssdk.com/aweme/ug/general/cold_start?klink_egdi=AAL6F2JRRmTyRcmhfWO8fpeIax20xWdbnFyoOkbHLTA1hgY6i5yr6vS9&iid=3313280560987770&device_id=4087336283154583&ac=wifi&channel=vivo_1128_64&aid=1128&app_name=aweme&version_code=350100&version_name=35.1.0&device_platform=android&os=android&ssmix=a&device_type=Pixel+6&device_brand=google&language=zh&os_api=35&os_version=15&manifest_version_code=350101&resolution=1080*2209&dpi=420&update_version_code=35109900&_rticket=1788275358383&package=com.ss.android.ugc.aweme&mcc_mnc=46000&first_launch_timestamp=1788265682&last_deeplink_update_version_code=0&cpu_support64=true&host_abi=arm64-v8a&is_guest_mode=0&app_type=normal&minor_status=0&appTheme=light&is_preinstall=0&need_personal_recommend=1&is_android_pad=0&is_android_fold=0&ts=1788275358&cdid=3c8e225d-27e2-4294-8873-9009960e7908&luckydog_base=ZWkSTskzn9-4_3mhabJfkkR2YvxwBoxiW_rj9VMoqp8uV8Dnf0f6dK7FSZbP_-AydNGWOQD7rvaKeoOAQiH0yX53LPEKSCcT3H7wiR2TaYCUAPcqpsE2JkDGG0-C8LiLPOPbVM3RPQF8jswe2cacoMSNQRsHNuuAWp1VRGjbkUg&luckydog_token=wXnov5t9s9cQ0rPwC9vlX1fC8noemPhjug21LcHCB9_Rp1n5ZVN1FhQwoc1xkfRx&luckydog_data=vMVxwNDHRsvj9mg9HHkvrA
57	200	headers=0	body=0	url=https://aweme.snssdk.com/aweme/ug/general/cold_start?klink_egdi=AAL6F2JRRmTyRcmhfWO8fpeIax20xWdbnFyoOkbHLTA1hgY6i5yr6vS9&iid=3313280560987770&device_id=4087336283154583&ac=wifi&channel=vivo_1128_64&aid=1128&app_name=aweme&version_code=350100&version_name=35.1.0&device_platform=android&os=android&ssmix=a&device_type=Pixel+6&device_brand=google&language=zh&os_api=35&os_version=15&manifest_version_code=350101&resolution=1080*2209&dpi=420&update_version_code=35109900&_rticket=1788275358383&package=com.ss.android.ugc.aweme&mcc_mnc=46000&first_launch_timestamp=1788265682&last_deeplink_update_version_code=0&cpu_support64=true&host_abi=arm64-v8a&is_guest_mode=0&app_type=normal&minor_status=0&appTheme=light&is_preinstall=0&need_personal_recommend=1&is_android_pad=0&is_android_fold=0&ts=1788275358&cdid=3c8e225d-27e2-4294-8873-9009960e7908&luckydog_base=ZWkSTskzn9-4_3mhabJfkkR2YvxwBoxiW_rj9VMoqp8uV8Dnf0f6dK7FSZbP_-AydNGWOQD7rvaKeoOAQiH0yX53LPEKSCcT3H7wiR2TaYCUAPcqpsE2JkDGG0-C8LiLPOPbVM3RPQF8jswe2cacoMSNQRsHNuuAWp1VRGjbkUg&luckydog_token=wXnov5t9s9cQ0rPwC9vlX1fC8noemPhjug21LcHCB9_Rp1n5ZVN1FhQwoc1xkfRx&luckydog_data=vMVxwNDHRsvj9mg9HHkvrA
58	200	headers=8	body=127	url=https://aweme.snssdk.com/api/v2/resource/asset-sdk
59	200	headers=11	body=22198	url=https://aweme.snssdk.com/service/2/app_log/?version_code=350100&device_platform=android&device_id=4087336283154583&aid=1128&iid=3313280560987770&tt_data=a
60	200	headers=0	body=0	url=https://aweme.snssdk.com/aweme/v2/undertaking/settings/?brand_sys_version=0&total_not_incentive_share=0&widget_info=%7B%22follow_small_widget%22%3Afalse%2C%22message_small_widget%22%3Afalse%2C%22friend_message_widget%22%3Afalse%2C%22mall_guide_widget%22%3Afalse%7D&klink_egdi=AAL6F2JRRmTyRcmhfWO8fpeIax20xWdbnFyoOkbHLTA1hgY6i5yr6vS9&iid=3313280560987770&device_id=4087336283154583&ac=wifi&channel=vivo_1128_64&aid=1128&app_name=aweme&version_code=350100&version_name=35.1.0&device_platform=android&os=android&ssmix=a&device_type=Pixel+6&device_brand=google&language=zh&os_api=35&os_version=15&manifest_version_code=350101&resolution=1080*2209&dpi=420&update_version_code=35109900&_rticket=1788275358619&package=com.ss.android.ugc.aweme&mcc_mnc=46000&first_launch_timestamp=1788265682&last_deeplink_update_version_code=0&cpu_support64=true&host_abi=arm64-v8a&is_guest_mode=0&app_type=normal&minor_status=0&appTheme=light&is_preinstall=0&need_personal_recommend=1&is_android_pad=0&is_android_fold=0&ts=1788275358&cdid=3c8e225d-27e2-4294-8873-9009960e7908
61	200	headers=0	body=0	url=https://aweme.snssdk.com/aweme/v2/undertaking/settings/?brand_sys_version=0&total_not_incentive_share=0&widget_info=%7B%22follow_small_widget%22%3Afalse%2C%22message_small_widget%22%3Afalse%2C%22friend_message_widget%22%3Afalse%2C%22mall_guide_widget%22%3Afalse%7D&klink_egdi=AAL6F2JRRmTyRcmhfWO8fpeIax20xWdbnFyoOkbHLTA1hgY6i5yr6vS9&iid=3313280560987770&device_id=4087336283154583&ac=wifi&channel=vivo_1128_64&aid=1128&app_name=aweme&version_code=350100&version_name=35.1.0&device_platform=android&os=android&ssmix=a&device_type=Pixel+6&device_brand=google&language=zh&os_api=35&os_version=15&manifest_version_code=350101&resolution=1080*2209&dpi=420&update_version_code=35109900&_rticket=1788275358619&package=com.ss.android.ugc.aweme&mcc_mnc=46000&first_launch_timestamp=1788265682&last_deeplink_update_version_code=0&cpu_support64=true&host_abi=arm64-v8a&is_guest_mode=0&app_type=normal&minor_status=0&appTheme=light&is_preinstall=0&need_personal_recommend=1&is_android_pad=0&is_android_fold=0&ts=1788275358&cdid=3c8e225d-27e2-4294-8873-9009960e7908
62	200	headers=0	body=0	url=https://aweme.snssdk.com/aweme/v2/undertaking/settings/?brand_sys_version=0&total_not_incentive_share=0&widget_info=%7B%22follow_small_widget%22%3Afalse%2C%22message_small_widget%22%3Afalse%2C%22friend_message_widget%22%3Afalse%2C%22mall_guide_widget%22%3Afalse%7D&klink_egdi=AAL6F2JRRmTyRcmhfWO8fpeIax20xWdbnFyoOkbHLTA1hgY6i5yr6vS9&iid=3313280560987770&device_id=4087336283154583&ac=wifi&channel=vivo_1128_64&aid=1128&app_name=aweme&version_code=350100&version_name=35.1.0&device_platform=android&os=android&ssmix=a&device_type=Pixel+6&device_brand=google&language=zh&os_api=35&os_version=15&manifest_version_code=350101&resolution=1080*2209&dpi=420&update_version_code=35109900&_rticket=1788275358619&package=com.ss.android.ugc.aweme&mcc_mnc=46000&first_launch_timestamp=1788265682&last_deeplink_update_version_code=0&cpu_support64=true&host_abi=arm64-v8a&is_guest_mode=0&app_type=normal&minor_status=0&appTheme=light&is_preinstall=0&need_personal_recommend=1&is_android_pad=0&is_android_fold=0&ts=1788275358&cdid=3c8e225d-27e2-4294-8873-9009960e7908
63	200	headers=0	body=0	url=https://lf3-static.bytednsdoc.com/obj/eden-cn/pcteh7nuhpsnuhpsnuha/image/familiar_icon_shortcut_scan.png
64	200	headers=0	body=0	url=https://lf3-static.bytednsdoc.com/obj/eden-cn/pcteh7nuhpsnuhpsnuha/image/familiar_icon_shortcut_scan.png
65	200	headers=9	body=1060	url=https://mssdk.bytedance.com/sdi/get_token?lc_id=1588093228&platform=android&device_platform=android&sdk_ver=v04.09.05-ml-android&sdk_ver_code=67699968&app_ver=35.1.0&version_code=350101&aid=1128&sdkid&subaid&iid=3313280560987770&did=4087336283154583&bd_did&client_type=inhouse&region_type=ml&mode=2&full_update_version_code=35109900
66	200	headers=11	body=9	url=https://webcast.amemv.com/webcast/strategy/setting/?strategy_hash=15353673057117605336&gamecp_sdk_version=3920&webcast_sdk_version=3920&webcast_language=zh&webcast_locale=zh_CN_%23Hans&webcast_gps_access=2&current_network_quality_info=%7B%22http_rtt%22%3A37%2C%22tcp_rtt%22%3A37%2C%22quic_rtt%22%3A37%2C%22downstream_throughput_kbps%22%3A13048%2C%22net_effective_connection_type%22%3A8%2C%22video_download_speed%22%3A9374%2C%22quic_receive_loss_rate%22%3A-1%2C%22quic_send_loss_rate%22%3A-1%7D&device_score=8.4364&address_book_access=2&user_id=0&is_pad=false&is_android_pad=0&is_landscape=false&carrier_region=CN&klink_egdi=AAL6F2JRRmTyRcmhfWO8fpeIax20xWdbnFyoOkbHLTA1hgY6i5yr6vS9&iid=3313280560987770&device_id=4087336283154583&ac=wifi&channel=vivo_1128_64&aid=1128&app_name=aweme&version_code=350100&version_name=35.1.0&device_platform=android&os=android&ssmix=a&device_type=Pixel+6&device_brand=google&language=zh&os_api=35&os_version=15&manifest_version_code=350101&resolution=1080*2209&dpi=420&update_version_code=35109900&_rticket=1788275360075&package=com.ss.android.ugc.aweme&mcc_mnc=46000&first_launch_timestamp=1788265682&last_deeplink_update_version_code=0&cpu_support64=true&host_abi=arm64-v8a&is_guest_mode=0&app_type=normal&minor_status=0&appTheme=light&is_preinstall=0&need_personal_recommend=1&is_android_fold=0&ts=1788275359&cdid=3c8e225d-27e2-4294-8873-9009960e7908
67	200	headers=8	body=0	url=https://aweme.snssdk.com/check_version/v7/?cpu_abi=arm64-v8a%2C+armeabi-v7a%2C+armeabi&md5=727ebb107c4cc6a5035869afb3e6fc9b&diff_sdk_version=1&call_type=1&klink_egdi=AAL6F2JRRmTyRcmhfWO8fpeIax20xWdbnFyoOkbHLTA1hgY6i5yr6vS9&iid=3313280560987770&device_id=4087336283154583&ac=wifi&channel=vivo_1128_64&aid=1128&app_name=aweme&version_code=350100&version_name=35.1.0&device_platform=android&os=android&ssmix=a&device_type=Pixel+6&device_brand=google&language=zh&os_api=35&os_version=15&manifest_version_code=350101&resolution=1080*2209&dpi=420&update_version_code=35109900&_rticket=1788275361063&package=com.ss.android.ugc.aweme&mcc_mnc=46000&first_launch_timestamp=1788265682&last_deeplink_update_version_code=0&cpu_support64=true&host_abi=arm64-v8a&is_guest_mode=0&app_type=normal&minor_status=0&appTheme=light&is_preinstall=0&need_personal_recommend=1&is_android_pad=0&is_android_fold=0&ts=1788275360&cdid=3c8e225d-27e2-4294-8873-9009960e7908
68	200	headers=0	body=0	url=https://aweme.snssdk.com/check_version/v7/?cpu_abi=arm64-v8a%2C+armeabi-v7a%2C+armeabi&md5=727ebb107c4cc6a5035869afb3e6fc9b&diff_sdk_version=1&call_type=1&klink_egdi=AAL6F2JRRmTyRcmhfWO8fpeIax20xWdbnFyoOkbHLTA1hgY6i5yr6vS9&iid=3313280560987770&device_id=4087336283154583&ac=wifi&channel=vivo_1128_64&aid=1128&app_name=aweme&version_code=350100&version_name=35.1.0&device_platform=android&os=android&ssmix=a&device_type=Pixel+6&device_brand=google&language=zh&os_api=35&os_version=15&manifest_version_code=350101&resolution=1080*2209&dpi=420&update_version_code=35109900&_rticket=1788275361063&package=com.ss.android.ugc.aweme&mcc_mnc=46000&first_launch_timestamp=1788265682&last_deeplink_update_version_code=0&cpu_support64=true&host_abi=arm64-v8a&is_guest_mode=0&app_type=normal&minor_status=0&appTheme=light&is_preinstall=0&need_personal_recommend=1&is_android_pad=0&is_android_fold=0&ts=1788275360&cdid=3c8e225d-27e2-4294-8873-9009960e7908
69	200	headers=0	body=0	url=https://aweme.snssdk.com/check_version/v7/?cpu_abi=arm64-v8a%2C+armeabi-v7a%2C+armeabi&md5=727ebb107c4cc6a5035869afb3e6fc9b&diff_sdk_version=1&call_type=1&klink_egdi=AAL6F2JRRmTyRcmhfWO8fpeIax20xWdbnFyoOkbHLTA1hgY6i5yr6vS9&iid=3313280560987770&device_id=4087336283154583&ac=wifi&channel=vivo_1128_64&aid=1128&app_name=aweme&version_code=350100&version_name=35.1.0&device_platform=android&os=android&ssmix=a&device_type=Pixel+6&device_brand=google&language=zh&os_api=35&os_version=15&manifest_version_code=350101&resolution=1080*2209&dpi=420&update_version_code=35109900&_rticket=1788275361063&package=com.ss.android.ugc.aweme&mcc_mnc=46000&first_launch_timestamp=1788265682&last_deeplink_update_version_code=0&cpu_support64=true&host_abi=arm64-v8a&is_guest_mode=0&app_type=normal&minor_status=0&appTheme=light&is_preinstall=0&need_personal_recommend=1&is_android_pad=0&is_android_fold=0&ts=1788275360&cdid=3c8e225d-27e2-4294-8873-9009960e7908
70	200	headers=11	body=1590	url=https://aweme.snssdk.com/service/2/app_log/?version_code=350100&device_platform=android&device_id=4087336283154583&aid=1128&iid=3313280560987770&tt_data=a
71	200	headers=11	body=758	url=https://ib.snssdk.com/cloudpush/promotion/keep_alive/?alliance_sdk_version_code=30915&country=CN&push_sdk_version=30915&iid=3313280560987770&channel=vivo_1128_64&is_foreground=1&device_type=Pixel+6&language=zh&os_detail_type=android&device_manufacturer=Google&platform=phone&update_version_code=35109900&rom=13003188&os_api=35&tz_name=Asia%2FShanghai&push_sdk_version_name=3.9.15-rc.0&tz_offset=28800&alliance_sdk_version_name=3.9.15-rc.0&dpi=420&push_device_id=9ef28bf85093b31974844d7d61475f21ae88753e51557ea53aeb1e4c14125f38&ac=wifi&package=com.ss.android.ugc.aweme&device_id=4087336283154583&os=android&os_version=15&version_code=350100&proxy_support_type=3&app_name=aweme&version_name=35.1.0&device_brand=google&region=cn&aid=1128&rom_version=35&klink_egdi=AAL6F2JRRmTyRcmhfWO8fpeIax20xWdbnFyoOkbHLTA1hgY6i5yr6vS9&device_platform=android&ssmix=a&manifest_version_code=350101&resolution=1080*2209&_rticket=1788275361364&mcc_mnc=46000&first_launch_timestamp=1788265682&last_deeplink_update_version_code=0&cpu_support64=true&host_abi=arm64-v8a&is_guest_mode=0&app_type=normal&minor_status=0&appTheme=light&is_preinstall=0&need_personal_recommend=1&is_android_pad=0&is_android_fold=0&ts=1788275361&cdid=3c8e225d-27e2-4294-8873-9009960e7908
72	200	headers=13	body=149	url=https://ecom.snssdk.com/aweme/v2/commerce/bubble/trigger?klink_egdi=AAL6F2JRRmTyRcmhfWO8fpeIax20xWdbnFyoOkbHLTA1hgY6i5yr6vS9&iid=3313280560987770&device_id=4087336283154583&ac=wifi&channel=vivo_1128_64&aid=1128&app_name=aweme&version_code=350100&version_name=35.1.0&device_platform=android&os=android&ssmix=a&device_type=Pixel+6&device_brand=google&language=zh&os_api=35&os_version=15&manifest_version_code=350101&resolution=1080*2209&dpi=420&update_version_code=35109900&_rticket=1788275361386&package=com.ss.android.ugc.aweme&mcc_mnc=46000&first_launch_timestamp=1788265682&last_deeplink_update_version_code=0&cpu_support64=true&host_abi=arm64-v8a&is_guest_mode=0&app_type=normal&minor_status=0&appTheme=light&is_preinstall=0&need_personal_recommend=1&is_android_pad=0&is_android_fold=0&ts=1788275361&cdid=3c8e225d-27e2-4294-8873-9009960e7908
73	200	headers=9	body=10194	url=https://mssdk.bytedance.com/ri/report?lc_id=1588093228&platform=android&device_platform=android&sdk_ver=v04.09.05-ml-android&sdk_ver_code=67699968&app_ver=35.1.0&version_code=350101&aid=1128&sdkid&subaid&iid=3313280560987770&did=4087336283154583&bd_did&client_type=inhouse&region_type=ml&mode=3&full_update_version_code=35109900
74	200	headers=11	body=33	url=https://aweme.snssdk.com/privacy/setting/change?klink_egdi=AAL6F2JRRmTyRcmhfWO8fpeIax20xWdbnFyoOkbHLTA1hgY6i5yr6vS9&iid=3313280560987770&device_id=4087336283154583&ac=wifi&channel=vivo_1128_64&aid=1128&app_name=aweme&version_code=350100&version_name=35.1.0&device_platform=android&os=android&ssmix=a&device_type=Pixel+6&device_brand=google&language=zh&os_api=35&os_version=15&manifest_version_code=350101&resolution=1080*2209&dpi=420&update_version_code=35109900&_rticket=1788275363284&package=com.ss.android.ugc.aweme&mcc_mnc=46000&first_launch_timestamp=1788265682&last_deeplink_update_version_code=0&cpu_support64=true&host_abi=arm64-v8a&is_guest_mode=0&app_type=normal&minor_status=0&appTheme=light&is_preinstall=0&need_personal_recommend=1&is_android_pad=0&is_android_fold=0&ts=1788275362&cdid=3c8e225d-27e2-4294-8873-9009960e7908
75	200	headers=9	body=0	url=https://aweme.snssdk.com/service/settings/v3/?caller_name=kite_device_android&device_id=4087336283154583&iid=3313280560987770&channel=vivo_1128_64&version_code=350100&device_platform=android&device_type=Pixel+6&aid=1128&klink_egdi=AAL6F2JRRmTyRcmhfWO8fpeIax20xWdbnFyoOkbHLTA1hgY6i5yr6vS9&ac=wifi&app_name=aweme&version_name=35.1.0&os=android&ssmix=a&device_brand=google&language=zh&os_api=35&os_version=15&manifest_version_code=350101&resolution=1080*2209&dpi=420&update_version_code=35109900&_rticket=1788275364200&package=com.ss.android.ugc.aweme&mcc_mnc=46000&first_launch_timestamp=1788265682&last_deeplink_update_version_code=0&cpu_support64=true&host_abi=arm64-v8a&is_guest_mode=0&app_type=normal&minor_status=0&appTheme=light&is_preinstall=0&need_personal_recommend=1&is_android_pad=0&is_android_fold=0&ts=1788275363&cdid=3c8e225d-27e2-4294-8873-9009960e7908&luckydog_base=ZWkSTskzn9-4_3mhabJfkkR2YvxwBoxiW_rj9VMoqp8uV8Dnf0f6dK7FSZbP_-AydNGWOQD7rvaKeoOAQiH0yX53LPEKSCcT3H7wiR2TaYCUAPcqpsE2JkDGG0-C8LiLPOPbVM3RPQF8jswe2cacoMSNQRsHNuuAWp1VRGjbkUg&luckydog_token=wXnov5t9s9cQ0rPwC9vlX1fC8noemPhjug21LcHCB9_Rp1n5ZVN1FhQwoc1xkfRx&luckydog_data=vMVxwNDHRsvj9mg9HHkvrA
76	200	headers=0	body=0	url=https://aweme.snssdk.com/service/settings/v3/?caller_name=kite_device_android&device_id=4087336283154583&iid=3313280560987770&channel=vivo_1128_64&version_code=350100&device_platform=android&device_type=Pixel+6&aid=1128&klink_egdi=AAL6F2JRRmTyRcmhfWO8fpeIax20xWdbnFyoOkbHLTA1hgY6i5yr6vS9&ac=wifi&app_name=aweme&version_name=35.1.0&os=android&ssmix=a&device_brand=google&language=zh&os_api=35&os_version=15&manifest_version_code=350101&resolution=1080*2209&dpi=420&update_version_code=35109900&_rticket=1788275364200&package=com.ss.android.ugc.aweme&mcc_mnc=46000&first_launch_timestamp=1788265682&last_deeplink_update_version_code=0&cpu_support64=true&host_abi=arm64-v8a&is_guest_mode=0&app_type=normal&minor_status=0&appTheme=light&is_preinstall=0&need_personal_recommend=1&is_android_pad=0&is_android_fold=0&ts=1788275363&cdid=3c8e225d-27e2-4294-8873-9009960e7908&luckydog_base=ZWkSTskzn9-4_3mhabJfkkR2YvxwBoxiW_rj9VMoqp8uV8Dnf0f6dK7FSZbP_-AydNGWOQD7rvaKeoOAQiH0yX53LPEKSCcT3H7wiR2TaYCUAPcqpsE2JkDGG0-C8LiLPOPbVM3RPQF8jswe2cacoMSNQRsHNuuAWp1VRGjbkUg&luckydog_token=wXnov5t9s9cQ0rPwC9vlX1fC8noemPhjug21LcHCB9_Rp1n5ZVN1FhQwoc1xkfRx&luckydog_data=vMVxwNDHRsvj9mg9HHkvrA
77	200	headers=0	body=0	url=https://aweme.snssdk.com/service/settings/v3/?caller_name=kite_device_android&device_id=4087336283154583&iid=3313280560987770&channel=vivo_1128_64&version_code=350100&device_platform=android&device_type=Pixel+6&aid=1128&klink_egdi=AAL6F2JRRmTyRcmhfWO8fpeIax20xWdbnFyoOkbHLTA1hgY6i5yr6vS9&ac=wifi&app_name=aweme&version_name=35.1.0&os=android&ssmix=a&device_brand=google&language=zh&os_api=35&os_version=15&manifest_version_code=350101&resolution=1080*2209&dpi=420&update_version_code=35109900&_rticket=1788275364200&package=com.ss.android.ugc.aweme&mcc_mnc=46000&first_launch_timestamp=1788265682&last_deeplink_update_version_code=0&cpu_support64=true&host_abi=arm64-v8a&is_guest_mode=0&app_type=normal&minor_status=0&appTheme=light&is_preinstall=0&need_personal_recommend=1&is_android_pad=0&is_android_fold=0&ts=1788275363&cdid=3c8e225d-27e2-4294-8873-9009960e7908&luckydog_base=ZWkSTskzn9-4_3mhabJfkkR2YvxwBoxiW_rj9VMoqp8uV8Dnf0f6dK7FSZbP_-AydNGWOQD7rvaKeoOAQiH0yX53LPEKSCcT3H7wiR2TaYCUAPcqpsE2JkDGG0-C8LiLPOPbVM3RPQF8jswe2cacoMSNQRsHNuuAWp1VRGjbkUg&luckydog_token=wXnov5t9s9cQ0rPwC9vlX1fC8noemPhjug21LcHCB9_Rp1n5ZVN1FhQwoc1xkfRx&luckydog_data=vMVxwNDHRsvj9mg9HHkvrA
78	200	headers=9	body=10226	url=https://mssdk.bytedance.com/ri/report?lc_id=1588093228&platform=android&device_platform=android&sdk_ver=v04.09.05-ml-android&sdk_ver_code=67699968&app_ver=35.1.0&version_code=350101&aid=1128&sdkid&subaid&iid=3313280560987770&did=4087336283154583&bd_did&client_type=inhouse&region_type=ml&mode=3&full_update_version_code=35109900
79	200	headers=2	body=0	url=https://dig.bdurl.net/q?host=n98-v-ncdn-music.douyinstatic.com&source=vod&aid=1128
80	200	headers=0	body=0	url=https://dig.bdurl.net/q?host=n98-v-ncdn-music.douyinstatic.com&source=vod&aid=1128
81	200	headers=0	body=0	url=https://dig.bdurl.net/q?host=n98-v-ncdn-music.douyinstatic.com&source=vod&aid=1128
82	200	headers=11	body=19382	url=https://aweme.snssdk.com/service/2/app_log/?version_code=350100&device_platform=android&device_id=4087336283154583&aid=1128&iid=3313280560987770&tt_data=a
83	200	headers=8	body=0	url=https://abtest-ch.snssdk.com/common?cj_pay_sdk_version=7.6.9&ecomterm_sdk_version=39200&klink_egdi=AAL6F2JRRmTyRcmhfWO8fpeIax20xWdbnFyoOkbHLTA1hgY6i5yr6vS9&iid=3313280560987770&device_id=4087336283154583&ac=wifi&channel=vivo_1128_64&aid=1128&app_name=aweme&version_code=350100&version_name=35.1.0&device_platform=android&os=android&ssmix=a&device_type=Pixel+6&device_brand=google&language=zh&os_api=35&os_version=15&manifest_version_code=350101&resolution=1080*2209&dpi=420&update_version_code=35109900&_rticket=1788275369176&package=com.ss.android.ugc.aweme&mcc_mnc=46000&first_launch_timestamp=1788265682&last_deeplink_update_version_code=0&cpu_support64=true&host_abi=arm64-v8a&is_guest_mode=0&app_type=normal&minor_status=0&appTheme=light&is_preinstall=0&need_personal_recommend=1&is_android_pad=0&is_android_fold=0&ts=1788275368&cdid=3c8e225d-27e2-4294-8873-9009960e7908
84	200	headers=0	body=0	url=https://abtest-ch.snssdk.com/common?cj_pay_sdk_version=7.6.9&ecomterm_sdk_version=39200&klink_egdi=AAL6F2JRRmTyRcmhfWO8fpeIax20xWdbnFyoOkbHLTA1hgY6i5yr6vS9&iid=3313280560987770&device_id=4087336283154583&ac=wifi&channel=vivo_1128_64&aid=1128&app_name=aweme&version_code=350100&version_name=35.1.0&device_platform=android&os=android&ssmix=a&device_type=Pixel+6&device_brand=google&language=zh&os_api=35&os_version=15&manifest_version_code=350101&resolution=1080*2209&dpi=420&update_version_code=35109900&_rticket=1788275369176&package=com.ss.android.ugc.aweme&mcc_mnc=46000&first_launch_timestamp=1788265682&last_deeplink_update_version_code=0&cpu_support64=true&host_abi=arm64-v8a&is_guest_mode=0&app_type=normal&minor_status=0&appTheme=light&is_preinstall=0&need_personal_recommend=1&is_android_pad=0&is_android_fold=0&ts=1788275368&cdid=3c8e225d-27e2-4294-8873-9009960e7908
85	200	headers=0	body=0	url=https://abtest-ch.snssdk.com/common?cj_pay_sdk_version=7.6.9&ecomterm_sdk_version=39200&klink_egdi=AAL6F2JRRmTyRcmhfWO8fpeIax20xWdbnFyoOkbHLTA1hgY6i5yr6vS9&iid=3313280560987770&device_id=4087336283154583&ac=wifi&channel=vivo_1128_64&aid=1128&app_name=aweme&version_code=350100&version_name=35.1.0&device_platform=android&os=android&ssmix=a&device_type=Pixel+6&device_brand=google&language=zh&os_api=35&os_version=15&manifest_version_code=350101&resolution=1080*2209&dpi=420&update_version_code=35109900&_rticket=1788275369176&package=com.ss.android.ugc.aweme&mcc_mnc=46000&first_launch_timestamp=1788265682&last_deeplink_update_version_code=0&cpu_support64=true&host_abi=arm64-v8a&is_guest_mode=0&app_type=normal&minor_status=0&appTheme=light&is_preinstall=0&need_personal_recommend=1&is_android_pad=0&is_android_fold=0&ts=1788275368&cdid=3c8e225d-27e2-4294-8873-9009960e7908
86	200	headers=2	body=0	url=https://dig.bdurl.net/q?host=v5-bd-daily-music.douyinstatic.com&source=vod&aid=1128
87	200	headers=0	body=0	url=https://dig.bdurl.net/q?host=v5-bd-daily-music.douyinstatic.com&source=vod&aid=1128
88	200	headers=0	body=0	url=https://dig.bdurl.net/q?host=v5-bd-daily-music.douyinstatic.com&source=vod&aid=1128
89	200	headers=9	body=10242	url=https://mssdk.bytedance.com/ri/report?lc_id=1588093228&platform=android&device_platform=android&sdk_ver=v04.09.05-ml-android&sdk_ver_code=67699968&app_ver=35.1.0&version_code=350101&aid=1128&sdkid&subaid&iid=3313280560987770&did=4087336283154583&bd_did&client_type=inhouse&region_type=ml&mode=3&full_update_version_code=35109900
90	200	headers=11	body=51	url=https://aweme.snssdk.com/aweme/v2/video/safety/check/?klink_egdi=AAL6F2JRRmTyRcmhfWO8fpeIax20xWdbnFyoOkbHLTA1hgY6i5yr6vS9&iid=3313280560987770&device_id=4087336283154583&ac=wifi&channel=vivo_1128_64&aid=1128&app_name=aweme&version_code=350100&version_name=35.1.0&device_platform=android&os=android&ssmix=a&device_type=Pixel+6&device_brand=google&language=zh&os_api=35&os_version=15&manifest_version_code=350101&resolution=1080*2209&dpi=420&update_version_code=35109900&_rticket=1788275371664&package=com.ss.android.ugc.aweme&mcc_mnc=46000&first_launch_timestamp=1788265682&last_deeplink_update_version_code=0&cpu_support64=true&host_abi=arm64-v8a&is_guest_mode=0&app_type=normal&minor_status=0&appTheme=light&is_preinstall=0&need_personal_recommend=1&is_android_pad=0&is_android_fold=0&ts=1788275371&cdid=3c8e225d-27e2-4294-8873-9009960e7908
91	200	headers=12	body=515	url=https://aweme.snssdk.com/aweme/v1/aweme/stats/?klink_egdi=AAL6F2JRRmTyRcmhfWO8fpeIax20xWdbnFyoOkbHLTA1hgY6i5yr6vS9&iid=3313280560987770&device_id=4087336283154583&ac=wifi&channel=vivo_1128_64&aid=1128&app_name=aweme&version_code=350100&version_name=35.1.0&device_platform=android&os=android&ssmix=a&device_type=Pixel+6&device_brand=google&language=zh&os_api=35&os_version=15&manifest_version_code=350101&resolution=1080*2209&dpi=420&update_version_code=35109900&_rticket=1788275372118&package=com.ss.android.ugc.aweme&mcc_mnc=46000&first_launch_timestamp=1788265682&last_deeplink_update_version_code=0&cpu_support64=true&host_abi=arm64-v8a&is_guest_mode=0&app_type=normal&minor_status=0&appTheme=light&is_preinstall=0&need_personal_recommend=1&is_android_pad=0&is_android_fold=0&ts=1788275371&cdid=3c8e225d-27e2-4294-8873-9009960e7908
92	200	headers=3	body=0	url=https://lf-webcast-gr-sourcecdn.bytegecko.com/obj/byte-gurd-source-gr/webcast/cdn/api/scheme_config/api.roma.config.json?sdkVersion=1&klink_egdi=AAL6F2JRRmTyRcmhfWO8fpeIax20xWdbnFyoOkbHLTA1hgY6i5yr6vS9&iid=3313280560987770&device_id=4087336283154583&ac=wifi&channel=vivo_1128_64&aid=1128&app_name=aweme&version_code=350100&version_name=35.1.0&device_platform=android&os=android&ssmix=a&device_type=Pixel+6&device_brand=google&language=zh&os_api=35&os_version=15&manifest_version_code=350101&resolution=1080*2209&dpi=420&update_version_code=35109900&_rticket=1788275372114&package=com.ss.android.ugc.aweme&mcc_mnc=46000&first_launch_timestamp=1788265682&last_deeplink_update_version_code=0&cpu_support64=true&host_abi=arm64-v8a&is_guest_mode=0&app_type=normal&minor_status=0&appTheme=light&is_preinstall=0&need_personal_recommend=1&is_android_pad=0&is_android_fold=0&ts=1788275371&cdid=3c8e225d-27e2-4294-8873-9009960e7908
93	200	headers=0	body=0	url=https://lf-webcast-gr-sourcecdn.bytegecko.com/obj/byte-gurd-source-gr/webcast/cdn/api/scheme_config/api.roma.config.json?sdkVersion=1&klink_egdi=AAL6F2JRRmTyRcmhfWO8fpeIax20xWdbnFyoOkbHLTA1hgY6i5yr6vS9&iid=3313280560987770&device_id=4087336283154583&ac=wifi&channel=vivo_1128_64&aid=1128&app_name=aweme&version_code=350100&version_name=35.1.0&device_platform=android&os=android&ssmix=a&device_type=Pixel+6&device_brand=google&language=zh&os_api=35&os_version=15&manifest_version_code=350101&resolution=1080*2209&dpi=420&update_version_code=35109900&_rticket=1788275372114&package=com.ss.android.ugc.aweme&mcc_mnc=46000&first_launch_timestamp=1788265682&last_deeplink_update_version_code=0&cpu_support64=true&host_abi=arm64-v8a&is_guest_mode=0&app_type=normal&minor_status=0&appTheme=light&is_preinstall=0&need_personal_recommend=1&is_android_pad=0&is_android_fold=0&ts=1788275371&cdid=3c8e225d-27e2-4294-8873-9009960e7908
94	200	headers=8	body=0	url=https://aweme.snssdk.com/aweme/v1/danmaku/activity/get/?klink_egdi=AAL6F2JRRmTyRcmhfWO8fpeIax20xWdbnFyoOkbHLTA1hgY6i5yr6vS9&iid=3313280560987770&device_id=4087336283154583&ac=wifi&channel=vivo_1128_64&aid=1128&app_name=aweme&version_code=350100&version_name=35.1.0&device_platform=android&os=android&ssmix=a&device_type=Pixel+6&device_brand=google&language=zh&os_api=35&os_version=15&manifest_version_code=350101&resolution=1080*2209&dpi=420&update_version_code=35109900&_rticket=1788275374607&package=com.ss.android.ugc.aweme&mcc_mnc=46000&first_launch_timestamp=1788265682&last_deeplink_update_version_code=0&cpu_support64=true&host_abi=arm64-v8a&is_guest_mode=0&app_type=normal&minor_status=0&appTheme=light&is_preinstall=0&need_personal_recommend=1&is_android_pad=0&is_android_fold=0&ts=1788275373&cdid=3c8e225d-27e2-4294-8873-9009960e7908
95	200	headers=0	body=0	url=https://aweme.snssdk.com/aweme/v1/danmaku/activity/get/?klink_egdi=AAL6F2JRRmTyRcmhfWO8fpeIax20xWdbnFyoOkbHLTA1hgY6i5yr6vS9&iid=3313280560987770&device_id=4087336283154583&ac=wifi&channel=vivo_1128_64&aid=1128&app_name=aweme&version_code=350100&version_name=35.1.0&device_platform=android&os=android&ssmix=a&device_type=Pixel+6&device_brand=google&language=zh&os_api=35&os_version=15&manifest_version_code=350101&resolution=1080*2209&dpi=420&update_version_code=35109900&_rticket=1788275374607&package=com.ss.android.ugc.aweme&mcc_mnc=46000&first_launch_timestamp=1788265682&last_deeplink_update_version_code=0&cpu_support64=true&host_abi=arm64-v8a&is_guest_mode=0&app_type=normal&minor_status=0&appTheme=light&is_preinstall=0&need_personal_recommend=1&is_android_pad=0&is_android_fold=0&ts=1788275373&cdid=3c8e225d-27e2-4294-8873-9009960e7908
96	200	headers=0	body=0	url=https://aweme.snssdk.com/aweme/v1/danmaku/activity/get/?klink_egdi=AAL6F2JRRmTyRcmhfWO8fpeIax20xWdbnFyoOkbHLTA1hgY6i5yr6vS9&iid=3313280560987770&device_id=4087336283154583&ac=wifi&channel=vivo_1128_64&aid=1128&app_name=aweme&version_code=350100&version_name=35.1.0&device_platform=android&os=android&ssmix=a&device_type=Pixel+6&device_brand=google&language=zh&os_api=35&os_version=15&manifest_version_code=350101&resolution=1080*2209&dpi=420&update_version_code=35109900&_rticket=1788275374607&package=com.ss.android.ugc.aweme&mcc_mnc=46000&first_launch_timestamp=1788265682&last_deeplink_update_version_code=0&cpu_support64=true&host_abi=arm64-v8a&is_guest_mode=0&app_type=normal&minor_status=0&appTheme=light&is_preinstall=0&need_personal_recommend=1&is_android_pad=0&is_android_fold=0&ts=1788275373&cdid=3c8e225d-27e2-4294-8873-9009960e7908
97	200	headers=11	body=182	url=https://ib.snssdk.com/promotion/app/lt/v3/?alliance_sdk_version_code=30915&country=CN&push_sdk_version=30915&body_version=v1&support_widget_flipper_depths=false&usb_charging=0&iid=3313280560987770&channel=vivo_1128_64&is_foreground=1&has_sim_card=1&device_type=Pixel+6&language=zh&os_detail_type=android&device_manufacturer=Google&platform=phone&update_version_code=35109900&rom=13003188&alliance_sdk_update_version_code=391300000&proxy_network=0&os_api=35&tz_name=Asia%2FShanghai&push_sdk_version_name=3.9.15-rc.0&tz_offset=28800&alliance_sdk_version_name=3.9.15-rc.0&dpi=420&push_device_id=9ef28bf85093b31974844d7d61475f21ae88753e51557ea53aeb1e4c14125f38&ac=wifi&package=com.ss.android.ugc.aweme&device_id=4087336283154583&os=android&client_time=1788275377341&os_version=15&version_code=350100&scene_id=1&first_install_timestamp=1788216167954&session_id=uuid%3A69452f86-1c1f-49ca-a08a-e4b810258478%2Caid%3A1128%2Cdevice_id%3A4087336283154583%2Ctimestamp%3A1788275377342&debuggable_os=0&proxy_support_type=3&app_name=aweme&version_name=35.1.0&device_brand=google&self_partner_name=aweme&adb_connected=1&region=cn&aid=1128&rom_version=35&klink_egdi=AAL6F2JRRmTyRcmhfWO8fpeIax20xWdbnFyoOkbHLTA1hgY6i5yr6vS9&device_platform=android&ssmix=a&manifest_version_code=350101&resolution=1080*2209&_rticket=1788275377358&mcc_mnc=46000&first_launch_timestamp=1788265682&last_deeplink_update_version_code=0&cpu_support64=true&host_abi=arm64-v8a&is_guest_mode=0&app_type=normal&minor_status=0&appTheme=light&is_preinstall=0&need_personal_recommend=1&is_android_pad=0&is_android_fold=0&ts=1788275376&cdid=3c8e225d-27e2-4294-8873-9009960e7908
98	200	headers=2	body=0	url=https://dig.bdurl.net/q?host=v18-music-ncdn.douyinstatic.com&source=vod&aid=1128
99	200	headers=0	body=0	url=https://dig.bdurl.net/q?host=v18-music-ncdn.douyinstatic.com&source=vod&aid=1128
100	200	headers=0	body=0	url=https://dig.bdurl.net/q?host=v18-music-ncdn.douyinstatic.com&source=vod&aid=1128
101	200	headers=11	body=12790	url=https://aweme.snssdk.com/service/2/app_log/?version_code=350100&device_platform=android&device_id=4087336283154583&aid=1128&iid=3313280560987770&tt_data=a
102	200	headers=0	body=0	url=https://dig.bdurl.net/q?host=24098a5078431231708e9ecce2d6d8fc.qrstuvwxyzab.com&source=vod&aid=1128
103	200	headers=0	body=0	url=https://dig.bdurl.net/q?host=24098a5078431231708e9ecce2d6d8fc.qrstuvwxyzab.com&source=vod&aid=1128
104	200	headers=0	body=0	url=https://dig.bdurl.net/q?host=24098a5078431231708e9ecce2d6d8fc.qrstuvwxyzab.com&source=vod&aid=1128
105	200	headers=8	body=956	url=https://api.amemv.com/bytebench/api/sdk/device/strategy/meta?access_key=253cbc0v52933bd400qzbwg0irxc025e2fb&aid=1128&app_name=aweme&app_version=35.1.0&device_id=4087336283154583&device_platform=android&device_type=Pixel+6&net_status=unknown&sdk_version=2.0.10-1&status=0&update_version_code=35109900&user_id=0
106	200	headers=5	body=0	url=https://api.amemv.com/bytebench/api/task/group?update_version_code=35109900&net_status=wifi&app_name=aweme&app_version=35.1.0&device_id=4087336283154583&user_id=0&sdk_version=2.0.10-1&device_platform=android&device_type=Pixel+6&aid=1128&status=0
107	200	headers=0	body=0	url=https://api.amemv.com/bytebench/api/task/group?update_version_code=35109900&net_status=wifi&app_name=aweme&app_version=35.1.0&device_id=4087336283154583&user_id=0&sdk_version=2.0.10-1&device_platform=android&device_type=Pixel+6&aid=1128&status=0
108	200	headers=0	body=0	url=https://api.amemv.com/bytebench/api/task/group?update_version_code=35109900&net_status=wifi&app_name=aweme&app_version=35.1.0&device_id=4087336283154583&user_id=0&sdk_version=2.0.10-1&device_platform=android&device_type=Pixel+6&aid=1128&status=0
109	200	headers=0	body=0	url=https://api.amemv.com/bytebench/api/task/group?update_version_code=35109900&net_status=wifi&app_name=aweme&app_version=35.1.0&device_id=4087336283154583&user_id=0&sdk_version=2.0.10-1&device_platform=android&device_type=Pixel+6&aid=1128&status=0
110	200	headers=2	body=0	url=https://lf6-effectcdn-tos.byteeffecttos.com/obj/ies.fe.effect/73a925431aac3cf511e0fb73158c9be8.mp4
111	200	headers=0	body=0	url=https://lf6-effectcdn-tos.byteeffecttos.com/obj/ies.fe.effect/73a925431aac3cf511e0fb73158c9be8.mp4
112	200	headers=2	body=0	url=https://lf6-effectcdn-tos.byteeffecttos.com/obj/ies.fe.effect/691a8b4301c04ed231ec1c39a522f76c.png
113	200	headers=0	body=0	url=https://lf6-effectcdn-tos.byteeffecttos.com/obj/ies.fe.effect/691a8b4301c04ed231ec1c39a522f76c.png
114	200	headers=12	body=978	url=https://aweme.snssdk.com/aweme/inner_reach/data?klink_egdi=AAL6F2JRRmTyRcmhfWO8fpeIax20xWdbnFyoOkbHLTA1hgY6i5yr6vS9&iid=3313280560987770&device_id=4087336283154583&ac=wifi&channel=vivo_1128_64&aid=1128&app_name=aweme&version_code=350100&version_name=35.1.0&device_platform=android&os=android&ssmix=a&device_type=Pixel+6&device_brand=google&language=zh&os_api=35&os_version=15&manifest_version_code=350101&resolution=1080*2209&dpi=420&update_version_code=35109900&_rticket=1788275380912&package=com.ss.android.ugc.aweme&mcc_mnc=46000&first_launch_timestamp=1788265682&last_deeplink_update_version_code=0&cpu_support64=true&host_abi=arm64-v8a&is_guest_mode=0&app_type=normal&minor_status=0&appTheme=light&is_preinstall=0&need_personal_recommend=1&is_android_pad=0&is_android_fold=0&ts=1788275380&cdid=3c8e225d-27e2-4294-8873-9009960e7908
115	200	headers=12	body=574	url=https://aweme.snssdk.com/aweme/v1/aweme/stats/?klink_egdi=AAL6F2JRRmTyRcmhfWO8fpeIax20xWdbnFyoOkbHLTA1hgY6i5yr6vS9&iid=3313280560987770&device_id=4087336283154583&ac=wifi&channel=vivo_1128_64&aid=1128&app_name=aweme&version_code=350100&version_name=35.1.0&device_platform=android&os=android&ssmix=a&device_type=Pixel+6&device_brand=google&language=zh&os_api=35&os_version=15&manifest_version_code=350101&resolution=1080*2209&dpi=420&update_version_code=35109900&_rticket=1788275382717&package=com.ss.android.ugc.aweme&mcc_mnc=46000&first_launch_timestamp=1788265682&last_deeplink_update_version_code=0&cpu_support64=true&host_abi=arm64-v8a&is_guest_mode=0&app_type=normal&minor_status=0&appTheme=light&is_preinstall=0&need_personal_recommend=1&is_android_pad=0&is_android_fold=0&ts=1788275381&cdid=3c8e225d-27e2-4294-8873-9009960e7908
116	200	headers=11	body=494	url=https://gecko.zijieapi.com/gkx/api/settings/v3?klink_egdi=AAL6F2JRRmTyRcmhfWO8fpeIax20xWdbnFyoOkbHLTA1hgY6i5yr6vS9&iid=3313280560987770&device_id=4087336283154583&ac=wifi&channel=vivo_1128_64&aid=1128&app_name=aweme&version_code=350100&version_name=35.1.0&device_platform=android&os=android&ssmix=a&device_type=Pixel+6&device_brand=google&language=zh&os_api=35&os_version=15&manifest_version_code=350101&resolution=1080*2209&dpi=420&update_version_code=35109900&_rticket=1788275384327&package=com.ss.android.ugc.aweme&mcc_mnc=46000&first_launch_timestamp=1788265682&last_deeplink_update_version_code=0&cpu_support64=true&host_abi=arm64-v8a&is_guest_mode=0&app_type=normal&minor_status=0&appTheme=light&is_preinstall=0&need_personal_recommend=1&is_android_pad=0&is_android_fold=0&ts=1788275383&cdid=3c8e225d-27e2-4294-8873-9009960e7908
117	200	headers=3	body=0	url=https://lf-normal-gr-sourcecdn.bytegecko.com/obj/byte-gurd-source-gr/argus/security/policy/container_config/gecko.config.json?version_name=35.1.0&device_platform=android&os=android&aid=1128&gecko_bkt=8&klink_egdi=AAL6F2JRRmTyRcmhfWO8fpeIax20xWdbnFyoOkbHLTA1hgY6i5yr6vS9&iid=3313280560987770&device_id=4087336283154583&ac=wifi&channel=vivo_1128_64&app_name=aweme&version_code=350100&ssmix=a&device_type=Pixel+6&device_brand=google&language=zh&os_api=35&os_version=15&manifest_version_code=350101&resolution=1080*2209&dpi=420&update_version_code=35109900&_rticket=1788275384319&package=com.ss.android.ugc.aweme&mcc_mnc=46000&first_launch_timestamp=1788265682&last_deeplink_update_version_code=0&cpu_support64=true&host_abi=arm64-v8a&is_guest_mode=0&app_type=normal&minor_status=0&appTheme=light&is_preinstall=0&need_personal_recommend=1&is_android_pad=0&is_android_fold=0&ts=1788275383&cdid=3c8e225d-27e2-4294-8873-9009960e7908
118	200	headers=0	body=0	url=https://lf-normal-gr-sourcecdn.bytegecko.com/obj/byte-gurd-source-gr/argus/security/policy/container_config/gecko.config.json?version_name=35.1.0&device_platform=android&os=android&aid=1128&gecko_bkt=8&klink_egdi=AAL6F2JRRmTyRcmhfWO8fpeIax20xWdbnFyoOkbHLTA1hgY6i5yr6vS9&iid=3313280560987770&device_id=4087336283154583&ac=wifi&channel=vivo_1128_64&app_name=aweme&version_code=350100&ssmix=a&device_type=Pixel+6&device_brand=google&language=zh&os_api=35&os_version=15&manifest_version_code=350101&resolution=1080*2209&dpi=420&update_version_code=35109900&_rticket=1788275384319&package=com.ss.android.ugc.aweme&mcc_mnc=46000&first_launch_timestamp=1788265682&last_deeplink_update_version_code=0&cpu_support64=true&host_abi=arm64-v8a&is_guest_mode=0&app_type=normal&minor_status=0&appTheme=light&is_preinstall=0&need_personal_recommend=1&is_android_pad=0&is_android_fold=0&ts=1788275383&cdid=3c8e225d-27e2-4294-8873-9009960e7908
119	200	headers=0	body=0	url=https://lf-normal-gr-sourcecdn.bytegecko.com/obj/byte-gurd-source-gr/argus/security/policy/container_config/gecko.config.json?version_name=35.1.0&device_platform=android&os=android&aid=1128&gecko_bkt=8&klink_egdi=AAL6F2JRRmTyRcmhfWO8fpeIax20xWdbnFyoOkbHLTA1hgY6i5yr6vS9&iid=3313280560987770&device_id=4087336283154583&ac=wifi&channel=vivo_1128_64&app_name=aweme&version_code=350100&ssmix=a&device_type=Pixel+6&device_brand=google&language=zh&os_api=35&os_version=15&manifest_version_code=350101&resolution=1080*2209&dpi=420&update_version_code=35109900&_rticket=1788275384319&package=com.ss.android.ugc.aweme&mcc_mnc=46000&first_launch_timestamp=1788265682&last_deeplink_update_version_code=0&cpu_support64=true&host_abi=arm64-v8a&is_guest_mode=0&app_type=normal&minor_status=0&appTheme=light&is_preinstall=0&need_personal_recommend=1&is_android_pad=0&is_android_fold=0&ts=1788275383&cdid=3c8e225d-27e2-4294-8873-9009960e7908
120	200	headers=3	body=0	url=https://lf-normal-gr-sourcecdn.bytegecko.com/obj/byte-gurd-source-gr/argus/security/policy/global_config/gecko.config.json?version_name=35.1.0&device_platform=android&os=android&aid=1128&gecko_bkt=8&klink_egdi=AAL6F2JRRmTyRcmhfWO8fpeIax20xWdbnFyoOkbHLTA1hgY6i5yr6vS9&iid=3313280560987770&device_id=4087336283154583&ac=wifi&channel=vivo_1128_64&app_name=aweme&version_code=350100&ssmix=a&device_type=Pixel+6&device_brand=google&language=zh&os_api=35&os_version=15&manifest_version_code=350101&resolution=1080*2209&dpi=420&update_version_code=35109900&_rticket=1788275384746&package=com.ss.android.ugc.aweme&mcc_mnc=46000&first_launch_timestamp=1788265682&last_deeplink_update_version_code=0&cpu_support64=true&host_abi=arm64-v8a&is_guest_mode=0&app_type=normal&minor_status=0&appTheme=light&is_preinstall=0&need_personal_recommend=1&is_android_pad=0&is_android_fold=0&ts=1788275383&cdid=3c8e225d-27e2-4294-8873-9009960e7908
121	200	headers=0	body=0	url=https://lf-normal-gr-sourcecdn.bytegecko.com/obj/byte-gurd-source-gr/argus/security/policy/global_config/gecko.config.json?version_name=35.1.0&device_platform=android&os=android&aid=1128&gecko_bkt=8&klink_egdi=AAL6F2JRRmTyRcmhfWO8fpeIax20xWdbnFyoOkbHLTA1hgY6i5yr6vS9&iid=3313280560987770&device_id=4087336283154583&ac=wifi&channel=vivo_1128_64&app_name=aweme&version_code=350100&ssmix=a&device_type=Pixel+6&device_brand=google&language=zh&os_api=35&os_version=15&manifest_version_code=350101&resolution=1080*2209&dpi=420&update_version_code=35109900&_rticket=1788275384746&package=com.ss.android.ugc.aweme&mcc_mnc=46000&first_launch_timestamp=1788265682&last_deeplink_update_version_code=0&cpu_support64=true&host_abi=arm64-v8a&is_guest_mode=0&app_type=normal&minor_status=0&appTheme=light&is_preinstall=0&need_personal_recommend=1&is_android_pad=0&is_android_fold=0&ts=1788275383&cdid=3c8e225d-27e2-4294-8873-9009960e7908
122	200	headers=0	body=0	url=https://lf-normal-gr-sourcecdn.bytegecko.com/obj/byte-gurd-source-gr/argus/security/policy/global_config/gecko.config.json?version_name=35.1.0&device_platform=android&os=android&aid=1128&gecko_bkt=8&klink_egdi=AAL6F2JRRmTyRcmhfWO8fpeIax20xWdbnFyoOkbHLTA1hgY6i5yr6vS9&iid=3313280560987770&device_id=4087336283154583&ac=wifi&channel=vivo_1128_64&app_name=aweme&version_code=350100&ssmix=a&device_type=Pixel+6&device_brand=google&language=zh&os_api=35&os_version=15&manifest_version_code=350101&resolution=1080*2209&dpi=420&update_version_code=35109900&_rticket=1788275384746&package=com.ss.android.ugc.aweme&mcc_mnc=46000&first_launch_timestamp=1788265682&last_deeplink_update_version_code=0&cpu_support64=true&host_abi=arm64-v8a&is_guest_mode=0&app_type=normal&minor_status=0&appTheme=light&is_preinstall=0&need_personal_recommend=1&is_android_pad=0&is_android_fold=0&ts=1788275383&cdid=3c8e225d-27e2-4294-8873-9009960e7908
123	200	headers=8	body=0	url=https://i.snssdk.com/activity/carrier_flow/query_flow/?telecom_openid_data&carrier=46002&ac=wifi&user_pseudo_code=0C432CB9A4CAF9B971FE2396BC28421A&last_popup_time=-1&device_id=4087336283154583&last_toast_time=-1&unicom_pip=192.168.31.240&aid=1128&channelid=C10000001072&klink_egdi=AAL6F2JRRmTyRcmhfWO8fpeIax20xWdbnFyoOkbHLTA1hgY6i5yr6vS9&iid=3313280560987770&channel=vivo_1128_64&app_name=aweme&version_code=350100&version_name=35.1.0&device_platform=android&os=android&ssmix=a&device_type=Pixel+6&device_brand=google&language=zh&os_api=35&os_version=15&manifest_version_code=350101&resolution=1080*2209&dpi=420&update_version_code=35109900&_rticket=1788275385612&package=com.ss.android.ugc.aweme&mcc_mnc=46000&first_launch_timestamp=1788265682&last_deeplink_update_version_code=0&cpu_support64=true&host_abi=arm64-v8a&is_guest_mode=0&app_type=normal&minor_status=0&appTheme=light&is_preinstall=0&need_personal_recommend=1&is_android_pad=0&is_android_fold=0&ts=1788275384&cdid=3c8e225d-27e2-4294-8873-9009960e7908
124	200	headers=0	body=0	url=https://i.snssdk.com/activity/carrier_flow/query_flow/?telecom_openid_data&carrier=46002&ac=wifi&user_pseudo_code=0C432CB9A4CAF9B971FE2396BC28421A&last_popup_time=-1&device_id=4087336283154583&last_toast_time=-1&unicom_pip=192.168.31.240&aid=1128&channelid=C10000001072&klink_egdi=AAL6F2JRRmTyRcmhfWO8fpeIax20xWdbnFyoOkbHLTA1hgY6i5yr6vS9&iid=3313280560987770&channel=vivo_1128_64&app_name=aweme&version_code=350100&version_name=35.1.0&device_platform=android&os=android&ssmix=a&device_type=Pixel+6&device_brand=google&language=zh&os_api=35&os_version=15&manifest_version_code=350101&resolution=1080*2209&dpi=420&update_version_code=35109900&_rticket=1788275385612&package=com.ss.android.ugc.aweme&mcc_mnc=46000&first_launch_timestamp=1788265682&last_deeplink_update_version_code=0&cpu_support64=true&host_abi=arm64-v8a&is_guest_mode=0&app_type=normal&minor_status=0&appTheme=light&is_preinstall=0&need_personal_recommend=1&is_android_pad=0&is_android_fold=0&ts=1788275384&cdid=3c8e225d-27e2-4294-8873-9009960e7908
125	200	headers=0	body=0	url=https://i.snssdk.com/activity/carrier_flow/query_flow/?telecom_openid_data&carrier=46002&ac=wifi&user_pseudo_code=0C432CB9A4CAF9B971FE2396BC28421A&last_popup_time=-1&device_id=4087336283154583&last_toast_time=-1&unicom_pip=192.168.31.240&aid=1128&channelid=C10000001072&klink_egdi=AAL6F2JRRmTyRcmhfWO8fpeIax20xWdbnFyoOkbHLTA1hgY6i5yr6vS9&iid=3313280560987770&channel=vivo_1128_64&app_name=aweme&version_code=350100&version_name=35.1.0&device_platform=android&os=android&ssmix=a&device_type=Pixel+6&device_brand=google&language=zh&os_api=35&os_version=15&manifest_version_code=350101&resolution=1080*2209&dpi=420&update_version_code=35109900&_rticket=1788275385612&package=com.ss.android.ugc.aweme&mcc_mnc=46000&first_launch_timestamp=1788265682&last_deeplink_update_version_code=0&cpu_support64=true&host_abi=arm64-v8a&is_guest_mode=0&app_type=normal&minor_status=0&appTheme=light&is_preinstall=0&need_personal_recommend=1&is_android_pad=0&is_android_fold=0&ts=1788275384&cdid=3c8e225d-27e2-4294-8873-9009960e7908
126	200	headers=5	body=17057	url=https://pitaya.bytedance.com/api/v4/pitaya/distribute?aid=1128&device_id=4087336283154583
127	200	headers=11	body=19990	url=https://aweme.snssdk.com/service/2/app_log/?version_code=350100&device_platform=android&device_id=4087336283154583&aid=1128&iid=3313280560987770&tt_data=a
128	200	headers=12	body=517	url=https://aweme.snssdk.com/aweme/v1/aweme/stats/?klink_egdi=AAL6F2JRRmTyRcmhfWO8fpeIax20xWdbnFyoOkbHLTA1hgY6i5yr6vS9&iid=3313280560987770&device_id=4087336283154583&ac=wifi&channel=vivo_1128_64&aid=1128&app_name=aweme&version_code=350100&version_name=35.1.0&device_platform=android&os=android&ssmix=a&device_type=Pixel+6&device_brand=google&language=zh&os_api=35&os_version=15&manifest_version_code=350101&resolution=1080*2209&dpi=420&update_version_code=35109900&_rticket=1788275393293&package=com.ss.android.ugc.aweme&mcc_mnc=46000&first_launch_timestamp=1788265682&last_deeplink_update_version_code=0&cpu_support64=true&host_abi=arm64-v8a&is_guest_mode=0&app_type=normal&minor_status=0&appTheme=light&is_preinstall=0&need_personal_recommend=1&is_android_pad=0&is_android_fold=0&ts=1788275392&cdid=3c8e225d-27e2-4294-8873-9009960e7908
129	200	headers=8	body=0	url=https://abtest-ch.snssdk.com/common?host_app_name=aweme&device_id=4087336283154583&user_id&os_version=15&channel=vivo_1128_64&host_version=35.1.0&sdk_version=2.0.0&device_platform=Android&device_type=oriole&host_app_id=1128&app_id=349653
130	200	headers=0	body=0	url=https://abtest-ch.snssdk.com/common?host_app_name=aweme&device_id=4087336283154583&user_id&os_version=15&channel=vivo_1128_64&host_version=35.1.0&sdk_version=2.0.0&device_platform=Android&device_type=oriole&host_app_id=1128&app_id=349653
131	200	headers=11	body=20886	url=https://aweme.snssdk.com/service/2/app_log/?version_code=350100&device_platform=android&device_id=4087336283154583&aid=1128&iid=3313280560987770&tt_data=a
132	200	headers=9	body=10306	url=https://mssdk.bytedance.com/ri/report?lc_id=1588093228&platform=android&device_platform=android&sdk_ver=v04.09.05-ml-android&sdk_ver_code=67699968&app_ver=35.1.0&version_code=350101&aid=1128&sdkid&subaid&iid=3313280560987770&did=4087336283154583&bd_did&client_type=inhouse&region_type=ml&mode=3&full_update_version_code=35109900
133	200	headers=12	body=516	url=https://aweme.snssdk.com/aweme/v1/aweme/stats/?klink_egdi=AAL6F2JRRmTyRcmhfWO8fpeIax20xWdbnFyoOkbHLTA1hgY6i5yr6vS9&iid=3313280560987770&device_id=4087336283154583&ac=wifi&channel=vivo_1128_64&aid=1128&app_name=aweme&version_code=350100&version_name=35.1.0&device_platform=android&os=android&ssmix=a&device_type=Pixel+6&device_brand=google&language=zh&os_api=35&os_version=15&manifest_version_code=350101&resolution=1080*2209&dpi=420&update_version_code=35109900&_rticket=1788275403839&package=com.ss.android.ugc.aweme&mcc_mnc=46000&first_launch_timestamp=1788265682&last_deeplink_update_version_code=0&cpu_support64=true&host_abi=arm64-v8a&is_guest_mode=0&app_type=normal&minor_status=0&appTheme=light&is_preinstall=0&need_personal_recommend=1&is_android_pad=0&is_android_fold=0&ts=1788275403&cdid=3c8e225d-27e2-4294-8873-9009960e7908
134	200	headers=3	body=0	url=https://lf-webcast-gr-sourcecdn.bytegecko.com/obj/byte-gurd-source-gr/webcast/cdn/api/scheme_config/api.roma.config.json?sdkVersion=1&klink_egdi=AAL6F2JRRmTyRcmhfWO8fpeIax20xWdbnFyoOkbHLTA1hgY6i5yr6vS9&iid=3313280560987770&device_id=4087336283154583&ac=wifi&channel=vivo_1128_64&aid=1128&app_name=aweme&version_code=350100&version_name=35.1.0&device_platform=android&os=android&ssmix=a&device_type=Pixel+6&device_brand=google&language=zh&os_api=35&os_version=15&manifest_version_code=350101&resolution=1080*2209&dpi=420&update_version_code=35109900&_rticket=1788275407049&package=com.ss.android.ugc.aweme&mcc_mnc=46000&first_launch_timestamp=1788265682&last_deeplink_update_version_code=0&cpu_support64=true&host_abi=arm64-v8a&is_guest_mode=0&app_type=normal&minor_status=0&appTheme=light&is_preinstall=0&need_personal_recommend=1&is_android_pad=0&is_android_fold=0&ts=1788275406&cdid=3c8e225d-27e2-4294-8873-9009960e7908
135	200	headers=0	body=0	url=https://lf-webcast-gr-sourcecdn.bytegecko.com/obj/byte-gurd-source-gr/webcast/cdn/api/scheme_config/api.roma.config.json?sdkVersion=1&klink_egdi=AAL6F2JRRmTyRcmhfWO8fpeIax20xWdbnFyoOkbHLTA1hgY6i5yr6vS9&iid=3313280560987770&device_id=4087336283154583&ac=wifi&channel=vivo_1128_64&aid=1128&app_name=aweme&version_code=350100&version_name=35.1.0&device_platform=android&os=android&ssmix=a&device_type=Pixel+6&device_brand=google&language=zh&os_api=35&os_version=15&manifest_version_code=350101&resolution=1080*2209&dpi=420&update_version_code=35109900&_rticket=1788275407049&package=com.ss.android.ugc.aweme&mcc_mnc=46000&first_launch_timestamp=1788265682&last_deeplink_update_version_code=0&cpu_support64=true&host_abi=arm64-v8a&is_guest_mode=0&app_type=normal&minor_status=0&appTheme=light&is_preinstall=0&need_personal_recommend=1&is_android_pad=0&is_android_fold=0&ts=1788275406&cdid=3c8e225d-27e2-4294-8873-9009960e7908
136	200	headers=0	body=0	url=https://lf-webcast-gr-sourcecdn.bytegecko.com/obj/byte-gurd-source-gr/webcast/cdn/api/scheme_config/api.roma.config.json?sdkVersion=1&klink_egdi=AAL6F2JRRmTyRcmhfWO8fpeIax20xWdbnFyoOkbHLTA1hgY6i5yr6vS9&iid=3313280560987770&device_id=4087336283154583&ac=wifi&channel=vivo_1128_64&aid=1128&app_name=aweme&version_code=350100&version_name=35.1.0&device_platform=android&os=android&ssmix=a&device_type=Pixel+6&device_brand=google&language=zh&os_api=35&os_version=15&manifest_version_code=350101&resolution=1080*2209&dpi=420&update_version_code=35109900&_rticket=1788275407049&package=com.ss.android.ugc.aweme&mcc_mnc=46000&first_launch_timestamp=1788265682&last_deeplink_update_version_code=0&cpu_support64=true&host_abi=arm64-v8a&is_guest_mode=0&app_type=normal&minor_status=0&appTheme=light&is_preinstall=0&need_personal_recommend=1&is_android_pad=0&is_android_fold=0&ts=1788275406&cdid=3c8e225d-27e2-4294-8873-9009960e7908
137	200	headers=5	body=0	url=https://webcast.amemv.com/webcast/v2/tab/?gamecp_sdk_version=3920&webcast_sdk_version=3920&webcast_language=zh&webcast_locale=zh_CN_%23Hans&webcast_gps_access=2&device_score=8.4364&address_book_access=2&is_pad=false&is_android_pad=0&is_landscape=false&carrier_region=CN&iid=3313280560987770&device_id=4087336283154583&ac=wifi&channel=vivo_1128_64&aid=1128&app_name=aweme&version_code=350100&version_name=35.1.0&device_platform=android&os=android&device_type=Pixel+6&device_brand=google&language=zh&os_version=15&manifest_version_code=350101&resolution=1080*2209&dpi=420&update_version_code=35109900&package=com.ss.android.ugc.aweme&mcc_mnc=46000&is_guest_mode=0&app_type=normal&minor_status=0&appTheme=light&is_preinstall=0&need_personal_recommend=1&is_android_fold=0&ts=1788275406&cdid=3c8e225d-27e2-4294-8873-9009960e7908
138	200	headers=0	body=0	url=https://webcast.amemv.com/webcast/v2/tab/?gamecp_sdk_version=3920&webcast_sdk_version=3920&webcast_language=zh&webcast_locale=zh_CN_%23Hans&webcast_gps_access=2&device_score=8.4364&address_book_access=2&is_pad=false&is_android_pad=0&is_landscape=false&carrier_region=CN&iid=3313280560987770&device_id=4087336283154583&ac=wifi&channel=vivo_1128_64&aid=1128&app_name=aweme&version_code=350100&version_name=35.1.0&device_platform=android&os=android&device_type=Pixel+6&device_brand=google&language=zh&os_version=15&manifest_version_code=350101&resolution=1080*2209&dpi=420&update_version_code=35109900&package=com.ss.android.ugc.aweme&mcc_mnc=46000&is_guest_mode=0&app_type=normal&minor_status=0&appTheme=light&is_preinstall=0&need_personal_recommend=1&is_android_fold=0&ts=1788275406&cdid=3c8e225d-27e2-4294-8873-9009960e7908
139	200	headers=0	body=0	url=https://webcast.amemv.com/webcast/v2/tab/?gamecp_sdk_version=3920&webcast_sdk_version=3920&webcast_language=zh&webcast_locale=zh_CN_%23Hans&webcast_gps_access=2&device_score=8.4364&address_book_access=2&is_pad=false&is_android_pad=0&is_landscape=false&carrier_region=CN&iid=3313280560987770&device_id=4087336283154583&ac=wifi&channel=vivo_1128_64&aid=1128&app_name=aweme&version_code=350100&version_name=35.1.0&device_platform=android&os=android&device_type=Pixel+6&device_brand=google&language=zh&os_version=15&manifest_version_code=350101&resolution=1080*2209&dpi=420&update_version_code=35109900&package=com.ss.android.ugc.aweme&mcc_mnc=46000&is_guest_mode=0&app_type=normal&minor_status=0&appTheme=light&is_preinstall=0&need_personal_recommend=1&is_android_fold=0&ts=1788275406&cdid=3c8e225d-27e2-4294-8873-9009960e7908
140	200	headers=11	body=15750	url=https://aweme.snssdk.com/service/2/app_log/?version_code=350100&device_platform=android&device_id=4087336283154583&aid=1128&iid=3313280560987770&tt_data=a
141	200	headers=8	body=0	url=https://effect.snssdk.com/model/api/arithmetics?app_language=zh-Hans&model_mapping=1&device_id=4087336283154583&app_version=35.1.0&channel=vivo_1128_64&device_type=Pixel+6&platform_ab_params=0&platform_sdk_version=0.0.10.9&access_key=142710f02c3a11e8b42429f14557854a&sdk_version=19.4.0&device_platform=android&region=CN&aid=1128&status=1&game_version=1.0&klink_egdi=AAL6F2JRRmTyRcmhfWO8fpeIax20xWdbnFyoOkbHLTA1hgY6i5yr6vS9&iid=3313280560987770&ac=wifi&app_name=aweme&version_code=350100&version_name=35.1.0&os=android&ssmix=a&device_brand=google&language=zh&os_api=35&os_version=15&manifest_version_code=350101&resolution=1080*2209&dpi=420&update_version_code=35109900&_rticket=1788275409136&package=com.ss.android.ugc.aweme&mcc_mnc=46000&first_launch_timestamp=1788265682&last_deeplink_update_version_code=0&cpu_support64=true&host_abi=arm64-v8a&is_guest_mode=0&app_type=normal&minor_status=0&appTheme=light&is_preinstall=0&need_personal_recommend=1&is_android_pad=0&is_android_fold=0&ts=1788275408&cdid=3c8e225d-27e2-4294-8873-9009960e7908
142	200	headers=0	body=0	url=https://effect.snssdk.com/model/api/arithmetics?app_language=zh-Hans&model_mapping=1&device_id=4087336283154583&app_version=35.1.0&channel=vivo_1128_64&device_type=Pixel+6&platform_ab_params=0&platform_sdk_version=0.0.10.9&access_key=142710f02c3a11e8b42429f14557854a&sdk_version=19.4.0&device_platform=android&region=CN&aid=1128&status=1&game_version=1.0&klink_egdi=AAL6F2JRRmTyRcmhfWO8fpeIax20xWdbnFyoOkbHLTA1hgY6i5yr6vS9&iid=3313280560987770&ac=wifi&app_name=aweme&version_code=350100&version_name=35.1.0&os=android&ssmix=a&device_brand=google&language=zh&os_api=35&os_version=15&manifest_version_code=350101&resolution=1080*2209&dpi=420&update_version_code=35109900&_rticket=1788275409136&package=com.ss.android.ugc.aweme&mcc_mnc=46000&first_launch_timestamp=1788265682&last_deeplink_update_version_code=0&cpu_support64=true&host_abi=arm64-v8a&is_guest_mode=0&app_type=normal&minor_status=0&appTheme=light&is_preinstall=0&need_personal_recommend=1&is_android_pad=0&is_android_fold=0&ts=1788275408&cdid=3c8e225d-27e2-4294-8873-9009960e7908
143	200	headers=1	body=0	url=https://webcast.amemv.com/webcast/strategy/feature/?request_scene=1&verification_key=1788272589&feature_keys&raw_data=false&gamecp_sdk_version=3920&webcast_sdk_version=3920&webcast_language=zh&webcast_locale=zh_CN_%23Hans&webcast_gps_access=2&current_network_quality_info=%7B%22http_rtt%22%3A29%2C%22tcp_rtt%22%3A29%2C%22quic_rtt%22%3A29%2C%22downstream_throughput_kbps%22%3A13048%2C%22net_effective_connection_type%22%3A8%2C%22video_download_speed%22%3A967%2C%22quic_receive_loss_rate%22%3A-1%2C%22quic_send_loss_rate%22%3A-1%7D&device_score=8.4364&address_book_access=2&user_id=0&is_pad=false&is_android_pad=0&is_landscape=false&carrier_region=CN&klink_egdi=AAL6F2JRRmTyRcmhfWO8fpeIax20xWdbnFyoOkbHLTA1hgY6i5yr6vS9&iid=3313280560987770&device_id=4087336283154583&ac=wifi&channel=vivo_1128_64&aid=1128&app_name=aweme&version_code=350100&version_name=35.1.0&device_platform=android&os=android&ssmix=a&device_type=Pixel+6&device_brand=google&language=zh&os_api=35&os_version=15&manifest_version_code=350101&resolution=1080*2209&dpi=420&update_version_code=35109900&_rticket=1788275412019&package=com.ss.android.ugc.aweme&mcc_mnc=46000&first_launch_timestamp=1788265682&last_deeplink_update_version_code=0&cpu_support64=true&host_abi=arm64-v8a&is_guest_mode=0&app_type=normal&minor_status=0&appTheme=light&is_preinstall=0&need_personal_recommend=1&is_android_fold=0&ts=1788275411&cdid=3c8e225d-27e2-4294-8873-9009960e7908
144	200	headers=0	body=0	url=https://webcast.amemv.com/webcast/strategy/feature/?request_scene=1&verification_key=1788272589&feature_keys&raw_data=false&gamecp_sdk_version=3920&webcast_sdk_version=3920&webcast_language=zh&webcast_locale=zh_CN_%23Hans&webcast_gps_access=2&current_network_quality_info=%7B%22http_rtt%22%3A29%2C%22tcp_rtt%22%3A29%2C%22quic_rtt%22%3A29%2C%22downstream_throughput_kbps%22%3A13048%2C%22net_effective_connection_type%22%3A8%2C%22video_download_speed%22%3A967%2C%22quic_receive_loss_rate%22%3A-1%2C%22quic_send_loss_rate%22%3A-1%7D&device_score=8.4364&address_book_access=2&user_id=0&is_pad=false&is_android_pad=0&is_landscape=false&carrier_region=CN&klink_egdi=AAL6F2JRRmTyRcmhfWO8fpeIax20xWdbnFyoOkbHLTA1hgY6i5yr6vS9&iid=3313280560987770&device_id=4087336283154583&ac=wifi&channel=vivo_1128_64&aid=1128&app_name=aweme&version_code=350100&version_name=35.1.0&device_platform=android&os=android&ssmix=a&device_type=Pixel+6&device_brand=google&language=zh&os_api=35&os_version=15&manifest_version_code=350101&resolution=1080*2209&dpi=420&update_version_code=35109900&_rticket=1788275412019&package=com.ss.android.ugc.aweme&mcc_mnc=46000&first_launch_timestamp=1788265682&last_deeplink_update_version_code=0&cpu_support64=true&host_abi=arm64-v8a&is_guest_mode=0&app_type=normal&minor_status=0&appTheme=light&is_preinstall=0&need_personal_recommend=1&is_android_fold=0&ts=1788275411&cdid=3c8e225d-27e2-4294-8873-9009960e7908
145	200	headers=0	body=0	url=https://webcast.amemv.com/webcast/strategy/feature/?request_scene=1&verification_key=1788272589&feature_keys&raw_data=false&gamecp_sdk_version=3920&webcast_sdk_version=3920&webcast_language=zh&webcast_locale=zh_CN_%23Hans&webcast_gps_access=2&current_network_quality_info=%7B%22http_rtt%22%3A29%2C%22tcp_rtt%22%3A29%2C%22quic_rtt%22%3A29%2C%22downstream_throughput_kbps%22%3A13048%2C%22net_effective_connection_type%22%3A8%2C%22video_download_speed%22%3A967%2C%22quic_receive_loss_rate%22%3A-1%2C%22quic_send_loss_rate%22%3A-1%7D&device_score=8.4364&address_book_access=2&user_id=0&is_pad=false&is_android_pad=0&is_landscape=false&carrier_region=CN&klink_egdi=AAL6F2JRRmTyRcmhfWO8fpeIax20xWdbnFyoOkbHLTA1hgY6i5yr6vS9&iid=3313280560987770&device_id=4087336283154583&ac=wifi&channel=vivo_1128_64&aid=1128&app_name=aweme&version_code=350100&version_name=35.1.0&device_platform=android&os=android&ssmix=a&device_type=Pixel+6&device_brand=google&language=zh&os_api=35&os_version=15&manifest_version_code=350101&resolution=1080*2209&dpi=420&update_version_code=35109900&_rticket=1788275412019&package=com.ss.android.ugc.aweme&mcc_mnc=46000&first_launch_timestamp=1788265682&last_deeplink_update_version_code=0&cpu_support64=true&host_abi=arm64-v8a&is_guest_mode=0&app_type=normal&minor_status=0&appTheme=light&is_preinstall=0&need_personal_recommend=1&is_android_fold=0&ts=1788275411&cdid=3c8e225d-27e2-4294-8873-9009960e7908
146	200	headers=6	body=0	url=https://webcast.amemv.com/webcast/strategy/rule/?request_scene=1&verification_key=%7B%22strategy_version%22%3A1786332280%2C%22public_params_encoded%22%3A%22%7B%5C%22app_id%5C%22%3A1128%2C%5C%22build_number%5C%22%3A%5C%22%5C%22%2C%5C%22channel%5C%22%3A%5C%22vivo_1128_64%5C%22%2C%5C%22city%5C%22%3A%5C%22%E5%B9%BF%E5%B7%9E%5C%22%2C%5C%22client_version_full%5C%22%3A350100%2C%5C%22device_brand%5C%22%3A%5C%22google%5C%22%2C%5C%22device_id%5C%22%3A4087336283154583%2C%5C%22device_platform%5C%22%3A%5C%22android%5C%22%2C%5C%22device_type%5C%22%3A%5C%22Pixel+6%5C%22%2C%5C%22is_oversea%5C%22%3Afalse%2C%5C%22os_version%5C%22%3A%5C%2215%5C%22%2C%5C%22region%5C%22%3A%5C%22CN%5C%22%2C%5C%22update_version_code%5C%22%3A35109900%2C%5C%22user_id%5C%22%3A0%2C%5C%22version_code%5C%22%3A350100%2C%5C%22webcast_sdk_version%5C%22%3A3920%2C%5C%22webcast_version_code%5C%22%3A350100%7D%22%7D&gamecp_sdk_version=3920&webcast_sdk_version=3920&webcast_language=zh&webcast_locale=zh_CN_%23Hans&webcast_gps_access=2&current_network_quality_info=%7B%22http_rtt%22%3A29%2C%22tcp_rtt%22%3A29%2C%22quic_rtt%22%3A29%2C%22downstream_throughput_kbps%22%3A13048%2C%22net_effective_connection_type%22%3A8%2C%22video_download_speed%22%3A967%2C%22quic_receive_loss_rate%22%3A-1%2C%22quic_send_loss_rate%22%3A-1%7D&device_score=8.4364&address_book_access=2&user_id=0&is_pad=false&is_android_pad=0&is_landscape=false&carrier_region=CN&klink_egdi=AAL6F2JRRmTyRcmhfWO8fpeIax20xWdbnFyoOkbHLTA1hgY6i5yr6vS9&iid=3313280560987770&device_id=4087336283154583&ac=wifi&channel=vivo_1128_64&aid=1128&app_name=aweme&version_code=350100&version_name=35.1.0&device_platform=android&os=android&ssmix=a&device_type=Pixel+6&device_brand=google&language=zh&os_api=35&os_version=15&manifest_version_code=350101&resolution=1080*2209&dpi=420&update_version_code=35109900&_rticket=1788275412017&package=com.ss.android.ugc.aweme&mcc_mnc=46000&first_launch_timestamp=1788265682&last_deeplink_update_version_code=0&cpu_support64=true&host_abi=arm64-v8a&is_guest_mode=0&app_type=normal&minor_status=0&appTheme=light&is_preinstall=0&need_personal_recommend=1&is_android_fold=0&ts=1788275411&cdid=3c8e225d-27e2-4294-8873-9009960e7908
147	200	headers=0	body=0	url=https://webcast.amemv.com/webcast/strategy/rule/?request_scene=1&verification_key=%7B%22strategy_version%22%3A1786332280%2C%22public_params_encoded%22%3A%22%7B%5C%22app_id%5C%22%3A1128%2C%5C%22build_number%5C%22%3A%5C%22%5C%22%2C%5C%22channel%5C%22%3A%5C%22vivo_1128_64%5C%22%2C%5C%22city%5C%22%3A%5C%22%E5%B9%BF%E5%B7%9E%5C%22%2C%5C%22client_version_full%5C%22%3A350100%2C%5C%22device_brand%5C%22%3A%5C%22google%5C%22%2C%5C%22device_id%5C%22%3A4087336283154583%2C%5C%22device_platform%5C%22%3A%5C%22android%5C%22%2C%5C%22device_type%5C%22%3A%5C%22Pixel+6%5C%22%2C%5C%22is_oversea%5C%22%3Afalse%2C%5C%22os_version%5C%22%3A%5C%2215%5C%22%2C%5C%22region%5C%22%3A%5C%22CN%5C%22%2C%5C%22update_version_code%5C%22%3A35109900%2C%5C%22user_id%5C%22%3A0%2C%5C%22version_code%5C%22%3A350100%2C%5C%22webcast_sdk_version%5C%22%3A3920%2C%5C%22webcast_version_code%5C%22%3A350100%7D%22%7D&gamecp_sdk_version=3920&webcast_sdk_version=3920&webcast_language=zh&webcast_locale=zh_CN_%23Hans&webcast_gps_access=2&current_network_quality_info=%7B%22http_rtt%22%3A29%2C%22tcp_rtt%22%3A29%2C%22quic_rtt%22%3A29%2C%22downstream_throughput_kbps%22%3A13048%2C%22net_effective_connection_type%22%3A8%2C%22video_download_speed%22%3A967%2C%22quic_receive_loss_rate%22%3A-1%2C%22quic_send_loss_rate%22%3A-1%7D&device_score=8.4364&address_book_access=2&user_id=0&is_pad=false&is_android_pad=0&is_landscape=false&carrier_region=CN&klink_egdi=AAL6F2JRRmTyRcmhfWO8fpeIax20xWdbnFyoOkbHLTA1hgY6i5yr6vS9&iid=3313280560987770&device_id=4087336283154583&ac=wifi&channel=vivo_1128_64&aid=1128&app_name=aweme&version_code=350100&version_name=35.1.0&device_platform=android&os=android&ssmix=a&device_type=Pixel+6&device_brand=google&language=zh&os_api=35&os_version=15&manifest_version_code=350101&resolution=1080*2209&dpi=420&update_version_code=35109900&_rticket=1788275412017&package=com.ss.android.ugc.aweme&mcc_mnc=46000&first_launch_timestamp=1788265682&last_deeplink_update_version_code=0&cpu_support64=true&host_abi=arm64-v8a&is_guest_mode=0&app_type=normal&minor_status=0&appTheme=light&is_preinstall=0&need_personal_recommend=1&is_android_fold=0&ts=1788275411&cdid=3c8e225d-27e2-4294-8873-9009960e7908
148	200	headers=0	body=0	url=https://webcast.amemv.com/webcast/strategy/rule/?request_scene=1&verification_key=%7B%22strategy_version%22%3A1786332280%2C%22public_params_encoded%22%3A%22%7B%5C%22app_id%5C%22%3A1128%2C%5C%22build_number%5C%22%3A%5C%22%5C%22%2C%5C%22channel%5C%22%3A%5C%22vivo_1128_64%5C%22%2C%5C%22city%5C%22%3A%5C%22%E5%B9%BF%E5%B7%9E%5C%22%2C%5C%22client_version_full%5C%22%3A350100%2C%5C%22device_brand%5C%22%3A%5C%22google%5C%22%2C%5C%22device_id%5C%22%3A4087336283154583%2C%5C%22device_platform%5C%22%3A%5C%22android%5C%22%2C%5C%22device_type%5C%22%3A%5C%22Pixel+6%5C%22%2C%5C%22is_oversea%5C%22%3Afalse%2C%5C%22os_version%5C%22%3A%5C%2215%5C%22%2C%5C%22region%5C%22%3A%5C%22CN%5C%22%2C%5C%22update_version_code%5C%22%3A35109900%2C%5C%22user_id%5C%22%3A0%2C%5C%22version_code%5C%22%3A350100%2C%5C%22webcast_sdk_version%5C%22%3A3920%2C%5C%22webcast_version_code%5C%22%3A350100%7D%22%7D&gamecp_sdk_version=3920&webcast_sdk_version=3920&webcast_language=zh&webcast_locale=zh_CN_%23Hans&webcast_gps_access=2&current_network_quality_info=%7B%22http_rtt%22%3A29%2C%22tcp_rtt%22%3A29%2C%22quic_rtt%22%3A29%2C%22downstream_throughput_kbps%22%3A13048%2C%22net_effective_connection_type%22%3A8%2C%22video_download_speed%22%3A967%2C%22quic_receive_loss_rate%22%3A-1%2C%22quic_send_loss_rate%22%3A-1%7D&device_score=8.4364&address_book_access=2&user_id=0&is_pad=false&is_android_pad=0&is_landscape=false&carrier_region=CN&klink_egdi=AAL6F2JRRmTyRcmhfWO8fpeIax20xWdbnFyoOkbHLTA1hgY6i5yr6vS9&iid=3313280560987770&device_id=4087336283154583&ac=wifi&channel=vivo_1128_64&aid=1128&app_name=aweme&version_code=350100&version_name=35.1.0&device_platform=android&os=android&ssmix=a&device_type=Pixel+6&device_brand=google&language=zh&os_api=35&os_version=15&manifest_version_code=350101&resolution=1080*2209&dpi=420&update_version_code=35109900&_rticket=1788275412017&package=com.ss.android.ugc.aweme&mcc_mnc=46000&first_launch_timestamp=1788265682&last_deeplink_update_version_code=0&cpu_support64=true&host_abi=arm64-v8a&is_guest_mode=0&app_type=normal&minor_status=0&appTheme=light&is_preinstall=0&need_personal_recommend=1&is_android_fold=0&ts=1788275411&cdid=3c8e225d-27e2-4294-8873-9009960e7908
149	200	headers=8	body=0	url=https://ichannel.snssdk.com/service/2/app_alert_check/?device_id=4087336283154583&aid=1128&tt_info=dGMFEAAAgi-Sv9Wo5iPj8dU2QKRPKGpMp0co7SVAFBa1ctWzkljErUrNNdGZDABvVeLNX9Vn9yLa%0AsYybqUOPN2DTDPgop0c3ecpg0q3nnT0tUfWzRPCDfCWxmnyVkbTyUHT6VXsUuWP8jd3B0eBPrswx%0AR7gnRn8Q4B0663WPc27DawYfr2cGcjA6IxAHkSmkcXdFRwFYxuUsH4k0KD4BETR5iePYbEeNpQ9K%0AJ5JCINESTJAjFOzuCHg5s9UWJ3K5X-XMBlarHLacFR2gF_xeG9Xi_QB_6rPXZ4J_Sgcw0hlkGypb%0A8JiscGCf-T5ULErsF7lAFXUVvcAA6FkIh5Qy7vZg-DOrrvoyf12Mvm8mXYC715Uv0xjbiNYTfTU7%0ARYeC_uaJB3VugtyC55NTI0L0yccaQKmwsHYFfATm38c-pcXzrqm-byWyT4N1Txp0T3L3b0DY7675%0AkkD8P6dN1AcVixICVbVdBNPQK0afcCmlYsKET1ypnTDxT7103lGCYZo653jxGUsKh51DaJzlJC7R%0AjyQxpRjM_Jobp56E1rZ8dgZbBNJE5_8LeYl_7_DjFmEXZ0gkGlaBCNFo9_WgqJUUjcs6brCHFp4s%0AJCEe8cWhyu9cx6wPbPvgC9wUmjixacKR09Q-KVBHVtEIMufyUehBjZk-6KrURjFrk6NYyc1vWOhG%0ABq75QyPOLV0zCTyLSdMPEltL0EJy1HWlJrhy_sYLrqVS851kgTYQpqRpLJO1jqqGv9Qo0hMgThVX%0ASQJmTEusoAwsqnT4kHI86zIYnWHFZiR8fkqg85jKNsiZrGrCLj1JIECQrca3uHtejsi09dEzP5LJ%0A6yzq3NfO_-OKjDuh45lbhXYtbQMNGE_M7E0Gl4duekBb1jDoVG30LYacUE4AXLmfHReG_GcbwqAj%0A2bV5NTxqxEyO_i_reLSSfsOio0m4wNTWIDI%3D%0A&klink_egdi=AAL6F2JRRmTyRcmhfWO8fpeIax20xWdbnFyoOkbHLTA1hgY6i5yr6vS9&iid=3313280560987770&ac=wifi&channel=vivo_1128_64&app_name=aweme&version_code=350100&version_name=35.1.0&device_platform=android&os=android&ssmix=a&device_type=Pixel+6&device_brand=google&language=zh&os_api=35&os_version=15&manifest_version_code=350101&resolution=1080*2209&dpi=420&update_version_code=35109900&_rticket=1788275413014&package=com.ss.android.ugc.aweme&mcc_mnc=46000&first_launch_timestamp=1788265682&last_deeplink_update_version_code=0&cpu_support64=true&host_abi=arm64-v8a&is_guest_mode=0&app_type=normal&minor_status=0&appTheme=light&is_preinstall=0&need_personal_recommend=1&is_android_pad=0&is_android_fold=0&ts=1788275412&cdid=3c8e225d-27e2-4294-8873-9009960e7908
150	200	headers=0	body=0	url=https://ichannel.snssdk.com/service/2/app_alert_check/?device_id=4087336283154583&aid=1128&tt_info=dGMFEAAAgi-Sv9Wo5iPj8dU2QKRPKGpMp0co7SVAFBa1ctWzkljErUrNNdGZDABvVeLNX9Vn9yLa%0AsYybqUOPN2DTDPgop0c3ecpg0q3nnT0tUfWzRPCDfCWxmnyVkbTyUHT6VXsUuWP8jd3B0eBPrswx%0AR7gnRn8Q4B0663WPc27DawYfr2cGcjA6IxAHkSmkcXdFRwFYxuUsH4k0KD4BETR5iePYbEeNpQ9K%0AJ5JCINESTJAjFOzuCHg5s9UWJ3K5X-XMBlarHLacFR2gF_xeG9Xi_QB_6rPXZ4J_Sgcw0hlkGypb%0A8JiscGCf-T5ULErsF7lAFXUVvcAA6FkIh5Qy7vZg-DOrrvoyf12Mvm8mXYC715Uv0xjbiNYTfTU7%0ARYeC_uaJB3VugtyC55NTI0L0yccaQKmwsHYFfATm38c-pcXzrqm-byWyT4N1Txp0T3L3b0DY7675%0AkkD8P6dN1AcVixICVbVdBNPQK0afcCmlYsKET1ypnTDxT7103lGCYZo653jxGUsKh51DaJzlJC7R%0AjyQxpRjM_Jobp56E1rZ8dgZbBNJE5_8LeYl_7_DjFmEXZ0gkGlaBCNFo9_WgqJUUjcs6brCHFp4s%0AJCEe8cWhyu9cx6wPbPvgC9wUmjixacKR09Q-KVBHVtEIMufyUehBjZk-6KrURjFrk6NYyc1vWOhG%0ABq75QyPOLV0zCTyLSdMPEltL0EJy1HWlJrhy_sYLrqVS851kgTYQpqRpLJO1jqqGv9Qo0hMgThVX%0ASQJmTEusoAwsqnT4kHI86zIYnWHFZiR8fkqg85jKNsiZrGrCLj1JIECQrca3uHtejsi09dEzP5LJ%0A6yzq3NfO_-OKjDuh45lbhXYtbQMNGE_M7E0Gl4duekBb1jDoVG30LYacUE4AXLmfHReG_GcbwqAj%0A2bV5NTxqxEyO_i_reLSSfsOio0m4wNTWIDI%3D%0A&klink_egdi=AAL6F2JRRmTyRcmhfWO8fpeIax20xWdbnFyoOkbHLTA1hgY6i5yr6vS9&iid=3313280560987770&ac=wifi&channel=vivo_1128_64&app_name=aweme&version_code=350100&version_name=35.1.0&device_platform=android&os=android&ssmix=a&device_type=Pixel+6&device_brand=google&language=zh&os_api=35&os_version=15&manifest_version_code=350101&resolution=1080*2209&dpi=420&update_version_code=35109900&_rticket=1788275413014&package=com.ss.android.ugc.aweme&mcc_mnc=46000&first_launch_timestamp=1788265682&last_deeplink_update_version_code=0&cpu_support64=true&host_abi=arm64-v8a&is_guest_mode=0&app_type=normal&minor_status=0&appTheme=light&is_preinstall=0&need_personal_recommend=1&is_android_pad=0&is_android_fold=0&ts=1788275412&cdid=3c8e225d-27e2-4294-8873-9009960e7908
151	200	headers=0	body=0	url=https://ichannel.snssdk.com/service/2/app_alert_check/?device_id=4087336283154583&aid=1128&tt_info=dGMFEAAAgi-Sv9Wo5iPj8dU2QKRPKGpMp0co7SVAFBa1ctWzkljErUrNNdGZDABvVeLNX9Vn9yLa%0AsYybqUOPN2DTDPgop0c3ecpg0q3nnT0tUfWzRPCDfCWxmnyVkbTyUHT6VXsUuWP8jd3B0eBPrswx%0AR7gnRn8Q4B0663WPc27DawYfr2cGcjA6IxAHkSmkcXdFRwFYxuUsH4k0KD4BETR5iePYbEeNpQ9K%0AJ5JCINESTJAjFOzuCHg5s9UWJ3K5X-XMBlarHLacFR2gF_xeG9Xi_QB_6rPXZ4J_Sgcw0hlkGypb%0A8JiscGCf-T5ULErsF7lAFXUVvcAA6FkIh5Qy7vZg-DOrrvoyf12Mvm8mXYC715Uv0xjbiNYTfTU7%0ARYeC_uaJB3VugtyC55NTI0L0yccaQKmwsHYFfATm38c-pcXzrqm-byWyT4N1Txp0T3L3b0DY7675%0AkkD8P6dN1AcVixICVbVdBNPQK0afcCmlYsKET1ypnTDxT7103lGCYZo653jxGUsKh51DaJzlJC7R%0AjyQxpRjM_Jobp56E1rZ8dgZbBNJE5_8LeYl_7_DjFmEXZ0gkGlaBCNFo9_WgqJUUjcs6brCHFp4s%0AJCEe8cWhyu9cx6wPbPvgC9wUmjixacKR09Q-KVBHVtEIMufyUehBjZk-6KrURjFrk6NYyc1vWOhG%0ABq75QyPOLV0zCTyLSdMPEltL0EJy1HWlJrhy_sYLrqVS851kgTYQpqRpLJO1jqqGv9Qo0hMgThVX%0ASQJmTEusoAwsqnT4kHI86zIYnWHFZiR8fkqg85jKNsiZrGrCLj1JIECQrca3uHtejsi09dEzP5LJ%0A6yzq3NfO_-OKjDuh45lbhXYtbQMNGE_M7E0Gl4duekBb1jDoVG30LYacUE4AXLmfHReG_GcbwqAj%0A2bV5NTxqxEyO_i_reLSSfsOio0m4wNTWIDI%3D%0A&klink_egdi=AAL6F2JRRmTyRcmhfWO8fpeIax20xWdbnFyoOkbHLTA1hgY6i5yr6vS9&iid=3313280560987770&ac=wifi&channel=vivo_1128_64&app_name=aweme&version_code=350100&version_name=35.1.0&device_platform=android&os=android&ssmix=a&device_type=Pixel+6&device_brand=google&language=zh&os_api=35&os_version=15&manifest_version_code=350101&resolution=1080*2209&dpi=420&update_version_code=35109900&_rticket=1788275413014&package=com.ss.android.ugc.aweme&mcc_mnc=46000&first_launch_timestamp=1788265682&last_deeplink_update_version_code=0&cpu_support64=true&host_abi=arm64-v8a&is_guest_mode=0&app_type=normal&minor_status=0&appTheme=light&is_preinstall=0&need_personal_recommend=1&is_android_pad=0&is_android_fold=0&ts=1788275412&cdid=3c8e225d-27e2-4294-8873-9009960e7908
152	200	headers=12	body=515	url=https://aweme.snssdk.com/aweme/v1/aweme/stats/?klink_egdi=AAL6F2JRRmTyRcmhfWO8fpeIax20xWdbnFyoOkbHLTA1hgY6i5yr6vS9&iid=3313280560987770&device_id=4087336283154583&ac=wifi&channel=vivo_1128_64&aid=1128&app_name=aweme&version_code=350100&version_name=35.1.0&device_platform=android&os=android&ssmix=a&device_type=Pixel+6&device_brand=google&language=zh&os_api=35&os_version=15&manifest_version_code=350101&resolution=1080*2209&dpi=420&update_version_code=35109900&_rticket=1788275414441&package=com.ss.android.ugc.aweme&mcc_mnc=46000&first_launch_timestamp=1788265682&last_deeplink_update_version_code=0&cpu_support64=true&host_abi=arm64-v8a&is_guest_mode=0&app_type=normal&minor_status=0&appTheme=light&is_preinstall=0&need_personal_recommend=1&is_android_pad=0&is_android_fold=0&ts=1788275413&cdid=3c8e225d-27e2-4294-8873-9009960e7908
153	200	headers=11	body=14342	url=https://aweme.snssdk.com/service/2/app_log/?version_code=350100&device_platform=android&device_id=4087336283154583&aid=1128&iid=3313280560987770&tt_data=a
154	200	headers=11	body=7823	url=https://aweme.snssdk.com/aweme/v2/feed/?type=0&max_cursor=0&min_cursor=-1&count=6&volume=0.0&pull_type=2&need_relieve_aweme=0&filter_warn=0&req_from&is_cold_start=0&address_book_access=2&gps_access=2&splash_cid&splash_type=-1&cached_item_num=3&last_ad_show_interval=-1&download_sdk_info=%7B%22su%22%3A99800%2C%22su_pct%22%3A0.8839681133746679%2C%22pure_mode_enable%22%3A4%2C%22pure_mode%22%3A4%2C%22pure_enhanced_mode_enable%22%3A4%2C%22pure_enhanced_mode%22%3A4%7D&action_mask=-1&action_mask_detail=%7B%227649736657369757606%22%3A2048%2C%227679374099563266725%22%3A2049%2C%227669781853003956849%22%3A2049%2C%227677783236924435889%22%3A2049%2C%227679519199207588435%22%3A2049%2C%227673523014407207860%22%3A2049%7D&action_mask_info=%7B%227649736657369757606%22%3A%7B%22s_ts%22%3A1788275356528%2C%22p_t%22%3A8%7D%2C%227679374099563266725%22%3A%7B%22s_ts%22%3A1788275367107%2C%22p_t%22%3A4%7D%2C%227669781853003956849%22%3A%7B%22s_ts%22%3A1788275377709%2C%22p_t%22%3A10544%7D%2C%227677783236924435889%22%3A%7B%22s_ts%22%3A1788275388274%2C%22p_t%22%3A22%7D%2C%227679519199207588435%22%3A%7B%22s_ts%22%3A1788275398832%2C%22p_t%22%3A10585%7D%2C%227673523014407207860%22%3A%7B%22s_ts%22%3A1788275409437%2C%22p_t%22%3A10544%7D%7D&ad_extra&teen_protector_vote_aweme_count=0&last_teen_protector_vote_aweme_interval=0&sp=955&is_order_flow=0&user_avatar_shrink=96_96&screen_type=1&pitaya_type=0&location_permission=false&enable_url_compress=1&recent_gids=7676441475442422372%2C7673460959013578853%2C7649736657369757606%2C7679374099563266725%2C7669781853003956849%2C7677783236924435889%2C7679519199207588435%2C7673523014407207860%2C7672673044901784756&recent_gids_first_time=1788275340&launch_times=98&feed_recommend_req_index=2&audio_value=0&font_category=2&recent_items=%5B%5D&play_style=0&filter_live_cell=false&addiction_info=%7B%0A%22previous_display_aweme%22%3A+%22%22%2C%0A%22previous_display_time%22%3A+0%2C%0A%22previous_display_passback%22%3A+%22%22%2C%0A%22today_usage%22%3A+1138%2C%0A%22today_fatigue%22%3A+0.4400000013411045%2C%0A%22current_session_usage%22%3A+70%2C%0A%22current_session_start_time%22%3A+1788275337%2C%0A%22is_avoid%22%3A+1%0A%7D&client_extra&from_push=0&show_unread_entrance=0&show_jump_tab_list&danmaku_switch_status=0&elder_mode=0&need_hotlist_card=false&mock_info&life_card_accept=1023&life_card_unexposed_cards&nearby_extra_data=%7B%22nearby_tab_name%22%3A%22%E5%90%8C%E5%9F%8E%22%2C%22groupon_tab_name%22%3A%22%E5%9B%A2%E8%B4%AD%22%2C%22has_groupon_tab%22%3Atrue%2C%22groupon_tab_index%22%3A5%7D&tab_guide&klink_egdi=AAL6F2JRRmTyRcmhfWO8fpeIax20xWdbnFyoOkbHLTA1hgY6i5yr6vS9&iid=3313280560987770&device_id=4087336283154583&ac=wifi&channel=vivo_1128_64&aid=1128&app_name=aweme&version_code=350100&version_name=35.1.0&device_platform=android&os=android&ssmix=a&device_type=Pixel+6&device_brand=google&language=zh&os_api=35&os_version=15&manifest_version_code=350101&resolution=1080*2209&dpi=420&update_version_code=35109900&_rticket=1788275420345&package=com.ss.android.ugc.aweme&mcc_mnc=46000&first_launch_timestamp=1788265682&last_deeplink_update_version_code=0&cpu_support64=true&host_abi=arm64-v8a&is_guest_mode=0&app_type=normal&minor_status=0&appTheme=light&is_preinstall=0&need_personal_recommend=1&is_android_pad=0&is_android_fold=0&ts=1788275419&cdid=3c8e225d-27e2-4294-8873-9009960e7908&client_status=%7B%22powerMode%22%3A%220%22%2C%22thermalStatus%22%3A%220%22%7D&error_monitor_info=%5B%7B%22createTime%22%3A1788275340193%2C%22errorCodeList%22%3A%5B1%5D%2C%22imprId%22%3A%22202609012308575C10F7084E28835CE483%22%2C%22provider%22%3A%22sati%22%7D%5D&ug_ab_params=%7B%7D&ug_custom_key=%7B%22widget_install_status%22%3A%220%22%7D
155	200	headers=12	body=514	url=https://aweme.snssdk.com/aweme/v1/aweme/stats/?klink_egdi=AAL6F2JRRmTyRcmhfWO8fpeIax20xWdbnFyoOkbHLTA1hgY6i5yr6vS9&iid=3313280560987770&device_id=4087336283154583&ac=wifi&channel=vivo_1128_64&aid=1128&app_name=aweme&version_code=350100&version_name=35.1.0&device_platform=android&os=android&ssmix=a&device_type=Pixel+6&device_brand=google&language=zh&os_api=35&os_version=15&manifest_version_code=350101&resolution=1080*2209&dpi=420&update_version_code=35109900&_rticket=1788275425010&package=com.ss.android.ugc.aweme&mcc_mnc=46000&first_launch_timestamp=1788265682&last_deeplink_update_version_code=0&cpu_support64=true&host_abi=arm64-v8a&is_guest_mode=0&app_type=normal&minor_status=0&appTheme=light&is_preinstall=0&need_personal_recommend=1&is_android_pad=0&is_android_fold=0&ts=1788275424&cdid=3c8e225d-27e2-4294-8873-9009960e7908
156	200	headers=11	body=19030	url=https://aweme.snssdk.com/service/2/app_log/?version_code=350100&device_platform=android&device_id=4087336283154583&aid=1128&iid=3313280560987770&tt_data=a
157	200	headers=12	body=515	url=https://aweme.snssdk.com/aweme/v1/aweme/stats/?klink_egdi=AAL6F2JRRmTyRcmhfWO8fpeIax20xWdbnFyoOkbHLTA1hgY6i5yr6vS9&iid=3313280560987770&device_id=4087336283154583&ac=wifi&channel=vivo_1128_64&aid=1128&app_name=aweme&version_code=350100&version_name=35.1.0&device_platform=android&os=android&ssmix=a&device_type=Pixel+6&device_brand=google&language=zh&os_api=35&os_version=15&manifest_version_code=350101&resolution=1080*2209&dpi=420&update_version_code=35109900&_rticket=1788275435604&package=com.ss.android.ugc.aweme&mcc_mnc=46000&first_launch_timestamp=1788265682&last_deeplink_update_version_code=0&cpu_support64=true&host_abi=arm64-v8a&is_guest_mode=0&app_type=normal&minor_status=0&appTheme=light&is_preinstall=0&need_personal_recommend=1&is_android_pad=0&is_android_fold=0&ts=1788275434&cdid=3c8e225d-27e2-4294-8873-9009960e7908
158	200	headers=13	body=4918	url=https://mon.snssdk.com/monitor/collect/batch/?sdk_version=1&is_guest_mode=0&manifest_version_code=350101&_rticket=1788275338146&app_type=normal&device_model=Pixel+6&is_preinstall=0&iid=3313280560987770&channel=vivo_1128_64&is_android_pad=0&device_type=Pixel+6&language=zh&cpu_support64=true&host_abi=arm64-v8a&resolution=1080*2209&update_version_code=35109900&cdid=3c8e225d-27e2-4294-8873-9009960e7908&minor_status=0&appTheme=light&os_api=35&klink_egdi=AAL6F2JRRmTyRcmhfWO8fpeIax20xWdbnFyoOkbHLTA1hgY6i5yr6vS9&is_android_fold=0&dpi=420&app_id=1128&ac=wifi&package=com.ss.android.ugc.aweme&os=Android&device_id=4087336283154583&mcc_mnc=46000&os_version=15&tt_data=a&version_code=350100&last_deeplink_update_version_code=0&slardar-zstd-version=app.1128.Android.monitor.1722928576&overall_score=8.4364&app_name=aweme&version_name=35.1.0&device_brand=google&need_personal_recommend=1&ssmix=a&device_platform=android&first_launch_timestamp=1788265682&aid=1128&ts=1788275338
159	200	headers=13	body=5830	url=https://mon.snssdk.com/monitor/collect/batch/?sdk_version=1&is_guest_mode=0&manifest_version_code=350101&_rticket=1788275338146&app_type=normal&device_model=Pixel+6&is_preinstall=0&iid=3313280560987770&channel=vivo_1128_64&is_android_pad=0&device_type=Pixel+6&language=zh&cpu_support64=true&host_abi=arm64-v8a&resolution=1080*2209&update_version_code=35109900&cdid=3c8e225d-27e2-4294-8873-9009960e7908&minor_status=0&appTheme=light&os_api=35&klink_egdi=AAL6F2JRRmTyRcmhfWO8fpeIax20xWdbnFyoOkbHLTA1hgY6i5yr6vS9&is_android_fold=0&dpi=420&app_id=1128&ac=wifi&package=com.ss.android.ugc.aweme&os=Android&device_id=4087336283154583&mcc_mnc=46000&os_version=15&tt_data=a&version_code=350100&last_deeplink_update_version_code=0&slardar-zstd-version=app.1128.Android.monitor.1722928576&overall_score=8.4364&app_name=aweme&version_name=35.1.0&device_brand=google&need_personal_recommend=1&ssmix=a&device_platform=android&first_launch_timestamp=1788265682&aid=1128&ts=1788275338
160	200	headers=13	body=5094	url=https://mon.snssdk.com/monitor/collect/batch/?sdk_version=1&is_guest_mode=0&manifest_version_code=350101&_rticket=1788275338146&app_type=normal&device_model=Pixel+6&is_preinstall=0&iid=3313280560987770&channel=vivo_1128_64&is_android_pad=0&device_type=Pixel+6&language=zh&cpu_support64=true&host_abi=arm64-v8a&resolution=1080*2209&update_version_code=35109900&cdid=3c8e225d-27e2-4294-8873-9009960e7908&minor_status=0&appTheme=light&os_api=35&klink_egdi=AAL6F2JRRmTyRcmhfWO8fpeIax20xWdbnFyoOkbHLTA1hgY6i5yr6vS9&is_android_fold=0&dpi=420&app_id=1128&ac=wifi&package=com.ss.android.ugc.aweme&os=Android&device_id=4087336283154583&mcc_mnc=46000&os_version=15&tt_data=a&version_code=350100&last_deeplink_update_version_code=0&slardar-zstd-version=app.1128.Android.monitor.1722928576&overall_score=8.4364&app_name=aweme&version_name=35.1.0&device_brand=google&need_personal_recommend=1&ssmix=a&device_platform=android&first_launch_timestamp=1788265682&aid=1128&ts=1788275338
161	200	headers=12	body=514	url=https://aweme.snssdk.com/aweme/v1/aweme/stats/?klink_egdi=AAL6F2JRRmTyRcmhfWO8fpeIax20xWdbnFyoOkbHLTA1hgY6i5yr6vS9&iid=3313280560987770&device_id=4087336283154583&ac=wifi&channel=vivo_1128_64&aid=1128&app_name=aweme&version_code=350100&version_name=35.1.0&device_platform=android&os=android&ssmix=a&device_type=Pixel+6&device_brand=google&language=zh&os_api=35&os_version=15&manifest_version_code=350101&resolution=1080*2209&dpi=420&update_version_code=35109900&_rticket=1788275446231&package=com.ss.android.ugc.aweme&mcc_mnc=46000&first_launch_timestamp=1788265682&last_deeplink_update_version_code=0&cpu_support64=true&host_abi=arm64-v8a&is_guest_mode=0&app_type=normal&minor_status=0&appTheme=light&is_preinstall=0&need_personal_recommend=1&is_android_pad=0&is_android_fold=0&ts=1788275445&cdid=3c8e225d-27e2-4294-8873-9009960e7908
162	200	headers=11	body=20438	url=https://aweme.snssdk.com/service/2/app_log/?version_code=350100&device_platform=android&device_id=4087336283154583&aid=1128&iid=3313280560987770&tt_data=a
163	200	headers=11	body=21318	url=https://aweme.snssdk.com/service/2/app_log/?version_code=350100&device_platform=android&device_id=4087336283154583&aid=1128&iid=3313280560987770&tt_data=a
164	200	headers=0	body=0	url=https://dig.bdurl.net/q?host=v95-aw-awememusicpgc.amemv.com&source=vod&aid=1128
165	200	headers=0	body=0	url=https://dig.bdurl.net/q?host=v95-aw-awememusicpgc.amemv.com&source=vod&aid=1128
166	200	headers=0	body=0	url=https://dig.bdurl.net/q?host=v95-aw-awememusicpgc.amemv.com&source=vod&aid=1128
